customer_id,snapshot_date,churn_90d,industry,region,segment,company_size,acquisition_channel,tenure_days,tenure_years,health_score,baseline_health,health_trend,volatility,behaviour,health_score_change_4w,health_score_change_8w,health_score_change_12w,health_score_pct_change_4w,health_score_pct_change_8w,health_score_pct_change_12w,active_users,sessions,active_days,usage_minutes,features_used,p001_sessions,p002_sessions,p003_sessions,p004_sessions,p005_sessions,active_users_change_4w,active_users_change_8w,active_users_change_12w,sessions_change_4w,sessions_change_8w,sessions_change_12w,usage_minutes_change_4w,usage_minutes_change_8w,usage_minutes_change_12w,active_days_change_4w,active_days_change_8w,active_days_change_12w,features_used_change_4w,features_used_change_8w,features_used_change_12w,active_users_pct_change_4w,active_users_pct_change_8w,active_users_pct_change_12w,sessions_pct_change_4w,sessions_pct_change_8w,sessions_pct_change_12w,usage_minutes_pct_change_4w,usage_minutes_pct_change_8w,usage_minutes_pct_change_12w,active_days_pct_change_4w,active_days_pct_change_8w,active_days_pct_change_12w,features_used_pct_change_4w,features_used_pct_change_8w,features_used_pct_change_12w,usage_decline_4w_flag,usage_decline_12w_flag,severe_usage_decline_12w_flag,product_count,tickets_4w,escalations_4w,reopens_4w,critical_tickets_4w,high_priority_tickets_4w,avg_csat_4w,avg_resolution_hours_4w,tickets_8w,escalations_8w,reopens_8w,critical_tickets_8w,high_priority_tickets_8w,avg_csat_8w,avg_resolution_hours_8w,tickets_12w,escalations_12w,reopens_12w,critical_tickets_12w,high_priority_tickets_12w,avg_csat_12w,avg_resolution_hours_12w,high_support_burden_12w,high_escalation_12w,low_csat_12w,slow_resolution_12w,contract_id,contract_active,annual_contract_value,total_contract_value,contract_type,auto_renew,contract_age_days,days_to_renewal,renewal_within_30d,renewal_within_90d,renewal_within_180d
C15359,2024-05-27,0,Manufacturing,Europe,Mid-Market,1515,Direct Sales,111,0.30390143737166325,58.71,53.71,0.0089,0.5012,Stable,0.240000000000002,0.45000000000000284,1.3900000000000006,0.004104669061056987,0.007723995880535579,0.024249825540823458,207,1218,6,25490,3,673,0,334,0,211,-5.0,-18.0,-15.0,156.0,-73.0,13.0,4297.0,2144.0,1660.0,2.0,-1.0,-1.0,0.0,0.0,0.0,-0.02358490566037736,-0.08,-0.06756756756756757,0.14689265536723164,-0.056545313710302095,0.010788381742738589,0.20275562685792478,0.0918358605328536,0.06966009232060429,0.5,-0.14285714285714285,-0.14285714285714285,0.0,0.0,0.0,0,0,0,3,1.0,1.0,0.0,0.0,0.0,3.0,84.97,2.0,1.0,0.0,0.0,0.0,3.5,71.235,2.0,1.0,0.0,0.0,0.0,3.5,71.23499999999999,0,0,0,1,CT015359,1,4264123.07,4264123.07,Annual,True,111.0,254.0,0,0,0
C05365,2024-10-07,0,Telecommunications,Europe,Enterprise,2001,Enterprise Sales,168,0.459958932238193,91.29,77.92,0.0419,0.7623,Stable,-0.14000000000000057,1.190000000000012,4.730000000000004,-0.0015312260745925907,0.013207547169811455,0.05464417744916825,585,4306,5,76127,3,2117,1105,1084,0,0,-5.0,46.0,114.0,2.0,449.0,907.0,-4054.0,-98.0,15229.0,-1.0,-2.0,-1.0,0.0,0.0,0.0,-0.00847457627118644,0.08534322820037106,0.24203821656050956,0.00046468401486988845,0.1164117189525538,0.26684318917328625,-0.05056060662750527,-0.0012856674319448999,0.2500738940523498,-0.16666666666666666,-0.2857142857142857,-0.16666666666666666,0.0,0.0,0.0,0,0,0,3,0.0,0.0,0.0,0.0,0.0,,,0.0,0.0,0.0,0.0,0.0,,,0.0,0.0,0.0,0.0,0.0,,,0,0,0,0,CT005365,1,20092639.18,40185278.36,Two-year,True,168.0,562.0,0,0,0
C11359,2025-10-06,0,Financial Services,APAC,SMB,132,Inbound,337,0.9226557152635181,100.0,62.83,0.3332,1.0717,Improving,2.019999999999996,1.7900000000000063,2.2900000000000063,0.020616452337211634,0.018226249872721784,0.023436700440077847,27,129,6,2123,2,95,0,0,34,0,0.0,0.0,1.0,-11.0,-19.0,-8.0,-152.0,-558.0,-158.0,-1.0,0.0,0.0,0.0,0.0,0.0,0.0,0.0,0.038461538461538464,-0.07857142857142857,-0.12837837837837837,-0.058394160583941604,-0.06681318681318682,-0.2081312942931742,-0.06926786497150372,-0.14285714285714285,0.0,0.0,0.0,0.0,0.0,0,0,0,2,0.0,0.0,0.0,0.0,0.0,,,0.0,0.0,0.0,0.0,0.0,,,1.0,1.0,0.0,0.0,0.0,4.0,176.4,0,0,0,1,CT011359,1,305450.68,610901.36,Two-year,True,337.0,393.0,0,0,0
C00010,2025-07-21,0,Financial Services,APAC,SMB,249,Referral,67,0.1834360027378508,90.17,66.47,0.2208,1.0423,Improving,1.2900000000000063,0.37000000000000455,-1.0499999999999972,0.014513951395139585,0.004120267260579115,-0.011510633632975194,54,264,6,4422,2,194,0,0,70,0,-1.0,-7.0,54.0,-14.0,-77.0,264.0,-1380.0,-1460.0,4422.0,-1.0,0.0,6.0,0.0,0.0,2.0,-0.01818181818181818,-0.11475409836065574,,-0.050359712230215826,-0.22580645161290322,,-0.2378490175801448,-0.24821489289357362,,-0.14285714285714285,0.0,,0.0,0.0,,1,0,0,2,0.0,0.0,0.0,0.0,0.0,,,0.0,0.0,0.0,0.0,0.0,,,0.0,0.0,0.0,0.0,0.0,,,0,0,0,0,CT000010,1,200000.0,200000.0,Annual,True,67.0,298.0,0,0,0
C17894,2025-04-07,0,Logistics,Europe,SMB,99,Direct Sales,84,0.2299794661190965,81.14,63.6,0.2517,1.1742,Improving,-1.4599999999999937,-1.480000000000004,0.45999999999999375,-0.01767554479418879,-0.017913338174776132,0.005701536936043551,31,191,7,3248,2,128,63,0,0,0,-1.0,0.0,31.0,56.0,21.0,191.0,566.0,572.0,3248.0,2.0,0.0,7.0,0.0,0.0,2.0,-0.03125,0.0,,0.4148148148148148,0.12352941176470589,,0.2110365398956003,0.21375186846038863,,0.4,0.0,,0.0,0.0,,0,0,0,2,0.0,0.0,0.0,0.0,0.0,,,0.0,0.0,0.0,0.0,0.0,,,1.0,0.0,0.0,0.0,0.0,4.0,13.64,0,0,0,0,CT017894,1,1500000.0,1500000.0,Annual,False,84.0,281.0,0,0,0
C08564,2024-02-05,0,Logistics,Middle East,SMB,111,Direct Sales,22,0.06023271731690623,71.0,77.12,-0.0504,0.5309,Stable,1.4300000000000068,0.7800000000000011,-0.9300000000000068,0.02055483685496632,0.011107946454001726,-0.01292923675795922,22,127,6,2380,3,53,42,0,32,0,22.0,22.0,22.0,127.0,127.0,127.0,2380.0,2380.0,2380.0,6.0,6.0,6.0,3.0,3.0,3.0,,,,,,,,,,,,,,,,0,0,0,3,2.0,0.0,0.0,0.0,1.0,3.5,35.9,2.0,0.0,0.0,0.0,1.0,3.5,35.9,2.0,0.0,0.0,0.0,1.0,3.5,35.9,0,0,0,0,CT008564,1,691630.83,691630.83,Annual,True,22.0,343.0,0,0,0
C13862,2024-07-29,0,Technology,Europe,Mid-Market,773,Referral,48,0.13141683778234087,74.7,81.01,0.0005,0.8842,Stable,-0.5799999999999983,-1.8499999999999943,-1.3999999999999915,-0.007704569606801252,-0.024167210973220044,-0.018396846254927615,241,1882,7,36441,4,787,411,370,314,0,-8.0,241.0,241.0,-123.0,1882.0,1882.0,-205.0,36441.0,36441.0,1.0,7.0,7.0,0.0,4.0,4.0,-0.0321285140562249,,,-0.06134663341645885,,,-0.00559406210773345,,,0.16666666666666666,,,0.0,,,0,0,0,4,1.0,0.0,0.0,0.0,0.0,4.0,28.28,3.0,0.0,0.0,0.0,0.0,4.0,45.03,3.0,0.0,0.0,0.0,0.0,4.0,45.03,0,0,0,0,CT013862,1,6177769.75,12355539.5,Two-year,True,48.0,682.0,0,0,0
C16394,2024-08-05,1,Technology,North America,Enterprise,2955,Direct Sales,84,0.2299794661190965,25.56,71.72,-0.5077,0.9646,Rapidly Declining,-2.9200000000000017,-2.9299999999999997,-3.0199999999999996,-0.1025280898876405,-0.10284310284310284,-0.10566829951014695,81,331,7,6350,2,217,114,0,0,0,-8.0,-8.0,81.0,-12.0,-17.0,331.0,464.0,232.0,6350.0,2.0,0.0,7.0,0.0,0.0,2.0,-0.0898876404494382,-0.0898876404494382,,-0.03498542274052478,-0.04885057471264368,,0.07883112470268433,0.03792088917947042,,0.4,0.0,,0.0,0.0,,0,0,0,2,2.0,2.0,0.0,1.0,1.0,3.5,7.8100000000000005,4.0,3.0,0.0,1.0,2.0,3.25,33.3275,6.0,3.0,0.0,1.0,4.0,3.5,28.698333333333334,0,1,0,0,CT016394,1,7500000.0,7500000.0,Annual,True,84.0,281.0,0,0,0
C12733,2025-04-14,0,Professional Services,APAC,SMB,189,Partner,135,0.36960985626283366,46.18,60.1,-0.0303,1.0546,Stable,-0.7100000000000009,-0.75,1.0200000000000031,-0.01514182128385585,-0.015981248668229277,0.02258635961027465,9,23,3,325,1,23,0,0,0,0,0.0,0.0,0.0,-8.0,-14.0,4.0,-306.0,-355.0,-54.0,-2.0,-2.0,1.0,0.0,0.0,0.0,0.0,0.0,0.0,-0.25806451612903225,-0.3783783783783784,0.21052631578947367,-0.4849445324881141,-0.5220588235294118,-0.1424802110817942,-0.4,-0.4,0.5,0.0,0.0,0.0,1,0,0,1,0.0,0.0,0.0,0.0,0.0,,,0.0,0.0,0.0,0.0,0.0,,,0.0,0.0,0.0,0.0,0.0,,,0,0,0,0,CT012733,1,278782.97,278782.97,Annual,True,135.0,230.0,0,0,0
C04966,2025-05-05,0,Manufacturing,APAC,SMB,59,Enterprise Sales,308,0.8432580424366872,100.0,76.26,0.3037,0.7986,Improving,1.9399999999999977,0.480000000000004,0.0,0.019783805833163345,0.0048231511254019695,0.0,10,34,5,739,1,34,0,0,0,0,1.0,0.0,1.0,-3.0,5.0,-4.0,31.0,223.0,114.0,-1.0,-1.0,-1.0,0.0,0.0,0.0,0.1111111111111111,0.0,0.1111111111111111,-0.08108108108108109,0.1724137931034483,-0.10526315789473684,0.043785310734463276,0.4321705426356589,0.1824,-0.16666666666666666,-0.16666666666666666,-0.16666666666666666,0.0,0.0,0.0,0,0,0,1,0.0,0.0,0.0,0.0,0.0,,,0.0,0.0,0.0,0.0,0.0,,,0.0,0.0,0.0,0.0,0.0,,,0,0,0,0,CT004966,1,430796.56,861593.12,Two-year,True,308.0,422.0,0,0,0
C09054,2025-03-03,0,Financial Services,Europe,Mid-Market,893,Inbound,363,0.9938398357289527,69.34,79.68,0.0259,1.0646,Stable,-2.0,-2.280000000000001,-2.8599999999999994,-0.02803476310625175,-0.03183468304942755,-0.03961218836565096,187,1497,6,27947,4,665,317,344,0,171,-2.0,8.0,16.0,67.0,157.0,210.0,-2771.0,87.0,4037.0,1.0,0.0,0.0,0.0,0.0,0.0,-0.010582010582010581,0.0446927374301676,0.0935672514619883,0.04685314685314685,0.11716417910447761,0.16317016317016317,-0.09020769581352953,0.00312275664034458,0.16884148891677123,0.2,0.0,0.0,0.0,0.0,0.0,0,0,0,4,1.0,0.0,0.0,0.0,0.0,4.0,33.35,2.0,0.0,0.0,0.0,1.0,4.0,25.560000000000002,4.0,0.0,0.0,0.0,2.0,3.75,26.6075,0,0,0,0,CT009054,1,2076365.77,4152731.54,Two-year,False,363.0,367.0,0,0,0
C16913,2025-06-02,0,Technology,Europe,SMB,115,Direct Sales,225,0.6160164271047228,65.82,75.45,-0.0279,0.49,Stable,-0.8700000000000045,-2.700000000000003,-3.4000000000000057,-0.013045434098065746,-0.03940455341506134,-0.049118751805836545,13,39,5,675,2,30,0,0,9,0,0.0,0.0,-1.0,-32.0,-24.0,-12.0,-570.0,-309.0,-359.0,-1.0,0.0,-1.0,0.0,0.0,0.0,0.0,0.0,-0.07142857142857142,-0.4507042253521127,-0.38095238095238093,-0.23529411764705882,-0.4578313253012048,-0.31402439024390244,-0.3471953578336557,-0.16666666666666666,0.0,-0.16666666666666666,0.0,0.0,0.0,1,1,0,2,0.0,0.0,0.0,0.0,0.0,,,0.0,0.0,0.0,0.0,0.0,,,0.0,0.0,0.0,0.0,0.0,,,0,0,0,0,CT016913,1,200000.0,200000.0,Annual,False,225.0,140.0,0,0,1
C02781,2025-04-28,0,Financial Services,Middle East,SMB,38,Referral,80,0.2190280629705681,64.9,90.05,-0.2135,0.4312,Declining,-1.1199999999999903,-2.5999999999999943,-3.5,-0.01696455619509225,-0.03851851851851843,-0.05116959064327485,5,19,7,311,1,19,0,0,0,0,0.0,0.0,5.0,8.0,1.0,19.0,109.0,13.0,311.0,4.0,2.0,7.0,0.0,0.0,1.0,0.0,0.0,,0.7272727272727273,0.05555555555555555,,0.5396039603960396,0.0436241610738255,,1.3333333333333333,0.4,,0.0,0.0,,0,0,0,1,0.0,0.0,0.0,0.0,0.0,,,0.0,0.0,0.0,0.0,0.0,,,0.0,0.0,0.0,0.0,0.0,,,0,0,0,0,CT002781,1,977607.53,977607.53,Annual,True,80.0,285.0,0,0,0
C03349,2025-06-16,0,Manufacturing,APAC,Mid-Market,1780,Inbound,362,0.9911019849418207,58.3,80.39,-0.1586,1.1449,Declining,-1.5700000000000003,2.3699999999999974,-1.4100000000000037,-0.026223484215800907,0.04237439656713745,-0.02361413498576459,266,2258,7,42284,5,844,412,399,348,255,24.0,11.0,0.0,275.0,145.0,-23.0,352.0,-276.0,-2954.0,2.0,0.0,0.0,0.0,0.0,0.0,0.09917355371900827,0.043137254901960784,0.0,0.13867876954109934,0.06862281116895409,-0.010083296799649276,0.008394543546694649,-0.006484962406015038,-0.06529908484017861,0.4,0.0,0.0,0.0,0.0,0.0,0,0,0,5,0.0,0.0,0.0,0.0,0.0,,,2.0,1.0,0.0,1.0,0.0,4.0,27.720000000000006,3.0,1.0,0.0,1.0,0.0,3.3333333333333335,41.553333333333335,0,0,0,0,CT003349,1,1274793.74,1274793.74,Annual,True,362.0,3.0,1,1,1
C17991,2025-05-12,0,Professional Services,APAC,SMB,157,Inbound,194,0.5311430527036276,98.36,85.13,0.3438,0.8056,Improving,0.75,0.7000000000000028,-1.6400000000000006,0.007683638971416863,0.007167724759369269,-0.016400000000000005,29,105,6,2001,1,105,0,0,0,0,-1.0,0.0,1.0,5.0,-4.0,-14.0,532.0,-301.0,22.0,2.0,1.0,0.0,0.0,0.0,0.0,-0.03333333333333333,0.0,0.03571428571428571,0.05,-0.03669724770642202,-0.11764705882352941,0.36215112321307014,-0.13075586446568202,0.011116725618999495,0.5,0.2,0.0,0.0,0.0,0.0,0,0,0,1,0.0,0.0,0.0,0.0,0.0,,,0.0,0.0,0.0,0.0,0.0,,,0.0,0.0,0.0,0.0,0.0,,,0,0,0,0,CT017991,1,705931.31,705931.31,Annual,True,194.0,171.0,0,0,1
C15799,2025-05-12,0,Professional Services,APAC,SMB,214,Enterprise Sales,288,0.7885010266940452,99.49,80.24,0.2063,0.5843,Improving,0.12999999999999545,-0.5100000000000051,1.0899999999999892,0.0013083735909822408,-0.0051000000000000515,0.011077235772357613,32,126,5,2510,1,126,0,0,0,0,-2.0,0.0,-1.0,-1.0,25.0,-8.0,645.0,764.0,254.0,0.0,0.0,0.0,0.0,0.0,0.0,-0.058823529411764705,0.0,-0.030303030303030304,-0.007874015748031496,0.24752475247524752,-0.05970149253731343,0.34584450402144773,0.43757159221076747,0.1125886524822695,0.0,0.0,0.0,0.0,0.0,0.0,0,0,0,1,1.0,0.0,0.0,0.0,0.0,4.0,70.43,1.0,0.0,0.0,0.0,0.0,4.0,70.43,1.0,0.0,0.0,0.0,0.0,4.0,70.43,0,0,0,1,CT015799,1,390569.84,390569.84,Annual,False,288.0,77.0,0,1,1
C10384,2025-05-26,0,Financial Services,Europe,Mid-Market,1117,Enterprise Sales,129,0.3531827515400411,91.28,93.98,0.0178,0.6029,Stable,0.12999999999999545,0.710000000000008,-1.6099999999999994,0.001426220515633521,0.007839240366567385,-0.017332328560663145,247,1791,7,29563,3,951,0,495,345,0,-15.0,-6.0,-20.0,-34.0,106.0,-133.0,-85.0,-3476.0,-166.0,0.0,2.0,2.0,0.0,0.0,0.0,-0.05725190839694656,-0.023715415019762844,-0.0749063670411985,-0.01863013698630137,0.0629080118694362,-0.06912681912681913,-0.0028669724770642203,-0.10520899542964375,-0.005583773419893034,0.0,0.4,0.4,0.0,0.0,0.0,0,0,0,3,2.0,0.0,0.0,0.0,1.0,3.5,62.925,2.0,0.0,0.0,0.0,1.0,3.5,62.925,2.0,0.0,0.0,0.0,1.0,3.5,62.925,0,0,0,1,CT010384,1,1000000.0,1000000.0,Annual,False,129.0,236.0,0,0,0
C09176,2025-08-18,0,Professional Services,Europe,Enterprise,5853,Enterprise Sales,461,1.2621492128678986,67.19,77.34,-0.0167,0.7955,Stable,-1.230000000000004,-1.0700000000000074,-0.6200000000000045,-0.01797719964922543,-0.01567535892176981,-0.009143194219141787,986,7103,7,139561,4,3270,1671,0,1215,947,-54.0,-3.0,10.0,-309.0,153.0,242.0,3718.0,6151.0,11328.0,1.0,1.0,1.0,0.0,0.0,0.0,-0.051923076923076926,-0.003033367037411527,0.010245901639344262,-0.041689152725310305,0.022014388489208635,0.035271826264392944,0.02736983134942544,0.04610598905629263,0.08833919505899418,0.16666666666666666,0.16666666666666666,0.16666666666666666,0.0,0.0,0.0,0,0,0,4,2.0,0.0,0.0,0.0,1.0,4.0,30.044999999999995,2.0,0.0,0.0,0.0,1.0,4.0,30.045,7.0,1.0,0.0,0.0,3.0,4.0,32.900625000000005,1,0,0,0,CT009176,1,12370952.24,37112856.72,Three-year,True,461.0,634.0,0,0,0
C10187,2025-08-18,0,Education,Europe,Mid-Market,1471,Direct Sales,133,0.36413415468856947,64.65,83.86,-0.0362,1.0567,Stable,-2.059999999999988,-4.509999999999991,-4.439999999999998,-0.030879928046769423,-0.06521110468478877,-0.06426400347372987,288,1776,7,31909,3,943,0,497,336,0,-21.0,-43.0,-41.0,-167.0,-221.0,-442.0,-5073.0,-3419.0,-7866.0,0.0,0.0,0.0,0.0,0.0,0.0,-0.06796116504854369,-0.1299093655589124,-0.12462006079027356,-0.08594956253216675,-0.11066599899849774,-0.1992786293958521,-0.137174841814937,-0.09677875905797101,-0.19776241357636706,0.0,0.0,0.0,0.0,0.0,0.0,0,0,0,3,0.0,0.0,0.0,0.0,0.0,,,0.0,0.0,0.0,0.0,0.0,,,1.0,0.0,0.0,0.0,0.0,4.0,11.1,0,0,0,0,CT010187,1,8633092.26,8633092.26,Annual,True,133.0,232.0,0,0,0
C06542,2024-03-18,1,Logistics,APAC,SMB,58,Direct Sales,54,0.14784394250513347,50.36,81.5,-0.4595,0.9318,Rapidly Declining,-0.8599999999999994,-2.049999999999997,-5.530000000000001,-0.01679031628270206,-0.039114672772371635,-0.09894435498300234,5,33,7,483,2,27,0,0,6,0,0.0,5.0,5.0,3.0,33.0,33.0,-40.0,483.0,483.0,1.0,7.0,7.0,0.0,2.0,2.0,0.0,,,0.1,,,-0.07648183556405354,,,0.16666666666666666,,,0.0,,,0,0,0,2,0.0,0.0,0.0,0.0,0.0,,,1.0,0.0,0.0,0.0,0.0,4.0,136.6,1.0,0.0,0.0,0.0,0.0,4.0,136.6,0,0,0,1,CT006542,1,517065.66,517065.66,Annual,True,54.0,311.0,0,0,0
C13870,2025-07-14,0,Telecommunications,APAC,Enterprise,2001,Enterprise Sales,277,0.758384668035592,66.11,71.16,-0.0082,0.9624,Stable,2.5899999999999963,4.880000000000003,3.3100000000000023,0.0407745591939546,0.07969949371223262,0.05270700636942679,287,2481,7,50858,5,988,418,509,319,247,13.0,27.0,9.0,94.0,249.0,120.0,6767.0,9755.0,4988.0,1.0,0.0,0.0,0.0,0.0,0.0,0.04744525547445255,0.10384615384615385,0.03237410071942446,0.03937997486384583,0.11155913978494623,0.05082592121982211,0.15347803406590915,0.2373306084714011,0.10874209723130586,0.16666666666666666,0.0,0.0,0.0,0.0,0.0,0,0,0,5,0.0,0.0,0.0,0.0,0.0,,,0.0,0.0,0.0,0.0,0.0,,,3.0,0.0,0.0,0.0,1.0,4.0,49.653333333333336,0,0,0,1,CT013870,1,8203684.93,16407369.86,Two-year,True,277.0,453.0,0,0,0
C11255,2025-09-01,0,Financial Services,North America,SMB,237,Direct Sales,303,0.8295687885010267,39.3,78.3,0.0212,0.994,Stable,-1.5800000000000054,-3.3700000000000045,-6.790000000000006,-0.038649706457925766,-0.07897820482774794,-0.14732045996962478,19,116,6,2497,3,51,32,33,0,0,-3.0,-4.0,-4.0,-25.0,-31.0,-21.0,128.0,-253.0,-130.0,1.0,0.0,-1.0,0.0,0.0,0.0,-0.13636363636363635,-0.17391304347826086,-0.17391304347826086,-0.1773049645390071,-0.2108843537414966,-0.15328467153284672,0.054031236808780074,-0.092,-0.04948610582413399,0.2,0.0,-0.14285714285714285,0.0,0.0,0.0,0,0,0,3,2.0,0.0,0.0,0.0,0.0,2.5,55.455,4.0,0.0,1.0,0.0,1.0,3.0,33.25749999999999,6.0,0.0,1.0,0.0,2.0,3.1666666666666665,27.188333333333333,0,0,0,0,CT011255,1,700530.93,700530.93,Annual,True,303.0,62.0,0,1,1
C00503,2025-04-28,0,Manufacturing,Europe,Enterprise,3148,Inbound,448,1.2265571526351813,73.72,67.81,-0.0256,1.059,Stable,-0.2600000000000051,-3.1899999999999977,-4.200000000000003,-0.003514463368478036,-0.04147705109868675,-0.05390143737166328,619,2955,5,59841,2,2140,0,0,815,0,-46.0,-55.0,-67.0,-93.0,-179.0,-219.0,9879.0,8701.0,5678.0,0.0,-1.0,-1.0,0.0,0.0,0.0,-0.06917293233082707,-0.08160237388724036,-0.09766763848396501,-0.03051181102362205,-0.05711550733886407,-0.06899810964083176,0.19773027500900683,0.1701407899882675,0.10483171168509868,0.0,-0.16666666666666666,-0.16666666666666666,0.0,0.0,0.0,0,0,0,2,2.0,1.0,0.0,0.0,2.0,4.0,15.375,3.0,1.0,0.0,0.0,2.0,4.5,33.742499999999986,3.0,1.0,0.0,0.0,2.0,4.5,33.742499999999986,0,0,0,0,CT000503,1,31308893.92,62617787.84,Two-year,False,448.0,282.0,0,0,0
C07718,2025-05-19,1,Telecommunications,Europe,Mid-Market,459,Direct Sales,117,0.3203285420944558,36.3,86.21,-0.3523,0.5759,Declining,-2.520000000000003,-5.850000000000001,-7.550000000000004,-0.06491499227202481,-0.13879003558718864,-0.17217787913340943,30,134,6,2411,2,85,0,49,0,0,-4.0,-6.0,-8.0,10.0,-8.0,-22.0,-63.0,269.0,-536.0,2.0,0.0,-1.0,0.0,0.0,0.0,-0.11764705882352941,-0.16666666666666666,-0.21052631578947367,0.08064516129032258,-0.056338028169014086,-0.14102564102564102,-0.025464834276475345,0.12558356676003735,-0.1818798778418731,0.5,0.0,-0.14285714285714285,0.0,0.0,0.0,0,0,0,2,0.0,0.0,0.0,0.0,0.0,,,1.0,0.0,0.0,0.0,0.0,4.0,40.88,4.0,0.0,0.0,0.0,1.0,3.5,27.8975,0,0,0,0,CT007718,1,4324995.41,4324995.41,Annual,True,117.0,248.0,0,0,0
C03397,2024-08-05,0,Manufacturing,Europe,SMB,73,Partner,176,0.48186173853524983,79.71,65.96,0.0019,0.7225,Stable,3.4299999999999926,4.22999999999999,3.1499999999999915,0.04496591504981637,0.05604133545310002,0.041144200626959136,8,39,6,732,2,31,0,0,8,0,0.0,0.0,0.0,4.0,7.0,5.0,88.0,207.0,209.0,0.0,1.0,0.0,0.0,0.0,0.0,0.0,0.0,0.0,0.11428571428571428,0.21875,0.14705882352941177,0.13664596273291926,0.3942857142857143,0.39961759082217974,0.0,0.2,0.0,0.0,0.0,0.0,0,0,0,2,1.0,0.0,0.0,0.0,0.0,4.0,25.63,1.0,0.0,0.0,0.0,0.0,4.0,25.63,1.0,0.0,0.0,0.0,0.0,4.0,25.63,0,0,0,0,CT003397,1,287260.29,287260.29,Annual,True,176.0,189.0,0,0,0
C08189,2025-09-01,0,Education,North America,Mid-Market,1524,Direct Sales,210,0.5749486652977412,55.88,81.61,-0.1788,0.6468,Declining,0.8800000000000026,-2.0799999999999983,-2.1999999999999957,0.016000000000000045,-0.03588681849551412,-0.037878787878787804,141,629,4,12098,2,432,197,0,0,0,-5.0,1.0,-24.0,-55.0,-55.0,-150.0,-891.0,955.0,-4085.0,-1.0,-3.0,-2.0,0.0,0.0,0.0,-0.03424657534246575,0.007142857142857143,-0.14545454545454545,-0.0804093567251462,-0.0804093567251462,-0.1925545571245186,-0.06859650473477558,0.08570402943552005,-0.25242538466291786,-0.2,-0.42857142857142855,-0.3333333333333333,0.0,0.0,0.0,0,0,0,2,1.0,1.0,0.0,0.0,0.0,3.0,34.67,1.0,1.0,0.0,0.0,0.0,3.0,34.67,3.0,1.0,1.0,0.0,1.0,3.3333333333333335,37.66,0,0,0,0,CT008189,1,2419218.54,4838437.08,Two-year,False,210.0,520.0,0,0,0
C18104,2025-08-25,0,Logistics,APAC,SMB,180,Direct Sales,515,1.4099931553730323,97.4,65.83,0.3069,0.8752,Improving,0.030000000000001137,-2.5999999999999943,-2.5999999999999943,0.0003081031118414413,-0.025999999999999943,-0.025999999999999943,50,180,5,3168,1,180,0,0,0,0,-2.0,0.0,-1.0,-14.0,-29.0,-28.0,-177.0,-775.0,455.0,0.0,1.0,0.0,0.0,0.0,0.0,-0.038461538461538464,0.0,-0.0196078431372549,-0.07216494845360824,-0.13875598086124402,-0.1346153846153846,-0.05291479820627803,-0.1965508496068983,0.16771102100995208,0.0,0.25,0.0,0.0,0.0,0.0,0,0,0,1,1.0,0.0,0.0,0.0,0.0,5.0,38.91,2.0,1.0,0.0,0.0,1.0,4.5,25.735000000000007,3.0,1.0,0.0,0.0,1.0,4.333333333333333,55.6,0,0,0,1,CT018104,1,519356.3,1038712.6,Two-year,True,515.0,215.0,0,0,0
C04700,2024-12-16,0,Technology,Middle East,Mid-Market,722,Inbound,174,0.47638603696098564,100.0,75.08,0.287,0.9504,Improving,0.0,0.9000000000000057,0.0,0.0,0.009081735620585325,0.0,300,2193,7,39355,3,1162,0,593,438,0,8.0,0.0,6.0,88.0,20.0,121.0,-3260.0,-142.0,-7438.0,0.0,0.0,1.0,0.0,0.0,0.0,0.0273972602739726,0.0,0.02040816326530612,0.04180522565320665,0.009203865623561895,0.0583976833976834,-0.07649888536900153,-0.0035952097627667923,-0.1589553993118629,0.0,0.0,0.16666666666666666,0.0,0.0,0.0,0,0,0,3,2.0,0.0,0.0,0.0,1.0,4.0,52.09,2.0,0.0,0.0,0.0,1.0,4.0,52.09,2.0,0.0,0.0,0.0,1.0,4.0,52.09,0,0,0,1,CT004700,1,5141393.06,5141393.06,Annual,True,174.0,191.0,0,0,0
C04041,2024-04-22,0,Telecommunications,APAC,SMB,68,Enterprise Sales,61,0.16700889801505817,76.53,75.92,-0.0455,0.921,Stable,-1.5600000000000023,-2.489999999999995,-4.75,-0.019976949673453735,-0.03151100987091869,-0.05843996062992126,17,71,7,1117,2,64,0,0,7,0,1.0,17.0,17.0,-6.0,71.0,71.0,-410.0,1117.0,1117.0,1.0,7.0,7.0,0.0,2.0,2.0,0.0625,,,-0.07792207792207792,,,-0.2685003274394237,,,0.16666666666666666,,,0.0,,,1,0,0,2,1.0,0.0,0.0,0.0,0.0,4.0,35.26,1.0,0.0,0.0,0.0,0.0,4.0,35.26,1.0,0.0,0.0,0.0,0.0,4.0,35.26,0,0,0,0,CT004041,1,451427.26,451427.26,Annual,False,61.0,304.0,0,0,0
C09569,2025-08-25,0,Education,Latin America,SMB,64,Partner,53,0.14510609171800137,55.18,81.36,-0.0393,0.9097,Stable,-1.0799999999999983,-3.299999999999997,-5.609999999999999,-0.019196587273373592,-0.056429548563611445,-0.09228491528211877,4,12,6,191,1,12,0,0,0,0,0.0,4.0,4.0,-2.0,12.0,12.0,-124.0,191.0,191.0,2.0,6.0,6.0,0.0,1.0,1.0,0.0,,,-0.14285714285714285,,,-0.39365079365079364,,,0.5,,,0.0,,,1,0,0,1,0.0,0.0,0.0,0.0,0.0,,,3.0,1.0,1.0,0.0,1.0,4.0,35.53666666666667,3.0,1.0,1.0,0.0,1.0,4.0,35.53666666666667,0,0,0,0,CT009569,1,244965.74,734897.22,Three-year,True,53.0,1042.0,0,0,0
C06722,2025-05-26,0,Retail,North America,SMB,175,Partner,62,0.1697467488021903,92.89,86.22,0.0014,0.4546,Stable,-0.28000000000000114,1.1299999999999955,0.7199999999999989,-0.0030052592036063233,0.012314734088927587,0.007811652381469012,81,494,7,8595,2,307,0,187,0,0,-3.0,81.0,81.0,49.0,494.0,494.0,-376.0,8595.0,8595.0,0.0,7.0,7.0,0.0,2.0,2.0,-0.03571428571428571,,,0.1101123595505618,,,-0.041912830230743506,,,0.0,,,0.0,,,0,0,0,2,1.0,0.0,0.0,0.0,0.0,4.0,102.7,1.0,0.0,0.0,0.0,0.0,4.0,102.7,1.0,0.0,0.0,0.0,0.0,4.0,102.7,0,0,0,1,CT006722,1,1500000.0,3000000.0,Two-year,False,62.0,668.0,0,0,0
C03865,2024-02-26,0,Healthcare,Europe,Enterprise,4214,Partner,19,0.05201916495550993,47.92,57.84,-0.1662,0.5047,Declining,1.5600000000000023,-0.5499999999999972,-1.1000000000000014,0.03364969801553068,-0.011347225087683044,-0.022439820481436175,468,3355,7,65212,4,1379,682,743,551,0,468.0,468.0,468.0,3355.0,3355.0,3355.0,65212.0,65212.0,65212.0,7.0,7.0,7.0,4.0,4.0,4.0,,,,,,,,,,,,,,,,0,0,0,4,1.0,0.0,0.0,0.0,1.0,4.0,19.95,1.0,0.0,0.0,0.0,1.0,4.0,19.95,1.0,0.0,0.0,0.0,1.0,4.0,19.95,0,0,0,0,CT003865,1,33067199.13,99201597.39,Three-year,True,19.0,1076.0,0,0,0
C14199,2025-06-23,0,Government,North America,Enterprise,3043,Referral,340,0.9308692676249144,87.16,80.94,0.0437,0.6922,Stable,0.20999999999999375,2.5999999999999943,3.4099999999999966,0.002415181138585322,0.030747398297067102,0.04071641791044772,585,4203,6,81668,3,2123,1040,1040,0,0,-46.0,-6.0,18.0,-477.0,-56.0,111.0,-2733.0,1050.0,6495.0,0.0,-1.0,-1.0,0.0,0.0,0.0,-0.07290015847860538,-0.01015228426395939,0.031746031746031744,-0.10192307692307692,-0.013148626438131016,0.027126099706744868,-0.03238113292496535,0.013024386613411397,0.08640070237984383,0.0,-0.14285714285714285,-0.14285714285714285,0.0,0.0,0.0,0,0,0,3,1.0,0.0,1.0,0.0,1.0,4.0,85.58,4.0,2.0,2.0,1.0,2.0,3.8333333333333335,46.26166666666666,4.0,2.0,2.0,1.0,2.0,3.8333333333333335,46.26166666666666,0,1,0,0,CT014199,1,7500000.0,7500000.0,Annual,True,340.0,25.0,1,1,1
C02013,2025-03-03,0,Financial Services,Europe,SMB,33,Direct Sales,160,0.4380561259411362,83.6,81.59,-0.0114,0.7004,Stable,0.04999999999999716,1.3599999999999994,3.6699999999999875,0.0005984440454817135,0.01653696498054474,0.04591517577880629,4,12,3,187,1,12,0,0,0,0,0.0,0.0,0.0,-1.0,-2.0,-5.0,-63.0,-74.0,-91.0,1.0,-2.0,-3.0,0.0,0.0,0.0,0.0,0.0,0.0,-0.07692307692307693,-0.14285714285714285,-0.29411764705882354,-0.252,-0.2835249042145594,-0.3273381294964029,0.5,-0.4,-0.5,0.0,0.0,0.0,1,1,0,1,0.0,0.0,0.0,0.0,0.0,,,1.0,0.0,0.0,0.0,0.0,4.0,31.15,1.0,0.0,0.0,0.0,0.0,4.0,31.15,0,0,0,0,CT002013,1,294115.47,294115.47,Annual,True,160.0,205.0,0,0,0
C15031,2025-07-21,0,Telecommunications,Europe,Enterprise,4972,Partner,203,0.5557837097878165,4.03,55.41,-0.3143,0.7924,Declining,-0.5999999999999996,-4.419999999999999,-5.62,-0.12958963282937358,-0.523076923076923,-0.5823834196891191,199,1183,7,26228,4,524,233,270,0,156,-14.0,-5.0,-18.0,43.0,41.0,24.0,3047.0,3045.0,808.0,0.0,1.0,0.0,0.0,0.0,0.0,-0.06572769953051644,-0.024509803921568627,-0.08294930875576037,0.037719298245614034,0.03590192644483362,0.02070750647109577,0.13144385488115268,0.1313462450933874,0.03178599527930763,0.0,0.16666666666666666,0.0,0.0,0.0,0.0,0,0,0,4,6.0,0.0,1.0,0.0,2.0,3.777777777777778,44.34055555555555,7.0,0.0,1.0,0.0,2.0,3.583333333333333,40.20291666666667,10.0,1.0,4.0,1.0,3.0,3.3888888888888893,31.131944444444443,1,0,0,0,CT015031,1,7878124.65,15756249.3,Two-year,False,203.0,527.0,0,0,0
C08519,2025-10-06,0,Logistics,Europe,Mid-Market,1012,Enterprise Sales,254,0.6954140999315537,25.68,75.96,-0.3324,0.6277,Declining,-0.46000000000000085,-2.0199999999999996,-5.649999999999999,-0.017597551644988555,-0.07292418772563175,-0.1803383338653048,41,177,5,3508,3,101,58,0,0,18,-4.0,-3.0,-3.0,-40.0,-20.0,-66.0,-891.0,-818.0,-738.0,-1.0,-2.0,-2.0,0.0,0.0,0.0,-0.08888888888888889,-0.06818181818181818,-0.06818181818181818,-0.18433179723502305,-0.10152284263959391,-0.2716049382716049,-0.2025460331893612,-0.18908922792417937,-0.17381064531323598,-0.16666666666666666,-0.2857142857142857,-0.2857142857142857,0.0,0.0,0.0,1,0,0,3,2.0,0.0,0.0,1.0,0.0,4.5,21.59500000000001,6.0,1.0,0.0,2.0,1.0,3.8333333333333335,38.221666666666664,7.0,1.0,0.0,2.0,2.0,3.7142857142857144,35.34142857142857,1,0,0,0,CT008519,1,2141662.41,2141662.41,Annual,False,254.0,111.0,0,0,1
C16031,2025-01-13,0,Manufacturing,Latin America,Enterprise,4105,Partner,17,0.04654346338124572,59.45,85.71,-0.2311,0.5768,Declining,-0.46999999999999886,1.1300000000000026,0.4100000000000037,-0.007843791722296376,0.019375857338820347,0.006944444444444507,751,5153,7,92974,4,2382,1212,0,926,633,751.0,751.0,751.0,5153.0,5153.0,5153.0,92974.0,92974.0,92974.0,7.0,7.0,7.0,4.0,4.0,4.0,,,,,,,,,,,,,,,,0,0,0,4,0.0,0.0,0.0,0.0,0.0,,,0.0,0.0,0.0,0.0,0.0,,,0.0,0.0,0.0,0.0,0.0,,,0,0,0,0,CT016031,1,43714681.41,43714681.41,Annual,True,17.0,348.0,0,0,0
C19613,2025-04-21,0,Retail,Europe,SMB,16,Referral,361,0.9883641341546886,98.97,67.73,0.2815,0.8715,Improving,0.7600000000000051,-0.8599999999999994,0.3499999999999943,0.007738519499032738,-0.008614644896323746,0.0035489758669640468,10,100,7,1882,4,43,19,18,20,0,0.0,0.0,1.0,18.0,-2.0,31.0,387.0,-5.0,589.0,1.0,0.0,1.0,0.0,0.0,0.0,0.0,0.0,0.1111111111111111,0.21951219512195122,-0.0196078431372549,0.4492753623188406,0.2588628762541806,-0.002649708532061473,0.45552977571539055,0.16666666666666666,0.0,0.16666666666666666,0.0,0.0,0.0,0,0,0,4,0.0,0.0,0.0,0.0,0.0,,,1.0,0.0,0.0,0.0,1.0,4.0,6.76,1.0,0.0,0.0,0.0,1.0,4.0,6.76,0,0,0,0,CT019613,1,1311728.97,2623457.94,Two-year,False,361.0,369.0,0,0,0
C10974,2025-01-13,0,Manufacturing,Europe,SMB,76,Referral,139,0.3805612594113621,73.66,90.01,-0.2343,0.6336,Declining,-0.730000000000004,-2.280000000000001,-5.570000000000007,-0.009813146928350638,-0.030023702923360564,-0.0703016534141109,22,151,7,3108,3,86,0,42,0,23,0.0,-1.0,-3.0,-8.0,10.0,17.0,-252.0,100.0,672.0,0.0,2.0,1.0,0.0,0.0,0.0,0.0,-0.043478260869565216,-0.12,-0.050314465408805034,0.07092198581560284,0.12686567164179105,-0.075,0.03324468085106383,0.27586206896551724,0.0,0.4,0.16666666666666666,0.0,0.0,0.0,0,0,0,3,0.0,0.0,0.0,0.0,0.0,,,0.0,0.0,0.0,0.0,0.0,,,0.0,0.0,0.0,0.0,0.0,,,0,0,0,0,CT010974,1,879320.46,879320.46,Annual,True,139.0,226.0,0,0,0
C09244,2024-03-11,0,Technology,North America,SMB,104,Direct Sales,23,0.06297056810403832,86.37,82.77,0.1002,0.4158,Stable,-0.5799999999999983,0.30000000000001137,-0.030000000000001137,-0.006670500287521544,0.00348553502962718,-0.00034722222222223535,18,67,6,983,1,67,0,0,0,0,18.0,18.0,18.0,67.0,67.0,67.0,983.0,983.0,983.0,6.0,6.0,6.0,1.0,1.0,1.0,,,,,,,,,,,,,,,,0,0,0,1,0.0,0.0,0.0,0.0,0.0,,,0.0,0.0,0.0,0.0,0.0,,,0.0,0.0,0.0,0.0,0.0,,,0,0,0,0,CT009244,1,259440.82,518881.64,Two-year,False,23.0,707.0,0,0,0
C05510,2025-03-10,0,Financial Services,North America,Mid-Market,816,Direct Sales,28,0.07665982203969883,8.2,79.26,-0.5984,1.1277,Rapidly Declining,-0.7300000000000004,-1.2800000000000011,-0.5300000000000011,-0.08174692049272121,-0.13502109704641363,-0.06071019473081341,41,112,4,1992,1,112,0,0,0,0,41.0,41.0,41.0,112.0,112.0,112.0,1992.0,1992.0,1992.0,4.0,4.0,4.0,1.0,1.0,1.0,,,,,,,,,,,,,,,,0,0,0,1,4.0,0.0,1.0,0.0,3.0,4.0,15.735,4.0,0.0,1.0,0.0,3.0,4.0,15.735,4.0,0.0,1.0,0.0,3.0,4.0,15.735,0,0,0,0,CT005510,1,6822383.93,6822383.93,Annual,True,28.0,337.0,0,0,0
C04601,2024-09-23,0,Logistics,Middle East,Mid-Market,591,Direct Sales,34,0.09308692676249145,68.74,82.43,-0.0209,0.8233,Stable,0.0,-1.5100000000000051,-2.660000000000011,0.0,-0.021494661921708257,-0.03725490196078446,161,1361,6,26985,5,541,255,228,182,155,161.0,161.0,161.0,1361.0,1361.0,1361.0,26985.0,26985.0,26985.0,6.0,6.0,6.0,5.0,5.0,5.0,,,,,,,,,,,,,,,,0,0,0,5,0.0,0.0,0.0,0.0,0.0,,,0.0,0.0,0.0,0.0,0.0,,,0.0,0.0,0.0,0.0,0.0,,,0,0,0,0,CT004601,1,8627062.33,8627062.33,Annual,False,34.0,331.0,0,0,0
C02323,2024-04-29,0,Manufacturing,North America,SMB,25,Direct Sales,47,0.12867898699520877,66.83,86.4,-0.2233,0.7613,Declining,-1.710000000000008,-4.5,-2.450000000000003,-0.024948934928509015,-0.06308706014299734,-0.03536374133949196,5,25,7,478,2,19,6,0,0,0,0.0,5.0,5.0,-22.0,25.0,25.0,-439.0,478.0,478.0,2.0,7.0,7.0,0.0,2.0,2.0,0.0,,,-0.46808510638297873,,,-0.4787350054525627,,,0.4,,,0.0,,,1,0,0,2,0.0,0.0,0.0,0.0,0.0,,,0.0,0.0,0.0,0.0,0.0,,,0.0,0.0,0.0,0.0,0.0,,,0,0,0,0,CT002323,1,395915.69,395915.69,Annual,True,47.0,318.0,0,0,0
C05773,2025-06-02,0,Education,Europe,SMB,20,Referral,428,1.1718001368925393,73.04,74.46,-0.0441,0.453,Stable,-0.7399999999999949,-0.8399999999999892,-0.269999999999996,-0.01002981837896442,-0.011369788846778413,-0.0036829900422861274,2,10,6,178,1,10,0,0,0,0,0.0,0.0,0.0,0.0,7.0,8.0,1.0,120.0,139.0,1.0,5.0,2.0,0.0,0.0,0.0,0.0,0.0,0.0,0.0,2.3333333333333335,4.0,0.005649717514124294,2.0689655172413794,3.5641025641025643,0.2,5.0,0.5,0.0,0.0,0.0,0,0,0,1,2.0,0.0,1.0,0.0,0.0,4.5,37.56,2.0,0.0,1.0,0.0,0.0,4.5,37.56,3.0,0.0,1.0,0.0,0.0,4.0,81.09333333333333,0,0,0,1,CT005773,1,200000.0,400000.0,Two-year,True,428.0,302.0,0,0,0
C12471,2025-07-28,0,Technology,North America,Mid-Market,1342,Direct Sales,420,1.1498973305954825,77.6,70.34,0.0117,0.4702,Stable,-1.5700000000000074,-1.5600000000000023,-3.700000000000003,-0.019830743968675096,-0.019706922688226408,-0.04551045510455108,281,1310,6,21895,2,913,0,0,397,0,0.0,-30.0,-15.0,-94.0,-137.0,-41.0,-2658.0,-6327.0,-3482.0,1.0,1.0,0.0,0.0,0.0,0.0,0.0,-0.09646302250803858,-0.05067567567567568,-0.06695156695156695,-0.09467864547339323,-0.030347890451517395,-0.10825561031238545,-0.22418680462050883,-0.1372108602277653,0.2,0.2,0.0,0.0,0.0,0.0,0,0,0,2,0.0,0.0,0.0,0.0,0.0,,,0.0,0.0,0.0,0.0,0.0,,,0.0,0.0,0.0,0.0,0.0,,,0,0,0,0,CT012471,1,2850758.46,5701516.92,Two-year,False,420.0,310.0,0,0,0
C17303,2025-04-14,0,Technology,North America,SMB,19,Inbound,185,0.5065023956194388,59.78,73.02,-0.0592,0.5404,Stable,-0.8799999999999955,-0.36999999999999744,-1.3999999999999986,-0.014507088691064879,-0.006151288445552743,-0.022883295194507988,4,20,7,384,2,19,0,0,1,0,0.0,0.0,0.0,4.0,1.0,-2.0,106.0,88.0,-63.0,2.0,1.0,0.0,0.0,0.0,0.0,0.0,0.0,0.0,0.25,0.05263157894736842,-0.09090909090909091,0.381294964028777,0.2972972972972973,-0.14093959731543623,0.4,0.16666666666666666,0.0,0.0,0.0,0.0,0,0,0,2,2.0,0.0,0.0,0.0,0.0,3.5,133.79,2.0,0.0,0.0,0.0,0.0,3.5,133.79,2.0,0.0,0.0,0.0,0.0,3.5,133.79,0,0,0,1,CT017303,1,1369794.13,1369794.13,Annual,True,185.0,180.0,0,0,1
C05880,2024-09-30,0,Education,North America,SMB,223,Enterprise Sales,80,0.2190280629705681,97.39,86.58,0.3082,0.836,Improving,1.1400000000000006,-0.8199999999999932,-2.6099999999999994,0.01184415584415585,-0.008349455248956248,-0.026099999999999995,64,344,7,8004,2,241,0,103,0,0,-1.0,0.0,64.0,-50.0,-3.0,344.0,-133.0,1683.0,8004.0,1.0,0.0,7.0,0.0,0.0,2.0,-0.015384615384615385,0.0,,-0.12690355329949238,-0.008645533141210375,,-0.016345090328130762,0.26625533934504036,,0.16666666666666666,0.0,,0.0,0.0,,0,0,0,2,0.0,0.0,0.0,0.0,0.0,,,0.0,0.0,0.0,0.0,0.0,,,0.0,0.0,0.0,0.0,0.0,,,0,0,0,0,CT005880,1,483325.15,483325.15,Annual,True,80.0,285.0,0,0,0
C15323,2025-04-14,0,Education,North America,SMB,63,Enterprise Sales,423,1.158110882956879,57.85,71.38,-0.0128,1.1138,Stable,2.710000000000001,2.490000000000002,4.899999999999999,0.04914762422923469,0.044978323699422,0.09254013220018882,6,27,6,565,3,13,3,11,0,0,0.0,0.0,-1.0,0.0,-3.0,-1.0,49.0,3.0,20.0,1.0,0.0,1.0,0.0,0.0,0.0,0.0,0.0,-0.14285714285714285,0.0,-0.1,-0.03571428571428571,0.09496124031007752,0.005338078291814947,0.03669724770642202,0.2,0.0,0.2,0.0,0.0,0.0,0,0,0,3,0.0,0.0,0.0,0.0,0.0,,,1.0,0.0,0.0,0.0,0.0,4.0,24.86,3.0,1.0,0.0,1.0,0.0,3.6666666666666665,13.96,0,0,0,0,CT015323,1,415090.36,830180.72,Two-year,True,423.0,307.0,0,0,0
C01745,2024-08-12,0,Manufacturing,Europe,Mid-Market,509,Enterprise Sales,216,0.5913757700205339,78.96,81.71,0.0199,0.9797,Stable,-1.5500000000000114,-0.4300000000000068,0.5,-0.019252266799155524,-0.00541629928202553,0.006372673973999491,87,653,6,12450,3,302,182,169,0,0,-5.0,-6.0,-8.0,1.0,29.0,-7.0,-462.0,-318.0,1013.0,-1.0,-1.0,0.0,0.0,0.0,0.0,-0.05434782608695652,-0.06451612903225806,-0.08421052631578947,0.0015337423312883436,0.046474358974358976,-0.010606060606060607,-0.03578066914498141,-0.024906015037593984,0.0885721780187112,-0.14285714285714285,-0.14285714285714285,0.0,0.0,0.0,0.0,0,0,0,3,0.0,0.0,0.0,0.0,0.0,,,0.0,0.0,0.0,0.0,0.0,,,0.0,0.0,0.0,0.0,0.0,,,0,0,0,0,CT001745,1,1109887.12,2219774.24,Two-year,True,216.0,514.0,0,0,0
C05689,2025-02-03,0,Telecommunications,North America,Mid-Market,1203,Inbound,0,0.0,45.94,81.01,-0.0018,1.1978,Stable,-5.539999999999999,-7.440000000000005,-8.740000000000002,-0.1076146076146076,-0.1393780442113152,-0.15983906364301392,0,0,0,0,0,0,0,0,0,0,0.0,0.0,0.0,0.0,0.0,0.0,0.0,0.0,0.0,0.0,0.0,0.0,0.0,0.0,0.0,,,,,,,,,,,,,,,,0,0,0,2,0.0,0.0,0.0,0.0,0.0,,,0.0,0.0,0.0,0.0,0.0,,,0.0,0.0,0.0,0.0,0.0,,,0,0,0,0,CT005689,1,1000000.0,2000000.0,Two-year,False,0.0,730.0,0,0,0
C04742,2024-09-02,0,Financial Services,APAC,SMB,238,Direct Sales,14,0.038329911019849415,67.16,73.88,-0.035,0.798,Stable,-2.3299999999999983,-0.8700000000000045,-3.219999999999999,-0.03353000431716792,-0.012788475672497494,-0.045751633986928095,33,175,6,3359,3,86,0,37,52,0,33.0,33.0,33.0,175.0,175.0,175.0,3359.0,3359.0,3359.0,6.0,6.0,6.0,3.0,3.0,3.0,,,,,,,,,,,,,,,,0,0,0,3,0.0,0.0,0.0,0.0,0.0,,,0.0,0.0,0.0,0.0,0.0,,,0.0,0.0,0.0,0.0,0.0,,,0,0,0,0,CT004742,1,285875.2,285875.2,Annual,True,14.0,351.0,0,0,0
C15093,2025-04-21,0,Technology,North America,SMB,157,Inbound,66,0.1806981519507187,65.09,67.98,-0.0106,0.7056,Stable,-0.25,-0.6099999999999994,-0.9799999999999898,-0.0038261401897765534,-0.009284627092846262,-0.014832753140608293,18,101,7,2124,3,56,0,22,23,0,1.0,1.0,18.0,-10.0,-18.0,101.0,267.0,-101.0,2124.0,1.0,0.0,7.0,0.0,0.0,3.0,0.058823529411764705,0.058823529411764705,,-0.09009009009009009,-0.15126050420168066,,0.14378029079159935,-0.045393258426966294,,0.16666666666666666,0.0,,0.0,0.0,,0,0,0,3,0.0,0.0,0.0,0.0,0.0,,,0.0,0.0,0.0,0.0,0.0,,,0.0,0.0,0.0,0.0,0.0,,,0,0,0,0,CT015093,1,200000.0,200000.0,Annual,True,66.0,299.0,0,0,0
C00939,2025-06-30,0,Professional Services,Europe,Enterprise,5233,Direct Sales,100,0.2737850787132101,88.37,84.4,0.0844,0.4065,Stable,-1.019999999999996,-0.9099999999999966,-0.1599999999999966,-0.011410672334713011,-0.010192652329749065,-0.001807296961481945,948,5202,6,93417,2,3483,1719,0,0,0,27.0,-27.0,-23.0,134.0,-43.0,103.0,4388.0,-15874.0,-16965.0,-1.0,0.0,0.0,0.0,0.0,0.0,0.029315960912052116,-0.027692307692307693,-0.02368692070030896,0.02644041041831097,-0.008198284080076263,0.020200039223377132,0.04928731087623134,-0.14524526264742751,-0.1536935369897266,-0.14285714285714285,0.0,0.0,0.0,0.0,0.0,0,0,0,2,3.0,0.0,0.0,1.0,1.0,4.25,16.1675,4.0,0.0,0.0,1.0,2.0,4.166666666666667,13.695,6.0,1.0,0.0,1.0,3.0,4.375,16.47375,0,0,0,0,CT000939,1,7500000.0,7500000.0,Annual,True,100.0,265.0,0,0,0
C18102,2025-01-13,0,Retail,North America,Mid-Market,587,Enterprise Sales,346,0.947296372347707,48.92,74.73,-0.2029,0.8226,Declining,0.3200000000000003,-2.8500000000000014,-4.659999999999997,0.006584362139917701,-0.05505118794668729,-0.08697275102650237,51,290,7,5916,3,154,73,63,0,0,-6.0,-4.0,-11.0,-59.0,-66.0,-112.0,-699.0,-2026.0,-2045.0,1.0,2.0,2.0,0.0,0.0,0.0,-0.10526315789473684,-0.07272727272727272,-0.1774193548387097,-0.16905444126074498,-0.1853932584269663,-0.27860696517412936,-0.1056689342403628,-0.25509947116595316,-0.25687727672402966,0.16666666666666666,0.4,0.4,0.0,0.0,0.0,0,0,0,3,0.0,0.0,0.0,0.0,0.0,,,0.0,0.0,0.0,0.0,0.0,,,0.0,0.0,0.0,0.0,0.0,,,0,0,0,0,CT018102,1,2903444.96,8710334.88,Three-year,True,346.0,749.0,0,0,0
C04299,2024-04-22,0,Financial Services,North America,SMB,176,Inbound,50,0.13689253935660506,70.97,91.78,-0.1929,0.8515,Declining,-3.8499999999999943,-4.969999999999999,-4.8799999999999955,-0.05145682972467248,-0.06544640505662364,-0.0643375082399472,46,251,5,4648,3,128,77,0,46,0,-11.0,46.0,46.0,-164.0,251.0,251.0,-2545.0,4648.0,4648.0,0.0,5.0,5.0,0.0,3.0,3.0,-0.19298245614035087,,,-0.39518072289156625,,,-0.3538162102043654,,,0.0,,,0.0,,,1,0,0,3,0.0,0.0,0.0,0.0,0.0,,,1.0,0.0,0.0,0.0,0.0,3.0,115.96,1.0,0.0,0.0,0.0,0.0,3.0,115.96,0,0,1,1,CT004299,1,561801.0,561801.0,Annual,False,50.0,315.0,0,0,0
C01958,2025-03-31,0,Manufacturing,Europe,SMB,117,Referral,160,0.4380561259411362,63.08,62.97,0.0319,0.7732,Stable,1.7899999999999991,1.7899999999999991,2.969999999999999,0.029205416870615095,0.029205416870615095,0.04940941607053733,10,70,7,1265,2,42,28,0,0,0,0.0,1.0,1.0,42.0,26.0,23.0,744.0,276.0,448.0,3.0,1.0,1.0,0.0,0.0,0.0,0.0,0.1111111111111111,0.1111111111111111,1.5,0.5909090909090909,0.48936170212765956,1.4280230326295584,0.27906976744186046,0.5483476132190942,0.75,0.16666666666666666,0.16666666666666666,0.0,0.0,0.0,0,0,0,2,1.0,0.0,0.0,0.0,0.0,4.0,80.26,2.0,0.0,0.0,0.0,1.0,3.5,50.18000000000001,4.0,0.0,0.0,0.0,1.0,4.0,50.4975,0,0,0,1,CT001958,1,342394.56,342394.56,Annual,True,160.0,205.0,0,0,0
C03991,2025-07-21,0,Manufacturing,Middle East,Enterprise,10683,Enterprise Sales,463,1.267624914442163,86.48,77.83,0.0884,1.1196,Stable,-2.009999999999991,0.8400000000000034,0.1700000000000017,-0.022714431009153477,0.009808500700607233,0.0019696443054107483,2907,18905,4,330994,3,10457,0,5472,0,2976,159.0,183.0,394.0,1338.0,1419.0,2635.0,-17719.0,-61583.0,-21010.0,-2.0,-3.0,-2.0,0.0,0.0,0.0,0.05786026200873363,0.0671806167400881,0.15678471945881417,0.07616553765583196,0.08115063479354913,0.16195451751690226,-0.05081255932529043,-0.1568685888373491,-0.05968682174066204,-0.3333333333333333,-0.42857142857142855,-0.3333333333333333,0.0,0.0,0.0,0,0,0,3,0.0,0.0,0.0,0.0,0.0,,,1.0,0.0,0.0,0.0,0.0,3.0,50.05,4.0,1.0,3.0,2.0,0.0,3.5,22.685,0,0,0,0,CT003991,1,15898647.38,47695942.14,Three-year,True,463.0,632.0,0,0,0
C14511,2024-04-15,0,Technology,North America,Enterprise,4771,Referral,101,0.27652292950034224,67.7,74.38,0.0076,0.9971,Stable,0.269999999999996,4.330000000000005,3.6500000000000057,0.004004152454397093,0.06832886223765197,0.05698672911787675,739,5654,7,112129,4,2396,1187,1150,921,0,55.0,80.0,88.0,244.0,760.0,599.0,7737.0,20488.0,21687.0,1.0,1.0,2.0,0.0,0.0,0.0,0.0804093567251462,0.12139605462822459,0.13517665130568357,0.04510166358595194,0.15529219452390683,0.11849653808110781,0.07411487470304239,0.22356805360046267,0.23978903606731386,0.16666666666666666,0.16666666666666666,0.4,0.0,0.0,0.0,0,0,0,4,0.0,0.0,0.0,0.0,0.0,,,2.0,1.0,0.0,1.0,1.0,4.5,18.445000000000004,6.0,2.0,0.0,1.0,3.0,3.6,29.642000000000003,0,1,0,0,CT014511,1,10159369.35,30478108.05,Three-year,True,101.0,994.0,0,0,0
C11391,2025-08-11,0,Healthcare,North America,SMB,120,Inbound,410,1.1225188227241616,77.9,76.41,-0.0078,0.5641,Stable,1.1400000000000006,2.5,2.0400000000000063,0.014851485148514858,0.03315649867374005,0.026891642499340975,33,116,7,2116,2,83,33,0,0,0,1.0,2.0,-1.0,-79.0,-51.0,-49.0,-2174.0,-723.0,-1193.0,0.0,0.0,0.0,0.0,0.0,0.0,0.03125,0.06451612903225806,-0.029411764705882353,-0.40512820512820513,-0.30538922155688625,-0.296969696969697,-0.5067599067599068,-0.25466713631560406,-0.3605318827440314,0.0,0.0,0.0,0.0,0.0,0.0,1,1,0,2,0.0,0.0,0.0,0.0,0.0,,,1.0,0.0,0.0,0.0,0.0,4.0,26.61,1.0,0.0,0.0,0.0,0.0,4.0,26.61,0,0,0,0,CT011391,1,1327105.31,2654210.62,Two-year,False,410.0,320.0,0,0,0
C02453,2025-07-14,0,Technology,Europe,Mid-Market,901,Direct Sales,133,0.36413415468856947,74.44,80.41,-0.0141,0.6723,Stable,-1.2600000000000051,-0.769999999999996,-0.7900000000000063,-0.01664464993394987,-0.010238000265922033,-0.010501129868403646,151,1045,6,21256,3,493,263,289,0,0,-4.0,-1.0,3.0,-34.0,13.0,9.0,2021.0,-377.0,-100.0,-1.0,-1.0,0.0,0.0,0.0,0.0,-0.025806451612903226,-0.006578947368421052,0.02027027027027027,-0.03151065801668211,0.012596899224806201,0.008687258687258687,0.10506888484533403,-0.01742707899967642,-0.004682524817381532,-0.14285714285714285,-0.14285714285714285,0.0,0.0,0.0,0.0,0,0,0,3,0.0,0.0,0.0,0.0,0.0,,,0.0,0.0,0.0,0.0,0.0,,,1.0,0.0,0.0,0.0,0.0,4.0,65.02,0,0,0,1,CT002453,1,1457613.18,1457613.18,Annual,True,133.0,232.0,0,0,0
C03350,2024-07-22,0,Technology,APAC,SMB,168,Enterprise Sales,139,0.3805612594113621,63.93,65.83,0.005,1.0473,Stable,0.4099999999999966,-0.8399999999999963,-0.9799999999999969,0.0064546599496221125,-0.012968967114404761,-0.015097827761515898,25,100,4,1529,2,72,0,0,28,0,0.0,-2.0,-1.0,-27.0,-19.0,8.0,-1042.0,-634.0,-107.0,-2.0,-2.0,2.0,0.0,0.0,0.0,0.0,-0.07407407407407407,-0.038461538461538464,-0.2125984251968504,-0.15966386554621848,0.08695652173913043,-0.40528977051730847,-0.29311141932501156,-0.06540342298288508,-0.3333333333333333,-0.3333333333333333,1.0,0.0,0.0,0.0,1,0,0,2,1.0,0.0,0.0,0.0,0.0,4.0,31.22,1.0,0.0,0.0,0.0,0.0,4.0,31.22,1.0,0.0,0.0,0.0,0.0,4.0,31.22,0,0,0,0,CT003350,1,558224.62,558224.62,Annual,True,139.0,226.0,0,0,0
C05296,2025-07-07,0,Healthcare,North America,Mid-Market,1423,Enterprise Sales,305,0.8350444900752909,100.0,89.62,0.3586,0.7599,Improving,0.0,0.5600000000000023,0.3499999999999943,0.0,0.005631536604987955,0.0035122930255895063,581,4268,6,71529,3,2217,0,1183,868,0,-26.0,-19.0,-45.0,-116.0,-19.0,-414.0,2017.0,-18313.0,-13061.0,0.0,0.0,-1.0,0.0,0.0,0.0,-0.042833607907743,-0.03166666666666667,-0.07188498402555911,-0.02645985401459854,-0.004432003732213669,-0.08842375053395984,0.029016572678098745,-0.20383562253734333,-0.15440359380541435,0.0,0.0,-0.14285714285714285,0.0,0.0,0.0,0,0,0,3,2.0,1.0,1.0,0.0,2.0,3.5,16.885,2.0,1.0,1.0,0.0,2.0,3.5,16.885,2.0,1.0,1.0,0.0,2.0,3.5,16.885,0,0,0,0,CT005296,1,8850439.91,17700879.82,Two-year,True,305.0,425.0,0,0,0
C03522,2024-11-25,0,Financial Services,North America,Enterprise,2708,Direct Sales,240,0.6570841889117043,76.21,75.4,0.0461,0.7323,Stable,1.8299999999999983,2.819999999999993,1.8399999999999892,0.024603388007528884,0.038424853522278146,0.02474115906951713,423,3223,5,53635,4,1520,735,0,528,440,25.0,28.0,33.0,231.0,338.0,309.0,-7704.0,-3180.0,-1277.0,-2.0,0.0,-1.0,0.0,0.0,0.0,0.06281407035175879,0.07088607594936709,0.08461538461538462,0.07720588235294118,0.117157712305026,0.1060398078242965,-0.12559709157306118,-0.055971134383525474,-0.023255390442890444,-0.2857142857142857,0.0,-0.16666666666666666,0.0,0.0,0.0,0,0,0,4,2.0,0.0,1.0,2.0,0.0,4.0,6.619999999999999,3.0,0.0,2.0,3.0,0.0,4.0,7.14,6.0,1.0,2.0,3.0,1.0,3.9,16.802,0,0,0,0,CT003522,1,7691440.97,7691440.97,Annual,True,240.0,125.0,0,0,1
C18542,2025-04-14,0,Logistics,Europe,Mid-Market,1161,Referral,222,0.6078028747433265,58.28,58.86,0.007,0.4123,Stable,0.20000000000000284,-1.5700000000000003,0.7199999999999989,0.003443526170798947,-0.026232247284878867,0.01250868658790825,185,569,3,9465,1,569,0,0,0,0,2.0,-2.0,6.0,-10.0,-16.0,74.0,-1302.0,-2135.0,1163.0,-3.0,-2.0,1.0,0.0,0.0,0.0,0.01092896174863388,-0.0106951871657754,0.0335195530726257,-0.017271157167530225,-0.02735042735042735,0.1494949494949495,-0.12092504876010031,-0.18405172413793103,0.14008672609009878,-0.5,-0.4,0.5,0.0,0.0,0.0,0,0,0,1,1.0,0.0,0.0,0.0,0.0,5.0,132.63,5.0,0.0,0.0,1.0,1.0,4.333333333333333,69.33166666666666,6.0,0.0,0.0,1.0,1.0,4.0,60.16375000000001,0,0,0,1,CT018542,1,10000000.0,20000000.0,Two-year,False,222.0,508.0,0,0,0
C19243,2024-12-23,0,Logistics,Europe,Mid-Market,1273,Direct Sales,250,0.6844626967830253,59.31,59.87,-0.0275,0.798,Stable,-0.3999999999999986,-1.0999999999999943,3.8900000000000006,-0.006699045386032466,-0.018208905810296216,0.07019126669072538,184,1199,6,23651,3,621,0,347,231,0,-9.0,13.0,17.0,21.0,227.0,332.0,2905.0,6191.0,6922.0,1.0,-1.0,-1.0,0.0,0.0,0.0,-0.046632124352331605,0.07602339181286549,0.10179640718562874,0.017826825127334467,0.23353909465020575,0.3829296424452134,0.14002699315530703,0.354581901489118,0.4137724908840935,0.2,-0.14285714285714285,-0.14285714285714285,0.0,0.0,0.0,0,0,0,3,0.0,0.0,0.0,0.0,0.0,,,5.0,0.0,0.0,0.0,2.0,3.875,42.4825,6.0,0.0,0.0,0.0,2.0,3.9166666666666665,42.73166666666666,0,0,0,0,CT019243,1,4122920.99,4122920.99,Annual,True,250.0,115.0,0,0,1
C05908,2025-07-21,0,Financial Services,North America,Mid-Market,1374,Inbound,195,0.5338809034907598,65.01,66.35,-0.0554,0.8536,Stable,-0.5899999999999892,-4.409999999999997,-5.439999999999998,-0.008993902439024226,-0.06352636127917022,-0.07721788502484028,217,750,5,13165,1,750,0,0,0,0,-10.0,-20.0,-38.0,12.0,-27.0,-140.0,1250.0,-4804.0,-1939.0,-2.0,-1.0,1.0,0.0,0.0,0.0,-0.04405286343612335,-0.08438818565400844,-0.14901960784313725,0.016260162601626018,-0.03474903474903475,-0.15730337078651685,0.1049097775912715,-0.2673493238354945,-0.12837658898305085,-0.2857142857142857,-0.16666666666666666,0.25,0.0,0.0,0.0,0,0,0,1,0.0,0.0,0.0,0.0,0.0,,,1.0,0.0,0.0,0.0,0.0,4.0,41.51,4.0,1.0,1.0,1.0,0.0,3.8333333333333335,80.85666666666667,0,0,0,1,CT005908,1,7805629.39,7805629.39,Annual,True,195.0,170.0,0,0,1
C13388,2025-07-14,0,Financial Services,Europe,Mid-Market,1325,Partner,326,0.892539356605065,81.09,90.02,-0.0795,0.529,Stable,0.6000000000000085,0.2600000000000051,-1.4299999999999926,0.007454342154304989,0.0032166274897934568,-0.017329132331555898,311,1655,5,32013,2,1153,502,0,0,0,0.0,-9.0,-22.0,-1.0,-158.0,-87.0,-708.0,-6030.0,-362.0,0.0,0.0,-1.0,0.0,0.0,0.0,0.0,-0.028125,-0.06606606606606606,-0.0006038647342995169,-0.08714837286265857,-0.04994259471871412,-0.02163748051709911,-0.1585048497752543,-0.011181467181467182,0.0,0.0,-0.16666666666666666,0.0,0.0,0.0,0,0,0,2,1.0,0.0,0.0,0.0,1.0,4.0,10.57,1.0,0.0,0.0,0.0,1.0,4.0,10.57,3.0,0.0,0.0,0.0,1.0,4.333333333333333,25.99333333333333,0,0,0,0,CT013388,1,2711745.27,2711745.27,Annual,True,326.0,39.0,0,1,1
C02998,2024-11-04,0,Technology,Middle East,SMB,198,Direct Sales,224,0.6132785763175906,90.48,98.31,0.2645,1.1777,Improving,1.8200000000000074,1.1200000000000045,3.160000000000011,0.020527859237536743,0.012533572068039442,0.03618873110398547,55,281,5,5665,2,204,77,0,0,0,-2.0,-1.0,1.0,-7.0,-30.0,-7.0,-627.0,479.0,671.0,-2.0,-1.0,-1.0,0.0,0.0,0.0,-0.03508771929824561,-0.017857142857142856,0.018518518518518517,-0.024305555555555556,-0.09646302250803858,-0.024305555555555556,-0.09965034965034965,0.09236405707674508,0.1343612334801762,-0.2857142857142857,-0.16666666666666666,-0.16666666666666666,0.0,0.0,0.0,0,0,0,2,0.0,0.0,0.0,0.0,0.0,,,0.0,0.0,0.0,0.0,0.0,,,0.0,0.0,0.0,0.0,0.0,,,0,0,0,0,CT002998,1,1043046.0,1043046.0,Annual,True,224.0,141.0,0,0,1
C03251,2025-02-24,0,Professional Services,APAC,Enterprise,2001,Enterprise Sales,219,0.5995893223819302,92.45,86.49,0.044,0.7845,Stable,0.46000000000000796,2.510000000000005,0.4399999999999977,0.005000543537341102,0.027907493884812156,0.004782088903380042,727,6360,5,129025,4,2711,1315,1339,995,0,20.0,-26.0,-4.0,135.0,-219.0,-182.0,1824.0,10624.0,2798.0,0.0,0.0,-1.0,0.0,0.0,0.0,0.028288543140028287,-0.034528552456839307,-0.005471956224350205,0.021686746987951807,-0.033287733698130414,-0.027820238459186793,0.01433950990951329,0.08972897188368341,0.02216641447550841,0.0,0.0,-0.16666666666666666,0.0,0.0,0.0,0,0,0,4,2.0,0.0,0.0,0.0,1.0,3.5,29.57,3.0,0.0,0.0,0.0,1.0,4.0,27.849999999999998,3.0,0.0,0.0,0.0,1.0,4.0,27.849999999999998,0,0,0,0,CT003251,1,22472318.39,22472318.39,Annual,True,219.0,146.0,0,0,1
C00374,2025-01-20,0,Government,North America,SMB,214,Referral,154,0.4216290212183436,74.59,83.42,0.0155,1.0372,Stable,2.4399999999999977,1.9000000000000057,5.340000000000003,0.03381843381843378,0.026138395927913134,0.07711191335740077,45,298,5,6005,3,149,79,70,0,0,5.0,4.0,5.0,51.0,18.0,-6.0,1371.0,461.0,-547.0,-2.0,-2.0,-1.0,0.0,0.0,0.0,0.125,0.0975609756097561,0.125,0.20647773279352227,0.06428571428571428,-0.019736842105263157,0.29585671126456625,0.08315295815295816,-0.08348595848595848,-0.2857142857142857,-0.2857142857142857,-0.16666666666666666,0.0,0.0,0.0,0,0,0,3,0.0,0.0,0.0,0.0,0.0,,,0.0,0.0,0.0,0.0,0.0,,,1.0,0.0,0.0,0.0,0.0,3.0,20.31,0,0,1,0,CT000374,1,553944.53,553944.53,Annual,False,154.0,211.0,0,0,0
C03470,2025-05-19,0,Financial Services,Latin America,Enterprise,3547,Enterprise Sales,101,0.27652292950034224,82.98,84.36,-0.0411,0.9144,Stable,-0.269999999999996,-0.9299999999999926,-0.01999999999999602,-0.0032432432432431954,-0.011083303539506527,-0.00024096385542163881,975,6165,6,102752,3,3497,0,1709,0,959,-57.0,-35.0,-18.0,-438.0,-266.0,-161.0,-15287.0,-26005.0,-15939.0,0.0,-1.0,-1.0,0.0,0.0,0.0,-0.055232558139534885,-0.034653465346534656,-0.01812688821752266,-0.06633348477964561,-0.041362152075882445,-0.025450521656655074,-0.12950804395157534,-0.20196960165272568,-0.1342898787608159,0.0,-0.14285714285714285,-0.14285714285714285,0.0,0.0,0.0,0,0,0,3,2.0,0.0,0.0,1.0,0.0,4.0,13.844999999999999,8.0,0.0,0.0,1.0,2.0,4.1,22.912,8.0,0.0,0.0,1.0,2.0,4.1,22.912,1,0,0,0,CT003470,1,26233609.46,26233609.46,Annual,True,101.0,264.0,0,0,0
C15407,2024-12-02,0,Financial Services,North America,SMB,109,Referral,16,0.04380561259411362,37.57,63.64,-0.2551,0.8595,Declining,0.21999999999999886,-2.4399999999999977,-4.740000000000002,0.005890227576974535,-0.06098475381154706,-0.11203025289529667,4,15,5,269,1,15,0,0,0,0,4.0,4.0,4.0,15.0,15.0,15.0,269.0,269.0,269.0,5.0,5.0,5.0,1.0,1.0,1.0,,,,,,,,,,,,,,,,0,0,0,1,0.0,0.0,0.0,0.0,0.0,,,0.0,0.0,0.0,0.0,0.0,,,0.0,0.0,0.0,0.0,0.0,,,0,0,0,0,CT015407,1,304820.72,609641.44,Two-year,True,16.0,714.0,0,0,0
C06738,2025-09-15,0,Healthcare,Europe,Mid-Market,1746,Direct Sales,249,0.6817248459958932,86.05,85.08,-0.1153,1.0106,Stable,-1.0600000000000023,-2.4099999999999966,0.5499999999999972,-0.012168522557685711,-0.027243952068731595,0.006432748538011662,389,2414,6,53487,3,1322,679,0,0,413,-19.0,-23.0,-43.0,-279.0,-230.0,-368.0,4582.0,4155.0,-6523.0,-1.0,-1.0,-1.0,0.0,0.0,0.0,-0.04656862745098039,-0.055825242718446605,-0.09953703703703703,-0.10360193093204605,-0.08698940998487141,-0.13227893601725377,0.09369185154892137,0.084225249331063,-0.10869855024162639,-0.14285714285714285,-0.14285714285714285,-0.14285714285714285,0.0,0.0,0.0,0,0,0,3,1.0,0.0,0.0,0.0,0.0,4.0,14.1,1.0,0.0,0.0,0.0,0.0,4.0,14.1,1.0,0.0,0.0,0.0,0.0,4.0,14.1,0,0,0,0,CT006738,1,1935580.01,1935580.01,Annual,True,249.0,116.0,0,0,1
C11522,2025-02-10,0,Professional Services,North America,SMB,94,Direct Sales,181,0.49555099247091033,68.34,70.88,0.0052,0.7587,Stable,0.7000000000000028,-0.5699999999999932,-3.5,0.010348905972797204,-0.008271658685241521,-0.04871937639198218,8,26,7,611,2,24,0,0,0,2,0.0,0.0,0.0,-16.0,-8.0,-12.0,-46.0,-59.0,-136.0,0.0,2.0,0.0,0.0,0.0,0.0,0.0,0.0,0.0,-0.38095238095238093,-0.23529411764705882,-0.3157894736842105,-0.0700152207001522,-0.0880597014925373,-0.18206157965194109,0.0,0.4,0.0,0.0,0.0,0.0,0,0,0,2,0.0,0.0,0.0,0.0,0.0,,,0.0,0.0,0.0,0.0,0.0,,,0.0,0.0,0.0,0.0,0.0,,,0,0,0,0,CT011522,1,209468.56,209468.56,Annual,False,181.0,184.0,0,0,0
C03702,2025-06-23,0,Logistics,North America,SMB,46,Inbound,182,0.49828884325804246,45.05,66.08,-0.1608,0.7998,Declining,-1.5400000000000063,-2.200000000000003,-1.990000000000002,-0.033054303498604984,-0.04656084656084662,-0.04230442176870752,5,35,7,654,4,8,0,5,12,10,0.0,0.0,0.0,9.0,8.0,-2.0,164.0,162.0,44.0,0.0,0.0,1.0,0.0,0.0,0.0,0.0,0.0,0.0,0.34615384615384615,0.2962962962962963,-0.05405405405405406,0.3346938775510204,0.32926829268292684,0.07213114754098361,0.0,0.0,0.16666666666666666,0.0,0.0,0.0,0,0,0,4,1.0,0.0,0.0,0.0,0.0,3.0,58.64,1.0,0.0,0.0,0.0,0.0,3.0,58.64,1.0,0.0,0.0,0.0,0.0,3.0,58.64,0,0,1,1,CT003702,1,944272.86,944272.86,Annual,True,182.0,183.0,0,0,0
C01225,2025-06-30,0,Government,North America,SMB,109,Inbound,1,0.0027378507871321013,70.07,65.99,0.0227,0.704,Stable,1.5499999999999972,2.769999999999996,2.4299999999999926,0.022621132516053667,0.04115898959881124,0.03592548787699575,0,0,0,0,0,0,0,0,0,0,0.0,0.0,0.0,0.0,0.0,0.0,0.0,0.0,0.0,0.0,0.0,0.0,0.0,0.0,0.0,,,,,,,,,,,,,,,,0,0,0,2,0.0,0.0,0.0,0.0,0.0,,,0.0,0.0,0.0,0.0,0.0,,,0.0,0.0,0.0,0.0,0.0,,,0,0,0,0,CT001225,1,795801.79,795801.79,Annual,True,1.0,364.0,0,0,0
C15508,2024-12-23,0,Technology,Europe,Mid-Market,1732,Enterprise Sales,279,0.7638603696098563,63.61,74.11,-0.0645,0.9893,Stable,-2.5,-4.409999999999997,-3.4099999999999966,-0.037815761609438815,-0.06483387239047335,-0.05088033422858843,313,2240,6,46726,4,936,527,493,0,284,-19.0,-18.0,-24.0,-245.0,-246.0,-282.0,-1446.0,-3548.0,-2864.0,-1.0,0.0,2.0,0.0,0.0,0.0,-0.0572289156626506,-0.054380664652567974,-0.0712166172106825,-0.09859154929577464,-0.09895414320193081,-0.11181601903251388,-0.03001743751556921,-0.07057325854318336,-0.05775357935067554,-0.14285714285714285,0.0,0.5,0.0,0.0,0.0,0,0,0,4,0.0,0.0,0.0,0.0,0.0,,,0.0,0.0,0.0,0.0,0.0,,,0.0,0.0,0.0,0.0,0.0,,,0,0,0,0,CT015508,1,3434276.35,6868552.7,Two-year,True,279.0,451.0,0,0,0
C09922,2025-08-18,0,Telecommunications,North America,SMB,102,Enterprise Sales,211,0.5776865160848734,86.4,94.91,0.0274,0.9825,Stable,-3.9799999999999898,-2.6899999999999977,-4.349999999999994,-0.04403629121487043,-0.030194185654955637,-0.0479338842975206,38,163,5,2308,1,163,0,0,0,0,-1.0,-3.0,0.0,6.0,18.0,23.0,-47.0,56.0,-98.0,0.0,2.0,-1.0,0.0,0.0,0.0,-0.02564102564102564,-0.07317073170731707,0.0,0.03821656050955414,0.12413793103448276,0.16428571428571428,-0.019957537154989383,0.02486678507992895,-0.040731504571903575,0.0,0.6666666666666666,-0.16666666666666666,0.0,0.0,0.0,0,0,0,1,0.0,0.0,0.0,0.0,0.0,,,0.0,0.0,0.0,0.0,0.0,,,0.0,0.0,0.0,0.0,0.0,,,0,0,0,0,CT009922,1,1279293.5,1279293.5,Annual,False,211.0,154.0,0,0,1
C14478,2025-08-25,0,Financial Services,APAC,Mid-Market,427,Direct Sales,380,1.0403832991101984,71.18,71.72,0.0137,0.9388,Stable,-0.23999999999999488,-0.7299999999999898,0.37000000000000455,-0.003360403248389735,-0.010151578361841048,0.005225250670809272,94,480,7,10036,2,307,0,173,0,0,-2.0,3.0,1.0,-3.0,13.0,34.0,1391.0,341.0,1334.0,0.0,0.0,0.0,0.0,0.0,0.0,-0.020833333333333332,0.03296703296703297,0.010752688172043012,-0.006211180124223602,0.027837259100642397,0.07623318385650224,0.16090225563909774,0.03517276946879835,0.15329809239255343,0.0,0.0,0.0,0.0,0.0,0.0,0,0,0,2,1.0,0.0,0.0,1.0,0.0,4.0,8.76,1.0,0.0,0.0,1.0,0.0,4.0,8.76,3.0,0.0,0.0,1.0,0.0,3.6666666666666665,43.446666666666665,0,0,0,0,CT014478,1,5373106.55,16119319.65,Three-year,True,380.0,715.0,0,0,0
C19970,2024-12-23,0,Government,Latin America,SMB,65,Partner,242,0.6625598904859685,63.57,60.15,0.0446,1.1595,Stable,3.450000000000003,2.1099999999999994,4.07,0.057385229540918216,0.03433127237227464,0.06840336134453782,7,39,6,851,2,18,21,0,0,0,0.0,1.0,1.0,17.0,4.0,20.0,435.0,104.0,451.0,3.0,-1.0,2.0,0.0,0.0,0.0,0.0,0.16666666666666666,0.16666666666666666,0.7727272727272727,0.11428571428571428,1.0526315789473684,1.0456730769230769,0.1392235609103079,1.1275,1.0,-0.14285714285714285,0.5,0.0,0.0,0.0,0,0,0,2,2.0,0.0,0.0,0.0,1.0,4.0,76.315,2.0,0.0,0.0,0.0,1.0,4.0,76.315,2.0,0.0,0.0,0.0,1.0,4.0,76.315,0,0,0,1,CT019970,1,521719.79,521719.79,Annual,True,242.0,123.0,0,0,1
C02204,2025-04-21,0,Education,Europe,SMB,160,Direct Sales,219,0.5995893223819302,60.65,81.05,-0.0088,0.8793,Stable,-2.020000000000003,-2.4299999999999997,-1.75,-0.032232328067656024,-0.03852251109701965,-0.028044871794871796,15,39,4,695,1,39,0,0,0,0,1.0,1.0,1.0,-10.0,-7.0,-6.0,-285.0,-224.0,-73.0,-1.0,-2.0,0.0,0.0,0.0,0.0,0.07142857142857142,0.07142857142857142,0.07142857142857142,-0.20408163265306123,-0.15217391304347827,-0.13333333333333333,-0.29081632653061223,-0.24374319912948858,-0.09505208333333333,-0.2,-0.3333333333333333,0.0,0.0,0.0,0.0,1,0,0,1,1.0,0.0,0.0,0.0,0.0,4.0,40.94,2.0,0.0,0.0,0.0,0.0,4.0,62.06,2.0,0.0,0.0,0.0,0.0,4.0,62.06,0,0,0,1,CT002204,1,355264.32,355264.32,Annual,True,219.0,146.0,0,0,1
C08916,2024-06-10,0,Retail,Europe,SMB,204,Inbound,15,0.04106776180698152,71.55,73.41,0.0121,0.4492,Stable,0.04999999999999716,0.6700000000000017,1.4699999999999989,0.0006993006993006595,0.009452595936794607,0.020976027397260257,28,98,6,1724,1,98,0,0,0,0,28.0,28.0,28.0,98.0,98.0,98.0,1724.0,1724.0,1724.0,6.0,6.0,6.0,1.0,1.0,1.0,,,,,,,,,,,,,,,,0,0,0,1,0.0,0.0,0.0,0.0,0.0,,,0.0,0.0,0.0,0.0,0.0,,,0.0,0.0,0.0,0.0,0.0,,,0,0,0,0,CT008916,1,486445.16,486445.16,Annual,True,15.0,350.0,0,0,0
C12759,2025-09-29,0,Manufacturing,APAC,SMB,64,Direct Sales,207,0.5667351129363449,65.64,82.21,-0.0664,0.7228,Stable,0.3299999999999983,0.2600000000000051,0.1599999999999966,0.00505282498851628,0.0039767513000918495,0.0024434941967012304,5,22,5,339,2,17,0,0,5,0,0.0,0.0,-1.0,-3.0,1.0,-9.0,-122.0,-63.0,-149.0,-2.0,0.0,0.0,0.0,0.0,0.0,0.0,0.0,-0.16666666666666666,-0.12,0.047619047619047616,-0.2903225806451613,-0.2646420824295011,-0.15671641791044777,-0.305327868852459,-0.2857142857142857,0.0,0.0,0.0,0.0,0.0,1,1,0,2,1.0,0.0,0.0,0.0,0.0,4.0,52.59,1.0,0.0,0.0,0.0,0.0,4.0,52.59,2.0,1.0,0.0,0.0,1.0,3.5,35.125,0,0,0,0,CT012759,1,200000.0,600000.0,Three-year,True,207.0,888.0,0,0,0
C03008,2025-08-18,0,Technology,Europe,SMB,129,Enterprise Sales,342,0.9363449691991786,85.94,85.6,-0.0239,0.4677,Stable,-1.0900000000000034,-1.769999999999996,-1.6400000000000006,-0.012524416867746793,-0.020180139094744,-0.018725736469513594,24,81,3,1722,1,81,0,0,0,0,1.0,0.0,0.0,-4.0,-3.0,-3.0,525.0,122.0,262.0,-2.0,-1.0,-1.0,0.0,0.0,0.0,0.043478260869565216,0.0,0.0,-0.047058823529411764,-0.03571428571428571,-0.03571428571428571,0.43859649122807015,0.07625,0.17945205479452056,-0.4,-0.25,-0.25,0.0,0.0,0.0,0,0,0,1,0.0,0.0,0.0,0.0,0.0,,,0.0,0.0,0.0,0.0,0.0,,,0.0,0.0,0.0,0.0,0.0,,,0,0,0,0,CT003008,1,701017.15,1402034.3,Two-year,True,342.0,388.0,0,0,0
C18706,2025-06-30,0,Retail,North America,SMB,63,Enterprise Sales,204,0.5585215605749486,61.74,76.7,0.0282,1.1528,Stable,-0.7899999999999991,-1.769999999999996,2.4100000000000037,-0.012633935710858774,-0.027869626830420345,0.04062025956514417,8,31,6,487,2,18,0,13,0,0,-1.0,0.0,0.0,-20.0,-1.0,-22.0,-503.0,-109.0,-444.0,-1.0,1.0,0.0,0.0,0.0,0.0,-0.1111111111111111,0.0,0.0,-0.39215686274509803,-0.03125,-0.41509433962264153,-0.5080808080808081,-0.18288590604026847,-0.47690655209452204,-0.14285714285714285,0.2,0.0,0.0,0.0,0.0,1,1,0,2,0.0,0.0,0.0,0.0,0.0,,,0.0,0.0,0.0,0.0,0.0,,,0.0,0.0,0.0,0.0,0.0,,,0,0,0,0,CT018706,1,341054.41,1023163.23,Three-year,False,204.0,891.0,0,0,0
C14845,2024-11-04,0,Retail,North America,SMB,139,Inbound,168,0.459958932238193,36.21,72.4,-0.2222,1.0232,Declining,1.1300000000000026,-2.0899999999999963,-4.079999999999998,0.03221208665906507,-0.0545691906005221,-0.10126582278481008,8,44,7,919,3,25,0,9,0,10,-1.0,-1.0,-3.0,22.0,-3.0,-13.0,523.0,52.0,-180.0,3.0,0.0,0.0,0.0,1.0,0.0,-0.1111111111111111,-0.1111111111111111,-0.2727272727272727,1.0,-0.06382978723404255,-0.22807017543859648,1.3207070707070707,0.05997693194925029,-0.1637852593266606,0.75,0.0,0.0,0.0,0.5,0.0,0,0,0,3,3.0,0.0,0.0,0.0,0.0,3.75,20.6,4.0,1.0,0.0,0.0,0.0,3.5,20.16,4.0,1.0,0.0,0.0,0.0,3.5,20.16,0,0,0,0,CT014845,1,1500000.0,1500000.0,Annual,False,168.0,197.0,0,0,0
C18635,2024-11-04,0,Government,North America,Enterprise,2001,Referral,170,0.4654346338124572,98.23,89.75,0.0244,0.5837,Stable,0.7800000000000011,1.7800000000000011,2.780000000000001,0.008004104669061068,0.018455158113011936,0.029125196437925625,593,4156,7,76658,3,2115,1036,1005,0,0,-31.0,-17.0,-6.0,-606.0,-390.0,-227.0,-10303.0,-17724.0,-9281.0,1.0,0.0,3.0,0.0,0.0,0.0,-0.049679487179487176,-0.027868852459016394,-0.01001669449081803,-0.12725745485090298,-0.08578970523537176,-0.05179101072324892,-0.11847839836248433,-0.1877900447119154,-0.10799520590186062,0.16666666666666666,0.0,0.75,0.0,0.0,0.0,0,0,0,3,1.0,0.0,0.0,0.0,0.0,4.0,56.45,1.0,0.0,0.0,0.0,0.0,4.0,56.45,2.0,0.0,0.0,0.0,0.0,4.5,37.895,0,0,0,0,CT018635,1,20987137.48,20987137.48,Annual,True,170.0,195.0,0,0,0
C18864,2025-07-07,0,Education,Europe,Enterprise,3341,Referral,355,0.971937029431896,27.93,63.08,-0.2606,0.9011,Declining,-1.0399999999999991,0.21999999999999886,-2.25,-0.03589920607525023,0.007939372067845502,-0.07455268389662027,271,2027,7,38161,5,828,358,357,258,226,7.0,-23.0,-20.0,160.0,-107.0,-87.0,2598.0,-4249.0,-4079.0,1.0,0.0,0.0,0.0,0.0,0.0,0.026515151515151516,-0.0782312925170068,-0.06872852233676977,0.0856989823245849,-0.05014058106841612,-0.04115421002838222,0.0730534544329781,-0.10018863475595378,-0.09656723484848485,0.16666666666666666,0.0,0.0,0.0,0.0,0.0,0,0,0,5,3.0,0.0,0.0,0.0,0.0,4.0,87.08,8.0,0.0,0.0,2.0,2.0,3.866666666666667,56.60866666666666,14.0,1.0,0.0,3.0,6.0,3.760416666666667,40.774166666666666,1,0,0,0,CT018864,1,55292791.29,55292791.29,Annual,True,355.0,10.0,1,1,1
C05449,2025-07-28,0,Telecommunications,Middle East,SMB,225,Direct Sales,295,0.8076659822039699,64.27,87.96,-0.0127,1.1302,Stable,1.519999999999996,1.259999999999998,0.20999999999999375,0.024223107569721052,0.01999682590065066,0.0032781767093349005,43,264,6,4543,3,129,0,79,56,0,1.0,1.0,0.0,-14.0,-6.0,5.0,-304.0,-312.0,168.0,-1.0,0.0,-1.0,0.0,0.0,0.0,0.023809523809523808,0.023809523809523808,0.0,-0.050359712230215826,-0.022222222222222223,0.019305019305019305,-0.0627192077573757,-0.06426364572605561,0.0384,-0.14285714285714285,0.0,-0.14285714285714285,0.0,0.0,0.0,0,0,0,3,0.0,0.0,0.0,0.0,0.0,,,1.0,0.0,0.0,0.0,0.0,4.0,33.58,1.0,0.0,0.0,0.0,0.0,4.0,33.58,0,0,0,0,CT005449,1,412386.55,824773.1,Two-year,True,295.0,435.0,0,0,0
C16963,2025-06-16,0,Logistics,North America,SMB,125,Referral,135,0.36960985626283366,78.27,87.6,0.0232,0.6239,Stable,1.9599999999999937,0.11999999999999034,-0.39000000000000057,0.025684707115712142,0.0015355086372359607,-0.0049580472921434094,28,113,5,1537,1,113,0,0,0,0,0.0,0.0,-1.0,34.0,12.0,2.0,164.0,-282.0,-436.0,-1.0,0.0,-2.0,0.0,0.0,0.0,0.0,0.0,-0.034482758620689655,0.43037974683544306,0.1188118811881188,0.018018018018018018,0.11944646758922069,-0.15503023639362287,-0.22098327420172326,-0.16666666666666666,0.0,-0.2857142857142857,0.0,0.0,0.0,0,0,0,1,0.0,0.0,0.0,0.0,0.0,,,0.0,0.0,0.0,0.0,0.0,,,0.0,0.0,0.0,0.0,0.0,,,0,0,0,0,CT016963,1,1073860.57,2147721.14,Two-year,True,135.0,595.0,0,0,0
C03930,2025-07-14,0,Telecommunications,North America,Enterprise,4238,Referral,535,1.4647501711156743,40.48,67.44,-0.2187,0.7516,Declining,-2.5400000000000063,-1.0800000000000054,-1.3100000000000023,-0.05904230590423073,-0.02598652550529368,-0.03134721225173492,282,1832,7,35051,4,797,0,441,339,255,-27.0,-5.0,-27.0,-288.0,21.0,-184.0,-6865.0,-2941.0,-1008.0,1.0,0.0,2.0,0.0,0.0,0.0,-0.08737864077669903,-0.017421602787456445,-0.08737864077669903,-0.13584905660377358,0.011595803423522915,-0.09126984126984126,-0.16377994083404904,-0.07741103390187408,-0.027954186194847335,0.16666666666666666,0.0,0.4,0.0,0.0,0.0,1,0,0,4,0.0,0.0,0.0,0.0,0.0,,,3.0,0.0,0.0,0.0,0.0,4.0,54.74,8.0,1.0,0.0,1.0,1.0,3.6666666666666665,44.03333333333334,1,0,0,0,CT003930,1,19293291.67,57879875.01,Three-year,True,535.0,560.0,0,0,0
C15478,2024-07-22,0,Manufacturing,APAC,Mid-Market,369,Partner,51,0.13963039014373715,59.26,75.75,-0.3615,1.002,Declining,-1.7000000000000028,-2.6000000000000014,-0.6700000000000017,-0.027887139107611595,-0.04203039120594894,-0.011179709661271513,54,384,7,8213,3,196,98,90,0,0,-5.0,54.0,54.0,51.0,384.0,384.0,2086.0,8213.0,8213.0,0.0,7.0,7.0,0.0,3.0,3.0,-0.0847457627118644,,,0.15315315315315314,,,0.3404602578749796,,,0.0,,,0.0,,,0,0,0,3,0.0,0.0,0.0,0.0,0.0,,,0.0,0.0,0.0,0.0,0.0,,,0.0,0.0,0.0,0.0,0.0,,,0,0,0,0,CT015478,1,3234923.68,3234923.68,Annual,True,51.0,314.0,0,0,0
C06563,2024-09-09,0,Healthcare,Europe,SMB,73,Enterprise Sales,53,0.14510609171800137,72.36,79.62,-0.0245,0.7472,Stable,-1.4699999999999989,-2.019999999999996,-2.430000000000007,-0.019910605444941065,-0.02715783812852912,-0.032490974729241964,11,75,6,1597,2,52,0,23,0,0,-1.0,11.0,11.0,7.0,75.0,75.0,206.0,1597.0,1597.0,-1.0,6.0,6.0,0.0,2.0,2.0,-0.08333333333333333,,,0.10294117647058823,,,0.14809489575844717,,,-0.14285714285714285,,,0.0,,,0,0,0,2,0.0,0.0,0.0,0.0,0.0,,,1.0,1.0,0.0,0.0,1.0,3.0,18.86,1.0,1.0,0.0,0.0,1.0,3.0,18.86,0,0,1,0,CT006563,1,723772.69,723772.69,Annual,True,53.0,312.0,0,0,0
C02348,2024-05-13,0,Healthcare,Middle East,Mid-Market,1198,Referral,7,0.019164955509924708,84.72,68.08,-0.0688,1.1044,Stable,1.769999999999996,0.8400000000000034,-0.35999999999999943,0.021338155515370657,0.010014306151645249,-0.004231311706629048,353,2379,4,50411,3,1194,579,606,0,0,353.0,353.0,353.0,2379.0,2379.0,2379.0,50411.0,50411.0,50411.0,4.0,4.0,4.0,3.0,3.0,3.0,,,,,,,,,,,,,,,,0,0,0,3,0.0,0.0,0.0,0.0,0.0,,,0.0,0.0,0.0,0.0,0.0,,,0.0,0.0,0.0,0.0,0.0,,,0,0,0,0,CT002348,1,3515911.4,3515911.4,Annual,True,7.0,358.0,0,0,0
C17437,2025-07-28,0,Financial Services,Europe,SMB,129,Enterprise Sales,74,0.2026009582477755,63.93,72.71,-0.0037,0.6826,Stable,1.509999999999998,0.4200000000000017,0.020000000000003126,0.024190964434476096,0.006613131790269276,0.0003129400719762655,15,78,7,1408,2,49,29,0,0,0,0.0,-1.0,15.0,11.0,-12.0,78.0,152.0,-324.0,1408.0,2.0,0.0,7.0,0.0,0.0,2.0,0.0,-0.0625,,0.16417910447761194,-0.13333333333333333,,0.12101910828025478,-0.18706697459584296,,0.4,0.0,,0.0,0.0,,0,0,0,2,0.0,0.0,0.0,0.0,0.0,,,0.0,0.0,0.0,0.0,0.0,,,0.0,0.0,0.0,0.0,0.0,,,0,0,0,0,CT017437,1,200000.0,200000.0,Annual,True,74.0,291.0,0,0,0
C11050,2024-12-16,0,Technology,Europe,SMB,22,Inbound,93,0.2546201232032854,70.11,77.72,-0.0399,1.0126,Stable,1.9399999999999977,1.3799999999999955,-1.519999999999996,0.028458266099457206,0.02007856831078125,-0.02122015915119358,2,11,6,204,1,11,0,0,0,0,0.0,0.0,0.0,4.0,3.0,3.0,75.0,47.0,83.0,2.0,2.0,2.0,-1.0,-1.0,-1.0,0.0,0.0,0.0,0.5714285714285714,0.375,0.375,0.5813953488372093,0.29936305732484075,0.6859504132231405,0.5,0.5,0.5,-0.5,-0.5,-0.5,0,0,0,2,1.0,0.0,0.0,0.0,0.0,5.0,33.26,1.0,0.0,0.0,0.0,0.0,5.0,33.26,1.0,0.0,0.0,0.0,0.0,5.0,33.26,0,0,0,0,CT011050,1,200000.0,400000.0,Two-year,False,93.0,637.0,0,0,0
C12935,2024-11-25,0,Financial Services,Middle East,Enterprise,2001,Referral,296,0.810403832991102,63.64,54.96,-0.0001,1.1593,Stable,0.07000000000000028,0.030000000000001137,-3.489999999999995,0.0011011483404121485,0.00047162395849710954,-0.05198867868315202,338,1900,5,36881,3,1084,486,0,0,330,0.0,-23.0,-72.0,-162.0,-214.0,-495.0,-5567.0,-8860.0,-7364.0,0.0,-2.0,-1.0,0.0,0.0,0.0,0.0,-0.06371191135734072,-0.17560975609756097,-0.07856450048496605,-0.10122989593188268,-0.20668058455114824,-0.13114869958537503,-0.19369930696749088,-0.166436885523788,0.0,-0.2857142857142857,-0.16666666666666666,0.0,0.0,0.0,0,0,0,3,1.0,0.0,0.0,0.0,1.0,5.0,6.47,3.0,0.0,0.0,0.0,3.0,4.0,17.803333333333338,7.0,2.0,2.0,1.0,4.0,3.857142857142857,20.12857142857143,1,1,0,0,CT012935,1,30044792.36,30044792.36,Annual,True,296.0,69.0,0,1,1
C19703,2025-06-23,0,Telecommunications,Latin America,Mid-Market,730,Referral,539,1.4757015742642026,98.91,81.61,0.3384,1.0186,Improving,-0.9200000000000017,0.3499999999999943,1.9200000000000017,-0.009215666633276588,0.003551136363636306,0.019795855242808556,188,1548,6,34947,3,792,387,369,0,0,-11.0,-5.0,-7.0,-130.0,125.0,66.0,-1036.0,9317.0,6364.0,-1.0,0.0,-1.0,0.0,0.0,0.0,-0.05527638190954774,-0.025906735751295335,-0.035897435897435895,-0.07747318235995232,0.08784258608573436,0.044534412955465584,-0.02879137370424923,0.36351931330472104,0.22264982682013784,-0.14285714285714285,0.0,-0.14285714285714285,0.0,0.0,0.0,0,0,0,3,0.0,0.0,0.0,0.0,0.0,,,0.0,0.0,0.0,0.0,0.0,,,1.0,0.0,0.0,0.0,1.0,4.0,28.34,0,0,0,0,CT019703,1,1345626.31,4036878.93,Three-year,True,539.0,556.0,0,0,0
C13812,2024-12-09,0,Professional Services,North America,Mid-Market,1189,Direct Sales,162,0.44353182751540043,88.74,72.11,-0.0333,1.1857,Stable,1.1400000000000006,-1.690000000000012,2.4299999999999926,0.013013698630136994,-0.01868848833351777,0.02815432742440033,352,2427,7,50296,3,1347,0,703,0,377,-6.0,5.0,35.0,69.0,109.0,413.0,1294.0,5595.0,8838.0,2.0,0.0,0.0,0.0,0.0,0.0,-0.01675977653631285,0.01440922190201729,0.11041009463722397,0.029262086513994912,0.04702329594477998,0.20506454816286,0.02640708542508469,0.12516498512337532,0.21317960345409812,0.4,0.0,0.0,0.0,0.0,0.0,0,0,0,3,0.0,0.0,0.0,0.0,0.0,,,0.0,0.0,0.0,0.0,0.0,,,0.0,0.0,0.0,0.0,0.0,,,0,0,0,0,CT013812,1,3086961.5,6173923.0,Two-year,False,162.0,568.0,0,0,0
C12363,2025-06-09,0,Logistics,North America,SMB,104,Enterprise Sales,414,1.1334702258726899,29.83,50.71,-0.057,0.6164,Stable,-0.490000000000002,-1.25,-2.5799999999999983,-0.016160949868073943,-0.04021879021879022,-0.0796050601666152,4,19,6,395,2,8,11,0,0,0,0.0,0.0,0.0,4.0,10.0,3.0,110.0,228.0,118.0,0.0,1.0,0.0,0.0,1.0,0.0,0.0,0.0,0.0,0.26666666666666666,1.1111111111111112,0.1875,0.38596491228070173,1.3652694610778444,0.4259927797833935,0.0,0.2,0.0,0.0,1.0,0.0,0,0,0,2,0.0,0.0,0.0,0.0,0.0,,,2.0,0.0,0.0,0.0,0.0,3.5,56.620000000000005,2.0,0.0,0.0,0.0,0.0,3.5,56.620000000000005,0,0,0,1,CT012363,1,369049.57,738099.14,Two-year,True,414.0,316.0,0,0,0
C02328,2025-04-14,0,Professional Services,Europe,SMB,192,Partner,94,0.25735797399041754,79.76,89.7,-0.029,0.5135,Stable,0.4900000000000091,0.7900000000000063,2.1700000000000017,0.006181405323577761,0.010003798910978932,0.027967521587833503,25,87,4,1346,1,87,0,0,0,0,2.0,2.0,0.0,24.0,11.0,6.0,274.0,61.0,-70.0,0.0,0.0,0.0,0.0,0.0,0.0,0.08695652173913043,0.08695652173913043,0.0,0.38095238095238093,0.14473684210526316,0.07407407407407407,0.2555970149253731,0.047470817120622566,-0.04943502824858757,0.0,0.0,0.0,0.0,0.0,0.0,0,0,0,1,1.0,0.0,0.0,0.0,0.0,3.0,410.65,1.0,0.0,0.0,0.0,0.0,3.0,410.65,2.0,0.0,0.0,0.0,1.0,3.5,213.255,0,0,0,1,CT002328,1,208235.67,208235.67,Annual,True,94.0,271.0,0,0,0
C00866,2024-02-12,0,Manufacturing,APAC,Enterprise,5136,Referral,17,0.04654346338124572,71.24,83.31,-0.1049,0.9444,Stable,-1.2600000000000051,-4.280000000000001,-5.730000000000004,-0.017379310344827658,-0.05667372881355934,-0.07444458880083155,1274,10247,6,200140,4,4363,2116,2186,1582,0,1274.0,1274.0,1274.0,10247.0,10247.0,10247.0,200140.0,200140.0,200140.0,6.0,6.0,6.0,4.0,4.0,4.0,,,,,,,,,,,,,,,,0,0,0,4,1.0,0.0,0.0,0.0,1.0,4.0,20.05,1.0,0.0,0.0,0.0,1.0,4.0,20.05,1.0,0.0,0.0,0.0,1.0,4.0,20.05,0,0,0,0,CT000866,1,30077956.94,60155913.88,Two-year,True,17.0,713.0,0,0,0
C05550,2025-07-07,0,Logistics,APAC,SMB,225,Referral,146,0.3997262149212868,46.49,64.95,0.0176,0.8223,Stable,1.4500000000000028,-0.46999999999999886,-1.8799999999999955,0.032193605683836654,-0.010008517887563859,-0.038867066363448326,15,57,7,1019,1,57,0,0,0,0,-2.0,-4.0,-3.0,2.0,-7.0,-4.0,131.0,-261.0,-14.0,1.0,1.0,2.0,0.0,0.0,0.0,-0.11764705882352941,-0.21052631578947367,-0.16666666666666666,0.03636363636363636,-0.109375,-0.06557377049180328,0.14752252252252251,-0.20390625,-0.013552758954501452,0.16666666666666666,0.16666666666666666,0.4,0.0,0.0,0.0,0,0,0,1,1.0,0.0,0.0,0.0,0.0,3.0,23.55,1.0,0.0,0.0,0.0,0.0,3.0,23.55,1.0,0.0,0.0,0.0,0.0,3.0,23.55,0,0,1,0,CT005550,1,514258.2,514258.2,Annual,False,146.0,219.0,0,0,0
C14995,2024-06-03,0,Retail,Latin America,Mid-Market,925,Direct Sales,87,0.23819301848049282,55.36,69.38,-0.0163,1.096,Stable,-1.8699999999999974,-1.2199999999999989,-4.219999999999999,-0.03267517036519304,-0.021562389536938828,-0.07082913729439408,133,551,6,10874,2,383,0,0,168,0,-3.0,-13.0,133.0,-17.0,-96.0,551.0,907.0,612.0,10874.0,1.0,1.0,6.0,0.0,0.0,2.0,-0.022058823529411766,-0.08904109589041095,,-0.02992957746478873,-0.14837712519319937,,0.09100030099327781,0.05963749756382771,,0.2,0.2,,0.0,0.0,,0,0,0,2,0.0,0.0,0.0,0.0,0.0,,,3.0,0.0,1.0,1.0,0.0,4.25,34.535000000000004,4.0,0.0,1.0,1.0,0.0,3.5,45.02666666666667,0,0,0,0,CT014995,1,6630109.84,6630109.84,Annual,False,87.0,278.0,0,0,0
C13095,2024-09-09,1,Retail,Latin America,SMB,195,Inbound,102,0.2792607802874743,65.61,88.59,-0.2766,0.4672,Declining,-1.8200000000000074,-2.6599999999999966,-3.8200000000000074,-0.026990953581492023,-0.03896294126263361,-0.05501944404436133,37,170,5,3230,2,110,60,0,0,0,-1.0,-4.0,-5.0,-12.0,-55.0,10.0,19.0,-1070.0,-248.0,-2.0,-1.0,-1.0,0.0,0.0,0.0,-0.02631578947368421,-0.0975609756097561,-0.11904761904761904,-0.06593406593406594,-0.24444444444444444,0.0625,0.005917159763313609,-0.24883720930232558,-0.07130534790109258,-0.2857142857142857,-0.16666666666666666,-0.16666666666666666,0.0,0.0,0.0,0,0,0,2,2.0,0.0,1.0,0.0,0.0,3.0,65.28999999999999,4.0,0.0,2.0,0.0,1.0,3.75,46.6575,4.0,0.0,2.0,0.0,1.0,3.75,46.6575,0,0,0,0,CT013095,1,889862.43,889862.43,Annual,True,102.0,263.0,0,0,0
C06382,2025-05-26,0,Professional Services,North America,Enterprise,7280,Inbound,107,0.2929500342231348,42.58,66.05,-0.1524,0.4548,Stable,-2.1400000000000006,-3.190000000000005,-4.420000000000002,-0.04785330948121647,-0.06969630762508203,-0.0940425531914894,642,4271,7,85570,4,1800,942,1006,0,523,-81.0,-164.0,-195.0,-802.0,-1207.0,-1458.0,-21379.0,-25418.0,-33065.0,1.0,1.0,0.0,0.0,0.0,0.0,-0.11203319502074689,-0.20347394540942929,-0.23297491039426524,-0.15809185886063473,-0.22033588901058782,-0.2544946762087624,-0.1998990172886142,-0.22901574945039102,-0.27871201584692545,0.16666666666666666,0.16666666666666666,0.0,0.0,0.0,0.0,1,0,0,4,2.0,0.0,0.0,0.0,1.0,3.5,64.86,7.0,1.0,2.0,0.0,4.0,3.8,48.019999999999996,8.0,1.0,3.0,0.0,4.0,4.0,43.85,1,0,0,0,CT006382,1,42286440.29,126859320.87,Three-year,True,107.0,988.0,0,0,0
C00235,2025-05-19,0,Telecommunications,North America,Enterprise,4363,Inbound,152,0.4161533196440794,64.61,67.71,-0.0315,0.9874,Stable,-0.5300000000000011,-1.7099999999999937,3.3200000000000003,-0.008136321768498636,-0.025784077201447434,0.05416870615108501,701,6207,5,112301,5,2321,1160,1195,888,643,45.0,85.0,55.0,448.0,853.0,591.0,-3523.0,15033.0,-3666.0,1.0,-2.0,-2.0,0.0,0.0,0.0,0.06859756097560976,0.137987012987013,0.08513931888544891,0.07779128320889044,0.1593201344788943,0.10523504273504274,-0.030416839342450614,0.15455237076942058,-0.03161244147041831,0.25,-0.2857142857142857,-0.2857142857142857,0.0,0.0,0.0,0,0,0,5,3.0,1.0,0.0,1.0,0.0,3.3333333333333335,41.343333333333334,5.0,2.0,0.0,1.0,0.0,3.375,44.27125,5.0,2.0,0.0,1.0,0.0,3.375,44.27125,0,1,0,0,CT000235,1,9986898.37,9986898.37,Annual,False,152.0,213.0,0,0,0
C15433,2025-09-29,0,Retail,Europe,Enterprise,5766,Enterprise Sales,94,0.25735797399041754,98.52,90.91,0.2603,0.4581,Improving,-0.9100000000000108,-1.480000000000004,-1.480000000000004,-0.009152167353917436,-0.01480000000000004,-0.01480000000000004,1355,6436,5,126618,2,4986,0,0,0,1450,-15.0,-83.0,-2.0,-194.0,-487.0,-61.0,2129.0,-21445.0,-21516.0,-2.0,-2.0,-2.0,0.0,0.0,0.0,-0.010948905109489052,-0.057719054242002785,-0.0014738393515106854,-0.029260935143288085,-0.07034522605806731,-0.00938894874557488,0.017101912618785596,-0.14483699506291242,-0.14524687107618778,-0.2857142857142857,-0.2857142857142857,-0.2857142857142857,0.0,0.0,0.0,0,0,0,2,0.0,0.0,0.0,0.0,0.0,,,0.0,0.0,0.0,0.0,0.0,,,0.0,0.0,0.0,0.0,0.0,,,0,0,0,0,CT015433,1,12411187.19,12411187.19,Annual,False,94.0,271.0,0,0,0
C04406,2024-05-27,0,Telecommunications,North America,Mid-Market,598,Enterprise Sales,5,0.013689253935660506,69.23,87.7,-0.2164,0.5023,Declining,-1.75,-3.3799999999999955,-5.689999999999998,-0.024654832347140037,-0.04655006197493452,-0.07594767752269084,0,0,0,0,0,0,0,0,0,0,0.0,0.0,0.0,0.0,0.0,0.0,0.0,0.0,0.0,0.0,0.0,0.0,0.0,0.0,0.0,,,,,,,,,,,,,,,,0,0,0,3,0.0,0.0,0.0,0.0,0.0,,,0.0,0.0,0.0,0.0,0.0,,,0.0,0.0,0.0,0.0,0.0,,,0,0,0,0,CT004406,1,4993946.79,9987893.58,Two-year,False,5.0,725.0,0,0,0
C12492,2024-10-21,0,Government,Latin America,SMB,111,Enterprise Sales,238,0.6516084873374401,55.05,68.27,-0.2141,0.4407,Declining,0.6400000000000006,0.6299999999999955,-0.14000000000000057,0.011762543650064338,0.011576626240352727,-0.0025366914296068234,10,33,3,506,1,33,0,0,0,0,1.0,1.0,0.0,7.0,9.0,7.0,-41.0,106.0,55.0,1.0,0.0,-1.0,0.0,0.0,0.0,0.1111111111111111,0.1111111111111111,0.0,0.2692307692307692,0.375,0.2692307692307692,-0.07495429616087751,0.265,0.12195121951219512,0.5,0.0,-0.25,0.0,0.0,0.0,0,0,0,1,1.0,0.0,0.0,0.0,0.0,4.0,40.7,2.0,0.0,0.0,0.0,0.0,4.5,37.385,3.0,0.0,0.0,0.0,0.0,4.333333333333333,33.79333333333333,0,0,0,0,CT012492,1,591142.27,591142.27,Annual,False,238.0,127.0,0,0,1
C05003,2025-05-12,0,Healthcare,Europe,Mid-Market,449,Partner,224,0.6132785763175906,96.82,68.03,0.2803,1.0653,Improving,3.529999999999987,4.709999999999994,3.7299999999999898,0.037838996677028475,0.05113451308218428,0.040068750671393163,200,733,5,13946,1,733,0,0,0,0,7.0,14.0,1.0,50.0,22.0,48.0,3152.0,1847.0,2671.0,1.0,1.0,1.0,0.0,0.0,0.0,0.03626943005181347,0.07526881720430108,0.005025125628140704,0.07320644216691069,0.030942334739803096,0.07007299270072993,0.2920140818973504,0.15265724440036366,0.2368957871396896,0.25,0.25,0.25,0.0,0.0,0.0,0,0,0,1,0.0,0.0,0.0,0.0,0.0,,,1.0,0.0,0.0,0.0,0.0,4.0,86.99,1.0,0.0,0.0,0.0,0.0,4.0,86.99,0,0,0,1,CT005003,1,10000000.0,10000000.0,Annual,True,224.0,141.0,0,0,1
C08833,2024-05-13,0,Manufacturing,North America,SMB,76,Direct Sales,35,0.09582477754962354,33.41,63.37,-0.454,0.4543,Rapidly Declining,-0.7600000000000051,-2.1400000000000006,-5.460000000000001,-0.02224173251390123,-0.06019690576652604,-0.14046822742474918,2,9,4,194,1,9,0,0,0,0,0.0,2.0,2.0,5.0,9.0,9.0,115.0,194.0,194.0,1.0,4.0,4.0,0.0,1.0,1.0,0.0,,,1.25,,,1.4556962025316456,,,0.3333333333333333,,,0.0,,,0,0,0,1,0.0,0.0,0.0,0.0,0.0,,,0.0,0.0,0.0,0.0,0.0,,,0.0,0.0,0.0,0.0,0.0,,,0,0,0,0,CT008833,1,719524.0,1439048.0,Two-year,True,35.0,695.0,0,0,0
C13867,2025-08-25,1,Education,APAC,Mid-Market,1282,Inbound,70,0.19164955509924708,25.48,83.2,-0.3381,0.5851,Declining,-2.0700000000000003,-4.829999999999998,-6.559999999999999,-0.0751361161524501,-0.1593533487297921,-0.2047440699126092,67,278,6,4740,2,184,0,0,94,0,1.0,-3.0,67.0,10.0,-8.0,278.0,365.0,-516.0,4740.0,-1.0,0.0,6.0,0.0,0.0,2.0,0.015151515151515152,-0.04285714285714286,,0.03731343283582089,-0.027972027972027972,,0.08342857142857144,-0.09817351598173515,,-0.14285714285714285,0.0,,0.0,0.0,,0,0,0,2,0.0,0.0,0.0,0.0,0.0,,,4.0,0.0,0.0,0.0,0.0,4.333333333333333,24.075000000000003,4.0,0.0,0.0,0.0,0.0,4.333333333333333,24.075000000000003,0,0,0,0,CT013867,1,6004251.61,6004251.61,Annual,False,70.0,295.0,0,0,0
C04089,2025-09-22,0,Healthcare,North America,SMB,156,Referral,88,0.24093086926762491,63.04,70.59,0.0467,0.5777,Stable,2.1599999999999966,0.9699999999999989,-2.000000000000007,0.03547963206307484,0.015627517319155772,-0.030750307503075138,25,105,6,2119,3,54,0,38,0,13,0.0,0.0,25.0,-56.0,-27.0,105.0,-702.0,-569.0,2119.0,-1.0,-1.0,6.0,0.0,0.0,3.0,0.0,0.0,,-0.34782608695652173,-0.20454545454545456,,-0.2488479262672811,-0.21168154761904762,,-0.14285714285714285,-0.14285714285714285,,0.0,0.0,,1,0,0,3,2.0,0.0,1.0,0.0,0.0,4.0,52.3,2.0,0.0,1.0,0.0,0.0,4.0,52.3,3.0,0.0,1.0,0.0,0.0,4.0,44.03666666666667,0,0,0,0,CT004089,1,1500000.0,1500000.0,Annual,True,88.0,277.0,0,0,0
C00129,2025-07-07,0,Healthcare,North America,SMB,184,Inbound,176,0.48186173853524983,64.14,68.6,0.0001,0.7747,Stable,-2.4099999999999966,-2.3700000000000045,-1.3700000000000045,-0.036213373403456,-0.03563373928732528,-0.02091283773469706,25,159,7,3499,4,67,38,0,35,19,0.0,0.0,0.0,-14.0,-42.0,-23.0,-90.0,-349.0,-128.0,1.0,0.0,0.0,0.0,0.0,0.0,0.0,0.0,0.0,-0.08092485549132948,-0.208955223880597,-0.12637362637362637,-0.025076623014767346,-0.0906964656964657,-0.03529087400055142,0.16666666666666666,0.0,0.0,0.0,0.0,0.0,0,0,0,4,0.0,0.0,0.0,0.0,0.0,,,1.0,0.0,0.0,0.0,0.0,4.0,46.86,1.0,0.0,0.0,0.0,0.0,4.0,46.86,0,0,0,0,CT000129,1,465692.58,465692.58,Annual,True,176.0,189.0,0,0,0
C00453,2024-11-18,0,Government,Latin America,Mid-Market,1599,Inbound,242,0.6625598904859685,65.81,94.51,-0.2379,0.776,Declining,2.1700000000000017,-1.0,-2.230000000000004,0.03409805153991203,-0.0149678191887442,-0.03277483833039394,273,1338,7,28556,2,863,0,475,0,0,11.0,-21.0,-22.0,7.0,-109.0,-137.0,2177.0,2511.0,4725.0,0.0,1.0,0.0,0.0,0.0,0.0,0.04198473282442748,-0.07142857142857142,-0.07457627118644068,0.005259203606311044,-0.07532826537664132,-0.0928813559322034,0.08252776830054209,0.09641005951238242,0.1982711594142084,0.0,0.16666666666666666,0.0,0.0,0.0,0.0,0,0,0,2,2.0,0.0,0.0,0.0,1.0,4.0,23.315,3.0,0.0,0.0,0.0,1.0,4.0,28.332499999999996,4.0,0.0,0.0,0.0,1.0,4.0,44.151666666666664,0,0,0,0,CT000453,1,5954181.83,11908363.66,Two-year,False,242.0,488.0,0,0,0
C06222,2025-04-14,0,Professional Services,North America,SMB,36,Referral,280,0.7665982203969883,39.64,71.84,-0.2729,0.5186,Declining,-1.8999999999999986,-4.649999999999999,-5.329999999999998,-0.04573904670197397,-0.10498983969293291,-0.11852346008450074,3,13,7,261,3,7,2,0,0,4,-1.0,-1.0,-1.0,-20.0,-12.0,-3.0,-261.0,-247.0,-38.0,0.0,1.0,1.0,-1.0,0.0,0.0,-0.25,-0.25,-0.25,-0.6060606060606061,-0.48,-0.1875,-0.5,-0.4862204724409449,-0.12709030100334448,0.0,0.16666666666666666,0.16666666666666666,-0.25,0.0,0.0,1,0,0,4,0.0,0.0,0.0,0.0,0.0,,,0.0,0.0,0.0,0.0,0.0,,,0.0,0.0,0.0,0.0,0.0,,,0,0,0,0,CT006222,1,750654.17,750654.17,Annual,True,280.0,85.0,0,1,1
C08445,2025-05-19,0,Retail,Latin America,Enterprise,2001,Inbound,319,0.8733744010951403,96.64,82.09,0.3085,0.8203,Improving,-0.9200000000000017,-3.3599999999999994,-3.3599999999999994,-0.009430094300943027,-0.03359999999999999,-0.03359999999999999,965,6905,7,127562,3,3745,1857,0,1303,0,-32.0,-17.0,34.0,-7.0,166.0,505.0,-3428.0,-2501.0,21315.0,0.0,2.0,1.0,0.0,0.0,0.0,-0.0320962888665998,-0.017311608961303463,0.036519871106337275,-0.0010127314814814814,0.024632734827125687,0.07890625,-0.026169936636384457,-0.019229142800027677,0.20061742919800088,0.0,0.4,0.16666666666666666,0.0,0.0,0.0,0,0,0,3,1.0,0.0,0.0,0.0,0.0,5.0,22.85,1.0,0.0,0.0,0.0,0.0,5.0,22.85,3.0,0.0,0.0,0.0,0.0,4.666666666666667,51.38666666666666,0,0,0,1,CT008445,1,77827454.59,233482363.77,Three-year,True,319.0,776.0,0,0,0
C00694,2025-09-29,0,Retail,APAC,SMB,38,Direct Sales,370,1.0130047912388775,69.79,52.48,0.1032,0.9407,Stable,-0.36999999999999034,4.260000000000005,2.780000000000001,-0.005273660205245017,0.06500839310239592,0.04148634532159381,4,24,7,382,2,18,0,0,6,0,0.0,0.0,0.0,6.0,4.0,8.0,92.0,40.0,68.0,0.0,1.0,1.0,0.0,0.0,1.0,0.0,0.0,0.0,0.3333333333333333,0.2,0.5,0.31724137931034485,0.11695906432748537,0.21656050955414013,0.0,0.16666666666666666,0.16666666666666666,0.0,0.0,1.0,0,0,0,2,0.0,0.0,0.0,0.0,0.0,,,0.0,0.0,0.0,0.0,0.0,,,1.0,0.0,0.0,0.0,0.0,4.0,63.63,0,0,0,1,CT000694,1,248607.91,497215.82,Two-year,True,370.0,360.0,0,0,0
C13149,2024-05-06,0,Government,North America,SMB,166,Inbound,31,0.08487337440109514,66.39,68.87,0.0609,1.0714,Stable,3.1499999999999986,0.1700000000000017,-0.01999999999999602,0.04981024667931686,0.002567200241618872,-0.0003011594639360943,31,126,6,2110,2,93,0,0,33,0,31.0,31.0,31.0,126.0,126.0,126.0,2110.0,2110.0,2110.0,6.0,6.0,6.0,2.0,2.0,2.0,,,,,,,,,,,,,,,,0,0,0,2,0.0,0.0,0.0,0.0,0.0,,,0.0,0.0,0.0,0.0,0.0,,,0.0,0.0,0.0,0.0,0.0,,,0,0,0,0,CT013149,1,541871.33,541871.33,Annual,False,31.0,334.0,0,0,0
C16293,2024-08-26,0,Healthcare,APAC,SMB,206,Partner,234,0.6406570841889117,80.91,80.05,-0.149,0.8983,Declining,1.0699999999999932,1.2099999999999937,-0.0799999999999983,0.013401803607214343,0.015181932245922129,-0.0009877762686751241,45,227,6,4126,2,162,0,0,65,0,1.0,3.0,-2.0,-13.0,47.0,8.0,69.0,1366.0,363.0,-1.0,0.0,0.0,0.0,0.0,0.0,0.022727272727272728,0.07142857142857142,-0.0425531914893617,-0.05416666666666667,0.2611111111111111,0.0365296803652968,0.017007641114123735,0.49492753623188407,0.09646558596864203,-0.14285714285714285,0.0,0.0,0.0,0.0,0.0,0,0,0,2,1.0,0.0,0.0,0.0,0.0,4.0,33.78,2.0,0.0,0.0,0.0,0.0,4.0,49.425,2.0,0.0,0.0,0.0,0.0,4.0,49.425,0,0,0,1,CT016293,1,592296.27,592296.27,Annual,True,234.0,131.0,0,0,1
C10011,2025-09-08,0,Professional Services,APAC,Mid-Market,1422,Direct Sales,41,0.11225188227241616,79.22,83.66,0.0307,0.8065,Stable,-0.46000000000000796,2.569999999999993,5.219999999999999,-0.005773092369478011,0.0335290280495759,0.07054054054054053,245,1626,7,29122,3,893,466,0,0,267,-6.0,245.0,245.0,121.0,1626.0,1626.0,235.0,29122.0,29122.0,2.0,7.0,7.0,0.0,3.0,3.0,-0.02390438247011952,,,0.08039867109634552,,,0.008135147298092567,,,0.4,,,0.0,,,0,0,0,3,1.0,1.0,0.0,1.0,0.0,3.0,1.93,2.0,2.0,0.0,1.0,0.0,3.0,10.795,2.0,2.0,0.0,1.0,0.0,3.0,10.795,0,1,1,0,CT010011,1,1182088.93,1182088.93,Annual,True,41.0,324.0,0,0,0
C12714,2025-05-19,0,Telecommunications,Middle East,SMB,213,Direct Sales,227,0.621492128678987,100.0,98.12,0.051,0.6325,Stable,1.9599999999999937,4.969999999999999,2.6400000000000006,0.019991840065279414,0.05229927391350099,0.027115858668857854,115,927,4,17757,4,425,208,0,173,121,-2.0,-6.0,-4.0,23.0,-34.0,9.0,291.0,-264.0,-801.0,-2.0,-3.0,-2.0,0.0,0.0,0.0,-0.017094017094017096,-0.049586776859504134,-0.03361344537815126,0.025442477876106196,-0.03537981269510926,0.00980392156862745,0.016660941257299895,-0.014649575495255536,-0.0431619786614937,-0.3333333333333333,-0.42857142857142855,-0.3333333333333333,0.0,0.0,0.0,0,0,0,4,0.0,0.0,0.0,0.0,0.0,,,0.0,0.0,0.0,0.0,0.0,,,0.0,0.0,0.0,0.0,0.0,,,0,0,0,0,CT012714,1,760096.76,760096.76,Annual,True,227.0,138.0,0,0,1
C06776,2025-07-07,0,Professional Services,Europe,SMB,34,Enterprise Sales,340,0.9308692676249144,100.0,85.82,0.3055,0.4609,Improving,0.0,0.0,0.7399999999999949,0.0,0.0,0.007455168245013045,11,41,7,789,2,29,0,0,0,12,-1.0,0.0,0.0,-20.0,-14.0,-8.0,-445.0,-281.0,-200.0,2.0,0.0,0.0,0.0,0.0,0.0,-0.08333333333333333,0.0,0.0,-0.32786885245901637,-0.2545454545454545,-0.16326530612244897,-0.3606158833063209,-0.2626168224299065,-0.20222446916076844,0.4,0.0,0.0,0.0,0.0,0.0,1,0,0,2,0.0,0.0,0.0,0.0,0.0,,,1.0,0.0,0.0,0.0,0.0,5.0,55.13,1.0,0.0,0.0,0.0,0.0,5.0,55.13,0,0,0,1,CT006776,1,481975.15,481975.15,Annual,True,340.0,25.0,1,1,1
C06678,2024-09-09,0,Healthcare,Middle East,Enterprise,3306,Inbound,237,0.648870636550308,88.82,71.02,0.0188,0.7769,Stable,1.9199999999999875,2.8999999999999915,4.6699999999999875,0.02209436133486752,0.033752327746741057,0.05549613784907887,937,7992,7,147464,4,3367,1648,1660,1317,0,0.0,23.0,2.0,77.0,333.0,-22.0,14304.0,1194.0,-3404.0,1.0,1.0,0.0,0.0,0.0,0.0,0.0,0.02516411378555799,0.0021390374331550803,0.009728363866077068,0.043478260869565216,-0.0027451959071624656,0.10741964553920096,0.008162986258289465,-0.022562770103666783,0.16666666666666666,0.16666666666666666,0.0,0.0,0.0,0.0,0,0,0,4,1.0,1.0,0.0,0.0,1.0,4.0,10.83,2.0,1.0,0.0,0.0,2.0,4.0,9.71,4.0,1.0,0.0,0.0,3.0,3.5,19.4025,0,0,0,0,CT006678,1,15753460.12,15753460.12,Annual,True,237.0,128.0,0,0,1
C07249,2025-04-07,0,Logistics,APAC,Mid-Market,1351,Direct Sales,172,0.47091033538672145,69.36,84.06,-0.032,1.1319,Stable,-2.719999999999999,0.14000000000000057,-1.0700000000000074,-0.03773584905660376,0.002022536839063863,-0.015192389606701794,289,1586,6,36115,3,948,0,0,357,281,-18.0,11.0,41.0,-147.0,-29.0,265.0,3907.0,6156.0,11658.0,1.0,0.0,0.0,0.0,0.0,0.0,-0.05863192182410423,0.039568345323741004,0.16532258064516128,-0.08482400461627236,-0.017956656346749224,0.20060560181680545,0.12130526577247888,0.20548082379251645,0.4766733450545856,0.2,0.0,0.0,0.0,0.0,0.0,0,0,0,3,0.0,0.0,0.0,0.0,0.0,,,3.0,0.0,0.0,0.0,1.0,4.0,51.69666666666668,4.0,0.0,0.0,0.0,2.0,4.0,44.330000000000005,0,0,0,0,CT007249,1,2888059.4,5776118.8,Two-year,True,172.0,558.0,0,0,0
C17532,2024-04-22,0,Financial Services,North America,Mid-Market,1170,Referral,107,0.2929500342231348,100.0,77.41,0.321,0.5752,Improving,0.0,0.7399999999999949,2.719999999999999,0.0,0.007455168245013045,0.02796052631578946,526,3599,7,71404,3,1956,0,1060,0,583,19.0,1.0,11.0,210.0,14.0,64.0,6337.0,-1736.0,-13113.0,0.0,2.0,0.0,0.0,0.0,0.0,0.03747534516765286,0.0019047619047619048,0.021359223300970873,0.06196518146946002,0.003905160390516039,0.018104667609618104,0.0973919190987751,-0.023735302160240633,-0.15515221789699113,0.0,0.4,0.0,0.0,0.0,0.0,0,0,0,3,0.0,0.0,0.0,0.0,0.0,,,2.0,0.0,1.0,0.0,0.0,4.0,24.835,2.0,0.0,1.0,0.0,0.0,4.0,24.835,0,0,0,0,CT017532,1,6210469.34,18631408.02,Three-year,True,107.0,988.0,0,0,0
C14173,2025-01-13,0,Healthcare,North America,Mid-Market,1945,Referral,23,0.06297056810403832,61.51,65.31,-0.0785,0.7317,Stable,-0.38000000000000256,-1.2100000000000009,-2.1600000000000037,-0.006139925674583981,-0.019292091836734707,-0.033924925396576155,232,1571,6,27373,3,783,394,394,0,0,232.0,232.0,232.0,1571.0,1571.0,1571.0,27373.0,27373.0,27373.0,6.0,6.0,6.0,3.0,3.0,3.0,,,,,,,,,,,,,,,,0,0,0,3,0.0,0.0,0.0,0.0,0.0,,,0.0,0.0,0.0,0.0,0.0,,,0.0,0.0,0.0,0.0,0.0,,,0,0,0,0,CT014173,1,2203529.09,2203529.09,Annual,True,23.0,342.0,0,0,0
C04455,2025-05-12,0,Education,North America,SMB,247,Inbound,29,0.07939767282683094,99.86,80.9,0.2723,0.4587,Improving,-0.060000000000002274,-0.14000000000000057,0.5,-0.0006004803843074687,-0.0014000000000000056,0.005032206119162641,88,767,7,16298,4,330,151,176,0,110,88.0,88.0,88.0,767.0,767.0,767.0,16298.0,16298.0,16298.0,7.0,7.0,7.0,4.0,4.0,4.0,,,,,,,,,,,,,,,,0,0,0,4,1.0,0.0,0.0,0.0,0.0,4.0,31.59,1.0,0.0,0.0,0.0,0.0,4.0,31.59,1.0,0.0,0.0,0.0,0.0,4.0,31.59,0,0,0,0,CT004455,1,200000.0,200000.0,Annual,True,29.0,336.0,0,0,0
C05152,2024-07-29,0,Technology,APAC,SMB,19,Partner,45,0.12320328542094455,74.8,74.17,0.0345,0.9776,Stable,2.039999999999992,2.1799999999999926,3.819999999999993,0.028037383177569982,0.030019278435692544,0.05381797689489987,2,13,7,246,1,13,0,0,0,0,0.0,2.0,2.0,3.0,13.0,13.0,89.0,246.0,246.0,1.0,7.0,7.0,0.0,1.0,1.0,0.0,,,0.3,,,0.5668789808917197,,,0.16666666666666666,,,0.0,,,0,0,0,1,0.0,0.0,0.0,0.0,0.0,,,0.0,0.0,0.0,0.0,0.0,,,0.0,0.0,0.0,0.0,0.0,,,0,0,0,0,CT005152,1,701370.34,701370.34,Annual,True,45.0,320.0,0,0,0
C11487,2025-03-31,0,Manufacturing,Europe,Enterprise,2428,Direct Sales,18,0.049281314168377825,64.21,63.92,-0.0053,0.6195,Stable,-0.5400000000000063,-0.8500000000000085,-1.220000000000013,-0.008339768339768436,-0.013064863203197179,-0.01864588109429945,353,2087,7,41237,3,1111,552,0,424,0,353.0,353.0,353.0,2087.0,2087.0,2087.0,41237.0,41237.0,41237.0,7.0,7.0,7.0,3.0,3.0,3.0,,,,,,,,,,,,,,,,0,0,0,3,0.0,0.0,0.0,0.0,0.0,,,0.0,0.0,0.0,0.0,0.0,,,0.0,0.0,0.0,0.0,0.0,,,0,0,0,0,CT011487,1,14098672.58,42296017.74,Three-year,True,18.0,1077.0,0,0,0
C16215,2024-12-30,0,Manufacturing,North America,Mid-Market,684,Partner,211,0.5776865160848734,93.77,90.75,-0.0252,0.5991,Stable,1.3100000000000023,2.280000000000001,3.339999999999989,0.014168288989833466,0.02492075636681606,0.03693464558221817,327,1934,7,39612,3,1146,0,0,445,343,4.0,23.0,19.0,22.0,57.0,29.0,6664.0,1394.0,4136.0,0.0,0.0,2.0,0.0,0.0,0.0,0.01238390092879257,0.0756578947368421,0.06168831168831169,0.011506276150627616,0.030367607884922748,0.015223097112860892,0.20225810367852373,0.03647495944319431,0.11658586086368249,0.0,0.0,0.4,0.0,0.0,0.0,0,0,0,3,2.0,0.0,0.0,0.0,1.0,3.5,25.4,3.0,1.0,1.0,0.0,2.0,3.6666666666666665,22.863333333333333,3.0,1.0,1.0,0.0,2.0,3.6666666666666665,22.863333333333333,0,0,0,0,CT016215,1,10000000.0,30000000.0,Three-year,True,211.0,884.0,0,0,0
C07841,2024-09-02,0,Logistics,Europe,Enterprise,3338,Inbound,152,0.4161533196440794,51.7,75.11,-0.3303,0.6248,Declining,-0.0799999999999983,-3.1699999999999946,-4.519999999999996,-0.001544998068752381,-0.05777291780572252,-0.08039843472073988,221,1010,6,16985,2,649,0,361,0,0,-28.0,-59.0,-83.0,-227.0,-335.0,-530.0,-4293.0,-7415.0,-13910.0,-1.0,-1.0,0.0,0.0,0.0,0.0,-0.11244979919678715,-0.21071428571428572,-0.2730263157894737,-0.18350848827809216,-0.24907063197026022,-0.34415584415584416,-0.20175768399285648,-0.3038934426229508,-0.45023466580352806,-0.14285714285714285,-0.14285714285714285,0.0,0.0,0.0,0.0,1,1,0,2,4.0,2.0,2.0,2.0,1.0,3.3333333333333335,12.188333333333333,6.0,2.0,2.0,2.0,1.0,3.6,20.473000000000003,7.0,2.0,3.0,2.0,1.0,3.5,23.13416666666667,1,1,0,0,CT007841,1,11943449.92,11943449.92,Annual,True,152.0,213.0,0,0,0
C09735,2024-10-07,0,Retail,APAC,SMB,143,Direct Sales,231,0.6324435318275154,72.97,73.66,-0.0106,0.5096,Stable,0.5,-0.6500000000000057,-1.3299999999999983,0.006899406651028011,-0.008829122521054137,-0.017900403768506035,15,62,7,1027,2,48,0,0,14,0,0.0,0.0,0.0,-30.0,-21.0,1.0,-425.0,-559.0,-8.0,1.0,0.0,3.0,0.0,0.0,0.0,0.0,0.0,0.0,-0.32608695652173914,-0.25301204819277107,0.01639344262295082,-0.2926997245179063,-0.3524590163934426,-0.007729468599033816,0.16666666666666666,0.0,0.75,0.0,0.0,0.0,1,0,0,2,0.0,0.0,0.0,0.0,0.0,,,0.0,0.0,0.0,0.0,0.0,,,0.0,0.0,0.0,0.0,0.0,,,0,0,0,0,CT009735,1,269479.48,269479.48,Annual,False,231.0,134.0,0,0,1
C06155,2025-09-15,0,Telecommunications,Middle East,SMB,131,Enterprise Sales,31,0.08487337440109514,92.92,92.63,0.0369,1.1383,Stable,-0.8400000000000034,0.20000000000000284,-4.789999999999992,-0.008959044368600719,0.002157031924072507,-0.04902261795107965,55,352,6,6656,3,200,0,0,78,74,55.0,55.0,55.0,352.0,352.0,352.0,6656.0,6656.0,6656.0,6.0,6.0,6.0,3.0,3.0,3.0,,,,,,,,,,,,,,,,0,0,0,3,1.0,0.0,0.0,0.0,0.0,3.0,48.51,1.0,0.0,0.0,0.0,0.0,3.0,48.51,1.0,0.0,0.0,0.0,0.0,3.0,48.51,0,0,1,1,CT006155,1,788974.58,788974.58,Annual,True,31.0,334.0,0,0,0
C12036,2025-06-16,0,Financial Services,Middle East,Enterprise,6105,Partner,299,0.8186173853524983,90.63,90.89,-0.0301,0.7236,Stable,-1.5799999999999983,-0.8000000000000114,-2.180000000000007,-0.017134800997722573,-0.008749863283386321,-0.023488848184462955,1732,15182,7,283311,4,6329,3135,3321,2397,0,-123.0,-245.0,-305.0,-839.0,-2125.0,-3002.0,-49399.0,-53260.0,-44576.0,0.0,0.0,2.0,0.0,0.0,0.0,-0.06630727762803235,-0.12392513909964593,-0.14972999509081983,-0.05236876599463205,-0.12278268908534119,-0.16509018917729873,-0.14847464759099516,-0.15824298587816538,-0.13594927520761727,0.0,0.0,0.4,0.0,0.0,0.0,0,0,0,4,0.0,0.0,0.0,0.0,0.0,,,0.0,0.0,0.0,0.0,0.0,,,2.0,0.0,0.0,0.0,1.0,4.5,58.32,0,0,0,1,CT012036,1,16619394.95,33238789.9,Two-year,True,299.0,431.0,0,0,0
C14534,2024-07-08,1,Manufacturing,Europe,SMB,90,Enterprise Sales,164,0.4490075290896646,73.63,98.25,-0.3066,0.82,Declining,0.39000000000000057,-1.8800000000000097,-5.390000000000001,0.005324959038776633,-0.024897364587471986,-0.06821057960010125,17,74,7,1319,2,61,0,0,0,13,0.0,-2.0,-2.0,-5.0,-11.0,6.0,-77.0,-293.0,134.0,1.0,1.0,1.0,0.0,0.0,0.0,0.0,-0.10526315789473684,-0.10526315789473684,-0.06329113924050633,-0.12941176470588237,0.08823529411764706,-0.05515759312320917,-0.18176178660049627,0.11308016877637131,0.16666666666666666,0.16666666666666666,0.16666666666666666,0.0,0.0,0.0,0,0,0,2,0.0,0.0,0.0,0.0,0.0,,,0.0,0.0,0.0,0.0,0.0,,,0.0,0.0,0.0,0.0,0.0,,,0,0,0,0,CT014534,1,649705.17,649705.17,Annual,True,164.0,201.0,0,0,0
C04137,2024-09-30,0,Financial Services,North America,SMB,76,Enterprise Sales,128,0.35044490075290896,79.42,88.83,-0.1123,0.4904,Stable,1.5,0.9300000000000068,0.18999999999999773,0.019250513347022588,0.011848643139253497,0.0023980815347721535,19,60,5,1205,1,60,0,0,0,0,-1.0,-1.0,-1.0,-11.0,13.0,8.0,61.0,356.0,15.0,0.0,2.0,2.0,0.0,0.0,0.0,-0.05,-0.05,-0.05,-0.15492957746478872,0.2765957446808511,0.15384615384615385,0.05332167832167832,0.4193168433451119,0.012605042016806723,0.0,0.6666666666666666,0.6666666666666666,0.0,0.0,0.0,0,0,0,1,0.0,0.0,0.0,0.0,0.0,,,2.0,0.0,0.0,0.0,0.0,5.0,31.319999999999997,4.0,0.0,0.0,0.0,1.0,4.75,23.005,0,0,0,0,CT004137,1,882373.13,2647119.39,Three-year,True,128.0,967.0,0,0,0
C14934,2025-07-21,0,Manufacturing,North America,SMB,70,Inbound,201,0.5503080082135524,37.4,73.38,-0.257,0.8533,Declining,-1.1600000000000037,-2.710000000000001,-6.690000000000005,-0.030082987551867314,-0.06756419845425084,-0.15173508732138816,3,7,5,134,2,3,4,0,0,0,0.0,0.0,-1.0,-23.0,-14.0,-15.0,-508.0,-341.0,-218.0,-2.0,-1.0,-1.0,-1.0,-1.0,-1.0,0.0,0.0,-0.25,-0.7666666666666667,-0.6666666666666666,-0.6818181818181818,-0.7912772585669782,-0.7178947368421053,-0.6193181818181818,-0.2857142857142857,-0.16666666666666666,-0.16666666666666666,-0.3333333333333333,-0.3333333333333333,-0.3333333333333333,1,1,1,3,0.0,0.0,0.0,0.0,0.0,,,0.0,0.0,0.0,0.0,0.0,,,0.0,0.0,0.0,0.0,0.0,,,0,0,0,0,CT014934,1,375886.82,375886.82,Annual,True,201.0,164.0,0,0,1
C14456,2024-12-02,0,Government,Europe,SMB,111,Direct Sales,40,0.10951403148528405,84.32,93.1,0.0068,0.5566,Stable,-0.030000000000001137,-0.1700000000000017,-2.25,-0.0003556609365738131,-0.002012072434607666,-0.025990527896499943,19,117,4,2378,3,53,0,44,0,20,-1.0,19.0,19.0,-9.0,117.0,117.0,-206.0,2378.0,2378.0,-3.0,4.0,4.0,0.0,3.0,3.0,-0.05,,,-0.07142857142857142,,,-0.07972136222910217,,,-0.42857142857142855,,,0.0,,,0,0,0,3,1.0,0.0,0.0,0.0,0.0,5.0,39.66,1.0,0.0,0.0,0.0,0.0,5.0,39.66,1.0,0.0,0.0,0.0,0.0,5.0,39.66,0,0,0,0,CT014456,1,206859.19,206859.19,Annual,True,40.0,325.0,0,0,0
C13540,2025-02-17,0,Retail,Europe,Enterprise,2001,Referral,238,0.6516084873374401,100.0,85.18,0.3021,0.5823,Improving,0.0,0.7600000000000051,0.480000000000004,0.0,0.007658202337767081,0.0048231511254019695,687,5222,6,102553,3,2586,1332,1304,0,0,-41.0,10.0,22.0,-326.0,30.0,224.0,-20962.0,-12759.0,13127.0,-1.0,-1.0,0.0,0.0,0.0,0.0,-0.05631868131868132,0.014771048744460856,0.03308270676691729,-0.058759913482335974,0.005778120184899846,0.04481792717086835,-0.16971218070679675,-0.11064763424448452,0.1467917607854539,-0.14285714285714285,-0.14285714285714285,0.0,0.0,0.0,0.0,1,0,0,3,0.0,0.0,0.0,0.0,0.0,,,1.0,0.0,1.0,1.0,0.0,4.0,3.37,1.0,0.0,1.0,1.0,0.0,4.0,3.37,0,0,0,0,CT013540,1,27085881.35,81257644.05,Three-year,True,238.0,857.0,0,0,0
C10641,2024-10-14,0,Education,North America,Mid-Market,1503,Referral,85,0.2327173169062286,64.09,77.48,0.012,0.7497,Stable,-0.060000000000002274,-1.4299999999999926,-2.25,-0.0009353078721746262,-0.021825396825396713,-0.03391618932770576,162,1086,7,18559,3,572,280,0,234,0,-5.0,-11.0,162.0,52.0,100.0,1086.0,-3305.0,1118.0,18559.0,0.0,0.0,7.0,0.0,0.0,3.0,-0.029940119760479042,-0.06358381502890173,,0.05029013539651837,0.10141987829614604,,-0.15116172703988293,0.06410182902356516,,0.0,0.0,,0.0,0.0,,1,0,0,3,2.0,0.0,0.0,0.0,1.0,4.0,29.45,4.0,0.0,1.0,0.0,2.0,4.25,28.487499999999997,8.0,1.0,1.0,0.0,5.0,4.214285714285714,26.19214285714286,1,0,0,0,CT010641,1,1027705.96,2055411.92,Two-year,True,85.0,645.0,0,0,0
C09017,2025-05-26,0,Government,North America,Mid-Market,1722,Referral,79,0.216290212183436,57.43,70.95,-0.0616,1.0033,Stable,1.1099999999999994,1.9200000000000017,0.8200000000000003,0.01970880681818181,0.03458836245721495,0.014485073308602726,190,1350,7,27486,4,610,305,0,239,196,-13.0,-11.0,190.0,-48.0,18.0,1350.0,-305.0,4652.0,27486.0,0.0,2.0,7.0,0.0,0.0,4.0,-0.06403940886699508,-0.05472636815920398,,-0.034334763948497854,0.013513513513513514,,-0.010974776006620848,0.20373127791889287,,0.0,0.4,,0.0,0.0,,0,0,0,4,3.0,0.0,0.0,0.0,0.0,3.6666666666666665,78.64,4.0,0.0,0.0,0.0,0.0,3.5,63.3425,6.0,0.0,0.0,0.0,0.0,3.6,81.11,0,0,0,1,CT009017,1,1882388.72,1882388.72,Annual,True,79.0,286.0,0,0,0
C19260,2025-07-21,0,Retail,North America,SMB,80,Inbound,308,0.8432580424366872,99.11,79.43,0.2339,1.1115,Improving,4.689999999999998,5.200000000000003,4.359999999999999,0.049671679728870974,0.05537216483867536,0.04601583113456464,20,137,7,2498,3,74,29,0,34,0,-1.0,0.0,0.0,-4.0,10.0,-4.0,-443.0,35.0,-38.0,2.0,1.0,1.0,0.0,0.0,0.0,-0.047619047619047616,0.0,0.0,-0.028368794326241134,0.07874015748031496,-0.028368794326241134,-0.15062903774226455,0.014210312626877792,-0.01498422712933754,0.4,0.16666666666666666,0.16666666666666666,0.0,0.0,0.0,1,0,0,3,0.0,0.0,0.0,0.0,0.0,,,0.0,0.0,0.0,0.0,0.0,,,0.0,0.0,0.0,0.0,0.0,,,0,0,0,0,CT019260,1,237750.03,475500.06,Two-year,False,308.0,422.0,0,0,0
C02150,2024-06-24,0,Education,North America,SMB,194,Enterprise Sales,50,0.13689253935660506,83.6,76.27,0.0087,0.4591,Stable,0.37999999999999545,1.4299999999999926,2.049999999999997,0.0045662100456620456,0.0174029451137884,0.025137952176578753,35,191,6,3511,2,125,66,0,0,0,0.0,35.0,35.0,-14.0,191.0,191.0,-60.0,3511.0,3511.0,-1.0,6.0,6.0,0.0,2.0,2.0,0.0,,,-0.06829268292682927,,,-0.016802016241949033,,,-0.14285714285714285,,,0.0,,,0,0,0,2,0.0,0.0,0.0,0.0,0.0,,,0.0,0.0,0.0,0.0,0.0,,,0.0,0.0,0.0,0.0,0.0,,,0,0,0,0,CT002150,1,552216.14,552216.14,Annual,False,50.0,315.0,0,0,0
C16414,2025-09-29,0,Healthcare,North America,Enterprise,4004,Direct Sales,239,0.6543463381245722,56.95,72.61,-0.0036,0.7715,Stable,-0.8599999999999994,0.8700000000000045,-0.12999999999999545,-0.014876318975955706,0.01551355206847369,-0.00227750525578128,624,4283,6,74064,4,1953,992,0,816,522,23.0,26.0,55.0,102.0,193.0,441.0,3112.0,-2238.0,349.0,0.0,-1.0,-1.0,0.0,0.0,0.0,0.03826955074875208,0.043478260869565216,0.09666080843585237,0.024396077493422628,0.04718826405867971,0.11478396668401875,0.0438606381779231,-0.029330817016591963,0.00473445024757512,0.0,-0.14285714285714285,-0.14285714285714285,0.0,0.0,0.0,0,0,0,4,4.0,1.0,1.0,0.0,1.0,3.8333333333333335,25.426666666666677,5.0,1.0,2.0,0.0,1.0,3.625,36.602500000000006,8.0,1.0,2.0,0.0,1.0,3.5833333333333335,46.77666666666667,1,0,0,0,CT016414,1,28049120.01,84147360.03,Three-year,False,239.0,856.0,0,0,0
C11268,2024-12-23,1,Logistics,Middle East,Mid-Market,1795,Referral,114,0.31211498973305957,30.84,58.86,-0.2689,0.4564,Declining,0.3099999999999987,-1.2500000000000036,-2.5000000000000036,0.010153946937438542,-0.03895294484263021,-0.07498500299940022,76,313,5,6016,2,207,106,0,0,0,2.0,-1.0,1.0,36.0,-55.0,12.0,101.0,-1144.0,645.0,-1.0,0.0,-2.0,0.0,0.0,0.0,0.02702702702702703,-0.012987012987012988,0.013333333333333334,0.1299638989169675,-0.14945652173913043,0.03986710963455149,0.017075232459847843,-0.15977653631284916,0.12008936883261963,-0.16666666666666666,0.0,-0.2857142857142857,0.0,0.0,0.0,0,0,0,2,1.0,0.0,0.0,0.0,0.0,3.0,113.04,3.0,0.0,0.0,0.0,1.0,3.3333333333333335,53.55666666666667,5.0,0.0,0.0,0.0,1.0,3.4,60.85,0,0,0,1,CT011268,1,2267077.21,2267077.21,Annual,True,114.0,251.0,0,0,0
C09773,2025-06-23,0,Manufacturing,APAC,Mid-Market,1522,Partner,254,0.6954140999315537,76.94,70.26,0.0048,0.4026,Stable,0.009999999999990905,0.789999999999992,0.0799999999999983,0.000129988301052787,0.010374261326329508,0.0010408534998698712,303,1388,5,29423,2,1071,0,0,0,317,2.0,9.0,3.0,65.0,98.0,-26.0,2271.0,4441.0,1473.0,-1.0,0.0,-1.0,0.0,0.0,0.0,0.006644518272425249,0.030612244897959183,0.01,0.0491307634164777,0.07596899224806201,-0.018387553041018388,0.08364024749558044,0.17776799295492754,0.052701252236135955,-0.16666666666666666,0.0,-0.16666666666666666,0.0,0.0,0.0,0,0,0,2,0.0,0.0,0.0,0.0,0.0,,,0.0,0.0,0.0,0.0,0.0,,,0.0,0.0,0.0,0.0,0.0,,,0,0,0,0,CT009773,1,2608594.87,2608594.87,Annual,True,254.0,111.0,0,0,1
C09149,2024-04-15,0,Education,North America,SMB,195,Enterprise Sales,75,0.2053388090349076,68.52,75.81,-0.0315,0.9176,Stable,-0.10000000000000853,-1.740000000000009,-5.240000000000009,-0.0014573010784029222,-0.02476515798462865,-0.07104121475054241,23,55,4,920,1,55,0,0,0,0,-1.0,-4.0,23.0,-17.0,-44.0,55.0,-375.0,-1149.0,920.0,-3.0,-1.0,4.0,0.0,0.0,1.0,-0.041666666666666664,-0.14814814814814814,,-0.2361111111111111,-0.4444444444444444,,-0.28957528957528955,-0.555340744320928,,-0.42857142857142855,-0.2,,0.0,0.0,,1,0,0,1,0.0,0.0,0.0,0.0,0.0,,,0.0,0.0,0.0,0.0,0.0,,,1.0,0.0,0.0,0.0,0.0,4.0,38.72,0,0,0,0,CT009149,1,269964.9,269964.9,Annual,True,75.0,290.0,0,0,0
C08361,2025-03-24,0,Technology,APAC,SMB,217,Referral,117,0.3203285420944558,85.87,66.76,0.2576,0.7321,Improving,0.9300000000000068,1.480000000000004,0.7199999999999989,0.010948905109489131,0.017537622941106813,0.008455666470933633,29,97,5,1708,1,97,0,0,0,0,0.0,2.0,2.0,-33.0,16.0,-23.0,-1221.0,204.0,-468.0,0.0,-1.0,2.0,0.0,0.0,0.0,0.0,0.07407407407407407,0.07407407407407407,-0.25384615384615383,0.19753086419753085,-0.19166666666666668,-0.4168658245134858,0.1356382978723404,-0.21507352941176472,0.0,-0.16666666666666666,0.6666666666666666,0.0,0.0,0.0,1,0,0,1,1.0,0.0,0.0,0.0,0.0,5.0,18.4,2.0,0.0,0.0,0.0,0.0,4.5,73.285,2.0,0.0,0.0,0.0,0.0,4.5,73.285,0,0,0,1,CT008361,1,209007.61,209007.61,Annual,True,117.0,248.0,0,0,0
C02323,2024-04-15,0,Manufacturing,North America,SMB,25,Direct Sales,33,0.09034907597535935,67.83,86.4,-0.2233,0.7613,Declining,-2.6099999999999994,-2.5799999999999983,-2.219999999999999,-0.037052810902896076,-0.036642522368981655,-0.03169164882226979,5,35,5,606,2,24,11,0,0,0,5.0,5.0,5.0,35.0,35.0,35.0,606.0,606.0,606.0,5.0,5.0,5.0,2.0,2.0,2.0,,,,,,,,,,,,,,,,0,0,0,2,0.0,0.0,0.0,0.0,0.0,,,0.0,0.0,0.0,0.0,0.0,,,0.0,0.0,0.0,0.0,0.0,,,0,0,0,0,CT002323,1,395915.69,395915.69,Annual,True,33.0,332.0,0,0,0
C01309,2025-08-18,1,Telecommunications,North America,SMB,243,Partner,150,0.4106776180698152,56.06,47.22,-0.0013,0.8084,Stable,-0.5700000000000003,-0.21999999999999886,-0.10999999999999943,-0.010065336394137387,-0.0039090262970859786,-0.0019583407512907144,13,52,6,892,1,52,0,0,0,0,-1.0,-2.0,-3.0,24.0,5.0,6.0,372.0,90.0,124.0,2.0,3.0,2.0,0.0,0.0,0.0,-0.07142857142857142,-0.13333333333333333,-0.1875,0.8571428571428571,0.10638297872340426,0.13043478260869565,0.7153846153846154,0.11221945137157108,0.16145833333333334,0.5,1.0,0.5,0.0,0.0,0.0,0,0,0,1,0.0,0.0,0.0,0.0,0.0,,,0.0,0.0,0.0,0.0,0.0,,,0.0,0.0,0.0,0.0,0.0,,,0,0,0,0,CT001309,1,483588.98,483588.98,Annual,True,150.0,215.0,0,0,0
C01927,2025-04-07,0,Technology,Europe,SMB,103,Referral,136,0.3723477070499658,99.18,69.17,0.1488,1.0741,Improving,3.3200000000000074,4.1000000000000085,4.970000000000013,0.03463384101815155,0.04312158182583097,0.05275448466192563,25,91,5,1484,1,91,0,0,0,0,1.0,0.0,4.0,-21.0,6.0,-19.0,-354.0,-392.0,-686.0,-1.0,2.0,-1.0,0.0,0.0,0.0,0.041666666666666664,0.0,0.19047619047619047,-0.1875,0.07058823529411765,-0.17272727272727273,-0.1926006528835691,-0.208955223880597,-0.3161290322580645,-0.16666666666666666,0.6666666666666666,-0.16666666666666666,0.0,0.0,0.0,1,1,0,1,0.0,0.0,0.0,0.0,0.0,,,3.0,0.0,0.0,0.0,1.0,4.5,38.0875,3.0,0.0,0.0,0.0,1.0,4.5,38.0875,0,0,0,0,CT001927,1,274094.44,274094.44,Annual,False,136.0,229.0,0,0,0
C07951,2025-07-07,0,Retail,Europe,Mid-Market,1157,Direct Sales,75,0.2053388090349076,24.56,60.72,-0.3453,0.934,Declining,-1.6900000000000013,-0.990000000000002,-2.2300000000000004,-0.06438095238095243,-0.038747553816047046,-0.0832400149309444,43,193,5,3850,2,124,69,0,0,0,3.0,0.0,43.0,-6.0,-7.0,193.0,-136.0,330.0,3850.0,-2.0,0.0,5.0,0.0,0.0,2.0,0.075,0.0,,-0.03015075376884422,-0.035,,-0.03411941796287005,0.09375,,-0.2857142857142857,0.0,,0.0,0.0,,0,0,0,2,3.0,2.0,0.0,0.0,2.0,3.3333333333333335,14.466666666666667,6.0,2.0,0.0,0.0,2.0,3.4444444444444446,36.148888888888884,7.0,2.0,0.0,0.0,2.0,3.5833333333333335,30.721666666666664,1,1,0,0,CT007951,1,1159843.58,1159843.58,Annual,False,75.0,290.0,0,0,0
C02057,2024-08-12,0,Healthcare,Europe,Enterprise,2660,Enterprise Sales,22,0.06023271731690623,50.7,70.07,-0.22,0.6078,Declining,0.09000000000000341,-1.8399999999999963,0.8800000000000026,0.0017783046828690656,-0.03502093642938706,0.017663588920112456,124,556,5,10322,2,332,0,224,0,0,124.0,124.0,124.0,556.0,556.0,556.0,10322.0,10322.0,10322.0,5.0,5.0,5.0,2.0,2.0,2.0,,,,,,,,,,,,,,,,0,0,0,2,1.0,0.0,0.0,0.0,0.0,4.0,17.48,1.0,0.0,0.0,0.0,0.0,4.0,17.48,1.0,0.0,0.0,0.0,0.0,4.0,17.48,0,0,0,0,CT002057,1,7500000.0,7500000.0,Annual,True,22.0,343.0,0,0,0
C16589,2025-04-21,0,Healthcare,APAC,Mid-Market,1825,Direct Sales,122,0.33401779603011633,75.35,79.05,0.011,0.5081,Stable,0.4099999999999966,1.4599999999999937,0.9499999999999886,0.005471043501467795,0.019759101366896653,0.012768817204300922,315,1400,5,23926,2,1095,0,0,0,305,-7.0,-4.0,-19.0,-35.0,-12.0,-14.0,-5600.0,-4639.0,-5571.0,-1.0,-2.0,-1.0,0.0,0.0,0.0,-0.021739130434782608,-0.012539184952978056,-0.05688622754491018,-0.024390243902439025,-0.0084985835694051,-0.009900990099009901,-0.1896633475580844,-0.16240154034657797,-0.1888666644065498,-0.16666666666666666,-0.2857142857142857,-0.16666666666666666,0.0,0.0,0.0,1,0,0,2,0.0,0.0,0.0,0.0,0.0,,,0.0,0.0,0.0,0.0,0.0,,,1.0,0.0,1.0,0.0,1.0,4.0,20.48,0,0,0,0,CT016589,1,1772214.59,1772214.59,Annual,False,122.0,243.0,0,0,0
C00032,2024-12-30,0,Professional Services,Middle East,Enterprise,12764,Direct Sales,61,0.16700889801505817,64.5,70.94,-0.0436,0.7506,Stable,-1.2399999999999949,0.09000000000000341,1.2999999999999972,-0.01886218436264063,0.0013972985561248783,0.02056962025316451,1482,4755,5,83414,1,4755,0,0,0,0,116.0,1482.0,1482.0,275.0,4755.0,4755.0,-6333.0,83414.0,83414.0,-1.0,5.0,5.0,0.0,1.0,1.0,0.0849194729136164,,,0.06138392857142857,,,-0.07056503281446734,,,-0.16666666666666666,,,0.0,,,0,0,0,1,0.0,0.0,0.0,0.0,0.0,,,0.0,0.0,0.0,0.0,0.0,,,0.0,0.0,0.0,0.0,0.0,,,0,0,0,0,CT000032,1,14919324.25,29838648.5,Two-year,True,61.0,669.0,0,0,0
C04535,2025-03-17,0,Telecommunications,Latin America,SMB,233,Partner,147,0.4024640657084189,45.27,74.92,-0.3115,0.4401,Declining,-1.1299999999999955,-1.3999999999999986,-2.5,-0.024353448275861972,-0.029997857295907402,-0.052334100900146535,18,79,6,1604,1,79,0,0,0,0,-2.0,0.0,-1.0,15.0,22.0,18.0,525.0,560.0,422.0,1.0,1.0,1.0,0.0,0.0,0.0,-0.1,0.0,-0.05263157894736842,0.234375,0.38596491228070173,0.29508196721311475,0.4865616311399444,0.5363984674329502,0.3570219966159052,0.2,0.2,0.2,0.0,0.0,0.0,0,0,0,1,1.0,0.0,1.0,0.0,0.0,3.0,22.69,4.0,0.0,1.0,0.0,0.0,4.0,38.2175,5.0,0.0,1.0,0.0,1.0,3.8,31.613999999999997,0,0,0,0,CT004535,1,516599.01,516599.01,Annual,True,147.0,218.0,0,0,0
C13805,2024-12-30,0,Healthcare,APAC,Mid-Market,776,Direct Sales,44,0.12046543463381246,64.76,82.04,-0.0384,0.8592,Stable,2.180000000000007,1.960000000000008,0.0799999999999983,0.03483541067433696,0.031210191082802676,0.001236858379715496,75,313,4,5920,2,240,0,0,73,0,1.0,75.0,75.0,-6.0,313.0,313.0,789.0,5920.0,5920.0,-1.0,4.0,4.0,0.0,2.0,2.0,0.013513513513513514,,,-0.018808777429467086,,,0.1537711946988891,,,-0.2,,,0.0,,,0,0,0,2,2.0,0.0,1.0,1.0,0.0,4.0,12.219999999999999,3.0,0.0,1.0,1.0,1.0,4.5,26.169999999999998,3.0,0.0,1.0,1.0,1.0,4.5,26.169999999999998,0,0,0,0,CT013805,1,1412103.82,1412103.82,Annual,True,44.0,321.0,0,0,0
C10553,2025-09-15,0,Technology,North America,Enterprise,2037,Referral,77,0.2108145106091718,49.96,77.76,-0.2052,0.6879,Declining,-1.5799999999999983,-3.6300000000000026,-6.729999999999997,-0.03065580131936357,-0.06773651800709092,-0.11871582289645435,168,1014,4,18268,3,523,0,302,189,0,-9.0,-43.0,168.0,-48.0,-246.0,1014.0,14.0,-6489.0,18268.0,-1.0,-2.0,4.0,0.0,0.0,3.0,-0.05084745762711865,-0.2037914691943128,,-0.04519774011299435,-0.19523809523809524,,0.0007669551879040211,-0.2621076867148685,,-0.2,-0.3333333333333333,,0.0,0.0,,0,0,0,3,0.0,0.0,0.0,0.0,0.0,,,2.0,0.0,0.0,0.0,0.0,4.0,66.345,2.0,0.0,0.0,0.0,0.0,4.0,66.345,0,0,0,1,CT010553,1,16079135.16,48237405.48,Three-year,False,77.0,1018.0,0,0,0
C04490,2024-07-08,0,Education,Europe,SMB,193,Direct Sales,81,0.22176591375770022,70.39,71.8,0.0179,0.6453,Stable,0.29999999999999716,-1.1400000000000006,-0.45999999999999375,0.004280211157083709,-0.01593736893611073,-0.006492589978828423,39,249,6,5474,3,105,66,78,0,0,-2.0,-5.0,39.0,-54.0,-78.0,249.0,-541.0,-747.0,5474.0,-1.0,0.0,6.0,0.0,0.0,3.0,-0.04878048780487805,-0.11363636363636363,,-0.1782178217821782,-0.23853211009174313,,-0.08994181213632585,-0.12007715801318115,,-0.14285714285714285,0.0,,0.0,0.0,,0,0,0,3,0.0,0.0,0.0,0.0,0.0,,,0.0,0.0,0.0,0.0,0.0,,,0.0,0.0,0.0,0.0,0.0,,,0,0,0,0,CT004490,1,310457.53,310457.53,Annual,False,81.0,284.0,0,0,0
C19763,2024-10-21,0,Technology,North America,Mid-Market,1100,Enterprise Sales,221,0.6050650239561944,56.01,66.44,-0.0729,1.1377,Stable,0.7399999999999949,0.29999999999999716,-0.28000000000000114,0.01338881852722987,0.005385029617662846,-0.004974240540060422,112,647,6,11036,3,344,190,0,113,0,-10.0,-14.0,-24.0,-68.0,-155.0,-158.0,-2675.0,-3482.0,-3850.0,0.0,-1.0,-1.0,0.0,0.0,0.0,-0.08196721311475409,-0.1111111111111111,-0.17647058823529413,-0.0951048951048951,-0.19326683291770574,-0.19627329192546583,-0.1950988257603384,-0.23984019837443174,-0.2586322719333602,0.0,-0.14285714285714285,-0.14285714285714285,0.0,0.0,0.0,1,0,0,3,3.0,0.0,0.0,0.0,0.0,3.75,57.0575,3.0,0.0,0.0,0.0,0.0,3.75,57.0575,3.0,0.0,0.0,0.0,0.0,3.75,57.0575,0,0,0,1,CT019763,1,3913595.35,7827190.7,Two-year,True,221.0,509.0,0,0,0
C11723,2025-09-08,0,Telecommunications,North America,Mid-Market,516,Referral,16,0.04380561259411362,75.05,68.62,0.0097,0.5593,Stable,-0.6800000000000068,-0.4000000000000057,-0.5900000000000034,-0.008979268453717243,-0.005301524188204184,-0.007800105764146,101,701,7,14201,3,347,173,181,0,0,101.0,101.0,101.0,701.0,701.0,701.0,14201.0,14201.0,14201.0,7.0,7.0,7.0,3.0,3.0,3.0,,,,,,,,,,,,,,,,0,0,0,3,0.0,0.0,0.0,0.0,0.0,,,0.0,0.0,0.0,0.0,0.0,,,0.0,0.0,0.0,0.0,0.0,,,0,0,0,0,CT011723,1,2585996.78,5171993.56,Two-year,False,16.0,714.0,0,0,0
C15732,2024-06-03,0,Retail,North America,SMB,243,Referral,122,0.33401779603011633,55.13,76.88,-0.2029,1.0171,Declining,-0.00999999999999801,-2.6999999999999957,-6.479999999999997,-0.00018135654697130958,-0.04668856994639453,-0.10517773088784284,31,129,4,2301,2,97,0,0,0,32,-1.0,-6.0,-6.0,-9.0,-17.0,-31.0,-111.0,-602.0,-1118.0,0.0,-1.0,-3.0,0.0,0.0,0.0,-0.03125,-0.16216216216216217,-0.16216216216216217,-0.06521739130434782,-0.11643835616438356,-0.19375,-0.046019900497512436,-0.20737168446434723,-0.3269961977186312,0.0,-0.2,-0.42857142857142855,0.0,0.0,0.0,0,1,0,2,0.0,0.0,0.0,0.0,0.0,,,1.0,0.0,0.0,0.0,0.0,4.0,29.28,1.0,0.0,0.0,0.0,0.0,4.0,29.28,0,0,0,0,CT015732,1,353569.35,353569.35,Annual,True,122.0,243.0,0,0,0
C11258,2025-03-17,0,Manufacturing,Europe,SMB,79,Inbound,216,0.5913757700205339,79.66,71.82,-0.01,1.1585,Stable,-3.6300000000000097,-3.6300000000000097,-3.2700000000000102,-0.043582662984752184,-0.043582662984752184,-0.039430845291209576,17,67,6,1441,1,67,0,0,0,0,-1.0,-2.0,-1.0,-17.0,-2.0,13.0,-585.0,263.0,478.0,0.0,1.0,1.0,0.0,0.0,0.0,-0.05555555555555555,-0.10526315789473684,-0.05555555555555555,-0.20238095238095238,-0.028985507246376812,0.24074074074074073,-0.288746298124383,0.2232597623089983,0.4963655244029076,0.0,0.2,0.2,0.0,0.0,0.0,1,0,0,1,0.0,0.0,0.0,0.0,0.0,,,1.0,0.0,0.0,0.0,0.0,4.0,31.77,1.0,0.0,0.0,0.0,0.0,4.0,31.77,0,0,0,0,CT011258,1,619000.62,619000.62,Annual,True,216.0,149.0,0,0,1
C01821,2024-07-22,0,Financial Services,Middle East,Enterprise,16597,Inbound,55,0.15058179329226556,39.52,53.92,-0.0895,1.081,Stable,-2.3999999999999986,0.6600000000000037,-1.1299999999999955,-0.05725190839694653,0.016984045290787536,-0.02779827798277972,663,5094,7,92718,5,1843,899,1101,750,501,-103.0,663.0,663.0,-771.0,5094.0,5094.0,-8974.0,92718.0,92718.0,0.0,7.0,7.0,0.0,5.0,5.0,-0.13446475195822455,,,-0.13145780051150896,,,-0.08824686307674154,,,0.0,,,0.0,,,0,0,0,5,1.0,0.0,0.0,0.0,0.0,4.0,29.48,1.0,0.0,0.0,0.0,0.0,4.0,29.48,1.0,0.0,0.0,0.0,0.0,4.0,29.48,0,0,0,0,CT001821,1,7500000.0,7500000.0,Annual,True,55.0,310.0,0,0,0
C15665,2025-06-16,0,Healthcare,APAC,SMB,181,Partner,280,0.7665982203969883,98.22,77.73,0.2535,0.5113,Improving,0.269999999999996,-0.5400000000000063,-0.46000000000000796,0.0027565084226645843,-0.00546780072904016,-0.00466153222537503,66,453,7,9237,3,223,0,128,102,0,2.0,4.0,-2.0,-13.0,13.0,-41.0,1944.0,1609.0,-428.0,2.0,0.0,2.0,0.0,0.0,0.0,0.03125,0.06451612903225806,-0.029411764705882353,-0.027896995708154508,0.029545454545454545,-0.08299595141700405,0.26655697243932536,0.21093340325117987,-0.04428349715468184,0.4,0.0,0.4,0.0,0.0,0.0,0,0,0,3,1.0,0.0,0.0,1.0,0.0,4.0,9.23,1.0,0.0,0.0,1.0,0.0,4.0,9.23,2.0,1.0,0.0,1.0,0.0,4.0,23.634999999999998,0,0,0,0,CT015665,1,935034.76,935034.76,Annual,True,280.0,85.0,0,1,1
C13675,2025-08-18,0,Retail,Europe,Mid-Market,1388,Direct Sales,12,0.03285420944558522,62.67,96.33,-0.2812,0.5842,Declining,-1.8299999999999983,-4.459999999999994,-5.230000000000004,-0.028372093023255787,-0.0664382541337702,-0.0770250368188513,210,1014,5,18009,3,585,0,0,246,183,210.0,210.0,210.0,1014.0,1014.0,1014.0,18009.0,18009.0,18009.0,5.0,5.0,5.0,3.0,3.0,3.0,,,,,,,,,,,,,,,,0,0,0,3,0.0,0.0,0.0,0.0,0.0,,,0.0,0.0,0.0,0.0,0.0,,,0.0,0.0,0.0,0.0,0.0,,,0,0,0,0,CT013675,1,4602073.51,4602073.51,Annual,True,12.0,353.0,0,0,0
C11617,2025-05-26,0,Healthcare,North America,SMB,214,Direct Sales,231,0.6324435318275154,97.64,85.93,0.0356,1.0022,Stable,2.6500000000000057,7.180000000000007,6.640000000000001,0.02789767343930946,0.07937209816493486,0.07296703296703297,68,315,6,6028,2,231,0,0,0,84,5.0,8.0,1.0,33.0,62.0,-23.0,757.0,1183.0,519.0,0.0,0.0,-1.0,0.0,0.0,0.0,0.07936507936507936,0.13333333333333333,0.014925373134328358,0.11702127659574468,0.2450592885375494,-0.06804733727810651,0.14361601214190856,0.24416924664602682,0.09420947540388455,0.0,0.0,-0.14285714285714285,0.0,0.0,0.0,0,0,0,2,0.0,0.0,0.0,0.0,0.0,,,0.0,0.0,0.0,0.0,0.0,,,0.0,0.0,0.0,0.0,0.0,,,0,0,0,0,CT011617,1,520932.62,520932.62,Annual,False,231.0,134.0,0,0,1
C13944,2025-07-14,0,Technology,Middle East,SMB,106,Inbound,260,0.7118412046543463,60.92,63.73,0.0217,0.6278,Stable,-1.769999999999996,-4.090000000000003,-3.9399999999999977,-0.028234168128888116,-0.0629133979387787,-0.060746222633364134,18,96,7,1966,2,68,28,0,0,0,-1.0,-2.0,-2.0,25.0,-6.0,10.0,716.0,37.0,283.0,2.0,1.0,0.0,0.0,0.0,0.0,-0.05263157894736842,-0.1,-0.1,0.352112676056338,-0.058823529411764705,0.11627906976744186,0.5728,0.01918092275790565,0.1681521093285799,0.4,0.16666666666666666,0.0,0.0,0.0,0.0,0,0,0,2,0.0,0.0,0.0,0.0,0.0,,,0.0,0.0,0.0,0.0,0.0,,,0.0,0.0,0.0,0.0,0.0,,,0,0,0,0,CT013944,1,1500000.0,3000000.0,Two-year,True,260.0,470.0,0,0,0
C12366,2024-04-15,1,Logistics,North America,Enterprise,6856,Enterprise Sales,82,0.2245037645448323,68.79,80.64,-0.3132,0.7658,Declining,-3.1400000000000006,-4.75,-6.819999999999993,-0.04365355206450716,-0.06459069893935272,-0.09019970903319657,1604,14444,7,279905,5,5432,2669,2852,2002,1489,-148.0,-326.0,1604.0,-1488.0,-3332.0,14444.0,-20314.0,-39505.0,279905.0,1.0,0.0,7.0,0.0,0.0,5.0,-0.08447488584474885,-0.1689119170984456,,-0.09339693698217424,-0.18744374437443745,,-0.0676639386581129,-0.1236811621427006,,0.16666666666666666,0.0,,0.0,0.0,,0,0,0,5,1.0,1.0,0.0,0.0,1.0,3.0,26.14,2.0,1.0,0.0,0.0,1.0,4.0,21.585,3.0,1.0,1.0,0.0,2.0,4.0,19.97,0,0,0,0,CT012366,1,27002064.09,27002064.09,Annual,True,82.0,283.0,0,0,0
C09210,2025-05-05,0,Manufacturing,APAC,Mid-Market,945,Referral,484,1.325119780971937,49.1,70.57,-0.0737,0.8097,Stable,0.020000000000003126,0.00999999999999801,-2.059999999999995,0.0004074979625102512,0.00020370747606433102,-0.04026583268178255,83,440,4,8537,3,257,0,113,0,70,-1.0,-5.0,-2.0,10.0,-52.0,-24.0,617.0,-537.0,-872.0,-3.0,-2.0,-2.0,0.0,0.0,0.0,-0.011904761904761904,-0.056818181818181816,-0.023529411764705882,0.023255813953488372,-0.10569105691056911,-0.05172413793103448,0.0779040404040404,-0.05918007493938726,-0.09267722393453078,-0.42857142857142855,-0.3333333333333333,-0.3333333333333333,0.0,0.0,0.0,0,0,0,3,2.0,0.0,0.0,0.0,0.0,4.0,33.105000000000004,2.0,0.0,0.0,0.0,0.0,4.0,33.105000000000004,3.0,0.0,0.0,0.0,0.0,4.0,34.2625,0,0,0,0,CT009210,1,2157072.39,4314144.78,Two-year,True,484.0,246.0,0,0,0
C01208,2024-12-30,0,Government,North America,SMB,156,Referral,53,0.14510609171800137,79.7,66.2,-0.0008,0.9234,Stable,-0.4399999999999977,-0.28000000000000114,0.710000000000008,-0.005490391814324903,-0.0035008752188047153,0.008988479554374073,39,133,4,1788,1,133,0,0,0,0,4.0,39.0,39.0,30.0,133.0,133.0,48.0,1788.0,1788.0,-1.0,4.0,4.0,0.0,1.0,1.0,0.11428571428571428,,,0.2912621359223301,,,0.027586206896551724,,,-0.2,,,0.0,,,0,0,0,1,0.0,0.0,0.0,0.0,0.0,,,0.0,0.0,0.0,0.0,0.0,,,0.0,0.0,0.0,0.0,0.0,,,0,0,0,0,CT001208,1,740514.21,740514.21,Annual,True,53.0,312.0,0,0,0
C08306,2024-12-02,0,Financial Services,Latin America,SMB,125,Enterprise Sales,260,0.7118412046543463,86.38,80.19,0.0546,0.4208,Stable,0.8999999999999915,0.23999999999999488,0.3499999999999943,0.010528778661675146,0.0027861620617598663,0.0040683482506101865,24,77,3,1355,1,77,0,0,0,0,2.0,2.0,1.0,5.0,2.0,-6.0,15.0,-347.0,-331.0,0.0,-3.0,-4.0,0.0,0.0,0.0,0.09090909090909091,0.09090909090909091,0.043478260869565216,0.06944444444444445,0.02666666666666667,-0.07228915662650602,0.011194029850746268,-0.20387779083431257,-0.1963226571767497,0.0,-0.5,-0.5714285714285714,0.0,0.0,0.0,0,0,0,1,0.0,0.0,0.0,0.0,0.0,,,0.0,0.0,0.0,0.0,0.0,,,0.0,0.0,0.0,0.0,0.0,,,0,0,0,0,CT008306,1,952386.98,952386.98,Annual,True,260.0,105.0,0,0,1
C09374,2024-05-13,0,Logistics,Europe,Enterprise,2040,Partner,43,0.11772758384668036,82.37,76.81,-0.0049,0.79,Stable,0.9699999999999989,0.5600000000000023,-1.5999999999999943,0.011916461916461901,0.006845128957340206,-0.019054424199118666,472,3092,7,62037,3,1660,798,0,634,0,-7.0,472.0,472.0,-131.0,3092.0,3092.0,4244.0,62037.0,62037.0,3.0,7.0,7.0,0.0,3.0,3.0,-0.014613778705636743,,,-0.04064536146447409,,,0.07343449898776669,,,0.75,,,0.0,,,0,0,0,3,2.0,0.0,0.0,0.0,1.0,4.0,52.440000000000005,2.0,0.0,0.0,0.0,1.0,4.0,52.440000000000005,2.0,0.0,0.0,0.0,1.0,4.0,52.440000000000005,0,0,0,1,CT009374,1,15458079.88,15458079.88,Annual,True,43.0,322.0,0,0,0
C09353,2024-07-08,0,Professional Services,North America,SMB,246,Partner,157,0.42984257357973993,77.95,71.17,0.0643,0.5321,Stable,2.4000000000000057,1.3200000000000074,0.5,0.0317670416942423,0.017225629648962643,0.006455777921239509,56,246,7,4520,2,170,0,76,0,0,2.0,-2.0,-4.0,-29.0,-95.0,-59.0,-521.0,-1010.0,-1052.0,0.0,0.0,1.0,0.0,0.0,0.0,0.037037037037037035,-0.034482758620689655,-0.06666666666666667,-0.10545454545454545,-0.2785923753665689,-0.19344262295081968,-0.10335250942273358,-0.18264014466546113,-0.18880114860014358,0.0,0.0,0.16666666666666666,0.0,0.0,0.0,0,0,0,2,0.0,0.0,0.0,0.0,0.0,,,0.0,0.0,0.0,0.0,0.0,,,1.0,0.0,0.0,0.0,0.0,4.0,51.18,0,0,0,1,CT009353,1,716372.54,716372.54,Annual,True,157.0,208.0,0,0,0
C16183,2025-01-20,0,Logistics,Latin America,SMB,36,Enterprise Sales,139,0.3805612594113621,67.02,72.25,-0.0586,0.6609,Stable,1.0600000000000023,0.5799999999999983,-0.12000000000000455,0.016070345664038848,0.008729680915111353,-0.001787310098302123,5,13,3,289,1,13,0,0,0,0,0.0,0.0,0.0,-6.0,0.0,-1.0,-59.0,69.0,3.0,-2.0,-1.0,0.0,0.0,0.0,0.0,0.0,0.0,0.0,-0.3157894736842105,0.0,-0.07142857142857142,-0.16954022988505746,0.31363636363636366,0.01048951048951049,-0.4,-0.25,0.0,0.0,0.0,0.0,1,0,0,1,0.0,0.0,0.0,0.0,0.0,,,2.0,0.0,0.0,0.0,0.0,4.0,33.805,5.0,0.0,1.0,1.0,0.0,4.0,28.924,0,0,0,0,CT016183,1,609650.92,1219301.84,Two-year,True,139.0,591.0,0,0,0
C17789,2025-01-13,0,Retail,North America,Mid-Market,1587,Inbound,211,0.5776865160848734,44.9,73.05,-0.3008,0.8649,Declining,-0.6300000000000026,-1.509999999999998,-2.6200000000000045,-0.013837030529321382,-0.03253609135962073,-0.055134680134680224,119,465,7,6989,2,312,0,0,153,0,-3.0,-12.0,-6.0,-25.0,-47.0,-91.0,-1067.0,-1138.0,-2131.0,1.0,2.0,2.0,0.0,0.0,0.0,-0.02459016393442623,-0.0916030534351145,-0.048,-0.05102040816326531,-0.091796875,-0.16366906474820145,-0.13244786494538233,-0.1400270702596284,-0.23366228070175438,0.16666666666666666,0.4,0.4,0.0,0.0,0.0,0,0,0,2,2.0,0.0,0.0,0.0,0.0,4.0,56.325,3.0,0.0,1.0,0.0,0.0,3.6666666666666665,55.336666666666666,3.0,0.0,1.0,0.0,0.0,3.6666666666666665,55.336666666666666,0,0,0,1,CT017789,1,3281777.31,6563554.62,Two-year,True,211.0,519.0,0,0,0
C10202,2025-03-10,0,Healthcare,North America,Mid-Market,1858,Inbound,170,0.4654346338124572,83.33,85.37,0.0246,0.5271,Stable,-0.01999999999999602,0.8400000000000034,2.3700000000000045,-0.00023995200959803266,0.010183052491211098,0.029273715415019823,665,4268,5,82080,3,2354,1210,0,0,704,16.0,42.0,67.0,211.0,244.0,594.0,-6316.0,-1195.0,-444.0,-1.0,-2.0,-2.0,0.0,0.0,0.0,0.02465331278890601,0.06741573033707865,0.11204013377926421,0.05200887355188563,0.06063618290258449,0.16167664670658682,-0.07145119688673696,-0.014350045031522065,-0.005380253017304057,-0.16666666666666666,-0.2857142857142857,-0.2857142857142857,0.0,0.0,0.0,0,0,0,3,1.0,0.0,0.0,0.0,0.0,3.0,91.14,2.0,0.0,0.0,0.0,0.0,3.5,106.225,2.0,0.0,0.0,0.0,0.0,3.5,106.225,0,0,0,1,CT010202,1,6779715.77,6779715.77,Annual,True,170.0,195.0,0,0,0
C15675,2024-03-18,0,Professional Services,Europe,SMB,31,Referral,58,0.15879534565366188,43.58,64.92,-0.307,1.1248,Declining,-4.060000000000002,-4.780000000000001,-6.380000000000003,-0.08522250209907645,-0.09884201819685694,-0.12770216172938356,2,2,4,72,1,0,0,0,0,2,0.0,2.0,2.0,-5.0,2.0,2.0,-93.0,72.0,72.0,0.0,4.0,4.0,-1.0,1.0,1.0,0.0,,,-0.7142857142857143,,,-0.5636363636363636,,,0.0,,,-0.5,,,1,0,0,2,0.0,0.0,0.0,0.0,0.0,,,2.0,0.0,0.0,0.0,0.0,3.5,80.49,2.0,0.0,0.0,0.0,0.0,3.5,80.49,0,0,0,1,CT015675,1,708382.98,708382.98,Annual,True,58.0,307.0,0,0,0
C19952,2025-03-03,0,Professional Services,Middle East,Mid-Market,362,Direct Sales,89,0.243668720054757,98.43,71.4,0.3167,0.9486,Improving,-1.3999999999999915,-1.5699999999999932,-1.0499999999999972,-0.014023840528899044,-0.015699999999999933,-0.010554885404101298,103,501,7,11815,2,397,0,0,0,104,1.0,-1.0,103.0,35.0,-24.0,501.0,3212.0,1756.0,11815.0,1.0,0.0,7.0,0.0,0.0,2.0,0.00980392156862745,-0.009615384615384616,,0.07510729613733906,-0.045714285714285714,,0.37335813088457515,0.17457003678298041,,0.16666666666666666,0.0,,0.0,0.0,,0,0,0,2,0.0,0.0,0.0,0.0,0.0,,,1.0,0.0,1.0,0.0,1.0,4.0,11.01,1.0,0.0,1.0,0.0,1.0,4.0,11.01,0,0,0,0,CT019952,1,2906272.05,2906272.05,Annual,True,89.0,276.0,0,0,0
C09523,2024-10-28,0,Manufacturing,Middle East,SMB,124,Enterprise Sales,274,0.7501711156741958,78.79,79.63,-0.018,1.1396,Stable,3.3300000000000125,0.46000000000000796,0.09000000000000341,0.04412934004770756,0.00587259032299257,0.0011435832274460408,10,72,6,1347,2,43,29,0,0,0,0.0,0.0,1.0,18.0,13.0,17.0,349.0,153.0,339.0,-1.0,1.0,-1.0,0.0,0.0,0.0,0.0,0.0,0.1111111111111111,0.3333333333333333,0.22033898305084745,0.3090909090909091,0.3496993987975952,0.12814070351758794,0.33630952380952384,-0.14285714285714285,0.2,-0.14285714285714285,0.0,0.0,0.0,0,0,0,2,0.0,0.0,0.0,0.0,0.0,,,1.0,0.0,0.0,0.0,0.0,4.0,26.35,1.0,0.0,0.0,0.0,0.0,4.0,26.35,0,0,0,0,CT009523,1,200000.0,400000.0,Two-year,True,274.0,456.0,0,0,0
C04575,2024-07-01,0,Government,North America,Mid-Market,601,Direct Sales,153,0.4188911704312115,89.9,85.44,-0.0218,0.8416,Stable,1.25,0.5300000000000011,1.8400000000000034,0.014100394811054708,0.0059304017007944625,0.020894844424256227,273,2151,7,40988,4,998,480,0,372,301,10.0,12.0,-5.0,36.0,120.0,53.0,-1314.0,4471.0,2234.0,1.0,0.0,0.0,0.0,0.0,0.0,0.03802281368821293,0.04597701149425287,-0.017985611510791366,0.01702127659574468,0.059084194977843424,0.025262154432793137,-0.031062361117677652,0.12243612564011283,0.05764566238323786,0.16666666666666666,0.0,0.0,0.0,0.0,0.0,0,0,0,4,1.0,0.0,0.0,0.0,0.0,4.0,91.65,2.0,0.0,0.0,0.0,0.0,4.5,62.39500000000001,4.0,0.0,0.0,1.0,0.0,4.75,58.3725,0,0,0,1,CT004575,1,5281472.78,5281472.78,Annual,True,153.0,212.0,0,0,0
C00320,2025-04-28,0,Financial Services,North America,Enterprise,6635,Referral,322,0.8815879534565366,38.83,63.22,-0.2662,1.1132,Declining,-1.7100000000000009,1.019999999999996,0.8699999999999974,-0.04218056240749879,0.026976990214228933,0.022918861959957782,501,3882,7,76058,5,1450,726,691,547,468,37.0,90.0,55.0,241.0,744.0,637.0,-135.0,19001.0,10061.0,1.0,2.0,1.0,0.0,0.0,0.0,0.07974137931034483,0.21897810218978103,0.12331838565022421,0.06619060697610546,0.23709369024856597,0.1963020030816641,-0.0017718163085847782,0.3330178593336488,0.15244632331772656,0.16666666666666666,0.4,0.16666666666666666,0.0,0.0,0.0,0,0,0,5,2.0,1.0,0.0,0.0,1.0,4.0,104.575,7.0,1.0,1.0,1.0,3.0,4.0,49.83958333333334,9.0,2.0,1.0,1.0,4.0,4.0,43.010666666666665,1,1,0,0,CT000320,1,19701927.66,19701927.66,Annual,True,322.0,43.0,0,1,1
C09598,2024-08-05,0,Telecommunications,Europe,SMB,75,Direct Sales,173,0.4736481861738535,68.6,70.57,-0.047,0.8555,Stable,2.0799999999999983,5.939999999999998,4.099999999999994,0.031268791340950064,0.09479731886370887,0.06356589147286813,17,94,4,1832,3,47,22,0,25,0,1.0,0.0,-1.0,-2.0,-13.0,-32.0,-158.0,-116.0,-423.0,-2.0,-2.0,-3.0,0.0,0.0,0.0,0.0625,0.0,-0.05555555555555555,-0.020833333333333332,-0.12149532710280374,-0.25396825396825395,-0.07939698492462312,-0.059548254620123205,-0.18758314855875832,-0.3333333333333333,-0.3333333333333333,-0.42857142857142855,0.0,0.0,0.0,0,0,0,3,1.0,1.0,0.0,0.0,1.0,3.0,10.47,1.0,1.0,0.0,0.0,1.0,3.0,10.47,1.0,1.0,0.0,0.0,1.0,3.0,10.47,0,0,1,0,CT009598,1,1266585.32,3799755.96,Three-year,True,173.0,922.0,0,0,0
C11345,2024-10-14,0,Telecommunications,APAC,Mid-Market,427,Direct Sales,243,0.6652977412731006,63.93,78.71,-0.0258,1.141,Stable,-1.4499999999999957,-0.30000000000000426,-1.8500000000000014,-0.022178036096665583,-0.004670714619336824,-0.02812404986318032,44,283,7,4662,3,158,0,79,46,0,-3.0,1.0,-7.0,-2.0,10.0,-47.0,-546.0,-211.0,-1230.0,0.0,1.0,1.0,0.0,0.0,0.0,-0.06382978723404255,0.023255813953488372,-0.13725490196078433,-0.007017543859649123,0.03663003663003663,-0.14242424242424243,-0.10483870967741936,-0.04329981530884466,-0.20875763747454176,0.0,0.16666666666666666,0.16666666666666666,0.0,0.0,0.0,0,0,0,3,0.0,0.0,0.0,0.0,0.0,,,2.0,0.0,0.0,0.0,0.0,4.0,26.405,3.0,1.0,0.0,0.0,1.0,3.6666666666666665,24.433333333333334,0,0,0,0,CT011345,1,1000000.0,3000000.0,Three-year,True,243.0,852.0,0,0,0
C19955,2025-04-28,0,Education,Europe,Mid-Market,1238,Direct Sales,295,0.8076659822039699,62.37,88.96,-0.2067,0.6565,Declining,1.3399999999999963,1.279999999999994,0.9899999999999949,0.021956414877928827,0.020952692748403896,0.016129032258064432,172,774,7,14617,2,587,0,0,187,0,1.0,-11.0,-5.0,29.0,-10.0,-46.0,2380.0,1297.0,2603.0,1.0,2.0,0.0,0.0,0.0,0.0,0.005847953216374269,-0.060109289617486336,-0.02824858757062147,0.038926174496644296,-0.012755102040816327,-0.05609756097560976,0.19449211408024844,0.09737237237237237,0.21666389212585316,0.16666666666666666,0.4,0.0,0.0,0.0,0.0,0,0,0,2,1.0,1.0,0.0,0.0,1.0,3.0,12.43,3.0,1.0,1.0,0.0,2.0,3.6666666666666665,27.046666666666663,5.0,1.0,2.0,1.0,2.0,3.6,23.586,0,0,0,0,CT019955,1,4424102.22,4424102.22,Annual,True,295.0,70.0,0,1,1
C03371,2024-09-30,0,Retail,Latin America,Enterprise,3879,Enterprise Sales,130,0.35592060232717315,50.83,72.45,-0.2171,0.9239,Declining,-2.5600000000000023,-1.7000000000000028,-0.9500000000000028,-0.04794905412998693,-0.03236245954692562,-0.018346852066434972,333,2279,7,37721,4,1086,0,532,375,286,-6.0,-9.0,-1.0,42.0,-51.0,65.0,-3191.0,-6193.0,-2729.0,0.0,2.0,0.0,0.0,0.0,0.0,-0.017699115044247787,-0.02631578947368421,-0.0029940119760479044,0.018775145283862316,-0.02188841201716738,0.02935862691960253,-0.07799667579194368,-0.14102564102564102,-0.06746600741656365,0.0,0.4,0.0,0.0,0.0,0.0,0,0,0,4,3.0,0.0,0.0,0.0,0.0,4.0,36.626666666666665,3.0,0.0,0.0,0.0,0.0,4.0,36.626666666666665,5.0,0.0,0.0,0.0,1.0,4.2,34.660000000000004,0,0,0,0,CT003371,1,10429948.85,20859897.7,Two-year,True,130.0,600.0,0,0,0
C05360,2025-06-23,0,Manufacturing,Middle East,Mid-Market,1187,Enterprise Sales,61,0.16700889801505817,97.33,73.66,0.0335,1.1928,Stable,0.03999999999999204,1.3700000000000045,5.459999999999994,0.00041114194675703606,0.014276781992496922,0.059431805812561155,394,2208,6,46896,2,1448,0,760,0,0,-31.0,394.0,394.0,-214.0,2208.0,2208.0,5565.0,46896.0,46896.0,-1.0,6.0,6.0,0.0,2.0,2.0,-0.07294117647058823,,,-0.08835672997522709,,,0.1346446976845467,,,-0.14285714285714285,,,0.0,,,0,0,0,2,2.0,0.0,0.0,0.0,1.0,4.5,65.4,3.0,0.0,0.0,0.0,1.0,4.75,42.895,3.0,0.0,0.0,0.0,1.0,4.75,42.895,0,0,0,0,CT005360,1,3748788.51,3748788.51,Annual,True,61.0,304.0,0,0,0
C01820,2024-10-21,0,Education,APAC,Mid-Market,1547,Partner,210,0.5749486652977412,56.76,72.39,-0.1881,0.798,Declining,-0.23000000000000398,-3.6499999999999986,-2.8900000000000006,-0.004035795753641059,-0.06042046018871046,-0.0484492875104778,233,1365,7,28333,3,740,0,363,262,0,-14.0,-15.0,-22.0,-107.0,-66.0,-193.0,2821.0,-120.0,-1082.0,1.0,1.0,0.0,0.0,0.0,0.0,-0.05668016194331984,-0.06048387096774194,-0.08627450980392157,-0.07269021739130435,-0.04612159329140461,-0.12387676508344031,0.11057541549074945,-0.0042174814606544125,-0.03678395376508584,0.16666666666666666,0.16666666666666666,0.0,0.0,0.0,0.0,0,0,0,3,6.0,0.0,1.0,0.0,2.0,4.5,34.22333333333333,7.0,0.0,1.0,0.0,3.0,4.2,40.09266666666666,7.0,0.0,1.0,0.0,3.0,4.2,40.09266666666666,1,0,0,0,CT001820,1,8134515.5,24403546.5,Three-year,False,210.0,885.0,0,0,0
C06904,2024-03-18,0,Government,North America,SMB,133,Inbound,11,0.030116358658453114,97.15,79.66,0.3573,1.1784,Improving,2.690000000000012,3.1500000000000057,3.210000000000008,0.02847766250264675,0.0335106382978724,0.03417074728550147,45,369,6,6489,4,183,80,0,61,45,45.0,45.0,45.0,369.0,369.0,369.0,6489.0,6489.0,6489.0,6.0,6.0,6.0,4.0,4.0,4.0,,,,,,,,,,,,,,,,0,0,0,4,0.0,0.0,0.0,0.0,0.0,,,0.0,0.0,0.0,0.0,0.0,,,0.0,0.0,0.0,0.0,0.0,,,0,0,0,0,CT006904,1,217924.15,217924.15,Annual,False,11.0,354.0,0,0,0
C11205,2025-10-06,0,Retail,Europe,SMB,131,Partner,200,0.5475701574264202,84.67,75.61,0.0094,0.9418,Stable,3.6400000000000006,0.8500000000000085,0.5,0.04492163396272986,0.010140777857313392,0.005940358797671379,26,192,6,3906,3,128,40,0,0,24,1.0,0.0,2.0,35.0,38.0,62.0,1147.0,458.0,1215.0,-1.0,0.0,0.0,0.0,0.0,0.0,0.04,0.0,0.08333333333333333,0.2229299363057325,0.24675324675324675,0.47692307692307695,0.4157303370786517,0.132830626450116,0.451505016722408,-0.14285714285714285,0.0,0.0,0.0,0.0,0.0,0,0,0,3,1.0,0.0,0.0,0.0,1.0,5.0,19.36,2.0,0.0,0.0,0.0,1.0,4.0,35.445,2.0,0.0,0.0,0.0,1.0,4.0,35.445,0,0,0,0,CT011205,1,535628.62,535628.62,Annual,True,200.0,165.0,0,0,1
C05701,2025-05-26,0,Manufacturing,APAC,Mid-Market,1819,Inbound,353,0.9664613278576317,71.33,72.21,-0.0068,0.4747,Stable,0.6799999999999926,-0.18000000000000682,-1.9500000000000028,0.009624911535739456,-0.002517130471262856,-0.026610262008733662,329,1702,6,34040,2,1122,580,0,0,0,3.0,-7.0,1.0,80.0,2.0,-9.0,5266.0,1003.0,6895.0,-1.0,0.0,1.0,0.0,0.0,0.0,0.009202453987730062,-0.020833333333333332,0.003048780487804878,0.04932182490752158,0.001176470588235294,-0.005260081823495032,0.18301244178772502,0.030359899506613795,0.2540062626634739,-0.14285714285714285,0.0,0.2,0.0,0.0,0.0,0,0,0,2,1.0,0.0,0.0,0.0,0.0,5.0,36.48,1.0,0.0,0.0,0.0,0.0,5.0,36.48,2.0,0.0,0.0,0.0,0.0,4.5,33.075,0,0,0,0,CT005701,1,2329394.83,2329394.83,Annual,True,353.0,12.0,1,1,1
C12753,2025-09-08,0,Professional Services,Latin America,Mid-Market,782,Referral,88,0.24093086926762491,77.33,72.91,0.0348,0.5292,Stable,-0.3400000000000034,0.23000000000000398,-0.030000000000001137,-0.004377494528131884,0.0029831387808042023,-0.0003877973112719899,146,631,5,12765,2,491,0,0,0,140,-6.0,-22.0,146.0,-77.0,-114.0,631.0,-17.0,264.0,12765.0,-1.0,0.0,5.0,0.0,0.0,2.0,-0.039473684210526314,-0.13095238095238096,,-0.10875706214689265,-0.15302013422818792,,-0.0013299953058989204,0.021118310535157187,,-0.16666666666666666,0.0,,0.0,0.0,,0,0,0,2,0.0,0.0,0.0,0.0,0.0,,,1.0,0.0,0.0,0.0,0.0,5.0,40.45,3.0,0.0,0.0,0.0,0.0,4.333333333333333,55.14666666666667,0,0,0,1,CT012753,1,4298422.65,4298422.65,Annual,False,88.0,277.0,0,0,0
C13123,2024-04-22,0,Healthcare,North America,SMB,119,Direct Sales,81,0.22176591375770022,43.26,48.02,0.0557,0.7466,Stable,-0.8200000000000003,1.0599999999999952,1.7999999999999972,-0.018602540834845742,0.02511848341232216,0.04341534008683061,7,23,6,426,2,21,0,2,0,0,1.0,1.0,7.0,-3.0,1.0,23.0,-23.0,-34.0,426.0,1.0,1.0,6.0,0.0,0.0,2.0,0.16666666666666666,0.16666666666666666,,-0.11538461538461539,0.045454545454545456,,-0.051224944320712694,-0.07391304347826087,,0.2,0.2,,0.0,0.0,,0,0,0,2,2.0,0.0,0.0,0.0,0.0,4.0,20.884999999999998,3.0,0.0,0.0,0.0,0.0,4.0,26.536666666666665,4.0,0.0,0.0,0.0,0.0,4.0,39.7175,0,0,0,0,CT013123,1,326438.57,326438.57,Annual,False,81.0,284.0,0,0,0
C06094,2024-12-30,0,Government,APAC,Mid-Market,1089,Partner,230,0.6297056810403833,35.16,69.81,-0.3208,0.7625,Declining,-1.8000000000000043,-1.3800000000000026,-3.270000000000003,-0.048701298701298815,-0.03776683087027922,-0.08508977361436386,46,187,6,3122,2,125,62,0,0,0,0.0,-3.0,-13.0,-39.0,-17.0,-65.0,-1352.0,-843.0,-1703.0,0.0,0.0,-1.0,0.0,0.0,0.0,0.0,-0.061224489795918366,-0.22033898305084745,-0.17256637168141592,-0.08333333333333333,-0.25793650793650796,-0.3021904336164506,-0.21261034047919294,-0.3529533678756477,0.0,0.0,-0.14285714285714285,0.0,0.0,0.0,1,1,0,2,3.0,0.0,0.0,0.0,0.0,3.5,57.7675,3.0,0.0,0.0,0.0,0.0,3.5,57.7675,4.0,0.0,0.0,0.0,0.0,3.6666666666666665,49.26500000000001,0,0,0,1,CT006094,1,3340026.38,3340026.38,Annual,True,230.0,135.0,0,0,1
C03775,2024-12-09,0,Professional Services,Middle East,Mid-Market,763,Referral,19,0.05201916495550993,92.95,85.9,0.0132,0.8624,Stable,1.1800000000000068,2.299999999999997,1.980000000000004,0.01285823253786648,0.02537231108659677,0.02176541717049581,373,3094,6,63770,4,1475,0,691,530,398,373.0,373.0,373.0,3094.0,3094.0,3094.0,63770.0,63770.0,63770.0,6.0,6.0,6.0,4.0,4.0,4.0,,,,,,,,,,,,,,,,0,0,0,4,0.0,0.0,0.0,0.0,0.0,,,0.0,0.0,0.0,0.0,0.0,,,0.0,0.0,0.0,0.0,0.0,,,0,0,0,0,CT003775,1,7627290.0,15254580.0,Two-year,True,19.0,711.0,0,0,0
C15138,2025-09-29,0,Manufacturing,North America,SMB,229,Enterprise Sales,281,0.7693360711841205,29.72,73.42,-0.1934,1.079,Declining,-1.3000000000000007,0.21999999999999886,-0.33000000000000185,-0.04190844616376534,0.007457627118644029,-0.010981697171381094,9,15,5,268,1,15,0,0,0,0,0.0,0.0,0.0,-5.0,1.0,-17.0,-79.0,37.0,-204.0,2.0,3.0,-1.0,0.0,0.0,0.0,0.0,0.0,0.0,-0.25,0.07142857142857142,-0.53125,-0.2276657060518732,0.16017316017316016,-0.4322033898305085,0.6666666666666666,1.5,-0.16666666666666666,0.0,0.0,0.0,1,1,0,1,0.0,0.0,0.0,0.0,0.0,,,0.0,0.0,0.0,0.0,0.0,,,1.0,0.0,1.0,0.0,0.0,4.0,90.61,0,0,0,1,CT015138,1,633315.51,1266631.02,Two-year,True,281.0,449.0,0,0,0
C12870,2025-08-18,0,Education,Latin America,SMB,188,Enterprise Sales,246,0.6735112936344969,72.5,59.99,0.0709,0.6796,Stable,-0.5499999999999972,2.780000000000001,2.8299999999999983,-0.0075290896646132395,0.03987378083763628,0.04062006602554899,26,98,4,1445,2,66,0,0,32,0,2.0,3.0,1.0,14.0,-28.0,3.0,-232.0,-653.0,141.0,-2.0,-3.0,1.0,0.0,0.0,0.0,0.08333333333333333,0.13043478260869565,0.04,0.16666666666666666,-0.2222222222222222,0.031578947368421054,-0.1383422778771616,-0.31124880838894187,0.10812883435582822,-0.3333333333333333,-0.42857142857142855,0.3333333333333333,0.0,0.0,0.0,0,0,0,2,0.0,0.0,0.0,0.0,0.0,,,0.0,0.0,0.0,0.0,0.0,,,0.0,0.0,0.0,0.0,0.0,,,0,0,0,0,CT012870,1,415392.46,415392.46,Annual,False,246.0,119.0,0,0,1
C14208,2024-12-02,0,Education,Europe,Enterprise,7916,Partner,204,0.5585215605749486,89.89,61.61,0.2787,1.0981,Improving,0.18000000000000682,2.730000000000004,4.340000000000003,0.002006465277003755,0.03132170720514002,0.05073056691992991,2463,23675,7,480260,5,8916,4404,4505,3289,2561,114.0,149.0,375.0,702.0,1713.0,3881.0,18593.0,43333.0,90704.0,1.0,0.0,1.0,0.0,0.0,0.0,0.04853128991060025,0.06439066551426102,0.17959770114942528,0.030557611108692814,0.07799836080502687,0.19606951601495404,0.040273617130962364,0.09917675034960073,0.2328394377188389,0.16666666666666666,0.0,0.16666666666666666,0.0,0.0,0.0,0,0,0,5,0.0,0.0,0.0,0.0,0.0,,,1.0,0.0,0.0,0.0,0.0,5.0,15.47,2.0,0.0,0.0,0.0,0.0,4.0,35.61,0,0,0,0,CT014208,1,11401374.48,22802748.96,Two-year,False,204.0,526.0,0,0,0
C03842,2025-09-08,0,Healthcare,Europe,Mid-Market,1870,Direct Sales,339,0.9281314168377823,73.81,74.12,-0.0113,0.9518,Stable,-1.3100000000000023,0.4000000000000057,-1.8999999999999915,-0.017438764643237514,0.005448848930663475,-0.025095760137366155,227,1214,7,25691,2,832,382,0,0,0,7.0,-3.0,-16.0,130.0,34.0,-2.0,5601.0,4269.0,2475.0,0.0,0.0,1.0,0.0,0.0,0.0,0.031818181818181815,-0.013043478260869565,-0.06584362139917696,0.11992619926199262,0.0288135593220339,-0.001644736842105263,0.2787954206072673,0.1992811128746149,0.10660751206064784,0.0,0.0,0.16666666666666666,0.0,0.0,0.0,0,0,0,2,1.0,0.0,0.0,0.0,1.0,5.0,39.72,2.0,0.0,0.0,0.0,1.0,4.5,37.86,3.0,0.0,0.0,1.0,1.0,4.333333333333333,26.096666666666664,0,0,0,0,CT003842,1,1000000.0,1000000.0,Annual,True,339.0,26.0,1,1,1
C14136,2025-07-07,0,Technology,North America,SMB,224,Partner,337,0.9226557152635181,83.69,75.15,-0.0015,0.9263,Stable,1.3700000000000045,3.6299999999999955,4.679999999999993,0.016642371234208024,0.04534099425430921,0.05923300847993915,58,194,5,2734,1,194,0,0,0,0,1.0,0.0,-1.0,-28.0,0.0,29.0,-1442.0,-507.0,-40.0,-2.0,1.0,0.0,0.0,0.0,0.0,0.017543859649122806,0.0,-0.01694915254237288,-0.12612612612612611,0.0,0.17575757575757575,-0.3453065134099617,-0.15643319962974392,-0.014419610670511895,-0.2857142857142857,0.25,0.0,0.0,0.0,0.0,1,0,0,1,0.0,0.0,0.0,0.0,0.0,,,0.0,0.0,0.0,0.0,0.0,,,0.0,0.0,0.0,0.0,0.0,,,0,0,0,0,CT014136,1,771668.46,771668.46,Annual,False,337.0,28.0,1,1,1
C14214,2024-10-07,0,Professional Services,Europe,SMB,223,Partner,76,0.2080766598220397,65.72,80.2,0.0205,0.9414,Stable,0.8100000000000023,1.7199999999999989,0.4099999999999966,0.012478816823293827,0.026874999999999982,0.006277752258459601,25,80,4,1542,1,80,0,0,0,0,-1.0,2.0,25.0,6.0,2.0,80.0,326.0,131.0,1542.0,-3.0,1.0,4.0,0.0,0.0,1.0,-0.038461538461538464,0.08695652173913043,,0.08108108108108109,0.02564102564102564,,0.2680921052631579,0.09284195605953224,,-0.42857142857142855,0.3333333333333333,,0.0,0.0,,0,0,0,1,0.0,0.0,0.0,0.0,0.0,,,1.0,0.0,0.0,0.0,0.0,4.0,55.96,1.0,0.0,0.0,0.0,0.0,4.0,55.96,0,0,0,1,CT014214,1,484677.45,969354.9,Two-year,True,76.0,654.0,0,0,0
C13139,2025-04-14,0,Manufacturing,North America,SMB,212,Partner,257,0.70362765229295,64.08,76.26,-0.175,1.1015,Declining,1.3299999999999983,0.5399999999999991,3.9200000000000017,0.02119521912350595,0.008498583569405086,0.06515957446808514,21,60,3,918,1,60,0,0,0,0,2.0,2.0,3.0,-14.0,-13.0,20.0,-202.0,-439.0,132.0,-4.0,-4.0,1.0,0.0,0.0,0.0,0.10526315789473684,0.10526315789473684,0.16666666666666666,-0.1891891891891892,-0.1780821917808219,0.5,-0.18035714285714285,-0.3235077376565954,0.16793893129770993,-0.5714285714285714,-0.5714285714285714,0.5,0.0,0.0,0.0,1,0,0,1,0.0,0.0,0.0,0.0,0.0,,,0.0,0.0,0.0,0.0,0.0,,,0.0,0.0,0.0,0.0,0.0,,,0,0,0,0,CT013139,1,307454.28,307454.28,Annual,True,257.0,108.0,0,0,1
C14015,2025-06-16,0,Logistics,Middle East,Mid-Market,1449,Direct Sales,325,0.8898015058179329,81.78,77.37,-0.0066,0.564,Stable,-0.7800000000000011,0.7900000000000063,1.3200000000000074,-0.009447674418604664,0.009754290653167135,0.016405667412378915,300,999,5,20926,1,999,0,0,0,0,-12.0,6.0,4.0,-180.0,-83.0,-16.0,3773.0,6274.0,3711.0,0.0,1.0,-1.0,0.0,0.0,0.0,-0.038461538461538464,0.02040816326530612,0.013513513513513514,-0.15267175572519084,-0.0767097966728281,-0.015763546798029555,0.21996152276569697,0.4282009282009282,0.21556781876270695,0.0,0.25,-0.16666666666666666,0.0,0.0,0.0,0,0,0,1,1.0,0.0,0.0,0.0,0.0,3.0,64.95,3.0,0.0,1.0,0.0,2.0,4.333333333333333,26.930000000000003,3.0,0.0,1.0,0.0,2.0,4.333333333333333,26.930000000000003,0,0,0,0,CT014015,1,2863571.31,5727142.62,Two-year,False,325.0,405.0,0,0,0
C13092,2025-04-14,0,Telecommunications,North America,Mid-Market,1474,Partner,306,0.837782340862423,100.0,95.14,0.2683,0.7059,Improving,0.0,0.0,0.0,0.0,0.0,0.0,658,4582,5,81838,3,2444,0,1255,883,0,-14.0,-21.0,-25.0,-342.0,-343.0,-407.0,-2926.0,-17692.0,1663.0,-2.0,-1.0,-2.0,0.0,0.0,0.0,-0.020833333333333332,-0.030927835051546393,-0.036603221083455345,-0.0694557270511779,-0.06964467005076141,-0.08157947484465825,-0.034519371431267994,-0.17775545061790415,0.020742126598066728,-0.2857142857142857,-0.16666666666666666,-0.2857142857142857,0.0,0.0,0.0,0,0,0,3,1.0,0.0,0.0,0.0,0.0,4.0,44.4,1.0,0.0,0.0,0.0,0.0,4.0,44.4,1.0,0.0,0.0,0.0,0.0,4.0,44.4,0,0,0,0,CT013092,1,7847548.2,7847548.2,Annual,True,306.0,59.0,0,1,1
C02326,2025-06-30,1,Education,North America,Enterprise,7594,Partner,438,1.1991786447638604,72.87,80.17,-0.0291,0.5934,Stable,-0.11999999999999034,-0.21999999999999886,1.7000000000000028,-0.001644060830250587,-0.003009987686413994,0.023886469017844636,1321,10904,6,211532,4,4628,2291,2377,1608,0,-9.0,-73.0,40.0,55.0,-470.0,561.0,26195.0,-2917.0,1961.0,0.0,0.0,0.0,0.0,0.0,0.0,-0.006766917293233083,-0.05236728837876614,0.0312256049960968,0.005069591667434786,-0.04132231404958678,0.05423958232621096,0.14133713181933452,-0.013602301712761543,0.009357210682775766,0.0,0.0,0.0,0.0,0.0,0.0,0,0,0,4,2.0,0.0,0.0,0.0,1.0,4.5,36.415,4.0,1.0,0.0,0.0,2.0,4.333333333333333,28.356666666666666,5.0,2.0,0.0,0.0,3.0,4.0,25.012500000000003,0,1,0,0,CT002326,1,9265880.71,18531761.42,Two-year,False,438.0,292.0,0,0,0
C06923,2025-03-17,0,Telecommunications,North America,SMB,105,Inbound,11,0.030116358658453114,50.91,73.0,-0.237,1.15,Declining,1.0,0.0899999999999963,2.3499999999999943,0.02003606491685033,0.0017709563164107892,0.04839373970345952,11,37,5,807,3,17,10,0,0,10,11.0,11.0,11.0,37.0,37.0,37.0,807.0,807.0,807.0,5.0,5.0,5.0,3.0,3.0,3.0,,,,,,,,,,,,,,,,0,0,0,3,0.0,0.0,0.0,0.0,0.0,,,0.0,0.0,0.0,0.0,0.0,,,0.0,0.0,0.0,0.0,0.0,,,0,0,0,0,CT006923,1,488412.79,488412.79,Annual,True,11.0,354.0,0,0,0
C14604,2024-08-26,0,Telecommunications,APAC,Enterprise,24012,Partner,210,0.5749486652977412,97.1,74.39,0.2491,0.4636,Improving,1.0300000000000011,0.6099999999999994,2.6599999999999966,0.010721349016342262,0.006321898642346352,0.028166031342651384,7969,68800,7,1316592,4,30122,14815,15367,0,8496,-194.0,-266.0,-182.0,-1144.0,-2245.0,-475.0,58297.0,-78137.0,-97240.0,1.0,0.0,0.0,0.0,0.0,0.0,-0.023765772387602597,-0.03230115361262902,-0.022328548644338118,-0.01635594189637424,-0.031599690337110284,-0.006856730422230242,0.04633015310400184,-0.056023069714618394,-0.06877761997182126,0.16666666666666666,0.0,0.0,0.0,0.0,0.0,0,0,0,4,0.0,0.0,0.0,0.0,0.0,,,1.0,0.0,1.0,0.0,0.0,4.0,34.22,2.0,0.0,1.0,0.0,0.0,4.5,24.879999999999995,0,0,0,0,CT014604,1,17746312.24,17746312.24,Annual,True,210.0,155.0,0,0,1
C00001,2025-04-21,0,Healthcare,Latin America,Mid-Market,524,Referral,214,0.5859000684462696,58.22,78.05,-0.0515,0.8738,Stable,-0.5200000000000031,0.46000000000000085,1.4499999999999957,-0.008852570650323513,0.007963988919667606,0.025541659327109313,43,206,7,4174,2,149,0,57,0,0,-3.0,0.0,1.0,-36.0,-29.0,-22.0,115.0,-329.0,-358.0,1.0,0.0,0.0,0.0,0.0,0.0,-0.06521739130434782,0.0,0.023809523809523808,-0.1487603305785124,-0.12340425531914893,-0.09649122807017543,0.02833210150283321,-0.07306240284254942,-0.07899382171226832,0.16666666666666666,0.0,0.0,0.0,0.0,0.0,0,0,0,2,2.0,1.0,0.0,0.0,1.0,4.0,13.765,2.0,1.0,0.0,0.0,1.0,4.0,13.765,3.0,1.0,0.0,0.0,1.0,4.0,21.7325,0,0,0,0,CT000001,1,1000000.0,3000000.0,Three-year,True,214.0,881.0,0,0,0
C16024,2025-03-24,0,Logistics,North America,Mid-Market,1149,Enterprise Sales,16,0.04380561259411362,81.51,86.05,-0.0716,0.6552,Stable,-2.6099999999999994,0.3500000000000085,-0.23999999999999488,-0.03102710413694721,0.004312469196648701,-0.002935779816513699,427,3168,6,60885,3,1522,791,855,0,0,427.0,427.0,427.0,3168.0,3168.0,3168.0,60885.0,60885.0,60885.0,6.0,6.0,6.0,3.0,3.0,3.0,,,,,,,,,,,,,,,,0,0,0,3,0.0,0.0,0.0,0.0,0.0,,,0.0,0.0,0.0,0.0,0.0,,,0.0,0.0,0.0,0.0,0.0,,,0,0,0,0,CT016024,1,9616699.7,9616699.7,Annual,True,16.0,349.0,0,0,0
C17039,2025-04-28,0,Manufacturing,APAC,SMB,178,Partner,255,0.6981519507186859,99.59,73.03,0.3215,0.7285,Improving,-0.4099999999999966,0.6400000000000006,0.10999999999999943,-0.004099999999999966,0.006467913087417894,0.0011057498994772761,75,401,6,6995,2,299,102,0,0,0,-2.0,6.0,0.0,-17.0,56.0,-47.0,-1180.0,-1168.0,-2054.0,-1.0,0.0,0.0,0.0,0.0,0.0,-0.025974025974025976,0.08695652173913043,0.0,-0.04066985645933014,0.16231884057971013,-0.10491071428571429,-0.14434250764525994,-0.14308465025113315,-0.22698640733782738,-0.14285714285714285,0.0,0.0,0.0,0.0,0.0,0,0,0,2,0.0,0.0,0.0,0.0,0.0,,,0.0,0.0,0.0,0.0,0.0,,,0.0,0.0,0.0,0.0,0.0,,,0,0,0,0,CT017039,1,1500000.0,1500000.0,Annual,True,255.0,110.0,0,0,1
C00271,2024-05-20,0,Logistics,North America,SMB,88,Partner,21,0.057494866529774126,74.17,67.78,0.0213,0.7912,Stable,-0.09999999999999432,0.4200000000000017,-0.789999999999992,-0.0013464386697185178,0.005694915254237311,-0.010538954108857952,10,58,7,974,2,50,8,0,0,0,10.0,10.0,10.0,58.0,58.0,58.0,974.0,974.0,974.0,7.0,7.0,7.0,2.0,2.0,2.0,,,,,,,,,,,,,,,,0,0,0,2,0.0,0.0,0.0,0.0,0.0,,,0.0,0.0,0.0,0.0,0.0,,,0.0,0.0,0.0,0.0,0.0,,,0,0,0,0,CT000271,1,364181.51,364181.51,Annual,True,21.0,344.0,0,0,0
C19065,2024-08-12,0,Technology,APAC,SMB,100,Partner,205,0.5612594113620808,62.5,64.14,-0.0045,0.7647,Stable,-0.07000000000000028,-2.1899999999999977,-2.6400000000000006,-0.0011187470033562456,-0.03385376410573501,-0.04052809333742709,15,61,6,1118,2,44,0,0,17,0,-1.0,-1.0,-2.0,-13.0,-8.0,-4.0,-223.0,-167.0,-53.0,-1.0,1.0,0.0,0.0,0.0,0.0,-0.0625,-0.0625,-0.11764705882352941,-0.17567567567567569,-0.11594202898550725,-0.06153846153846154,-0.1662938105891126,-0.12996108949416343,-0.04526046114432109,-0.14285714285714285,0.2,0.0,0.0,0.0,0.0,1,0,0,2,0.0,0.0,0.0,0.0,0.0,,,0.0,0.0,0.0,0.0,0.0,,,0.0,0.0,0.0,0.0,0.0,,,0,0,0,0,CT019065,1,754144.13,2262432.39,Three-year,True,205.0,890.0,0,0,0
C03680,2025-10-06,1,Technology,Latin America,SMB,219,Referral,28,0.07665982203969883,78.3,75.8,0.0349,1.0515,Stable,-1.1400000000000006,-0.2600000000000051,1.0,-0.014350453172205445,-0.003309572301425727,0.0129366106080207,33,176,6,3148,2,121,0,55,0,0,33.0,33.0,33.0,176.0,176.0,176.0,3148.0,3148.0,3148.0,6.0,6.0,6.0,2.0,2.0,2.0,,,,,,,,,,,,,,,,0,0,0,2,0.0,0.0,0.0,0.0,0.0,,,0.0,0.0,0.0,0.0,0.0,,,0.0,0.0,0.0,0.0,0.0,,,0,0,0,0,CT003680,1,646880.34,1293760.68,Two-year,True,28.0,702.0,0,0,0
C03373,2025-05-05,0,Retail,APAC,Enterprise,2001,Inbound,67,0.1834360027378508,0.0,60.23,-0.4675,0.4684,Rapidly Declining,-1.12,-2.58,-4.75,-1.0,-1.0,-1.0,74,219,3,4419,2,149,0,70,0,0,3.0,3.0,74.0,24.0,-49.0,219.0,510.0,408.0,4419.0,-2.0,-4.0,3.0,0.0,0.0,2.0,0.04225352112676056,0.04225352112676056,,0.12307692307692308,-0.1828358208955224,,0.13046815042210283,0.10172026925953627,,-0.4,-0.5714285714285714,,0.0,0.0,,0,0,0,2,5.0,1.0,0.0,0.0,1.0,4.0,40.82666666666666,10.0,1.0,0.0,0.0,2.0,3.5,32.85214285714286,10.0,1.0,0.0,0.0,2.0,3.5,32.85214285714286,1,0,0,0,CT003373,1,11224416.01,22448832.02,Two-year,False,67.0,663.0,0,0,0
C11712,2024-08-26,0,Logistics,North America,SMB,51,Inbound,56,0.15331964407939766,90.7,60.42,0.3281,0.6468,Improving,1.3299999999999983,2.1400000000000006,2.4399999999999977,0.014881951437842657,0.02416440831074978,0.02764559256741443,10,53,7,880,2,43,0,0,0,10,0.0,10.0,10.0,-14.0,53.0,53.0,-578.0,880.0,880.0,0.0,7.0,7.0,0.0,2.0,2.0,0.0,,,-0.208955223880597,,,-0.39643347050754457,,,0.0,,,0.0,,,1,0,0,2,0.0,0.0,0.0,0.0,0.0,,,1.0,0.0,0.0,1.0,0.0,5.0,2.68,1.0,0.0,0.0,1.0,0.0,5.0,2.68,0,0,0,0,CT011712,1,431010.21,431010.21,Annual,True,56.0,309.0,0,0,0
C00215,2024-05-27,0,Manufacturing,Europe,Mid-Market,1623,Partner,87,0.23819301848049282,78.64,71.72,0.0745,0.614,Stable,-1.3900000000000006,-0.480000000000004,-0.9099999999999966,-0.017368486817443466,-0.006066734074823103,-0.011439346323067211,288,1007,5,18891,1,1007,0,0,0,0,-15.0,5.0,288.0,-24.0,16.0,1007.0,3275.0,-2648.0,18891.0,1.0,0.0,5.0,0.0,0.0,1.0,-0.04950495049504951,0.0176678445229682,,-0.023278370514064017,0.016145307769929364,,0.20972079918032788,-0.12293978364826594,,0.25,0.0,,0.0,0.0,,0,0,0,1,1.0,0.0,1.0,0.0,1.0,4.0,16.35,1.0,0.0,1.0,0.0,1.0,4.0,16.35,1.0,0.0,1.0,0.0,1.0,4.0,16.35,0,0,0,0,CT000215,1,2604053.69,2604053.69,Annual,True,87.0,278.0,0,0,0
C03395,2024-12-23,0,Logistics,APAC,Mid-Market,729,Inbound,243,0.6652977412731006,65.4,80.84,-0.0153,0.9995,Stable,-1.4599999999999937,-0.2599999999999909,1.5700000000000074,-0.021836673646425272,-0.003959792872372692,0.02459658467805119,172,1079,6,18735,3,539,304,236,0,0,6.0,16.0,34.0,-64.0,71.0,221.0,-4503.0,-129.0,2081.0,0.0,1.0,-1.0,0.0,0.0,0.0,0.03614457831325301,0.10256410256410256,0.2463768115942029,-0.05599300087489064,0.07043650793650794,0.25757575757575757,-0.19377743351407178,-0.006838422391857507,0.12495496577398824,0.0,0.2,-0.14285714285714285,0.0,0.0,0.0,1,0,0,3,0.0,0.0,0.0,0.0,0.0,,,0.0,0.0,0.0,0.0,0.0,,,2.0,0.0,0.0,1.0,0.0,4.0,57.885,0,0,0,1,CT003395,1,9285816.7,9285816.7,Annual,True,243.0,122.0,0,0,1
C17821,2025-09-15,0,Technology,Europe,Mid-Market,1482,Referral,42,0.11498973305954825,73.1,70.62,0.0348,0.8987,Stable,2.2099999999999937,3.549999999999997,3.739999999999995,0.03117505995203828,0.0510424155283968,0.05392156862745091,216,1109,7,20799,2,677,0,432,0,0,7.0,216.0,216.0,61.0,1109.0,1109.0,3031.0,20799.0,20799.0,1.0,7.0,7.0,0.0,2.0,2.0,0.03349282296650718,,,0.05820610687022901,,,0.17058757316524087,,,0.16666666666666666,,,0.0,,,0,0,0,2,1.0,1.0,0.0,0.0,1.0,4.0,19.53,1.0,1.0,0.0,0.0,1.0,4.0,19.53,1.0,1.0,0.0,0.0,1.0,4.0,19.53,0,0,0,0,CT017821,1,1716448.4,1716448.4,Annual,True,42.0,323.0,0,0,0
C09793,2025-03-24,0,Healthcare,APAC,SMB,86,Inbound,354,0.9691991786447639,95.31,56.75,0.2677,0.975,Improving,0.46999999999999886,2.3400000000000034,5.480000000000004,0.004955714888232801,0.025169409486931305,0.06100411889123905,15,95,7,1769,3,50,23,0,22,0,0.0,2.0,2.0,-18.0,12.0,5.0,-364.0,341.0,-53.0,0.0,0.0,0.0,0.0,0.0,0.0,0.0,0.15384615384615385,0.15384615384615385,-0.1592920353982301,0.14457831325301204,0.05555555555555555,-0.1706516643225504,0.23879551820728293,-0.029088913282107574,0.0,0.0,0.0,0.0,0.0,0.0,1,0,0,3,0.0,0.0,0.0,0.0,0.0,,,0.0,0.0,0.0,0.0,0.0,,,1.0,0.0,0.0,0.0,0.0,4.0,124.29,0,0,0,1,CT009793,1,205559.86,205559.86,Annual,True,354.0,11.0,1,1,1
C03657,2025-06-30,0,Professional Services,APAC,SMB,53,Referral,165,0.4517453798767967,64.25,72.67,0.0033,0.7735,Stable,-0.75,-1.519999999999996,-1.1099999999999994,-0.011538461538461539,-0.02311084080887937,-0.016982864137086894,6,21,5,395,2,15,6,0,0,0,0.0,0.0,0.0,-20.0,1.0,-19.0,-441.0,-22.0,-413.0,-1.0,1.0,0.0,0.0,0.0,0.0,0.0,0.0,0.0,-0.4878048780487805,0.05,-0.475,-0.527511961722488,-0.05275779376498801,-0.5111386138613861,-0.16666666666666666,0.25,0.0,0.0,0.0,0.0,1,1,1,2,2.0,1.0,1.0,0.0,0.0,3.5,37.07,2.0,1.0,1.0,0.0,0.0,3.5,37.07,2.0,1.0,1.0,0.0,0.0,3.5,37.07,0,0,0,0,CT003657,1,275522.22,275522.22,Annual,True,165.0,200.0,0,0,0
C00020,2025-01-13,0,Telecommunications,APAC,Mid-Market,796,Inbound,72,0.1971252566735113,100.0,74.5,0.279,1.0654,Improving,0.0,0.0,1.0300000000000011,0.0,0.0,0.010407194099221998,208,760,7,15396,1,760,0,0,0,0,9.0,10.0,208.0,26.0,21.0,760.0,2807.0,-37.0,15396.0,2.0,0.0,7.0,0.0,0.0,1.0,0.04522613065326633,0.050505050505050504,,0.035422343324250684,0.028416779431664412,,0.22297243625387242,-0.002397459988336681,,0.4,0.0,,0.0,0.0,,0,0,0,1,1.0,0.0,0.0,0.0,1.0,4.0,26.84,1.0,0.0,0.0,0.0,1.0,4.0,26.84,1.0,0.0,0.0,0.0,1.0,4.0,26.84,0,0,0,0,CT000020,1,2845138.48,5690276.96,Two-year,True,72.0,658.0,0,0,0
C10841,2024-11-11,1,Education,Europe,Mid-Market,1169,Partner,158,0.432580424366872,40.42,70.41,-0.2729,0.704,Declining,-2.3399999999999963,-3.509999999999998,-3.019999999999996,-0.054724041159962496,-0.07989984065558839,-0.06952117863720064,109,484,6,10581,2,313,171,0,0,0,-17.0,-21.0,-26.0,-75.0,-109.0,-88.0,-1639.0,-1540.0,-804.0,-1.0,0.0,0.0,0.0,0.0,0.0,-0.1349206349206349,-0.16153846153846155,-0.1925925925925926,-0.13416815742397137,-0.18381112984822934,-0.15384615384615385,-0.1341243862520458,-0.12705222341390973,-0.07061923583662714,-0.14285714285714285,0.0,0.0,0.0,0.0,0.0,0,0,0,2,2.0,0.0,0.0,0.0,1.0,4.5,35.03,4.0,1.0,0.0,0.0,2.0,4.0,28.7725,6.0,2.0,0.0,0.0,2.0,3.75,56.14375,0,1,0,1,CT010841,1,10000000.0,20000000.0,Two-year,True,158.0,572.0,0,0,0
C08700,2025-06-02,0,Logistics,APAC,SMB,177,Referral,52,0.14236824093086928,89.62,61.36,0.266,0.835,Improving,0.4100000000000108,-0.29999999999999716,2.3400000000000034,0.004595897320928268,-0.00333629893238431,0.02681026581118244,36,133,5,2821,1,133,0,0,0,0,-1.0,36.0,36.0,-29.0,133.0,133.0,-434.0,2821.0,2821.0,0.0,5.0,5.0,0.0,1.0,1.0,-0.02702702702702703,,,-0.17901234567901234,,,-0.13333333333333333,,,0.0,,,0.0,,,0,0,0,1,0.0,0.0,0.0,0.0,0.0,,,0.0,0.0,0.0,0.0,0.0,,,0.0,0.0,0.0,0.0,0.0,,,0,0,0,0,CT008700,1,792114.2,792114.2,Annual,True,52.0,313.0,0,0,0
C02988,2024-11-04,0,Healthcare,North America,SMB,198,Enterprise Sales,268,0.7337440109514032,70.36,90.86,-0.1396,0.78,Declining,-2.3499999999999943,-4.299999999999997,-5.549999999999997,-0.03232017604180985,-0.05759442807393514,-0.07311289685153467,37,114,5,1932,1,114,0,0,0,0,-5.0,-6.0,-7.0,-38.0,-1.0,-7.0,-238.0,-427.0,-1302.0,0.0,-1.0,0.0,0.0,0.0,0.0,-0.11904761904761904,-0.13953488372093023,-0.1590909090909091,-0.25,-0.008695652173913044,-0.05785123966942149,-0.10967741935483871,-0.18100890207715134,-0.4025974025974026,0.0,-0.16666666666666666,0.0,0.0,0.0,0.0,0,1,0,1,0.0,0.0,0.0,0.0,0.0,,,1.0,1.0,0.0,0.0,0.0,4.0,22.3,3.0,2.0,0.0,0.0,1.0,4.0,30.599999999999998,0,1,0,0,CT002988,1,524305.14,524305.14,Annual,True,268.0,97.0,0,0,1
C16943,2024-12-02,0,Logistics,APAC,SMB,40,Referral,179,0.49007529089664614,54.66,67.74,-0.0532,1.0809,Stable,0.9799999999999969,0.35999999999999943,3.509999999999998,0.018256333830104263,0.006629834254143636,0.06862170087976537,5,20,6,392,2,19,0,0,0,1,0.0,0.0,0.0,-4.0,2.0,6.0,-64.0,47.0,153.0,0.0,1.0,2.0,0.0,0.0,0.0,0.0,0.0,0.0,-0.16666666666666666,0.1111111111111111,0.42857142857142855,-0.14035087719298245,0.13623188405797101,0.6401673640167364,0.0,0.2,0.5,0.0,0.0,0.0,0,0,0,2,0.0,0.0,0.0,0.0,0.0,,,0.0,0.0,0.0,0.0,0.0,,,0.0,0.0,0.0,0.0,0.0,,,0,0,0,0,CT016943,1,1500000.0,1500000.0,Annual,True,179.0,186.0,0,0,0
C02814,2024-08-12,0,Financial Services,Latin America,SMB,224,Inbound,203,0.5557837097878165,45.68,69.66,-0.3518,0.8076,Declining,-1.6499999999999986,-4.210000000000001,-4.890000000000001,-0.03486160997253325,-0.0843856484265384,-0.09669764682618154,7,35,6,819,2,30,0,0,0,5,-2.0,-2.0,-2.0,-10.0,6.0,-1.0,-29.0,284.0,126.0,-1.0,3.0,1.0,0.0,0.0,0.0,-0.2222222222222222,-0.2222222222222222,-0.2222222222222222,-0.2222222222222222,0.20689655172413793,-0.027777777777777776,-0.03419811320754717,0.5308411214953271,0.18181818181818182,-0.14285714285714285,1.0,0.2,0.0,0.0,0.0,0,0,0,2,0.0,0.0,0.0,0.0,0.0,,,0.0,0.0,0.0,0.0,0.0,,,2.0,0.0,0.0,0.0,0.0,3.5,30.375,0,0,0,0,CT002814,1,200000.0,200000.0,Annual,True,203.0,162.0,0,0,1
C18424,2024-05-20,0,Logistics,North America,SMB,108,Partner,99,0.27104722792607805,80.96,74.21,0.0111,0.9556,Stable,0.7399999999999949,3.0,4.3999999999999915,0.009224632261281413,0.03848127244740893,0.05747126436781598,24,136,5,2886,2,77,0,59,0,0,1.0,1.0,2.0,15.0,4.0,21.0,390.0,201.0,1195.0,-2.0,-2.0,-2.0,0.0,0.0,0.0,0.043478260869565216,0.043478260869565216,0.09090909090909091,0.12396694214876033,0.030303030303030304,0.1826086956521739,0.15625,0.07486033519553073,0.706682436428149,-0.2857142857142857,-0.2857142857142857,-0.2857142857142857,0.0,0.0,0.0,0,0,0,2,1.0,1.0,0.0,1.0,0.0,5.0,3.34,1.0,1.0,0.0,1.0,0.0,5.0,3.34,1.0,1.0,0.0,1.0,0.0,5.0,3.34,0,0,0,0,CT018424,1,456003.55,912007.1,Two-year,False,99.0,631.0,0,0,0
C19418,2024-05-06,0,Technology,Latin America,SMB,175,Direct Sales,30,0.08213552361396304,71.57,66.37,0.0536,0.5874,Stable,0.6999999999999886,1.1899999999999977,2.1799999999999926,0.00987724001693225,0.01690821256038644,0.031416630638420415,30,133,6,2172,2,120,0,0,0,13,30.0,30.0,30.0,133.0,133.0,133.0,2172.0,2172.0,2172.0,6.0,6.0,6.0,2.0,2.0,2.0,,,,,,,,,,,,,,,,0,0,0,2,0.0,0.0,0.0,0.0,0.0,,,0.0,0.0,0.0,0.0,0.0,,,0.0,0.0,0.0,0.0,0.0,,,0,0,0,0,CT019418,1,497400.5,497400.5,Annual,True,30.0,335.0,0,0,0
C16680,2024-04-15,0,Education,North America,SMB,201,Inbound,1,0.0027378507871321013,73.56,78.05,-0.0088,0.9855,Stable,1.7000000000000028,3.430000000000007,5.980000000000004,0.023657111049262495,0.048909168686724756,0.08848771825984025,0,0,0,0,0,0,0,0,0,0,0.0,0.0,0.0,0.0,0.0,0.0,0.0,0.0,0.0,0.0,0.0,0.0,0.0,0.0,0.0,,,,,,,,,,,,,,,,0,0,0,2,0.0,0.0,0.0,0.0,0.0,,,0.0,0.0,0.0,0.0,0.0,,,0.0,0.0,0.0,0.0,0.0,,,0,0,0,0,CT016680,1,711176.81,711176.81,Annual,True,1.0,364.0,0,0,0
C08337,2025-02-10,0,Telecommunications,North America,Mid-Market,1289,Partner,21,0.057494866529774126,93.0,86.67,0.1001,0.4921,Stable,0.5400000000000063,0.6299999999999955,0.12999999999999545,0.005840363400389426,0.006820396232542984,0.0013998061806826257,409,2897,6,53330,3,1546,0,780,571,0,409.0,409.0,409.0,2897.0,2897.0,2897.0,53330.0,53330.0,53330.0,6.0,6.0,6.0,3.0,3.0,3.0,,,,,,,,,,,,,,,,0,0,0,3,0.0,0.0,0.0,0.0,0.0,,,0.0,0.0,0.0,0.0,0.0,,,0.0,0.0,0.0,0.0,0.0,,,0,0,0,0,CT008337,1,1917289.23,1917289.23,Annual,True,21.0,344.0,0,0,0
C17519,2025-05-05,1,Retail,APAC,SMB,97,Referral,91,0.24914442162902123,22.65,72.65,-0.2712,1.0769,Declining,-1.360000000000003,-3.0700000000000003,-2.120000000000001,-0.056643065389421196,-0.1193623639191291,-0.08558740411788458,6,23,4,437,3,15,0,0,7,1,1.0,1.0,1.0,13.0,-1.0,10.0,271.0,-39.0,222.0,1.0,-3.0,0.0,2.0,0.0,1.0,0.2,0.2,0.2,1.3,-0.041666666666666664,0.7692307692307693,1.6325301204819278,-0.0819327731092437,1.0325581395348837,0.3333333333333333,-0.42857142857142855,0.0,2.0,0.0,0.5,0,0,0,3,1.0,0.0,0.0,0.0,0.0,3.0,110.41,1.0,0.0,0.0,0.0,0.0,3.0,110.41,1.0,0.0,0.0,0.0,0.0,3.0,110.41,0,0,1,1,CT017519,1,536430.07,536430.07,Annual,False,91.0,274.0,0,0,0
C04587,2025-04-21,0,Telecommunications,North America,SMB,223,Inbound,43,0.11772758384668036,57.34,80.06,-0.2408,1.1433,Declining,0.28000000000000114,-1.9199999999999946,1.990000000000002,0.0049071153172099745,-0.03239959500506235,0.035953026196928674,27,139,6,2722,2,99,0,40,0,0,-1.0,27.0,27.0,1.0,139.0,139.0,522.0,2722.0,2722.0,-1.0,6.0,6.0,0.0,2.0,2.0,-0.03571428571428571,,,0.007246376811594203,,,0.23727272727272727,,,-0.14285714285714285,,,0.0,,,0,0,0,2,0.0,0.0,0.0,0.0,0.0,,,0.0,0.0,0.0,0.0,0.0,,,0.0,0.0,0.0,0.0,0.0,,,0,0,0,0,CT004587,1,304671.71,304671.71,Annual,False,43.0,322.0,0,0,0
C16607,2024-05-13,0,Education,North America,Enterprise,4369,Enterprise Sales,92,0.2518822724161533,86.2,84.0,0.018,0.5051,Stable,0.5300000000000011,1.1500000000000057,2.0600000000000023,0.0061865297070153044,0.013521457965902478,0.024483004516282412,953,6773,5,118666,3,3350,1665,1758,0,0,111.0,95.0,108.0,816.0,658.0,952.0,2073.0,1553.0,1597.0,-1.0,-1.0,-2.0,0.0,0.0,0.0,0.13182897862232779,0.11072261072261072,0.12781065088757396,0.1369817021990935,0.10760425183973835,0.16354578251159593,0.017779798101086687,0.01326069693373067,0.013641527646089058,-0.16666666666666666,-0.16666666666666666,-0.2857142857142857,0.0,0.0,0.0,0,0,0,3,3.0,0.0,0.0,0.0,0.0,3.6666666666666665,36.846666666666664,3.0,0.0,0.0,0.0,0.0,3.6666666666666665,36.84666666666667,4.0,0.0,0.0,0.0,0.0,3.75,41.1275,0,0,0,0,CT016607,1,7500000.0,15000000.0,Two-year,True,92.0,638.0,0,0,0
C01597,2025-07-21,0,Logistics,North America,SMB,100,Inbound,153,0.4188911704312115,66.79,78.21,0.0154,0.535,Stable,-0.7199999999999989,-0.7299999999999898,-0.20999999999999375,-0.010665086653829045,-0.010811611374407433,-0.003134328358208862,13,84,7,1567,3,36,0,30,18,0,-2.0,-1.0,0.0,-4.0,18.0,12.0,-160.0,448.0,213.0,1.0,0.0,0.0,0.0,0.0,0.0,-0.13333333333333333,-0.07142857142857142,0.0,-0.045454545454545456,0.2727272727272727,0.16666666666666666,-0.09264620729588882,0.40035746201966044,0.15731166912850814,0.16666666666666666,0.0,0.0,0.0,0.0,0.0,0,0,0,3,0.0,0.0,0.0,0.0,0.0,,,1.0,0.0,0.0,0.0,0.0,5.0,34.41,2.0,0.0,0.0,0.0,0.0,4.5,27.999999999999996,0,0,0,0,CT001597,1,394296.34,394296.34,Annual,False,153.0,212.0,0,0,0
C05667,2025-09-01,0,Financial Services,Latin America,SMB,128,Direct Sales,163,0.4462696783025325,100.0,78.18,0.3592,0.4792,Improving,0.0,0.10999999999999943,0.0,0.0,0.0011012113324657066,0.0,29,109,4,2139,1,109,0,0,0,0,0.0,0.0,-1.0,12.0,-11.0,7.0,368.0,-310.0,170.0,1.0,0.0,1.0,0.0,0.0,0.0,0.0,0.0,-0.03333333333333333,0.12371134020618557,-0.09166666666666666,0.06862745098039216,0.2077922077922078,-0.12658227848101267,0.08633824276282377,0.3333333333333333,0.0,0.3333333333333333,0.0,0.0,0.0,0,0,0,1,0.0,0.0,0.0,0.0,0.0,,,0.0,0.0,0.0,0.0,0.0,,,0.0,0.0,0.0,0.0,0.0,,,0,0,0,0,CT005667,1,405992.18,1217976.54,Three-year,True,163.0,932.0,0,0,0
C19765,2025-09-22,0,Retail,Europe,SMB,221,Partner,81,0.22176591375770022,89.78,77.37,0.0516,0.8474,Stable,-0.5499999999999972,-2.700000000000003,-3.9299999999999926,-0.006088785564042922,-0.029195501730103837,-0.04193789350122711,64,352,6,6537,2,245,0,107,0,0,-5.0,-6.0,64.0,-7.0,-69.0,352.0,-1496.0,-951.0,6537.0,0.0,0.0,6.0,0.0,0.0,2.0,-0.07246376811594203,-0.08571428571428572,,-0.019498607242339833,-0.16389548693586697,,-0.18623179385036723,-0.12700320512820512,,0.0,0.0,,0.0,0.0,,1,0,0,2,0.0,0.0,0.0,0.0,0.0,,,0.0,0.0,0.0,0.0,0.0,,,1.0,0.0,0.0,0.0,0.0,4.0,43.88,0,0,0,0,CT019765,1,509326.35,509326.35,Annual,True,81.0,284.0,0,0,0
C06381,2025-03-24,0,Government,Middle East,Mid-Market,787,Inbound,50,0.13689253935660506,76.17,71.1,-0.005,0.727,Stable,-1.2000000000000028,-2.969999999999999,-4.140000000000001,-0.015509887553315274,-0.03752843062926458,-0.05155024280911469,222,1838,7,35411,4,757,395,392,294,0,16.0,222.0,222.0,180.0,1838.0,1838.0,1546.0,35411.0,35411.0,2.0,7.0,7.0,0.0,4.0,4.0,0.07766990291262135,,,0.10856453558504221,,,0.045651852945518975,,,0.4,,,0.0,,,0,0,0,4,3.0,1.0,0.0,0.0,1.0,3.6666666666666665,44.61333333333334,3.0,1.0,0.0,0.0,1.0,3.6666666666666665,44.61333333333334,3.0,1.0,0.0,0.0,1.0,3.6666666666666665,44.61333333333334,0,0,0,0,CT006381,1,3964798.77,3964798.77,Annual,False,50.0,315.0,0,0,0
C11704,2024-11-18,0,Financial Services,North America,SMB,81,Inbound,24,0.06570841889117043,99.13,81.86,0.2715,0.7261,Improving,-0.8700000000000045,-0.8700000000000045,0.23999999999999488,-0.008700000000000046,-0.008700000000000046,0.0024269390231569914,31,221,5,4201,3,123,0,59,0,39,31.0,31.0,31.0,221.0,221.0,221.0,4201.0,4201.0,4201.0,5.0,5.0,5.0,3.0,3.0,3.0,,,,,,,,,,,,,,,,0,0,0,3,0.0,0.0,0.0,0.0,0.0,,,0.0,0.0,0.0,0.0,0.0,,,0.0,0.0,0.0,0.0,0.0,,,0,0,0,0,CT011704,1,548771.62,548771.62,Annual,True,24.0,341.0,0,0,0
C15894,2025-04-14,0,Healthcare,North America,Mid-Market,910,Inbound,194,0.5311430527036276,78.87,94.72,-0.0536,0.9239,Stable,-3.3699999999999903,-5.189999999999998,-7.920000000000002,-0.04097762645914385,-0.06174161313347606,-0.09125475285171104,213,1184,7,21612,2,789,0,395,0,0,-6.0,-25.0,-25.0,-8.0,-72.0,-63.0,-4296.0,-2319.0,-2996.0,0.0,2.0,0.0,0.0,0.0,0.0,-0.0273972602739726,-0.10504201680672269,-0.10504201680672269,-0.006711409395973154,-0.05732484076433121,-0.05052125100240577,-0.16581750810560444,-0.09690359784380093,-0.12174902470741222,0.0,0.4,0.0,0.0,0.0,0.0,1,0,0,2,1.0,0.0,1.0,0.0,1.0,4.0,41.8,1.0,0.0,1.0,0.0,1.0,4.0,41.8,2.0,0.0,1.0,0.0,1.0,4.0,70.71000000000001,0,0,0,1,CT015894,1,3080233.49,3080233.49,Annual,True,194.0,171.0,0,0,1
C02989,2025-01-20,0,Technology,North America,SMB,249,Inbound,235,0.6433949349760438,99.13,77.22,0.3495,0.8951,Improving,-0.8700000000000045,-0.8700000000000045,-0.8700000000000045,-0.008700000000000046,-0.008700000000000046,-0.008700000000000046,29,103,5,1732,1,103,0,0,0,0,1.0,2.0,2.0,-4.0,2.0,-7.0,137.0,-464.0,-432.0,0.0,-1.0,1.0,0.0,0.0,0.0,0.03571428571428571,0.07407407407407407,0.07407407407407407,-0.037383177570093455,0.019801980198019802,-0.06363636363636363,0.08589341692789969,-0.21129326047358835,-0.19963031423290203,0.0,-0.16666666666666666,0.25,0.0,0.0,0.0,0,0,0,1,0.0,0.0,0.0,0.0,0.0,,,1.0,0.0,0.0,0.0,0.0,4.0,16.8,1.0,0.0,0.0,0.0,0.0,4.0,16.8,0,0,0,0,CT002989,1,200000.0,400000.0,Two-year,False,235.0,495.0,0,0,0
C09058,2025-07-21,0,Telecommunications,APAC,Enterprise,2001,Inbound,290,0.7939767282683093,76.98,67.65,-0.0351,0.9368,Stable,0.35999999999999943,0.9300000000000068,1.3900000000000006,0.004698512137823015,0.01222879684418155,0.01838867575076069,328,1718,4,35886,2,1141,0,577,0,0,7.0,11.0,0.0,-23.0,97.0,-60.0,8229.0,4131.0,891.0,-2.0,-2.0,-3.0,0.0,0.0,0.0,0.021806853582554516,0.03470031545741325,0.0,-0.013210798391728892,0.05983960518198643,-0.03374578177727784,0.29753769389304696,0.1300897496457251,0.02546078011144449,-0.3333333333333333,-0.3333333333333333,-0.42857142857142855,0.0,0.0,0.0,0,0,0,2,2.0,1.0,0.0,0.0,1.0,4.0,95.14999999999999,4.0,1.0,0.0,0.0,2.0,4.25,71.82249999999999,8.0,2.0,1.0,0.0,5.0,4.0,56.75083333333333,1,1,0,1,CT009058,1,11521070.24,11521070.24,Annual,True,290.0,75.0,0,1,1
C18752,2025-09-15,0,Technology,APAC,Mid-Market,1581,Referral,67,0.1834360027378508,75.13,77.72,-0.0419,0.5999,Stable,0.03999999999999204,-0.480000000000004,-1.1899999999999977,0.000532694100412732,-0.006348366618172252,-0.015592243186582781,390,2983,7,55215,4,1424,662,0,548,349,27.0,9.0,390.0,265.0,280.0,2983.0,4504.0,2378.0,55215.0,0.0,0.0,7.0,0.0,0.0,4.0,0.0743801652892562,0.023622047244094488,,0.0974981604120677,0.10358860525342212,,0.08881702194790085,0.04500634025398868,,0.0,0.0,,0.0,0.0,,0,0,0,4,2.0,1.0,0.0,0.0,0.0,4.0,51.95,4.0,1.0,0.0,1.0,0.0,4.25,35.0,4.0,1.0,0.0,1.0,0.0,4.25,35.0,0,0,0,0,CT018752,1,2340204.11,2340204.11,Annual,True,67.0,298.0,0,0,0
C11438,2024-08-26,1,Education,Middle East,SMB,238,Partner,110,0.30116358658453113,15.81,73.72,-0.5838,0.5943,Rapidly Declining,-5.909999999999998,-9.87,-11.22,-0.2720994475138121,-0.38434579439252337,-0.41509433962264153,10,30,4,577,1,30,0,0,0,0,0.0,0.0,1.0,13.0,-3.0,2.0,314.0,11.0,79.0,1.0,0.0,0.0,0.0,0.0,0.0,0.0,0.0,0.1111111111111111,0.7647058823529411,-0.09090909090909091,0.07142857142857142,1.193916349809886,0.019434628975265017,0.15863453815261044,0.3333333333333333,0.0,0.0,0.0,0.0,0.0,0,0,0,1,0.0,0.0,0.0,0.0,0.0,,,0.0,0.0,0.0,0.0,0.0,,,0.0,0.0,0.0,0.0,0.0,,,0,0,0,0,CT011438,1,743320.04,743320.04,Annual,True,110.0,255.0,0,0,0
C12714,2024-12-23,0,Telecommunications,Middle East,SMB,213,Direct Sales,80,0.2190280629705681,99.75,98.12,0.051,0.6325,Stable,-0.010000000000005116,-0.25,0.09999999999999432,-0.00010024057738577702,-0.0025,0.0010035122930255325,109,943,6,18188,4,456,211,0,134,142,1.0,-5.0,109.0,60.0,-2.0,943.0,417.0,356.0,18188.0,-1.0,-1.0,6.0,0.0,0.0,4.0,0.009259259259259259,-0.043859649122807015,,0.06795016987542468,-0.0021164021164021165,,0.02346519610601542,0.01996410946612831,,-0.14285714285714285,-0.14285714285714285,,0.0,0.0,,0,0,0,4,0.0,0.0,0.0,0.0,0.0,,,0.0,0.0,0.0,0.0,0.0,,,1.0,0.0,0.0,0.0,0.0,4.0,18.7,0,0,0,0,CT012714,1,760096.76,760096.76,Annual,True,80.0,285.0,0,0,0
C19498,2025-08-18,0,Education,Europe,Mid-Market,1926,Partner,317,0.8678986995208761,98.97,75.83,0.0587,1.1483,Stable,-1.0300000000000011,-1.0300000000000011,-0.5100000000000051,-0.01030000000000001,-0.01030000000000001,-0.005126658624849267,905,7824,6,157791,4,3401,1760,1709,0,954,-83.0,-86.0,-117.0,-583.0,-685.0,-1105.0,-23435.0,-12308.0,-32519.0,1.0,-1.0,0.0,0.0,0.0,0.0,-0.0840080971659919,-0.08678102926337034,-0.11448140900195694,-0.06934697276079457,-0.08050299682688918,-0.12375405980512935,-0.12931367463829693,-0.07235786218613866,-0.1708738374231517,0.2,-0.14285714285714285,0.0,0.0,0.0,0.0,0,0,0,4,1.0,0.0,0.0,0.0,0.0,5.0,59.88,1.0,0.0,0.0,0.0,0.0,5.0,59.88,1.0,0.0,0.0,0.0,0.0,5.0,59.88,0,0,0,1,CT019498,1,5280826.98,10561653.96,Two-year,True,317.0,413.0,0,0,0
C03951,2024-05-20,1,Technology,North America,SMB,232,Inbound,24,0.06570841889117043,62.78,67.73,0.0257,1.1387,Stable,3.9100000000000037,7.93,10.509999999999998,0.06641753015118064,0.1445761166818596,0.20107136024488229,31,148,7,2522,2,89,59,0,0,0,31.0,31.0,31.0,148.0,148.0,148.0,2522.0,2522.0,2522.0,7.0,7.0,7.0,2.0,2.0,2.0,,,,,,,,,,,,,,,,0,0,0,2,0.0,0.0,0.0,0.0,0.0,,,0.0,0.0,0.0,0.0,0.0,,,0.0,0.0,0.0,0.0,0.0,,,0,0,0,0,CT003951,1,386324.72,386324.72,Annual,True,24.0,341.0,0,0,0
C13517,2025-07-21,0,Healthcare,Europe,SMB,213,Referral,518,1.4182067077344285,85.54,79.58,0.055,0.5892,Stable,-1.1699999999999875,0.30000000000001137,-0.1699999999999875,-0.0134932533733132,0.0035194744251526443,-0.0019834325049584356,45,160,4,2841,1,160,0,0,0,0,-3.0,-4.0,-3.0,-22.0,-1.0,1.0,-130.0,-331.0,422.0,-2.0,2.0,0.0,0.0,0.0,0.0,-0.0625,-0.08163265306122448,-0.0625,-0.12087912087912088,-0.006211180124223602,0.006289308176100629,-0.043756311006395154,-0.10435056746532156,0.17445225299710623,-0.3333333333333333,1.0,0.0,0.0,0.0,0.0,0,0,0,1,0.0,0.0,0.0,0.0,0.0,,,0.0,0.0,0.0,0.0,0.0,,,0.0,0.0,0.0,0.0,0.0,,,0,0,0,0,CT013517,1,503569.73,1007139.46,Two-year,True,518.0,212.0,0,0,0
C11587,2024-12-09,0,Manufacturing,Middle East,Mid-Market,1012,Partner,35,0.09582477754962354,62.74,57.63,-0.0159,0.6998,Stable,0.05000000000000426,-0.46999999999999886,-0.6599999999999966,0.0007975753708726155,-0.007435532352475856,-0.010410094637223921,125,567,4,12960,2,381,0,186,0,0,16.0,125.0,125.0,46.0,567.0,567.0,3403.0,12960.0,12960.0,-2.0,4.0,4.0,0.0,2.0,2.0,0.14678899082568808,,,0.08829174664107485,,,0.3560740818248404,,,-0.3333333333333333,,,0.0,,,0,0,0,2,0.0,0.0,0.0,0.0,0.0,,,1.0,0.0,0.0,0.0,1.0,3.0,13.91,1.0,0.0,0.0,0.0,1.0,3.0,13.91,0,0,1,0,CT011587,1,1717760.95,1717760.95,Annual,True,35.0,330.0,0,0,0
C18818,2024-11-11,0,Telecommunications,Middle East,SMB,30,Enterprise Sales,132,0.3613963039014374,63.88,75.29,-0.0988,0.6263,Stable,-1.5700000000000003,-2.4499999999999957,-4.1399999999999935,-0.023987776928953403,-0.03693652947384284,-0.06086445163187289,5,28,6,456,2,19,0,0,9,0,0.0,0.0,0.0,13.0,2.0,-1.0,217.0,51.0,-68.0,2.0,-1.0,-1.0,0.0,0.0,0.0,0.0,0.0,0.0,0.8666666666666667,0.07692307692307693,-0.034482758620689655,0.9079497907949791,0.1259259259259259,-0.1297709923664122,0.5,-0.14285714285714285,-0.14285714285714285,0.0,0.0,0.0,0,0,0,2,0.0,0.0,0.0,0.0,0.0,,,0.0,0.0,0.0,0.0,0.0,,,1.0,0.0,0.0,0.0,0.0,4.0,24.26,0,0,0,0,CT018818,1,1074146.13,1074146.13,Annual,True,132.0,233.0,0,0,0
C02814,2024-10-28,0,Financial Services,Latin America,SMB,224,Inbound,280,0.7665982203969883,42.26,69.66,-0.3518,0.8076,Declining,-0.7899999999999991,-1.3300000000000054,-2.480000000000004,-0.01835075493612077,-0.03051158522596938,-0.05543138131426026,6,19,4,371,2,16,0,0,0,3,0.0,-1.0,-2.0,1.0,-14.0,-21.0,101.0,-215.0,-309.0,-1.0,-2.0,-2.0,1.0,0.0,0.0,0.0,-0.14285714285714285,-0.25,0.05555555555555555,-0.42424242424242425,-0.525,0.37407407407407406,-0.36689419795221845,-0.45441176470588235,-0.2,-0.3333333333333333,-0.3333333333333333,1.0,0.0,0.0,0,1,0,2,0.0,0.0,0.0,0.0,0.0,,,0.0,0.0,0.0,0.0,0.0,,,2.0,0.0,0.0,0.0,0.0,4.0,53.885000000000005,0,0,0,1,CT002814,1,200000.0,200000.0,Annual,True,280.0,85.0,0,1,1
C11112,2024-05-20,0,Government,APAC,SMB,76,Partner,55,0.15058179329226556,74.7,74.68,0.0183,0.5103,Stable,0.2400000000000091,0.9500000000000028,2.280000000000001,0.003223207091055723,0.012881355932203428,0.031483015741507886,13,44,2,633,1,44,0,0,0,0,2.0,13.0,13.0,4.0,44.0,44.0,-35.0,633.0,633.0,-4.0,2.0,2.0,0.0,1.0,1.0,0.18181818181818182,,,0.1,,,-0.05239520958083832,,,-0.6666666666666666,,,0.0,,,0,0,0,1,0.0,0.0,0.0,0.0,0.0,,,1.0,0.0,0.0,0.0,0.0,4.0,135.99,1.0,0.0,0.0,0.0,0.0,4.0,135.99,0,0,0,1,CT011112,1,200000.0,200000.0,Annual,True,55.0,310.0,0,0,0
C11541,2025-09-15,0,Manufacturing,Europe,Mid-Market,1047,Partner,24,0.06570841889117043,84.05,93.25,-0.0036,0.906,Stable,2.739999999999995,5.109999999999999,5.689999999999998,0.03369819210429215,0.06473270838611603,0.0726135783563042,217,1206,6,27248,2,793,0,413,0,0,217.0,217.0,217.0,1206.0,1206.0,1206.0,27248.0,27248.0,27248.0,6.0,6.0,6.0,2.0,2.0,2.0,,,,,,,,,,,,,,,,0,0,0,2,2.0,0.0,0.0,0.0,0.0,4.5,54.715,2.0,0.0,0.0,0.0,0.0,4.5,54.715,2.0,0.0,0.0,0.0,0.0,4.5,54.715,0,0,0,1,CT011541,1,1563272.28,1563272.28,Annual,True,24.0,341.0,0,0,0
C14342,2024-07-08,0,Logistics,North America,SMB,141,Enterprise Sales,172,0.47091033538672145,87.81,70.12,0.1999,0.8682,Improving,0.46000000000000796,2.8299999999999983,5.090000000000003,0.005266170578134035,0.033301953400800166,0.06153288201160546,29,103,6,1766,1,103,0,0,0,0,2.0,1.0,4.0,7.0,-2.0,13.0,383.0,-189.0,11.0,-1.0,3.0,2.0,0.0,0.0,0.0,0.07407407407407407,0.03571428571428571,0.16,0.07291666666666667,-0.01904761904761905,0.14444444444444443,0.2769342010122921,-0.09667519181585678,0.0062678062678062675,-0.14285714285714285,1.0,0.5,0.0,0.0,0.0,0,0,0,1,2.0,0.0,0.0,0.0,0.0,4.5,36.255,2.0,0.0,0.0,0.0,0.0,4.5,36.255,2.0,0.0,0.0,0.0,0.0,4.5,36.255,0,0,0,0,CT014342,1,370042.33,370042.33,Annual,True,172.0,193.0,0,0,0
C09473,2025-05-19,0,Retail,Middle East,SMB,20,Enterprise Sales,22,0.06023271731690623,78.66,76.69,0.0141,0.7449,Stable,-1.5200000000000102,-3.1099999999999994,-1.3900000000000006,-0.018957345971564107,-0.038033508621743914,-0.01736414740787009,3,11,4,212,2,10,0,0,0,1,3.0,3.0,3.0,11.0,11.0,11.0,212.0,212.0,212.0,4.0,4.0,4.0,2.0,2.0,2.0,,,,,,,,,,,,,,,,0,0,0,2,0.0,0.0,0.0,0.0,0.0,,,0.0,0.0,0.0,0.0,0.0,,,0.0,0.0,0.0,0.0,0.0,,,0,0,0,0,CT009473,1,421395.26,421395.26,Annual,True,22.0,343.0,0,0,0
C19065,2024-04-08,0,Technology,APAC,SMB,100,Partner,79,0.216290212183436,61.39,64.14,-0.0045,0.7647,Stable,1.2999999999999972,2.1099999999999994,3.0700000000000003,0.02163421534365114,0.03559379217273953,0.0526406035665295,15,66,5,990,2,50,0,0,16,0,0.0,1.0,15.0,0.0,9.0,66.0,45.0,65.0,990.0,0.0,-1.0,5.0,0.0,0.0,2.0,0.0,0.07142857142857142,,0.0,0.15789473684210525,,0.047619047619047616,0.07027027027027027,,0.0,-0.16666666666666666,,0.0,0.0,,0,0,0,2,0.0,0.0,0.0,0.0,0.0,,,1.0,0.0,1.0,0.0,1.0,3.0,27.97,1.0,0.0,1.0,0.0,1.0,3.0,27.97,0,0,1,0,CT019065,1,754144.13,2262432.39,Three-year,True,79.0,1016.0,0,0,0
C15533,2025-03-17,0,Retail,North America,SMB,107,Inbound,423,1.158110882956879,97.58,88.26,-0.0035,1.168,Stable,-2.1400000000000006,0.269999999999996,3.3499999999999943,-0.021460088247091863,0.002774637755626308,0.035551310622943796,30,171,6,3095,2,98,0,73,0,0,0.0,1.0,3.0,4.0,11.0,14.0,50.0,-273.0,638.0,-1.0,0.0,-1.0,0.0,0.0,0.0,0.0,0.034482758620689655,0.1111111111111111,0.023952095808383235,0.06875,0.08917197452229299,0.016420361247947456,-0.08105700712589074,0.25966625966625967,-0.14285714285714285,0.0,-0.14285714285714285,0.0,0.0,0.0,0,0,0,2,0.0,0.0,0.0,0.0,0.0,,,0.0,0.0,0.0,0.0,0.0,,,0.0,0.0,0.0,0.0,0.0,,,0,0,0,0,CT015533,1,956932.19,1913864.38,Two-year,False,423.0,307.0,0,0,0
C04271,2025-10-06,0,Healthcare,North America,Enterprise,9621,Inbound,14,0.038329911019849415,85.03,62.29,0.242,1.1136,Improving,2.180000000000007,2.460000000000008,-2.069999999999993,0.02631261315630666,0.029792902991401336,-0.02376578645235354,2612,20276,6,372555,4,9512,4703,0,3457,2604,2612.0,2612.0,2612.0,20276.0,20276.0,20276.0,372555.0,372555.0,372555.0,6.0,6.0,6.0,4.0,4.0,4.0,,,,,,,,,,,,,,,,0,0,0,4,0.0,0.0,0.0,0.0,0.0,,,0.0,0.0,0.0,0.0,0.0,,,0.0,0.0,0.0,0.0,0.0,,,0,0,0,0,CT004271,1,17548242.18,17548242.18,Annual,True,14.0,351.0,0,0,0
C02986,2025-08-18,0,Logistics,Middle East,SMB,76,Enterprise Sales,280,0.7665982203969883,68.02,70.53,-0.0414,0.694,Stable,0.1599999999999966,-0.6099999999999994,-0.6800000000000068,0.0023577954612436867,-0.00888824129389479,-0.0098981077147017,6,30,7,566,2,22,0,0,0,8,0.0,0.0,0.0,-2.0,0.0,18.0,12.0,-60.0,300.0,0.0,0.0,1.0,0.0,0.0,0.0,0.0,0.0,0.0,-0.0625,0.0,1.5,0.021660649819494584,-0.09584664536741214,1.1278195488721805,0.0,0.0,0.16666666666666666,0.0,0.0,0.0,0,0,0,2,0.0,0.0,0.0,0.0,0.0,,,0.0,0.0,0.0,0.0,0.0,,,1.0,0.0,0.0,0.0,0.0,3.0,111.44,0,0,1,1,CT002986,1,200000.0,200000.0,Annual,True,280.0,85.0,0,1,1
C15899,2025-05-12,0,Professional Services,APAC,SMB,44,Inbound,199,0.5448323066392882,74.42,75.06,-0.0316,0.769,Stable,1.6400000000000006,1.460000000000008,1.9300000000000068,0.02253366309425667,0.020010964912280813,0.026624361980962987,6,25,6,368,1,25,0,0,0,0,0.0,0.0,0.0,-5.0,-2.0,-1.0,-145.0,-124.0,-157.0,0.0,2.0,1.0,0.0,0.0,0.0,0.0,0.0,0.0,-0.16666666666666666,-0.07407407407407407,-0.038461538461538464,-0.2826510721247563,-0.25203252032520324,-0.29904761904761906,0.0,0.5,0.2,0.0,0.0,0.0,1,0,0,1,0.0,0.0,0.0,0.0,0.0,,,1.0,0.0,0.0,1.0,0.0,3.0,5.46,2.0,0.0,0.0,1.0,1.0,3.5,5.414999999999999,0,0,0,0,CT015899,1,800909.09,800909.09,Annual,False,199.0,166.0,0,0,1
C17572,2025-08-25,0,Education,North America,SMB,249,Referral,7,0.019164955509924708,68.58,67.07,-0.016,0.8399,Stable,-1.4899999999999949,-1.480000000000004,-1.0,-0.021264449835878337,-0.021124750214102254,-0.014371945961483185,50,279,5,6101,2,177,102,0,0,0,50.0,50.0,50.0,279.0,279.0,279.0,6101.0,6101.0,6101.0,5.0,5.0,5.0,2.0,2.0,2.0,,,,,,,,,,,,,,,,0,0,0,2,0.0,0.0,0.0,0.0,0.0,,,0.0,0.0,0.0,0.0,0.0,,,0.0,0.0,0.0,0.0,0.0,,,0,0,0,0,CT017572,1,1388849.66,1388849.66,Annual,True,7.0,358.0,0,0,0
C14979,2024-09-02,0,Technology,North America,Enterprise,5703,Enterprise Sales,44,0.12046543463381246,70.83,78.42,-0.0481,0.8246,Stable,-1.3599999999999994,-3.8200000000000074,-4.790000000000006,-0.018839174400886543,-0.051172136637642425,-0.06334303094419473,938,6255,5,118002,3,3073,1561,1621,0,0,-120.0,938.0,938.0,-1010.0,6255.0,6255.0,-33712.0,118002.0,118002.0,-1.0,5.0,5.0,0.0,3.0,3.0,-0.11342155009451796,,,-0.13902271163110805,,,-0.22220757477886022,,,-0.16666666666666666,,,0.0,,,1,0,0,3,0.0,0.0,0.0,0.0,0.0,,,1.0,0.0,0.0,0.0,0.0,4.0,61.76,1.0,0.0,0.0,0.0,0.0,4.0,61.76,0,0,0,1,CT014979,1,15217920.52,15217920.52,Annual,True,44.0,321.0,0,0,0
C12688,2025-04-07,0,Manufacturing,North America,SMB,201,Inbound,191,0.5229295003422314,61.74,73.01,-0.0393,1.1833,Stable,-2.4699999999999918,-5.999999999999993,-4.57,-0.03846752842236399,-0.08857395925597865,-0.0689187151259237,41,293,7,5687,4,131,59,48,55,0,-4.0,-9.0,-5.0,-40.0,-154.0,-11.0,-639.0,-3160.0,159.0,0.0,2.0,1.0,0.0,0.0,0.0,-0.08888888888888889,-0.18,-0.10869565217391304,-0.12012012012012012,-0.34451901565995524,-0.03618421052631579,-0.1010116977552956,-0.35718322595230023,0.028762662807525326,0.0,0.4,0.16666666666666666,0.0,0.0,0.0,0,0,0,4,0.0,0.0,0.0,0.0,0.0,,,2.0,1.0,0.0,0.0,1.0,4.5,28.700000000000003,2.0,1.0,0.0,0.0,1.0,4.5,28.700000000000003,0,0,0,0,CT012688,1,1070271.36,2140542.72,Two-year,True,191.0,539.0,0,0,0
C03794,2024-12-09,0,Technology,North America,SMB,221,Enterprise Sales,6,0.01642710472279261,76.74,82.22,-0.0051,0.6508,Stable,-0.10000000000000853,-0.1600000000000108,-1.2000000000000028,-0.0013014055179595072,-0.0020806241872563173,-0.015396458814472708,0,0,0,0,0,0,0,0,0,0,0.0,0.0,0.0,0.0,0.0,0.0,0.0,0.0,0.0,0.0,0.0,0.0,0.0,0.0,0.0,,,,,,,,,,,,,,,,0,0,0,1,0.0,0.0,0.0,0.0,0.0,,,0.0,0.0,0.0,0.0,0.0,,,0.0,0.0,0.0,0.0,0.0,,,0,0,0,0,CT003794,1,776942.13,776942.13,Annual,False,6.0,359.0,0,0,0
C17761,2025-04-07,0,Manufacturing,Middle East,Mid-Market,301,Direct Sales,62,0.1697467488021903,77.37,81.55,-0.0278,0.858,Stable,-1.7099999999999937,-3.519999999999996,-2.739999999999995,-0.021623672230652424,-0.0435158857707998,-0.034202970914991825,58,277,6,5355,2,183,94,0,0,0,0.0,58.0,58.0,11.0,277.0,277.0,-533.0,5355.0,5355.0,-1.0,6.0,6.0,0.0,2.0,2.0,0.0,,,0.041353383458646614,,,-0.09052309782608696,,,-0.14285714285714285,,,0.0,,,0,0,0,2,1.0,0.0,0.0,0.0,0.0,5.0,40.35,2.0,0.0,0.0,0.0,0.0,4.5,38.375,2.0,0.0,0.0,0.0,0.0,4.5,38.375,0,0,0,0,CT017761,1,2585542.35,2585542.35,Annual,True,62.0,303.0,0,0,0
C03008,2024-11-25,0,Technology,Europe,SMB,129,Enterprise Sales,76,0.2080766598220397,88.81,85.6,-0.0239,0.4677,Stable,0.6200000000000045,2.6099999999999994,2.7900000000000063,0.00703027554144466,0.030278422273781896,0.03243431760055809,24,89,6,1569,1,89,0,0,0,0,-1.0,1.0,24.0,0.0,-16.0,89.0,183.0,-474.0,1569.0,3.0,-1.0,6.0,0.0,0.0,1.0,-0.04,0.043478260869565216,,0.0,-0.1523809523809524,,0.13203463203463203,-0.23201174743024963,,1.0,-0.14285714285714285,,0.0,0.0,,0,0,0,1,1.0,0.0,0.0,0.0,0.0,4.0,22.89,1.0,0.0,0.0,0.0,0.0,4.0,22.89,1.0,0.0,0.0,0.0,0.0,4.0,22.89,0,0,0,0,CT003008,1,701017.15,1402034.3,Two-year,True,76.0,654.0,0,0,0
C10130,2025-05-12,0,Government,North America,SMB,186,Inbound,143,0.3915126625598905,84.98,88.81,-0.0209,1.1454,Stable,1.730000000000004,3.430000000000007,3.1200000000000045,0.020780780780780828,0.042060085836909955,0.03811385291961892,44,161,6,2806,1,161,0,0,0,0,4.0,4.0,4.0,30.0,15.0,41.0,414.0,263.0,1003.0,0.0,2.0,1.0,0.0,0.0,0.0,0.1,0.1,0.1,0.22900763358778625,0.10273972602739725,0.3416666666666667,0.17307692307692307,0.10342115611482501,0.5562950637825845,0.0,0.5,0.2,0.0,0.0,0.0,0,0,0,1,1.0,0.0,0.0,0.0,0.0,5.0,36.27,1.0,0.0,0.0,0.0,0.0,5.0,36.27,1.0,0.0,0.0,0.0,0.0,5.0,36.27,0,0,0,0,CT010130,1,588125.59,588125.59,Annual,True,143.0,222.0,0,0,0
C16816,2024-12-16,0,Healthcare,APAC,Mid-Market,331,Direct Sales,159,0.4353182751540041,34.65,66.19,-0.2539,0.7959,Declining,-4.6200000000000045,-6.149999999999999,-7.640000000000001,-0.11764705882352952,-0.15073529411764702,-0.18065736580751954,16,109,7,2326,4,48,29,18,0,14,-1.0,-3.0,-3.0,-13.0,2.0,-14.0,-213.0,-53.0,-333.0,2.0,1.0,0.0,0.0,0.0,0.0,-0.058823529411764705,-0.15789473684210525,-0.15789473684210525,-0.10655737704918032,0.018691588785046728,-0.11382113821138211,-0.08389129578574242,-0.022278268179907523,-0.12523505077096653,0.4,0.16666666666666666,0.0,0.0,0.0,0.0,0,0,0,4,0.0,0.0,0.0,0.0,0.0,,,1.0,0.0,0.0,0.0,0.0,4.0,40.08,3.0,0.0,0.0,0.0,0.0,4.25,37.17,0,0,0,0,CT016816,1,1603450.19,4810350.57,Three-year,True,159.0,936.0,0,0,0
C17430,2024-04-08,0,Government,North America,SMB,78,Referral,18,0.049281314168377825,74.25,73.06,-0.04,1.0653,Stable,-0.3299999999999983,-1.75,-1.1800000000000068,-0.004424778761061924,-0.023026315789473683,-0.015643643112819922,16,91,7,1806,3,48,34,0,0,9,16.0,16.0,16.0,91.0,91.0,91.0,1806.0,1806.0,1806.0,7.0,7.0,7.0,3.0,3.0,3.0,,,,,,,,,,,,,,,,0,0,0,3,0.0,0.0,0.0,0.0,0.0,,,0.0,0.0,0.0,0.0,0.0,,,0.0,0.0,0.0,0.0,0.0,,,0,0,0,0,CT017430,1,408901.45,408901.45,Annual,False,18.0,347.0,0,0,0
C07482,2024-07-15,0,Financial Services,Europe,Enterprise,2975,Enterprise Sales,59,0.16153319644079397,97.49,73.75,0.3439,0.9157,Improving,-1.0799999999999983,-1.460000000000008,-2.510000000000005,-0.010956680531601891,-0.014754926730672137,-0.025100000000000053,1041,7292,7,138967,3,3828,0,1994,1470,0,-13.0,1041.0,1041.0,-109.0,7292.0,7292.0,7976.0,138967.0,138967.0,1.0,7.0,7.0,0.0,3.0,3.0,-0.012333965844402278,,,-0.014727739494662884,,,0.060889679443625895,,,0.16666666666666666,,,0.0,,,0,0,0,3,1.0,0.0,0.0,0.0,1.0,5.0,35.1,1.0,0.0,0.0,0.0,1.0,5.0,35.1,1.0,0.0,0.0,0.0,1.0,5.0,35.1,0,0,0,0,CT007482,1,28116614.04,56233228.08,Two-year,True,59.0,671.0,0,0,0
C12228,2024-07-15,0,Logistics,APAC,SMB,139,Inbound,78,0.2135523613963039,32.41,71.0,-0.4703,1.1801,Rapidly Declining,-6.940000000000005,-8.71,-11.550000000000004,-0.17636594663278282,-0.21181906614785995,-0.2627388535031848,5,12,5,194,1,12,0,0,0,0,-1.0,-1.0,5.0,-8.0,-5.0,12.0,-144.0,-98.0,194.0,2.0,0.0,5.0,0.0,0.0,1.0,-0.16666666666666666,-0.16666666666666666,,-0.4,-0.29411764705882354,,-0.4260355029585799,-0.3356164383561644,,0.6666666666666666,0.0,,0.0,0.0,,1,0,0,1,0.0,0.0,0.0,0.0,0.0,,,0.0,0.0,0.0,0.0,0.0,,,1.0,0.0,0.0,0.0,1.0,4.0,22.45,0,0,0,0,CT012228,1,200000.0,200000.0,Annual,True,78.0,287.0,0,0,0
C08905,2025-08-11,1,Technology,Middle East,Enterprise,2001,Referral,373,1.0212183436002737,44.09,91.25,-0.4872,0.8534,Rapidly Declining,2.1700000000000017,2.190000000000005,-0.12999999999999545,0.05176526717557256,0.052267303102625416,-0.0029398462234282103,104,552,7,10595,3,291,0,143,118,0,5.0,-3.0,-28.0,56.0,-49.0,-200.0,1483.0,-60.0,-3093.0,1.0,0.0,1.0,0.0,0.0,0.0,0.050505050505050504,-0.028037383177570093,-0.21212121212121213,0.11290322580645161,-0.08153078202995008,-0.26595744680851063,0.16275241439859525,-0.005631159080244017,-0.22596434833430742,0.16666666666666666,0.0,0.16666666666666666,0.0,0.0,0.0,0,0,0,3,3.0,0.0,0.0,0.0,2.0,3.5,23.07,7.0,2.0,1.0,0.0,2.0,3.416666666666666,32.155833333333334,10.0,2.0,1.0,1.0,3.0,3.523809523809524,27.533333333333335,1,1,0,0,CT008905,1,9114254.65,18228509.3,Two-year,True,373.0,357.0,0,0,0
C06334,2024-11-04,0,Telecommunications,North America,SMB,121,Direct Sales,100,0.2737850787132101,36.61,57.16,-0.1034,0.7417,Stable,2.719999999999999,1.1799999999999997,-1.25,0.08025966361758627,0.03330510866497318,-0.03301637612255679,9,45,5,922,2,31,0,0,14,0,0.0,-1.0,-1.0,20.0,5.0,6.0,529.0,277.0,213.0,-1.0,-1.0,0.0,0.0,0.0,0.0,0.0,-0.1,-0.1,0.8,0.125,0.15384615384615385,1.3460559796437659,0.4294573643410853,0.3004231311706629,-0.16666666666666666,-0.16666666666666666,0.0,0.0,0.0,0.0,0,0,0,2,1.0,1.0,0.0,0.0,0.0,3.0,20.5,3.0,1.0,1.0,0.0,0.0,3.3333333333333335,37.083333333333336,5.0,3.0,1.0,0.0,1.0,3.6,32.010000000000005,0,1,0,0,CT006334,1,1500000.0,3000000.0,Two-year,True,100.0,630.0,0,0,0
C05355,2025-07-21,0,Logistics,APAC,Enterprise,12531,Partner,13,0.03559206023271732,80.63,74.95,-0.0141,0.608,Stable,-2.0799999999999983,-4.52000000000001,-3.760000000000005,-0.025148107846693246,-0.053082795067528006,-0.04455504206659563,3974,37192,6,744221,5,13955,6850,7257,5200,3930,3974.0,3974.0,3974.0,37192.0,37192.0,37192.0,744221.0,744221.0,744221.0,6.0,6.0,6.0,5.0,5.0,5.0,,,,,,,,,,,,,,,,0,0,0,5,0.0,0.0,0.0,0.0,0.0,,,0.0,0.0,0.0,0.0,0.0,,,0.0,0.0,0.0,0.0,0.0,,,0,0,0,0,CT005355,1,27715016.96,27715016.96,Annual,True,13.0,352.0,0,0,0
C11689,2025-05-12,0,Logistics,Europe,Mid-Market,1145,Enterprise Sales,25,0.06844626967830253,92.22,93.8,-0.0225,0.5229,Stable,0.09999999999999432,-1.1700000000000017,-2.5999999999999943,0.001085540599218349,-0.012528107934468376,-0.027420375448217616,300,2521,6,47030,4,1085,561,589,0,286,300.0,300.0,300.0,2521.0,2521.0,2521.0,47030.0,47030.0,47030.0,6.0,6.0,6.0,4.0,4.0,4.0,,,,,,,,,,,,,,,,0,0,0,4,0.0,0.0,0.0,0.0,0.0,,,0.0,0.0,0.0,0.0,0.0,,,0.0,0.0,0.0,0.0,0.0,,,0,0,0,0,CT011689,1,1306130.04,1306130.04,Annual,True,25.0,340.0,0,0,0
C18219,2025-08-25,1,Government,Latin America,SMB,105,Enterprise Sales,291,0.7967145790554415,67.29,72.87,0.0479,0.8977,Stable,2.5600000000000023,3.0600000000000023,0.7900000000000063,0.039548895411710215,0.04764128911723497,0.011879699248120395,10,32,4,744,1,32,0,0,0,0,0.0,-1.0,-1.0,-8.0,-10.0,2.0,54.0,-128.0,131.0,-2.0,-1.0,0.0,0.0,0.0,0.0,0.0,-0.09090909090909091,-0.09090909090909091,-0.2,-0.23809523809523808,0.06666666666666667,0.0782608695652174,-0.14678899082568808,0.2137030995106036,-0.3333333333333333,-0.2,0.0,0.0,0.0,0.0,0,0,0,1,0.0,0.0,0.0,0.0,0.0,,,0.0,0.0,0.0,0.0,0.0,,,0.0,0.0,0.0,0.0,0.0,,,0,0,0,0,CT018219,1,200000.0,200000.0,Annual,False,291.0,74.0,0,1,1
C11445,2025-07-07,0,Professional Services,APAC,SMB,148,Enterprise Sales,258,0.7063655030800822,71.29,62.44,0.0169,0.8776,Stable,-1.269999999999996,-2.4299999999999926,-2.4099999999999966,-0.017502756339580983,-0.03296256104177961,-0.03270013568521026,23,132,7,2429,2,83,49,0,0,0,0.0,0.0,-2.0,18.0,24.0,-18.0,83.0,75.0,-416.0,0.0,2.0,0.0,0.0,0.0,0.0,0.0,0.0,-0.08,0.15789473684210525,0.2222222222222222,-0.12,0.035379369138959935,0.0318606627017842,-0.1462214411247803,0.0,0.4,0.0,0.0,0.0,0.0,0,0,0,2,0.0,0.0,0.0,0.0,0.0,,,1.0,0.0,0.0,0.0,0.0,3.0,65.52,3.0,1.0,0.0,1.0,0.0,4.0,33.85666666666666,0,0,0,0,CT011445,1,381053.99,381053.99,Annual,True,258.0,107.0,0,0,1
C06618,2024-10-14,0,Manufacturing,Europe,Enterprise,17532,Enterprise Sales,246,0.6735112936344969,73.89,74.68,-0.0539,1.0924,Stable,0.4300000000000068,-1.0900000000000034,-0.39000000000000057,0.005853525728287597,-0.014537209922646083,-0.005250403877221332,1880,12097,7,212168,3,6451,3199,0,2447,0,-149.0,-88.0,-215.0,-836.0,-418.0,-1297.0,-44728.0,-36233.0,-32270.0,2.0,0.0,2.0,0.0,0.0,0.0,-0.07343518974864466,-0.044715447154471545,-0.1026252983293556,-0.06464084125879532,-0.03339992009588494,-0.09683440346423772,-0.17410936721474837,-0.1458649522344918,-0.13201711681489783,0.4,0.0,0.4,0.0,0.0,0.0,1,0,0,3,0.0,0.0,0.0,0.0,0.0,,,3.0,1.0,0.0,0.0,2.0,4.0,76.24,4.0,2.0,0.0,1.0,2.0,4.0,58.09750000000001,0,1,0,1,CT006618,1,7500000.0,7500000.0,Annual,True,246.0,119.0,0,0,1
C05330,2024-08-26,0,Manufacturing,APAC,SMB,227,Inbound,212,0.5804243668720055,91.97,80.59,0.0578,0.59,Stable,1.3499999999999943,1.269999999999996,2.030000000000001,0.014897373648201217,0.014002205071664785,0.02257060262397155,105,751,5,12801,3,353,198,200,0,0,9.0,7.0,9.0,134.0,19.0,42.0,370.0,-1732.0,-169.0,-1.0,-2.0,-2.0,0.0,0.0,0.0,0.09375,0.07142857142857142,0.09375,0.2171799027552674,0.025956284153005466,0.05923836389280677,0.029764298930094118,-0.11917704534507673,-0.013030069390902082,-0.16666666666666666,-0.2857142857142857,-0.2857142857142857,0.0,0.0,0.0,0,0,0,3,0.0,0.0,0.0,0.0,0.0,,,1.0,0.0,0.0,0.0,1.0,5.0,30.78,1.0,0.0,0.0,0.0,1.0,5.0,30.78,0,0,0,0,CT005330,1,1500000.0,3000000.0,Two-year,True,212.0,518.0,0,0,0
C14050,2025-08-18,0,Logistics,Europe,SMB,159,Referral,154,0.4216290212183436,62.17,78.67,-0.0684,0.4315,Stable,0.060000000000002274,-0.10999999999999943,1.0799999999999983,0.0009660280148124662,-0.0017662170841361501,0.017678834506465842,14,48,4,922,2,31,17,0,0,0,-1.0,0.0,-1.0,-27.0,-17.0,-29.0,-393.0,-447.0,-751.0,-3.0,-1.0,-3.0,0.0,0.0,0.0,-0.06666666666666667,0.0,-0.06666666666666667,-0.36,-0.26153846153846155,-0.37662337662337664,-0.29885931558935364,-0.32651570489408327,-0.44889420203227737,-0.42857142857142855,-0.2,-0.42857142857142855,0.0,0.0,0.0,1,1,0,2,2.0,0.0,0.0,0.0,1.0,5.0,28.705000000000002,2.0,0.0,0.0,0.0,1.0,5.0,28.705000000000002,4.0,0.0,0.0,0.0,1.0,4.333333333333333,33.803333333333335,0,0,0,0,CT014050,1,714238.84,714238.84,Annual,False,154.0,211.0,0,0,0
C15221,2025-04-07,0,Logistics,Europe,SMB,205,Direct Sales,170,0.4654346338124572,60.93,58.61,-0.0034,0.7949,Stable,-0.18999999999999773,-0.5700000000000003,-0.39000000000000057,-0.0031086387434554603,-0.009268292682926834,-0.006360078277886506,16,58,4,954,1,58,0,0,0,0,2.0,0.0,1.0,21.0,3.0,4.0,277.0,-35.0,-210.0,-1.0,-1.0,-1.0,0.0,0.0,0.0,0.14285714285714285,0.0,0.06666666666666667,0.5675675675675675,0.05454545454545454,0.07407407407407407,0.4091580502215657,-0.03538928210313448,-0.18041237113402062,-0.2,-0.2,-0.2,0.0,0.0,0.0,0,0,0,1,0.0,0.0,0.0,0.0,0.0,,,0.0,0.0,0.0,0.0,0.0,,,0.0,0.0,0.0,0.0,0.0,,,0,0,0,0,CT015221,1,280387.24,280387.24,Annual,False,170.0,195.0,0,0,0
C11723,2025-09-01,0,Telecommunications,North America,Mid-Market,516,Referral,9,0.024640657084188913,75.47,68.62,0.0097,0.5593,Stable,-0.09999999999999432,-0.09000000000000341,1.3299999999999983,-0.001323276432446663,-0.0011911064055056036,0.017939034259509015,102,665,6,11217,3,347,169,149,0,0,102.0,102.0,102.0,665.0,665.0,665.0,11217.0,11217.0,11217.0,6.0,6.0,6.0,3.0,3.0,3.0,,,,,,,,,,,,,,,,0,0,0,3,0.0,0.0,0.0,0.0,0.0,,,0.0,0.0,0.0,0.0,0.0,,,0.0,0.0,0.0,0.0,0.0,,,0,0,0,0,CT011723,1,2585996.78,5171993.56,Two-year,False,9.0,721.0,0,0,0
C08675,2025-04-07,0,Healthcare,North America,SMB,115,Direct Sales,98,0.2683093771389459,68.21,73.81,0.0057,0.7566,Stable,0.5299999999999869,-0.07000000000000739,-0.05000000000001137,0.007830969267139287,-0.0010251903925015727,-0.0007324934075594985,18,116,5,2369,3,39,25,52,0,0,0.0,-2.0,1.0,-13.0,-35.0,41.0,149.0,-538.0,860.0,-1.0,-2.0,-1.0,0.0,0.0,0.0,0.0,-0.1,0.058823529411764705,-0.10077519379844961,-0.23178807947019867,0.5466666666666666,0.06711711711711711,-0.18507051943584452,0.5699138502319416,-0.16666666666666666,-0.2857142857142857,-0.16666666666666666,0.0,0.0,0.0,0,0,0,3,0.0,0.0,0.0,0.0,0.0,,,0.0,0.0,0.0,0.0,0.0,,,1.0,0.0,0.0,0.0,0.0,4.0,129.19,0,0,0,1,CT008675,1,921280.75,921280.75,Annual,True,98.0,267.0,0,0,0
C06374,2025-01-13,0,Retail,Middle East,Mid-Market,795,Enterprise Sales,240,0.6570841889117043,73.46,76.26,-0.0752,0.6371,Stable,0.9499999999999886,2.1400000000000006,3.1699999999999875,0.013101641152944264,0.030005608524957948,0.0450988760847914,260,1436,7,28197,3,844,0,0,318,274,12.0,6.0,27.0,20.0,-61.0,133.0,5697.0,-3836.0,6286.0,0.0,1.0,1.0,0.0,0.0,0.0,0.04838709677419355,0.023622047244094488,0.11587982832618025,0.014124293785310734,-0.04074816299265197,0.10207214121258634,0.2532,-0.11975150625917023,0.28688786454292364,0.0,0.16666666666666666,0.16666666666666666,0.0,0.0,0.0,0,0,0,3,0.0,0.0,0.0,0.0,0.0,,,0.0,0.0,0.0,0.0,0.0,,,0.0,0.0,0.0,0.0,0.0,,,0,0,0,0,CT006374,1,10000000.0,10000000.0,Annual,True,240.0,125.0,0,0,1
C18377,2025-06-23,0,Telecommunications,North America,Mid-Market,1676,Direct Sales,449,1.2292950034223136,70.06,79.17,-0.012,0.8886,Stable,-0.8199999999999932,-2.009999999999991,0.20000000000000284,-0.011568848758464916,-0.027889551824614833,0.0028628685943315607,296,1412,6,31654,2,1017,0,0,395,0,-6.0,-17.0,-11.0,1.0,-92.0,19.0,7909.0,4702.0,5951.0,0.0,1.0,-1.0,0.0,0.0,0.0,-0.019867549668874173,-0.054313099041533544,-0.035830618892508145,0.0007087172218284905,-0.061170212765957445,0.013639626704953339,0.33308064855759106,0.1744582962303354,0.2315293934560168,0.0,0.2,-0.14285714285714285,0.0,0.0,0.0,0,0,0,2,2.0,1.0,0.0,2.0,0.0,4.5,9.365,3.0,1.0,0.0,3.0,0.0,4.75,8.487499999999994,5.0,1.0,0.0,3.0,0.0,4.375,52.81375,0,0,0,1,CT018377,1,3762487.92,7524975.84,Two-year,True,449.0,281.0,0,0,0
C02937,2024-12-16,0,Logistics,Middle East,SMB,228,Direct Sales,168,0.459958932238193,44.85,57.33,-0.1399,1.1061,Stable,-2.1599999999999966,-2.6299999999999955,-1.4200000000000017,-0.04594767070835985,-0.05539174389216503,-0.030689431597147213,14,52,4,1056,1,52,0,0,0,0,-1.0,0.0,0.0,-3.0,18.0,-7.0,-156.0,364.0,28.0,-2.0,2.0,-2.0,0.0,0.0,0.0,-0.06666666666666667,0.0,0.0,-0.05454545454545454,0.5294117647058824,-0.11864406779661017,-0.12871287128712872,0.5260115606936416,0.027237354085603113,-0.3333333333333333,1.0,-0.3333333333333333,0.0,0.0,0.0,0,0,0,1,0.0,0.0,0.0,0.0,0.0,,,0.0,0.0,0.0,0.0,0.0,,,1.0,0.0,0.0,1.0,0.0,4.0,4.62,0,0,0,0,CT002937,1,489441.6,489441.6,Annual,True,168.0,197.0,0,0,0
C04053,2024-06-17,0,Government,North America,SMB,124,Enterprise Sales,31,0.08487337440109514,70.22,78.99,-0.0073,0.8147,Stable,-2.0400000000000063,-1.5100000000000051,-1.8499999999999943,-0.028231386659285998,-0.021051164087550606,-0.02566948799777986,24,130,7,2620,2,88,42,0,0,0,24.0,24.0,24.0,130.0,130.0,130.0,2620.0,2620.0,2620.0,7.0,7.0,7.0,2.0,2.0,2.0,,,,,,,,,,,,,,,,0,0,0,2,1.0,1.0,1.0,0.0,1.0,4.0,19.38,1.0,1.0,1.0,0.0,1.0,4.0,19.38,1.0,1.0,1.0,0.0,1.0,4.0,19.38,0,0,0,0,CT004053,1,352868.06,352868.06,Annual,True,31.0,334.0,0,0,0
C03679,2024-02-19,0,Telecommunications,North America,SMB,219,Inbound,13,0.03559206023271732,63.66,68.13,-0.021,0.913,Stable,0.30999999999999517,1.1299999999999955,0.7299999999999969,0.004893449092344043,0.01807132576363338,0.011600190688066055,30,139,6,2602,2,103,0,0,0,36,30.0,30.0,30.0,139.0,139.0,139.0,2602.0,2602.0,2602.0,6.0,6.0,6.0,2.0,2.0,2.0,,,,,,,,,,,,,,,,0,0,0,2,0.0,0.0,0.0,0.0,0.0,,,0.0,0.0,0.0,0.0,0.0,,,0.0,0.0,0.0,0.0,0.0,,,0,0,0,0,CT003679,1,592483.19,592483.19,Annual,True,13.0,352.0,0,0,0
C01891,2024-09-02,0,Healthcare,Europe,SMB,150,Enterprise Sales,150,0.4106776180698152,80.36,85.25,0.0238,0.6888,Stable,-1.0300000000000011,0.15000000000000568,-1.769999999999996,-0.012655117336282112,0.0018700910110959444,-0.0215511993181541,26,89,7,1791,1,89,0,0,0,0,-1.0,-3.0,-3.0,8.0,-9.0,-17.0,239.0,-262.0,114.0,3.0,2.0,3.0,0.0,0.0,0.0,-0.037037037037037035,-0.10344827586206896,-0.10344827586206896,0.09876543209876543,-0.09183673469387756,-0.16037735849056603,0.15399484536082475,-0.12761811982464685,0.06797853309481217,0.75,0.4,0.75,0.0,0.0,0.0,0,0,0,1,1.0,0.0,0.0,0.0,0.0,4.0,11.51,2.0,0.0,0.0,0.0,0.0,4.0,20.255,2.0,0.0,0.0,0.0,0.0,4.0,20.255,0,0,0,0,CT001891,1,611018.28,611018.28,Annual,True,150.0,215.0,0,0,0
C09612,2025-04-28,0,Logistics,North America,Mid-Market,1353,Inbound,257,0.70362765229295,59.53,81.64,-0.2466,0.6869,Declining,-1.1400000000000006,-1.4600000000000009,-2.030000000000001,-0.018790176363936057,-0.023938350549270387,-0.032975958414554925,132,444,3,7550,1,444,0,0,0,0,-4.0,-9.0,-3.0,64.0,-42.0,16.0,1108.0,-1568.0,-916.0,-2.0,-3.0,-2.0,0.0,0.0,0.0,-0.029411764705882353,-0.06382978723404255,-0.022222222222222223,0.16842105263157894,-0.08641975308641975,0.037383177570093455,0.1719962744489289,-0.17196753674051327,-0.1081974958658162,-0.4,-0.5,-0.4,0.0,0.0,0.0,0,0,0,1,1.0,1.0,0.0,0.0,0.0,3.0,37.25,3.0,2.0,0.0,0.0,1.0,3.6666666666666665,27.41333333333333,4.0,2.0,1.0,0.0,1.0,3.75,27.43,0,1,0,0,CT009612,1,2342658.38,2342658.38,Annual,True,257.0,108.0,0,0,1
C15031,2025-04-28,0,Telecommunications,Europe,Enterprise,4972,Partner,119,0.3258042436687201,9.65,55.41,-0.3143,0.7924,Declining,-3.0600000000000005,-4.9399999999999995,-5.58,-0.24075531077891427,-0.3385880740233036,-0.36638214051214707,217,1159,7,25420,4,562,206,263,0,128,18.0,4.0,16.0,86.0,-54.0,-55.0,5886.0,-178.0,-19.0,2.0,1.0,1.0,0.0,0.0,0.0,0.09045226130653267,0.018779342723004695,0.07960199004975124,0.08014911463187326,-0.04451772464962902,-0.045304777594728174,0.3013207740350159,-0.0069536682553324475,-0.0007468847045874444,0.4,0.16666666666666666,0.16666666666666666,0.0,0.0,0.0,0,0,0,4,5.0,1.0,0.0,0.0,3.0,3.8333333333333335,14.101666666666667,16.0,2.0,0.0,0.0,6.0,3.5523809523809526,30.66085714285714,22.0,5.0,1.0,1.0,8.0,3.5366666666666666,26.54576666666667,1,1,0,0,CT015031,1,7878124.65,15756249.3,Two-year,False,119.0,611.0,0,0,0
C01433,2024-04-15,0,Logistics,Latin America,SMB,208,Direct Sales,73,0.1998631074606434,69.45,66.32,0.0009,0.9064,Stable,-0.23000000000000398,-1.0999999999999943,2.8200000000000074,-0.003300803673938059,-0.01559177888022671,0.04232327780279165,14,74,5,1406,2,47,27,0,0,0,0.0,0.0,14.0,7.0,1.0,74.0,37.0,32.0,1406.0,-1.0,-1.0,5.0,0.0,0.0,2.0,0.0,0.0,,0.1044776119402985,0.0136986301369863,,0.02702702702702703,0.023289665211062592,,-0.16666666666666666,-0.16666666666666666,,0.0,0.0,,0,0,0,2,0.0,0.0,0.0,0.0,0.0,,,0.0,0.0,0.0,0.0,0.0,,,0.0,0.0,0.0,0.0,0.0,,,0,0,0,0,CT001433,1,200000.0,200000.0,Annual,True,73.0,292.0,0,0,0
C00697,2025-07-07,0,Government,APAC,Mid-Market,1293,Enterprise Sales,60,0.16427104722792607,55.15,51.8,0.0401,0.699,Stable,-0.9500000000000028,-4.6200000000000045,-3.6400000000000006,-0.016934046345811103,-0.07729630249288948,-0.06191529171627829,193,1060,7,19024,3,493,0,316,251,0,-18.0,193.0,193.0,-232.0,1060.0,1060.0,-5703.0,19024.0,19024.0,0.0,7.0,7.0,0.0,3.0,3.0,-0.08530805687203792,,,-0.17956656346749225,,,-0.23063857321955758,,,0.0,,,0.0,,,1,0,0,3,1.0,0.0,0.0,0.0,1.0,5.0,10.6,1.0,0.0,0.0,0.0,1.0,5.0,10.6,1.0,0.0,0.0,0.0,1.0,5.0,10.6,0,0,0,0,CT000697,1,5217428.63,5217428.63,Annual,True,60.0,305.0,0,0,0
C04087,2025-10-06,0,Professional Services,APAC,SMB,128,Enterprise Sales,535,1.4647501711156743,66.88,66.82,-0.0002,0.4483,Stable,-1.1099999999999994,-0.7900000000000063,-2.0799999999999983,-0.016325930283865267,-0.011674301758534154,-0.03016241299303942,24,128,6,2636,2,77,0,51,0,0,-1.0,0.0,-5.0,12.0,-7.0,3.0,757.0,-327.0,490.0,2.0,2.0,1.0,0.0,0.0,0.0,-0.04,0.0,-0.1724137931034483,0.10344827586206896,-0.05185185185185185,0.024,0.4028738690792975,-0.11036112048599392,0.22833178005591798,0.5,0.5,0.2,0.0,0.0,0.0,0,0,0,2,0.0,0.0,0.0,0.0,0.0,,,0.0,0.0,0.0,0.0,0.0,,,0.0,0.0,0.0,0.0,0.0,,,0,0,0,0,CT004087,1,488344.05,976688.1,Two-year,True,535.0,195.0,0,0,0
C13774,2025-08-18,0,Professional Services,Middle East,SMB,202,Enterprise Sales,92,0.2518822724161533,91.14,85.98,0.0191,0.5824,Stable,-0.3199999999999932,-0.010000000000005116,0.0,-0.003498797288432027,-0.00010970927043340774,0.0,88,563,7,10922,3,266,0,171,126,0,-5.0,-9.0,-9.0,-74.0,-110.0,-97.0,-989.0,-806.0,-997.0,2.0,0.0,0.0,0.0,0.0,0.0,-0.053763440860215055,-0.09278350515463918,-0.09278350515463918,-0.11616954474097331,-0.16344725111441308,-0.14696969696969697,-0.08303249097472924,-0.06872442019099591,-0.08364795704337612,0.4,0.0,0.0,0.0,0.0,0.0,0,0,0,3,0.0,0.0,0.0,0.0,0.0,,,0.0,0.0,0.0,0.0,0.0,,,0.0,0.0,0.0,0.0,0.0,,,0,0,0,0,CT013774,1,777758.59,777758.59,Annual,True,92.0,273.0,0,0,0
C15430,2024-11-04,0,Professional Services,North America,Mid-Market,933,Partner,133,0.36413415468856947,98.94,89.98,0.1598,1.1471,Improving,0.4200000000000017,-1.0600000000000023,-0.6899999999999977,0.004263093788063355,-0.010600000000000023,-0.006925624811803651,234,1982,7,43651,4,925,435,0,340,282,-2.0,-7.0,-7.0,137.0,-18.0,73.0,7374.0,4251.0,7526.0,2.0,0.0,2.0,0.0,0.0,0.0,-0.00847457627118644,-0.029045643153526972,-0.029045643153526972,0.07425474254742548,-0.009,0.03823991618648507,0.20326928908123604,0.10789340101522843,0.20833217993079584,0.4,0.0,0.4,0.0,0.0,0.0,0,0,0,4,1.0,1.0,0.0,0.0,0.0,4.0,74.7,1.0,1.0,0.0,0.0,0.0,4.0,74.7,1.0,1.0,0.0,0.0,0.0,4.0,74.7,0,0,0,1,CT015430,1,1000000.0,1000000.0,Annual,True,133.0,232.0,0,0,0
C11455,2025-09-22,0,Government,APAC,Mid-Market,1073,Referral,513,1.404517453798768,74.82,87.15,-0.0001,0.9532,Stable,-0.04000000000000625,-0.09000000000000341,2.8699999999999903,-0.0005343307507347883,-0.0012014417300761368,0.03988881167477401,155,515,6,8504,1,515,0,0,0,0,4.0,3.0,6.0,0.0,-13.0,-39.0,357.0,-1227.0,-1110.0,2.0,1.0,1.0,0.0,0.0,0.0,0.026490066225165563,0.019736842105263157,0.040268456375838924,0.0,-0.02462121212121212,-0.0703971119133574,0.04381981097336443,-0.12609187133901964,-0.11545662575410859,0.5,0.2,0.2,0.0,0.0,0.0,0,0,0,1,0.0,0.0,0.0,0.0,0.0,,,0.0,0.0,0.0,0.0,0.0,,,1.0,0.0,0.0,0.0,0.0,5.0,62.69,0,0,0,1,CT011455,1,2131380.65,4262761.3,Two-year,True,513.0,217.0,0,0,0
C05498,2025-01-27,0,Healthcare,Europe,SMB,23,Inbound,69,0.188911704312115,95.88,80.9,0.0626,0.5504,Stable,-2.030000000000001,-1.2199999999999989,0.01999999999999602,-0.02073332652435912,-0.012564366632337785,0.00020863759649484686,9,44,7,753,2,32,0,0,12,0,0.0,0.0,9.0,-7.0,-4.0,44.0,-32.0,22.0,753.0,0.0,0.0,7.0,0.0,0.0,2.0,0.0,0.0,,-0.13725490196078433,-0.08333333333333333,,-0.04076433121019108,0.030095759233926128,,0.0,0.0,,0.0,0.0,,0,0,0,2,0.0,0.0,0.0,0.0,0.0,,,0.0,0.0,0.0,0.0,0.0,,,0.0,0.0,0.0,0.0,0.0,,,0,0,0,0,CT005498,1,744375.92,744375.92,Annual,True,69.0,296.0,0,0,0
C11982,2024-08-26,0,Education,Europe,SMB,141,Referral,30,0.08213552361396304,57.75,90.2,-0.3142,0.5513,Declining,-0.990000000000002,-3.710000000000001,-4.310000000000002,-0.016853932584269697,-0.06036446469248293,-0.06944892039961331,12,42,4,799,2,30,0,0,0,12,12.0,12.0,12.0,42.0,42.0,42.0,799.0,799.0,799.0,4.0,4.0,4.0,2.0,2.0,2.0,,,,,,,,,,,,,,,,0,0,0,2,0.0,0.0,0.0,0.0,0.0,,,0.0,0.0,0.0,0.0,0.0,,,0.0,0.0,0.0,0.0,0.0,,,0,0,0,0,CT011982,1,313567.67,627135.34,Two-year,True,30.0,700.0,0,0,0
C17664,2024-10-07,0,Healthcare,APAC,Mid-Market,1635,Referral,266,0.7282683093771389,95.37,90.63,-0.0171,1.1095,Stable,1.6099999999999994,2.960000000000008,3.5,0.017171501706484633,0.03203116545828382,0.03809731141830848,624,5131,6,103987,4,2348,0,1210,876,697,2.0,5.0,-14.0,89.0,185.0,54.0,5252.0,9294.0,10733.0,-1.0,0.0,-1.0,0.0,0.0,0.0,0.003215434083601286,0.008077544426494346,-0.0219435736677116,0.017651725505751687,0.03740396279822079,0.01063620248178058,0.05319289005924951,0.09814875439578427,0.11509425869131619,-0.14285714285714285,0.0,-0.14285714285714285,0.0,0.0,0.0,0,0,0,4,0.0,0.0,0.0,0.0,0.0,,,0.0,0.0,0.0,0.0,0.0,,,0.0,0.0,0.0,0.0,0.0,,,0,0,0,0,CT017664,1,3724621.41,3724621.41,Annual,False,266.0,99.0,0,0,1
C10854,2025-07-21,0,Telecommunications,Latin America,Mid-Market,1215,Partner,376,1.0294318959616702,100.0,72.39,0.3552,0.6361,Improving,0.6800000000000068,0.0,0.0,0.006846556584776549,0.0,0.0,244,1423,6,31909,2,929,0,494,0,0,-18.0,-27.0,-27.0,-75.0,-72.0,-98.0,2729.0,314.0,5478.0,0.0,-1.0,0.0,0.0,0.0,0.0,-0.06870229007633588,-0.0996309963099631,-0.0996309963099631,-0.050066755674232306,-0.048160535117056855,-0.06443129520052597,0.09352296093214531,0.00993828137363507,0.2072566304717945,0.0,-0.14285714285714285,0.0,0.0,0.0,0.0,0,0,0,2,0.0,0.0,0.0,0.0,0.0,,,0.0,0.0,0.0,0.0,0.0,,,1.0,0.0,1.0,1.0,0.0,5.0,2.07,0,0,0,0,CT010854,1,1000000.0,2000000.0,Two-year,False,376.0,354.0,0,0,0
C00786,2025-04-21,0,Retail,Europe,SMB,16,Enterprise Sales,334,0.9144421629021219,56.51,77.49,-0.0213,0.8255,Stable,-1.1400000000000006,-1.3500000000000014,-2.210000000000001,-0.019774501300954043,-0.02333218112685796,-0.03763623978201636,4,13,5,243,2,8,5,0,0,0,0.0,0.0,0.0,2.0,-11.0,-6.0,-53.0,-291.0,-127.0,1.0,0.0,-2.0,0.0,0.0,0.0,0.0,0.0,0.0,0.18181818181818182,-0.4583333333333333,-0.3157894736842105,-0.17905405405405406,-0.5449438202247191,-0.34324324324324323,0.25,0.0,-0.2857142857142857,0.0,0.0,0.0,1,1,0,2,3.0,0.0,0.0,0.0,1.0,4.25,25.67,4.0,1.0,0.0,0.0,2.0,3.8333333333333335,21.59,4.0,1.0,0.0,0.0,2.0,3.8333333333333335,21.59,0,0,0,0,CT000786,1,1500000.0,3000000.0,Two-year,True,334.0,396.0,0,0,0
C02272,2025-09-08,0,Technology,Europe,Mid-Market,1733,Partner,347,0.9500342231348392,68.51,64.1,-0.0195,0.4489,Stable,0.5400000000000063,0.75,2.1300000000000097,0.007944681477122352,0.011068476977567885,0.03208797830671904,224,1448,7,29104,3,777,392,0,279,0,6.0,4.0,3.0,130.0,191.0,38.0,5387.0,10096.0,5281.0,2.0,1.0,1.0,0.0,0.0,0.0,0.027522935779816515,0.01818181818181818,0.013574660633484163,0.09863429438543247,0.15194908512330946,0.02695035460992908,0.2271366530336889,0.5311447811447811,0.2216765310834068,0.4,0.16666666666666666,0.16666666666666666,0.0,0.0,0.0,0,0,0,3,1.0,0.0,0.0,0.0,0.0,5.0,66.07,1.0,0.0,0.0,0.0,0.0,5.0,66.07,1.0,0.0,0.0,0.0,0.0,5.0,66.07,0,0,0,1,CT002272,1,1269019.8,2538039.6,Two-year,True,347.0,383.0,0,0,0
C11952,2025-04-21,0,Technology,North America,SMB,106,Inbound,143,0.3915126625598905,83.29,80.33,0.0363,1.1999,Stable,-2.509999999999991,-3.9199999999999875,-3.4299999999999926,-0.02925407925407915,-0.04494897374154326,-0.039552583025830174,30,116,3,2624,1,116,0,0,0,0,1.0,0.0,0.0,7.0,-10.0,13.0,651.0,544.0,860.0,-1.0,-3.0,-4.0,0.0,0.0,0.0,0.034482758620689655,0.0,0.0,0.06422018348623854,-0.07936507936507936,0.1262135922330097,0.329954384186518,0.26153846153846155,0.4875283446712018,-0.25,-0.5,-0.5714285714285714,0.0,0.0,0.0,0,0,0,1,0.0,0.0,0.0,0.0,0.0,,,0.0,0.0,0.0,0.0,0.0,,,1.0,0.0,0.0,0.0,0.0,5.0,106.28,0,0,0,1,CT011952,1,662320.52,662320.52,Annual,False,143.0,222.0,0,0,0
C12490,2024-07-29,0,Logistics,APAC,SMB,83,Direct Sales,93,0.2546201232032854,80.04,74.31,0.0154,0.797,Stable,0.8100000000000023,0.1700000000000017,1.4100000000000108,0.0102234002271867,0.002128458745461396,0.017932086989698726,16,124,6,2229,3,55,39,30,0,0,0.0,0.0,-1.0,-12.0,-10.0,13.0,-157.0,-537.0,258.0,-1.0,0.0,0.0,0.0,0.0,0.0,0.0,0.0,-0.058823529411764705,-0.08823529411764706,-0.07462686567164178,0.11711711711711711,-0.06580050293378038,-0.19414316702819956,0.1308980213089802,-0.14285714285714285,0.0,0.0,0.0,0.0,0.0,0,0,0,3,0.0,0.0,0.0,0.0,0.0,,,1.0,0.0,0.0,0.0,0.0,4.0,27.08,2.0,0.0,0.0,0.0,0.0,4.0,80.35999999999999,0,0,0,1,CT012490,1,335659.91,335659.91,Annual,True,93.0,272.0,0,0,0
C11795,2024-08-05,0,Technology,APAC,Mid-Market,1187,Inbound,25,0.06844626967830253,65.35,61.75,0.0151,0.815,Stable,-1.740000000000009,-0.44000000000001194,-0.5800000000000125,-0.025935310776568923,-0.0066879464964282095,-0.008797209161231797,236,1507,6,32216,3,717,349,441,0,0,236.0,236.0,236.0,1507.0,1507.0,1507.0,32216.0,32216.0,32216.0,6.0,6.0,6.0,3.0,3.0,3.0,,,,,,,,,,,,,,,,0,0,0,3,0.0,0.0,0.0,0.0,0.0,,,0.0,0.0,0.0,0.0,0.0,,,0.0,0.0,0.0,0.0,0.0,,,0,0,0,0,CT011795,1,7132736.36,14265472.72,Two-year,True,25.0,705.0,0,0,0
C05412,2025-03-03,0,Education,Latin America,Mid-Market,1082,Partner,291,0.7967145790554415,87.07,87.87,-0.018,1.01,Stable,1.309999999999988,-2.8800000000000097,-3.5900000000000034,0.01527518656716404,-0.032017787659811114,-0.03959849988969781,281,1570,7,30123,2,1054,516,0,0,0,-11.0,-14.0,-29.0,-33.0,64.0,-241.0,982.0,-1408.0,-7063.0,1.0,1.0,1.0,0.0,0.0,0.0,-0.03767123287671233,-0.04745762711864407,-0.0935483870967742,-0.020586400499064253,0.04249667994687915,-0.13307564881281062,0.03369822586733468,-0.04465446703244426,-0.18993707309202387,0.16666666666666666,0.16666666666666666,0.16666666666666666,0.0,0.0,0.0,0,0,0,2,1.0,0.0,0.0,0.0,0.0,4.0,43.45,1.0,0.0,0.0,0.0,0.0,4.0,43.45,1.0,0.0,0.0,0.0,0.0,4.0,43.45,0,0,0,0,CT005412,1,2704460.09,2704460.09,Annual,False,291.0,74.0,0,1,1
C14559,2025-03-10,0,Government,North America,SMB,42,Direct Sales,12,0.03285420944558522,98.52,71.92,0.316,0.7246,Improving,-0.6400000000000006,-1.480000000000004,-1.480000000000004,-0.006454215409439296,-0.01480000000000004,-0.01480000000000004,12,42,5,874,1,42,0,0,0,0,12.0,12.0,12.0,42.0,42.0,42.0,874.0,874.0,874.0,5.0,5.0,5.0,1.0,1.0,1.0,,,,,,,,,,,,,,,,0,0,0,1,1.0,0.0,0.0,0.0,0.0,5.0,23.8,1.0,0.0,0.0,0.0,0.0,5.0,23.8,1.0,0.0,0.0,0.0,0.0,5.0,23.8,0,0,0,0,CT014559,1,1019431.3,1019431.3,Annual,True,12.0,353.0,0,0,0
C18576,2024-11-18,0,Technology,Middle East,SMB,190,Inbound,93,0.2546201232032854,54.41,77.43,-0.2807,0.8284,Declining,1.269999999999996,0.259999999999998,0.10999999999999943,0.0238991343620624,0.0048014773776546265,0.002025782688766104,23,114,7,2285,2,79,35,0,0,0,1.0,0.0,1.0,-6.0,5.0,38.0,19.0,330.0,631.0,2.0,0.0,1.0,0.0,0.0,0.0,0.045454545454545456,0.0,0.045454545454545456,-0.05,0.045871559633027525,0.5,0.008384819064430714,0.16879795396419436,0.3814993954050786,0.4,0.0,0.16666666666666666,0.0,0.0,0.0,0,0,0,2,1.0,0.0,0.0,0.0,0.0,4.0,32.22,2.0,0.0,0.0,0.0,0.0,4.5,57.74,2.0,0.0,0.0,0.0,0.0,4.5,57.74,0,0,0,1,CT018576,1,490984.01,490984.01,Annual,True,93.0,272.0,0,0,0
C01659,2025-02-03,0,Technology,Latin America,SMB,193,Referral,141,0.3860369609856263,73.07,82.52,-0.2015,0.8291,Declining,2.289999999999992,-2.180000000000007,-4.8500000000000085,0.03235377225204849,-0.028970099667774175,-0.06224332648870647,38,120,6,1888,1,120,0,0,0,0,1.0,-4.0,-6.0,19.0,-9.0,-43.0,538.0,-401.0,-1157.0,0.0,-1.0,0.0,0.0,0.0,0.0,0.02702702702702703,-0.09523809523809523,-0.13636363636363635,0.18811881188118812,-0.06976744186046512,-0.26380368098159507,0.3985185185185185,-0.17518567059851464,-0.37996715927750413,0.0,-0.14285714285714285,0.0,0.0,0.0,0.0,0,1,0,1,0.0,0.0,0.0,0.0,0.0,,,1.0,0.0,0.0,0.0,0.0,4.0,80.39,1.0,0.0,0.0,0.0,0.0,4.0,80.39,0,0,0,1,CT001659,1,790914.02,2372742.06,Three-year,True,141.0,954.0,0,0,0
C04503,2025-08-25,0,Retail,Europe,Mid-Market,1545,Enterprise Sales,61,0.16700889801505817,57.45,61.92,-0.0205,0.7046,Stable,-0.6899999999999977,1.2100000000000009,0.4100000000000037,-0.011867905056759507,0.021514935988620212,0.007187938288920121,128,400,4,7824,1,400,0,0,0,0,5.0,128.0,128.0,1.0,400.0,400.0,374.0,7824.0,7824.0,-1.0,4.0,4.0,0.0,1.0,1.0,0.04065040650406504,,,0.002506265664160401,,,0.0502013422818792,,,-0.2,,,0.0,,,0,0,0,1,2.0,0.0,0.0,0.0,0.0,3.5,81.32,2.0,0.0,0.0,0.0,0.0,3.5,81.32,2.0,0.0,0.0,0.0,0.0,3.5,81.32,0,0,0,1,CT004503,1,2353961.07,2353961.07,Annual,False,61.0,304.0,0,0,0
C15238,2024-08-12,0,Professional Services,Latin America,Mid-Market,1091,Inbound,150,0.4106776180698152,78.87,74.96,0.0308,0.4034,Stable,-0.8299999999999983,0.710000000000008,1.2800000000000011,-0.010414052697616038,0.009083930399181268,0.0164969712591829,233,1521,6,28127,3,849,0,391,281,0,-2.0,-10.0,-7.0,-20.0,-94.0,-64.0,38.0,-2167.0,-4709.0,-1.0,-1.0,-1.0,0.0,0.0,0.0,-0.00851063829787234,-0.0411522633744856,-0.029166666666666667,-0.012978585334198572,-0.05820433436532508,-0.04037854889589906,0.0013528427498308946,-0.07153231663035585,-0.1434096723108783,-0.14285714285714285,-0.14285714285714285,-0.14285714285714285,0.0,0.0,0.0,0,0,0,3,0.0,0.0,0.0,0.0,0.0,,,0.0,0.0,0.0,0.0,0.0,,,0.0,0.0,0.0,0.0,0.0,,,0,0,0,0,CT015238,1,2951457.45,2951457.45,Annual,True,150.0,215.0,0,0,0
C01604,2025-07-14,0,Financial Services,Europe,Mid-Market,793,Inbound,50,0.13689253935660506,79.28,60.78,0.0508,0.5807,Stable,0.6200000000000045,0.5300000000000011,2.3200000000000074,0.007882023900330595,0.006730158730158744,0.030145530145530244,162,1075,7,17564,3,590,298,0,187,0,7.0,162.0,162.0,145.0,1075.0,1075.0,-1200.0,17564.0,17564.0,1.0,7.0,7.0,0.0,3.0,3.0,0.04516129032258064,,,0.15591397849462366,,,-0.06395224898742273,,,0.16666666666666666,,,0.0,,,0,0,0,3,1.0,0.0,0.0,0.0,0.0,4.0,29.47,1.0,0.0,0.0,0.0,0.0,4.0,29.47,1.0,0.0,0.0,0.0,0.0,4.0,29.47,0,0,0,0,CT001604,1,1170195.14,1170195.14,Annual,True,50.0,315.0,0,0,0
C06169,2025-09-29,0,Healthcare,Europe,SMB,168,Inbound,40,0.10951403148528405,76.02,74.33,0.0435,0.5913,Stable,1.1599999999999966,1.3399999999999892,0.5499999999999972,0.015495591771306393,0.017943224424209817,0.007287663972439342,34,178,7,3814,2,118,60,0,0,0,3.0,34.0,34.0,8.0,178.0,178.0,252.0,3814.0,3814.0,1.0,7.0,7.0,0.0,2.0,2.0,0.0967741935483871,,,0.047058823529411764,,,0.07074677147669849,,,0.16666666666666666,,,0.0,,,0,0,0,2,0.0,0.0,0.0,0.0,0.0,,,0.0,0.0,0.0,0.0,0.0,,,0.0,0.0,0.0,0.0,0.0,,,0,0,0,0,CT006169,1,503860.39,503860.39,Annual,False,40.0,325.0,0,0,0
C09606,2025-01-27,1,Healthcare,Middle East,Enterprise,2001,Enterprise Sales,147,0.4024640657084189,81.8,82.31,-0.0009,0.7919,Stable,-0.8100000000000023,0.9500000000000028,2.3400000000000034,-0.009805108340394653,0.011750154607297501,0.029448779260005078,502,4739,7,93425,5,1805,871,948,609,506,-14.0,0.0,24.0,-4.0,-66.0,313.0,2222.0,-4368.0,9372.0,1.0,0.0,0.0,0.0,0.0,0.0,-0.027131782945736434,0.0,0.0502092050209205,-0.000843348091924942,-0.013735691987513007,0.07071848169905107,0.024363233665559248,-0.04466577362387901,0.11150107670160495,0.16666666666666666,0.0,0.0,0.0,0.0,0.0,0,0,0,5,2.0,1.0,0.0,0.0,0.0,4.5,16.645,2.0,1.0,0.0,0.0,0.0,4.5,16.645,2.0,1.0,0.0,0.0,0.0,4.5,16.645,0,0,0,0,CT009606,1,11136565.11,11136565.11,Annual,False,147.0,218.0,0,0,0
C16552,2024-10-14,0,Financial Services,Middle East,Mid-Market,1841,Inbound,112,0.3066392881587953,73.47,79.0,0.0135,0.8698,Stable,-2.5400000000000063,-1.4899999999999949,-2.5799999999999983,-0.033416655703197025,-0.019877267876200574,-0.033925049309664675,385,1971,7,41437,2,1300,0,671,0,0,-16.0,-2.0,-42.0,-38.0,-114.0,-202.0,4821.0,5165.0,2643.0,0.0,0.0,0.0,0.0,0.0,0.0,-0.0399002493765586,-0.00516795865633075,-0.09836065573770492,-0.018914883026381283,-0.05467625899280575,-0.09295904279797515,0.1316637535503605,0.14239633877370975,0.0681290921276486,0.0,0.0,0.0,0.0,0.0,0.0,0,0,0,2,1.0,0.0,0.0,0.0,0.0,4.0,16.69,3.0,0.0,0.0,1.0,1.0,4.0,13.64,3.0,0.0,0.0,1.0,1.0,4.0,13.64,0,0,0,0,CT016552,1,6099470.68,6099470.68,Annual,True,112.0,253.0,0,0,0
C16043,2025-01-27,0,Education,Europe,SMB,190,Inbound,225,0.6160164271047228,72.74,68.56,0.0571,0.5265,Stable,-0.1700000000000017,2.1099999999999994,2.339999999999989,-0.00233164175010289,0.029873991221860394,0.033238636363636206,21,80,3,1431,1,80,0,0,0,0,1.0,2.0,1.0,27.0,29.0,15.0,290.0,478.0,272.0,-3.0,0.0,-3.0,0.0,0.0,0.0,0.05,0.10526315789473684,0.05,0.5094339622641509,0.5686274509803921,0.23076923076923078,0.2541630148992112,0.5015739769150053,0.23468507333908542,-0.5,0.0,-0.5,0.0,0.0,0.0,0,0,0,1,0.0,0.0,0.0,0.0,0.0,,,0.0,0.0,0.0,0.0,0.0,,,0.0,0.0,0.0,0.0,0.0,,,0,0,0,0,CT016043,1,322422.81,322422.81,Annual,True,225.0,140.0,0,0,1
C05813,2024-05-27,0,Government,Latin America,Mid-Market,1870,Inbound,139,0.3805612594113621,75.88,80.72,-0.048,1.054,Stable,-2.8599999999999994,-1.0600000000000023,-3.1000000000000085,-0.03632207264414528,-0.013776969066805332,-0.0392504431501647,412,2018,7,38830,2,1439,0,0,579,0,-60.0,-43.0,-35.0,-162.0,-197.0,-88.0,4724.0,-2531.0,-2141.0,0.0,3.0,1.0,0.0,0.0,0.0,-0.1271186440677966,-0.0945054945054945,-0.07829977628635347,-0.07431192660550459,-0.0889390519187359,-0.04178537511870845,0.13850935319298657,-0.0611929111965378,-0.05225647409143053,0.0,0.75,0.16666666666666666,0.0,0.0,0.0,0,0,0,2,2.0,0.0,0.0,0.0,1.0,4.5,29.975,2.0,0.0,0.0,0.0,1.0,4.5,29.975,3.0,1.0,1.0,1.0,1.0,3.75,16.7325,0,0,0,0,CT005813,1,5268035.36,5268035.36,Annual,True,139.0,226.0,0,0,0
C04372,2025-05-26,0,Technology,North America,SMB,25,Inbound,508,1.3908281998631074,74.65,69.1,-0.0013,0.4732,Stable,-0.539999999999992,0.46000000000000796,1.3900000000000006,-0.007181806091235431,0.006200296535921391,0.01897351897351898,3,7,4,125,1,7,0,0,0,0,0.0,0.0,0.0,-2.0,3.0,-6.0,-32.0,46.0,-97.0,1.0,0.0,-3.0,0.0,0.0,0.0,0.0,0.0,0.0,-0.2222222222222222,0.75,-0.46153846153846156,-0.20382165605095542,0.5822784810126582,-0.4369369369369369,0.3333333333333333,0.0,-0.42857142857142855,0.0,0.0,0.0,1,1,0,1,0.0,0.0,0.0,0.0,0.0,,,0.0,0.0,0.0,0.0,0.0,,,0.0,0.0,0.0,0.0,0.0,,,0,0,0,0,CT004372,1,553866.56,1107733.12,Two-year,False,508.0,222.0,0,0,0
C05689,2025-07-07,0,Telecommunications,North America,Mid-Market,1203,Inbound,154,0.4216290212183436,38.95,81.01,-0.0018,1.1978,Stable,1.8800000000000026,-1.1599999999999966,-4.57,0.050714863771243665,-0.028920468711044544,-0.10500919117647059,41,184,6,3486,2,145,0,0,0,39,-4.0,-9.0,-9.0,25.0,-30.0,14.0,868.0,-378.0,280.0,2.0,-1.0,5.0,0.0,0.0,0.0,-0.08888888888888889,-0.18,-0.18,0.15723270440251572,-0.14018691588785046,0.08235294117647059,0.3315508021390374,-0.09782608695652174,0.08733624454148471,0.5,-0.14285714285714285,5.0,0.0,0.0,0.0,0,0,0,2,2.0,0.0,0.0,0.0,0.0,3.5,52.61,4.0,1.0,0.0,1.0,0.0,3.5,34.65,5.0,1.0,0.0,1.0,1.0,3.6,29.025999999999993,0,0,0,0,CT005689,1,1000000.0,2000000.0,Two-year,False,154.0,576.0,0,0,0
C16898,2025-04-21,0,Technology,Middle East,Enterprise,3973,Referral,229,0.6269678302532512,88.8,74.07,0.0422,1.1205,Stable,2.0799999999999983,4.840000000000003,5.340000000000003,0.023985239852398504,0.05764649833253935,0.06398274622573692,877,5079,7,89344,3,3098,0,0,1188,793,10.0,97.0,165.0,-158.0,529.0,952.0,-8922.0,-5940.0,19201.0,0.0,1.0,0.0,0.0,0.0,0.0,0.011534025374855825,0.12435897435897436,0.23174157303370788,-0.030169944624785183,0.11626373626373626,0.23067603586140054,-0.09079437445301529,-0.06233995214306704,0.2737407866786422,0.0,0.16666666666666666,0.0,0.0,0.0,0.0,0,0,0,3,0.0,0.0,0.0,0.0,0.0,,,0.0,0.0,0.0,0.0,0.0,,,0.0,0.0,0.0,0.0,0.0,,,0,0,0,0,CT016898,1,7500000.0,7500000.0,Annual,True,229.0,136.0,0,0,1
C18660,2024-05-20,0,Telecommunications,North America,SMB,75,Direct Sales,116,0.31759069130732376,88.4,83.22,0.07,0.6842,Stable,-0.06999999999999318,-1.1499999999999915,-1.1699999999999875,-0.0007912286650841322,-0.012841987716359481,-0.013062409288824245,18,93,6,1682,3,54,0,20,0,19,-1.0,-1.0,0.0,-31.0,-47.0,-28.0,-664.0,-776.0,-754.0,-1.0,-1.0,0.0,0.0,0.0,0.0,-0.05263157894736842,-0.05263157894736842,0.0,-0.25,-0.3357142857142857,-0.23140495867768596,-0.2830349531116795,-0.31570382424735555,-0.30952380952380953,-0.14285714285714285,-0.14285714285714285,0.0,0.0,0.0,0.0,1,1,0,3,1.0,0.0,0.0,0.0,0.0,5.0,47.41,1.0,0.0,0.0,0.0,0.0,5.0,47.41,1.0,0.0,0.0,0.0,0.0,5.0,47.41,0,0,0,0,CT018660,1,200000.0,200000.0,Annual,True,116.0,249.0,0,0,0
C02507,2025-09-15,0,Professional Services,APAC,Enterprise,21533,Partner,262,0.7173169062286106,86.79,90.22,-0.0483,0.9061,Stable,-3.969999999999999,-2.9299999999999926,-5.049999999999997,-0.043741736447774335,-0.032657155595184936,-0.05498693379790937,5087,39469,7,724988,4,18363,9019,0,6868,5219,-191.0,-389.0,-341.0,-2324.0,-3564.0,-3701.0,-125096.0,-106800.0,-156175.0,0.0,1.0,2.0,0.0,0.0,0.0,-0.03618794998105343,-0.0710372534696859,-0.06282240235814296,-0.05560739836814778,-0.08282016127158227,-0.08573083159601576,-0.14715722210981502,-0.12839810143930905,-0.1772373556311375,0.0,0.16666666666666666,0.4,0.0,0.0,0.0,0,0,0,4,2.0,0.0,0.0,0.0,2.0,5.0,18.11,2.0,0.0,0.0,0.0,2.0,5.0,18.11,4.0,1.0,0.0,0.0,3.0,4.75,20.737499999999997,0,0,0,0,CT002507,1,8265620.37,8265620.37,Annual,True,262.0,103.0,0,0,1
C03736,2025-07-21,0,Healthcare,Europe,Enterprise,4518,Partner,85,0.2327173169062286,74.09,70.54,0.0351,0.7339,Stable,-0.9799999999999898,-3.1499999999999915,-1.8900000000000006,-0.013054482483015717,-0.040781978249611495,-0.024874967096604375,653,5149,7,108463,4,2169,1084,1108,788,0,-20.0,-85.0,653.0,-342.0,-886.0,5149.0,11314.0,-92.0,108463.0,1.0,0.0,7.0,0.0,0.0,4.0,-0.029717682020802376,-0.11517615176151762,,-0.06228373702422145,-0.1468102734051367,,0.11646028265859659,-0.0008474966606789186,,0.16666666666666666,0.0,,0.0,0.0,,0,0,0,4,1.0,1.0,0.0,0.0,0.0,4.0,20.08,1.0,1.0,0.0,0.0,0.0,4.0,20.08,2.0,1.0,0.0,0.0,0.0,3.5,28.06,0,0,0,0,CT003736,1,7500000.0,7500000.0,Annual,True,85.0,280.0,0,0,0
C16484,2025-06-23,0,Logistics,Europe,SMB,30,Enterprise Sales,202,0.5530458590006845,78.74,75.68,-0.0189,0.5763,Stable,0.5699999999999932,0.1799999999999926,-1.3800000000000097,0.007291799923244124,0.002291242362525364,-0.01722416375436857,4,9,4,145,1,9,0,0,0,0,0.0,0.0,0.0,-5.0,-15.0,-8.0,-105.0,-242.0,-154.0,0.0,-3.0,-2.0,0.0,0.0,0.0,0.0,0.0,0.0,-0.35714285714285715,-0.625,-0.47058823529411764,-0.42,-0.6253229974160207,-0.5150501672240803,0.0,-0.42857142857142855,-0.3333333333333333,0.0,0.0,0.0,1,1,1,1,1.0,0.0,1.0,0.0,0.0,4.0,112.87,1.0,0.0,1.0,0.0,0.0,4.0,112.87,1.0,0.0,1.0,0.0,0.0,4.0,112.87,0,0,0,1,CT016484,1,596014.29,596014.29,Annual,False,202.0,163.0,0,0,1
C01756,2024-01-22,0,Telecommunications,North America,Mid-Market,1639,Partner,5,0.013689253935660506,79.41,81.29,-0.0384,0.4739,Stable,-2.1099999999999994,-1.2900000000000063,-0.9699999999999989,-0.025883218842001957,-0.01598513011152424,-0.012067678526996752,0,0,0,0,0,0,0,0,0,0,0.0,0.0,0.0,0.0,0.0,0.0,0.0,0.0,0.0,0.0,0.0,0.0,0.0,0.0,0.0,,,,,,,,,,,,,,,,0,0,0,3,0.0,0.0,0.0,0.0,0.0,,,0.0,0.0,0.0,0.0,0.0,,,0.0,0.0,0.0,0.0,0.0,,,0,0,0,0,CT001756,1,1000000.0,1000000.0,Annual,True,5.0,360.0,0,0,0
C19508,2024-08-19,0,Logistics,Europe,Mid-Market,1964,Direct Sales,9,0.024640657084188913,77.97,73.03,-0.0202,0.7412,Stable,0.730000000000004,0.1700000000000017,0.5699999999999932,0.009451061626100519,0.002185089974293081,0.007364341085271229,253,1122,6,23443,2,909,0,0,0,213,253.0,253.0,253.0,1122.0,1122.0,1122.0,23443.0,23443.0,23443.0,6.0,6.0,6.0,2.0,2.0,2.0,,,,,,,,,,,,,,,,0,0,0,2,1.0,0.0,0.0,0.0,0.0,3.0,33.2,1.0,0.0,0.0,0.0,0.0,3.0,33.2,1.0,0.0,0.0,0.0,0.0,3.0,33.2,0,0,1,0,CT019508,1,1183117.69,1183117.69,Annual,True,9.0,356.0,0,0,0
C05415,2025-03-03,0,Manufacturing,Latin America,Mid-Market,1106,Direct Sales,165,0.4517453798767967,100.0,88.61,0.3075,0.7543,Improving,0.28000000000000114,2.1700000000000017,0.5600000000000023,0.002807862013638198,0.022181334968823487,0.005631536604987955,420,2177,4,50417,2,1602,0,0,575,0,-12.0,-8.0,-8.0,-79.0,0.0,-54.0,12121.0,10815.0,11382.0,-3.0,-2.0,-2.0,0.0,0.0,0.0,-0.027777777777777776,-0.018691588785046728,-0.018691588785046728,-0.0350177304964539,0.0,-0.024204392649036306,0.3165082515145185,0.27309226806726933,0.2915844754707314,-0.42857142857142855,-0.3333333333333333,-0.3333333333333333,0.0,0.0,0.0,0,0,0,2,0.0,0.0,0.0,0.0,0.0,,,0.0,0.0,0.0,0.0,0.0,,,2.0,0.0,0.0,0.0,0.0,5.0,17.979999999999997,0,0,0,0,CT005415,1,6402124.03,12804248.06,Two-year,False,165.0,565.0,0,0,0
C01549,2025-09-15,0,Telecommunications,Europe,SMB,231,Enterprise Sales,617,1.6892539356605065,72.13,80.51,0.0057,0.895,Stable,3.1499999999999915,3.319999999999993,0.5099999999999909,0.045665410263844464,0.04824880104635944,0.007120915945266558,22,79,6,1428,1,79,0,0,0,0,1.0,2.0,-2.0,17.0,17.0,-15.0,58.0,92.0,-264.0,3.0,0.0,0.0,0.0,0.0,0.0,0.047619047619047616,0.1,-0.08333333333333333,0.27419354838709675,0.27419354838709675,-0.1595744680851064,0.042335766423357665,0.0688622754491018,-0.15602836879432624,1.0,0.0,0.0,0.0,0.0,0.0,0,0,0,1,0.0,0.0,0.0,0.0,0.0,,,1.0,0.0,0.0,0.0,0.0,3.0,50.36,2.0,0.0,0.0,0.0,0.0,3.5,36.035,0,0,0,0,CT001549,1,200000.0,400000.0,Two-year,False,617.0,113.0,0,0,1
C01324,2025-08-18,0,Logistics,Europe,Mid-Market,350,Direct Sales,320,0.8761122518822724,13.17,59.37,-0.2971,0.9678,Declining,-1.0199999999999996,-1.6500000000000004,0.8399999999999999,-0.07188160676532766,-0.11133603238866399,0.06812652068126519,29,237,7,4827,5,64,52,58,21,42,-1.0,-3.0,0.0,9.0,-14.0,55.0,424.0,-244.0,1298.0,0.0,0.0,0.0,0.0,0.0,0.0,-0.03333333333333333,-0.09375,0.0,0.039473684210526314,-0.055776892430278883,0.3021978021978022,0.09629797865091982,-0.048116742259909286,0.3678095777840748,0.0,0.0,0.0,0.0,0.0,0.0,0,0,0,5,2.0,1.0,0.0,0.0,1.0,3.0,49.73,2.0,1.0,0.0,0.0,1.0,3.0,49.730000000000004,4.0,1.0,0.0,0.0,1.0,3.0,41.733333333333334,0,0,1,0,CT001324,1,5892590.51,5892590.51,Annual,True,320.0,45.0,0,1,1
C11366,2024-08-12,0,Technology,North America,Enterprise,2001,Referral,175,0.4791238877481177,76.95,72.66,0.0138,0.6518,Stable,0.8200000000000074,1.7800000000000011,1.2900000000000063,0.01077104952055704,0.02367965943860584,0.017049960348929506,471,3141,6,59665,3,1708,789,0,644,0,6.0,10.0,-38.0,109.0,170.0,-185.0,5054.0,4772.0,-2190.0,0.0,-1.0,-1.0,0.0,0.0,0.0,0.012903225806451613,0.021691973969631236,-0.07465618860510806,0.03594986807387863,0.0572197913160552,-0.05562236921226699,0.09254545787478713,0.08693276009691582,-0.03540538355832188,0.0,-0.14285714285714285,-0.14285714285714285,0.0,0.0,0.0,0,0,0,3,1.0,0.0,0.0,0.0,1.0,3.0,33.26,1.0,0.0,0.0,0.0,1.0,3.0,33.26,2.0,0.0,0.0,0.0,2.0,3.0,30.47,0,0,1,0,CT011366,1,30212195.1,90636585.3,Three-year,True,175.0,920.0,0,0,0
C06580,2025-06-02,0,Logistics,Europe,Enterprise,3692,Direct Sales,190,0.5201916495550992,21.08,79.9,-0.434,0.4238,Rapidly Declining,-2.450000000000003,-3.9700000000000024,-5.120000000000001,-0.10412239694007662,-0.1584830339321358,-0.19541984732824433,257,906,5,12568,2,684,0,0,222,0,-3.0,12.0,7.0,-35.0,-49.0,10.0,-2911.0,-2572.0,-1012.0,3.0,-1.0,0.0,0.0,0.0,0.0,-0.011538461538461539,0.04897959183673469,0.028,-0.03719447396386823,-0.05130890052356021,0.011160714285714286,-0.18806124426642548,-0.16988110964332892,-0.07452135493372607,1.5,-0.16666666666666666,0.0,0.0,0.0,0.0,1,0,0,2,4.0,0.0,0.0,0.0,1.0,4.333333333333333,34.88166666666666,4.0,0.0,0.0,0.0,1.0,4.333333333333333,34.88166666666667,7.0,0.0,0.0,1.0,2.0,4.1,31.860000000000003,1,0,0,0,CT006580,1,65983114.27,65983114.27,Annual,True,190.0,175.0,0,0,1
C14538,2025-10-06,0,Healthcare,Europe,Enterprise,2001,Direct Sales,294,0.8049281314168378,100.0,82.1,0.2912,0.4468,Improving,0.6500000000000057,0.0,0.0,0.006542526421741376,0.0,0.0,678,6165,7,127597,4,2617,1177,1351,1020,0,-1.0,-15.0,-44.0,60.0,-80.0,-612.0,29193.0,7623.0,6007.0,0.0,0.0,2.0,0.0,0.0,0.0,-0.0014727540500736377,-0.021645021645021644,-0.060941828254847646,0.009828009828009828,-0.012810248198558846,-0.0903054448871182,0.29666476972480793,0.0635387667327921,0.049403733859692406,0.0,0.0,0.4,0.0,0.0,0.0,0,0,0,4,0.0,0.0,0.0,0.0,0.0,,,4.0,0.0,1.0,0.0,1.0,4.666666666666667,43.48999999999999,4.0,0.0,1.0,0.0,1.0,4.666666666666667,43.49,0,0,0,0,CT014538,1,16800544.26,33601088.52,Two-year,True,294.0,436.0,0,0,0
C02303,2024-07-29,0,Technology,Europe,SMB,208,Referral,163,0.4462696783025325,43.13,47.37,0.0042,0.6216,Stable,-2.0999999999999943,-1.0700000000000003,-1.1799999999999997,-0.04642936104355504,-0.024208144796380095,-0.026630557436244633,13,65,6,1219,2,50,15,0,0,0,0.0,-1.0,0.0,3.0,10.0,-8.0,-61.0,62.0,-49.0,0.0,0.0,0.0,0.0,0.0,0.0,0.0,-0.07142857142857142,0.0,0.04838709677419355,0.18181818181818182,-0.1095890410958904,-0.04765625,0.05358686257562662,-0.038643533123028394,0.0,0.0,0.0,0.0,0.0,0.0,0,0,0,2,1.0,0.0,0.0,0.0,0.0,3.0,40.54,1.0,0.0,0.0,0.0,0.0,3.0,40.54,1.0,0.0,0.0,0.0,0.0,3.0,40.54,0,0,1,0,CT002303,1,221640.4,221640.4,Annual,True,163.0,202.0,0,0,0
C07005,2025-08-11,0,Government,North America,Enterprise,4392,Inbound,164,0.4490075290896646,61.86,67.39,-0.0694,0.816,Stable,1.0,0.5499999999999972,2.1099999999999994,0.01643115346697338,0.008970804110259292,0.03531380753138074,580,4408,5,89126,4,1881,1016,956,0,555,-1.0,-4.0,-31.0,-24.0,197.0,14.0,2351.0,413.0,9685.0,-2.0,-1.0,-1.0,0.0,0.0,0.0,-0.0017211703958691911,-0.00684931506849315,-0.05073649754500818,-0.005415162454873646,0.04678223699833769,0.0031861629494765588,0.027093056755978104,0.004655461995423444,0.12191437670724185,-0.2857142857142857,-0.16666666666666666,-0.16666666666666666,0.0,0.0,0.0,0,0,0,4,3.0,2.0,1.0,0.0,1.0,4.0,37.635,6.0,2.0,1.0,1.0,1.0,4.0,36.795,9.0,5.0,1.0,2.0,3.0,4.0,28.749999999999996,1,1,0,0,CT007005,1,15886707.14,47660121.42,Three-year,True,164.0,931.0,0,0,0
C00035,2024-07-29,0,Logistics,North America,SMB,151,Direct Sales,11,0.030116358658453114,57.59,81.16,-0.3424,0.7405,Declining,0.5800000000000054,-2.0899999999999963,-1.3499999999999943,0.01017365374495712,-0.03502010723860584,-0.022904648795385042,14,59,6,1054,2,40,19,0,0,0,14.0,14.0,14.0,59.0,59.0,59.0,1054.0,1054.0,1054.0,6.0,6.0,6.0,2.0,2.0,2.0,,,,,,,,,,,,,,,,0,0,0,2,0.0,0.0,0.0,0.0,0.0,,,0.0,0.0,0.0,0.0,0.0,,,0.0,0.0,0.0,0.0,0.0,,,0,0,0,0,CT000035,1,200000.0,200000.0,Annual,False,11.0,354.0,0,0,0
C03557,2025-03-10,0,Financial Services,North America,SMB,126,Enterprise Sales,100,0.2737850787132101,57.53,72.88,0.0041,1.118,Stable,0.6700000000000017,-0.3299999999999983,-2.4499999999999957,0.011783327470981387,-0.00570342205323191,-0.04084694898299426,18,84,5,1547,2,51,0,33,0,0,-1.0,-2.0,-4.0,-11.0,-19.0,-24.0,-549.0,-409.0,-602.0,-2.0,0.0,-1.0,0.0,0.0,0.0,-0.05263157894736842,-0.1,-0.18181818181818182,-0.11578947368421053,-0.18446601941747573,-0.2222222222222222,-0.2619274809160305,-0.2091002044989775,-0.28013029315960913,-0.2857142857142857,0.0,-0.16666666666666666,0.0,0.0,0.0,1,0,0,2,0.0,0.0,0.0,0.0,0.0,,,2.0,0.0,0.0,0.0,1.0,4.5,23.0,2.0,0.0,0.0,0.0,1.0,4.5,23.0,0,0,0,0,CT003557,1,690084.32,690084.32,Annual,True,100.0,265.0,0,0,0
C17475,2025-10-06,0,Government,APAC,SMB,102,Enterprise Sales,228,0.6242299794661191,38.97,72.4,-0.2297,0.9467,Declining,-3.719999999999999,-7.07,-9.730000000000004,-0.08713984539704847,-0.15356211989574284,-0.19979466119096517,7,25,5,495,1,25,0,0,0,0,0.0,-1.0,-2.0,9.0,-8.0,5.0,137.0,-87.0,110.0,0.0,0.0,1.0,0.0,0.0,0.0,0.0,-0.125,-0.2222222222222222,0.5625,-0.24242424242424243,0.25,0.38268156424581007,-0.14948453608247422,0.2857142857142857,0.0,0.0,0.25,0.0,0.0,0.0,0,0,0,1,0.0,0.0,0.0,0.0,0.0,,,1.0,0.0,0.0,0.0,0.0,3.0,13.88,2.0,0.0,0.0,0.0,1.0,3.5,17.35,0,0,0,0,CT017475,1,538826.71,538826.71,Annual,False,228.0,137.0,0,0,1
C00235,2025-01-27,0,Telecommunications,North America,Enterprise,4363,Inbound,40,0.10951403148528405,61.5,67.71,-0.0315,0.9874,Stable,-1.8599999999999994,-3.3499999999999943,-2.980000000000004,-0.029356060606060597,-0.05165767154973006,-0.04621588089330031,644,5686,6,108889,5,2134,1046,1097,800,609,59.0,644.0,644.0,705.0,5686.0,5686.0,13921.0,108889.0,108889.0,0.0,6.0,6.0,0.0,5.0,5.0,0.10085470085470086,,,0.14153784380646456,,,0.14658621851571055,,,0.0,,,0.0,,,0,0,0,5,3.0,1.0,0.0,0.0,1.0,3.75,54.465,3.0,1.0,0.0,0.0,1.0,3.75,54.465,3.0,1.0,0.0,0.0,1.0,3.75,54.465,0,0,0,1,CT000235,1,9986898.37,9986898.37,Annual,False,40.0,325.0,0,0,0
C08225,2024-10-14,0,Professional Services,Middle East,SMB,194,Referral,285,0.7802874743326489,69.16,84.06,-0.0468,0.9089,Stable,1.9299999999999926,2.0799999999999983,1.289999999999992,0.02870742228171936,0.03100775193798447,0.019006925003683395,33,159,7,3087,2,123,0,0,0,36,0.0,0.0,2.0,5.0,17.0,43.0,426.0,166.0,920.0,0.0,1.0,1.0,0.0,0.0,0.0,0.0,0.0,0.06451612903225806,0.032467532467532464,0.11971830985915492,0.3706896551724138,0.1600901916572717,0.05682985279014036,0.42455006922012,0.0,0.16666666666666666,0.16666666666666666,0.0,0.0,0.0,0,0,0,2,0.0,0.0,0.0,0.0,0.0,,,0.0,0.0,0.0,0.0,0.0,,,0.0,0.0,0.0,0.0,0.0,,,0,0,0,0,CT008225,1,888880.84,888880.84,Annual,False,285.0,80.0,0,1,1
C13086,2025-08-25,0,Education,APAC,Mid-Market,448,Inbound,335,0.917180013689254,50.24,58.62,-0.0342,1.13,Stable,-1.4799999999999969,-6.479999999999997,-8.68,-0.028615622583139926,-0.11424541607898443,-0.14731839782756279,41,235,6,5589,3,141,0,65,0,29,-8.0,-18.0,-17.0,-36.0,-117.0,-67.0,115.0,-1092.0,-950.0,1.0,0.0,-1.0,0.0,0.0,0.0,-0.16326530612244897,-0.3050847457627119,-0.29310344827586204,-0.13284132841328414,-0.33238636363636365,-0.22185430463576158,0.02100840336134454,-0.16344858554108666,-0.14528215323443952,0.2,0.0,-0.14285714285714285,0.0,0.0,0.0,0,0,0,3,1.0,0.0,0.0,0.0,0.0,4.0,28.11,3.0,0.0,0.0,0.0,1.0,4.666666666666667,19.53,5.0,0.0,0.0,0.0,1.0,4.4,33.53,0,0,0,0,CT013086,1,2825631.97,2825631.97,Annual,True,335.0,30.0,1,1,1
C19651,2025-01-20,0,Retail,APAC,SMB,141,Enterprise Sales,353,0.9664613278576317,87.22,77.24,0.0424,1.1308,Stable,-1.7199999999999989,-0.5400000000000063,-2.519999999999996,-0.019338880143917235,-0.006153144940747564,-0.028081123244929753,35,254,7,5756,3,125,64,65,0,0,-1.0,0.0,1.0,17.0,32.0,-4.0,1310.0,1379.0,380.0,0.0,0.0,0.0,0.0,0.0,0.0,-0.027777777777777776,0.0,0.029411764705882353,0.07172995780590717,0.14414414414414414,-0.015503875968992248,0.294646873594242,0.3150559744116975,0.07068452380952381,0.0,0.0,0.0,0.0,0.0,0.0,0,0,0,3,1.0,0.0,0.0,0.0,0.0,5.0,91.77,1.0,0.0,0.0,0.0,0.0,5.0,91.77,1.0,0.0,0.0,0.0,0.0,5.0,91.77,0,0,0,1,CT019651,1,211089.04,211089.04,Annual,True,353.0,12.0,1,1,1
C05033,2025-03-10,0,Education,North America,SMB,21,Enterprise Sales,319,0.8733744010951403,96.92,87.52,0.1863,0.9006,Improving,-1.0100000000000051,-1.2199999999999989,-2.0,-0.010313489226998929,-0.01243122070511513,-0.020218358269308533,3,7,2,138,1,7,0,0,0,0,0.0,0.0,0.0,0.0,-11.0,2.0,2.0,-249.0,50.0,-1.0,-4.0,-1.0,0.0,0.0,0.0,0.0,0.0,0.0,0.0,-0.6111111111111112,0.4,0.014705882352941176,-0.6434108527131783,0.5681818181818182,-0.3333333333333333,-0.6666666666666666,-0.3333333333333333,0.0,0.0,0.0,0,0,0,1,0.0,0.0,0.0,0.0,0.0,,,0.0,0.0,0.0,0.0,0.0,,,0.0,0.0,0.0,0.0,0.0,,,0,0,0,0,CT005033,1,209653.03,419306.06,Two-year,True,319.0,411.0,0,0,0
C10161,2025-09-22,0,Healthcare,North America,SMB,223,Inbound,39,0.10677618069815195,65.11,65.96,0.0298,0.4099,Stable,1.3800000000000026,1.4299999999999997,1.1899999999999977,0.021653852188922056,0.022456030150753765,0.01861702127659571,25,125,4,2362,2,86,39,0,0,0,-2.0,25.0,25.0,-28.0,125.0,125.0,-857.0,2362.0,2362.0,-1.0,4.0,4.0,0.0,2.0,2.0,-0.07407407407407407,,,-0.1830065359477124,,,-0.26623174899036967,,,-0.2,,,0.0,,,1,0,0,2,1.0,0.0,0.0,0.0,0.0,4.0,42.56,1.0,0.0,0.0,0.0,0.0,4.0,42.56,1.0,0.0,0.0,0.0,0.0,4.0,42.56,0,0,0,0,CT010161,1,718151.83,718151.83,Annual,True,39.0,326.0,0,0,0
C04362,2025-06-02,0,Telecommunications,North America,SMB,61,Inbound,167,0.45722108145106094,70.2,78.39,-0.0372,0.8075,Stable,-2.1099999999999994,-3.039999999999992,-3.730000000000004,-0.029179919789793934,-0.04150737302020743,-0.05045313134045724,18,104,5,2033,3,51,28,0,0,25,-1.0,-3.0,-2.0,-6.0,-43.0,-29.0,-182.0,-858.0,-425.0,-2.0,-2.0,-1.0,0.0,0.0,0.0,-0.05263157894736842,-0.14285714285714285,-0.1,-0.05454545454545454,-0.2925170068027211,-0.21804511278195488,-0.08216704288939052,-0.2967831200276721,-0.17290480065093572,-0.2857142857142857,-0.2857142857142857,-0.16666666666666666,0.0,0.0,0.0,0,0,0,3,0.0,0.0,0.0,0.0,0.0,,,1.0,0.0,0.0,0.0,1.0,4.0,11.5,4.0,0.0,0.0,0.0,2.0,4.0,22.020000000000003,0,0,0,0,CT004362,1,726022.85,726022.85,Annual,True,167.0,198.0,0,0,0
C09123,2024-03-18,0,Financial Services,North America,Enterprise,4071,Inbound,43,0.11772758384668036,50.58,68.53,-0.1986,0.7397,Declining,0.5599999999999952,-0.46000000000000085,-0.4200000000000017,0.01119552179128339,-0.009012539184952996,-0.008235294117647092,387,3035,6,60123,5,1120,537,593,494,291,-6.0,387.0,387.0,-253.0,3035.0,3035.0,-951.0,60123.0,60123.0,0.0,6.0,6.0,0.0,5.0,5.0,-0.015267175572519083,,,-0.07694647201946472,,,-0.015571274191963847,,,0.0,,,0.0,,,0,0,0,5,1.0,0.0,0.0,0.0,0.0,3.0,78.49,3.0,0.0,2.0,0.0,0.0,3.75,53.8475,3.0,0.0,2.0,0.0,0.0,3.75,53.8475,0,0,0,1,CT009123,1,13937169.76,41811509.28,Three-year,True,43.0,1052.0,0,0,0
C18150,2025-01-27,0,Professional Services,Europe,Enterprise,4372,Partner,191,0.5229295003422314,98.44,100.0,0.334,0.6768,Improving,-0.4399999999999977,-1.5600000000000023,-1.5600000000000023,-0.004449838187702243,-0.015600000000000024,-0.015600000000000024,1159,11781,7,226114,5,4384,2127,2307,1682,1281,38.0,58.0,38.0,623.0,740.0,485.0,-876.0,8958.0,10188.0,1.0,2.0,0.0,0.0,0.0,0.0,0.03389830508474576,0.05267938237965486,0.03389830508474576,0.055834378920953574,0.06702291459106965,0.04293555240793201,-0.0038592008458522404,0.041251450570097076,0.047182831155117955,0.16666666666666666,0.4,0.0,0.0,0.0,0.0,0,0,0,5,1.0,0.0,0.0,0.0,0.0,4.0,27.81,1.0,0.0,0.0,0.0,0.0,4.0,27.81,1.0,0.0,0.0,0.0,0.0,4.0,27.81,0,0,0,0,CT018150,1,7500000.0,7500000.0,Annual,False,191.0,174.0,0,0,1
C07441,2025-04-21,0,Professional Services,APAC,Enterprise,5332,Inbound,178,0.487337440109514,80.56,66.38,0.0215,1.0246,Stable,1.6500000000000057,0.35999999999999943,1.5700000000000074,0.020909897351413076,0.004488778054862835,0.019875933662489017,1068,7666,7,148463,3,3820,1925,1921,0,0,32.0,37.0,62.0,403.0,393.0,597.0,12319.0,-9748.0,7379.0,0.0,0.0,0.0,0.0,0.0,0.0,0.03088803088803089,0.03588748787584869,0.061630218687872766,0.055486713479278534,0.054035473669737384,0.08445324656952893,0.09048507462686567,-0.06161392065027084,0.052302174591023785,0.0,0.0,0.0,0.0,0.0,0.0,0,0,0,3,0.0,0.0,0.0,0.0,0.0,,,1.0,0.0,0.0,0.0,0.0,4.0,90.11,2.0,0.0,1.0,0.0,0.0,3.5,118.11500000000001,0,0,0,1,CT007441,1,12507165.12,12507165.12,Annual,True,178.0,187.0,0,0,0
C12410,2025-08-25,0,Logistics,North America,Mid-Market,922,Inbound,3,0.008213552361396304,69.66,73.18,0.0379,1.1069,Stable,-1.6300000000000097,-2.280000000000001,-3.0700000000000074,-0.022864356852293582,-0.03169307756463721,-0.0422109170906092,0,0,0,0,0,0,0,0,0,0,0.0,0.0,0.0,0.0,0.0,0.0,0.0,0.0,0.0,0.0,0.0,0.0,0.0,0.0,0.0,,,,,,,,,,,,,,,,0,0,0,3,0.0,0.0,0.0,0.0,0.0,,,0.0,0.0,0.0,0.0,0.0,,,0.0,0.0,0.0,0.0,0.0,,,0,0,0,0,CT012410,1,1025115.62,3075346.86,Three-year,True,3.0,1092.0,0,0,0
C05622,2025-07-14,1,Government,APAC,SMB,174,Referral,168,0.459958932238193,49.73,76.9,-0.2264,0.765,Declining,-0.3400000000000034,1.9399999999999977,0.6099999999999994,-0.006790493309366955,0.0405942665829671,0.01241856677524429,14,82,6,1533,3,39,30,0,13,0,0.0,0.0,-1.0,-19.0,20.0,4.0,-501.0,322.0,119.0,-1.0,-1.0,-1.0,0.0,0.0,0.0,0.0,0.0,-0.06666666666666667,-0.18811881188118812,0.3225806451612903,0.05128205128205128,-0.24631268436578171,0.2658959537572254,0.08415841584158416,-0.14285714285714285,-0.14285714285714285,-0.14285714285714285,0.0,0.0,0.0,1,0,0,3,2.0,0.0,0.0,0.0,0.0,4.0,58.08500000000001,3.0,0.0,0.0,0.0,0.0,3.6666666666666665,51.81666666666666,4.0,0.0,0.0,0.0,0.0,3.75,60.405,0,0,0,1,CT005622,1,380894.62,380894.62,Annual,True,168.0,197.0,0,0,0
C09271,2024-06-17,0,Professional Services,North America,SMB,212,Inbound,105,0.2874743326488706,82.86,74.26,0.0487,0.4081,Stable,0.5499999999999972,1.1200000000000045,1.9200000000000017,0.006682055643299686,0.013701981893809697,0.02372127501853227,41,234,7,4380,3,136,63,0,0,35,-1.0,2.0,1.0,-29.0,-29.0,-33.0,-1208.0,-1315.0,-1422.0,0.0,1.0,2.0,0.0,0.0,0.0,-0.023809523809523808,0.05128205128205128,0.025,-0.11026615969581749,-0.11026615969581749,-0.12359550561797752,-0.21617752326413744,-0.2309043020193152,-0.2450879007238883,0.0,0.16666666666666666,0.4,0.0,0.0,0.0,1,0,0,3,1.0,0.0,0.0,0.0,0.0,4.0,40.1,2.0,0.0,0.0,0.0,1.0,4.5,32.11,2.0,0.0,0.0,0.0,1.0,4.5,32.11,0,0,0,0,CT009271,1,623239.56,623239.56,Annual,True,105.0,260.0,0,0,0
C10511,2025-03-03,1,Education,Europe,SMB,49,Partner,82,0.2245037645448323,40.61,69.54,-0.1845,0.8454,Declining,-3.280000000000001,-5.5,-6.789999999999999,-0.07473228525860107,-0.11927998265018434,-0.1432489451476793,6,30,4,569,2,25,0,5,0,0,0.0,0.0,6.0,8.0,-3.0,30.0,111.0,50.0,569.0,-1.0,-3.0,4.0,0.0,0.0,2.0,0.0,0.0,,0.36363636363636365,-0.09090909090909091,,0.2423580786026201,0.09633911368015415,,-0.2,-0.42857142857142855,,0.0,0.0,,0,0,0,2,0.0,0.0,0.0,0.0,0.0,,,0.0,0.0,0.0,0.0,0.0,,,0.0,0.0,0.0,0.0,0.0,,,0,0,0,0,CT010511,1,1369445.68,1369445.68,Annual,True,82.0,283.0,0,0,0
C11519,2024-12-02,0,Healthcare,Europe,SMB,100,Direct Sales,236,0.6461327857631759,82.19,79.18,0.0012,0.6676,Stable,0.3499999999999943,0.37000000000000455,-0.6400000000000006,0.0042766373411534005,0.004522121730628264,-0.007726669081250762,21,111,6,2226,2,77,34,0,0,0,1.0,-1.0,0.0,11.0,-16.0,11.0,400.0,108.0,140.0,-1.0,0.0,0.0,0.0,0.0,0.0,0.05,-0.045454545454545456,0.0,0.11,-0.12598425196850394,0.11,0.21905805038335158,0.05099150141643059,0.06711409395973154,-0.14285714285714285,0.0,0.0,0.0,0.0,0.0,0,0,0,2,0.0,0.0,0.0,0.0,0.0,,,0.0,0.0,0.0,0.0,0.0,,,0.0,0.0,0.0,0.0,0.0,,,0,0,0,0,CT011519,1,667653.62,667653.62,Annual,True,236.0,129.0,0,0,1
C12804,2024-04-22,0,Education,North America,SMB,180,Enterprise Sales,47,0.12867898699520877,84.06,75.1,0.0026,1.1489,Stable,-1.0999999999999943,-1.6700000000000017,0.9399999999999977,-0.012916862376702611,-0.019479762043625354,0.011308950914340685,35,132,4,2252,1,132,0,0,0,0,0.0,35.0,35.0,27.0,132.0,132.0,574.0,2252.0,2252.0,-1.0,4.0,4.0,0.0,1.0,1.0,0.0,,,0.2571428571428571,,,0.3420738974970203,,,-0.2,,,0.0,,,0,0,0,1,0.0,0.0,0.0,0.0,0.0,,,0.0,0.0,0.0,0.0,0.0,,,0.0,0.0,0.0,0.0,0.0,,,0,0,0,0,CT012804,1,834819.41,834819.41,Annual,True,47.0,318.0,0,0,0
C02075,2025-09-22,0,Government,North America,SMB,28,Referral,431,1.1800136892539357,45.7,75.56,-0.0534,1.0069,Stable,-1.0700000000000003,-3.3599999999999994,-7.93,-0.02287791319221724,-0.06848756624541376,-0.147865000932314,3,4,4,69,1,4,0,0,0,0,0.0,0.0,0.0,-4.0,-8.0,-15.0,-77.0,-129.0,-271.0,2.0,-1.0,-2.0,0.0,0.0,0.0,0.0,0.0,0.0,-0.5,-0.6666666666666666,-0.7894736842105263,-0.5273972602739726,-0.6515151515151515,-0.7970588235294118,1.0,-0.2,-0.3333333333333333,0.0,0.0,0.0,1,1,1,1,1.0,0.0,0.0,0.0,1.0,5.0,15.96,1.0,0.0,0.0,0.0,1.0,5.0,15.96,2.0,1.0,0.0,0.0,1.0,4.5,27.38,0,0,0,0,CT002075,1,717176.12,1434352.24,Two-year,False,431.0,299.0,0,0,0
C19049,2024-08-19,1,Healthcare,North America,SMB,69,Enterprise Sales,17,0.04654346338124572,63.49,75.09,-0.211,0.944,Declining,-0.44999999999999574,0.25,-1.4299999999999997,-0.007037847982483512,0.0039531941808981655,-0.02202711028958718,14,69,7,1349,2,51,0,0,18,0,14.0,14.0,14.0,69.0,69.0,69.0,1349.0,1349.0,1349.0,7.0,7.0,7.0,2.0,2.0,2.0,,,,,,,,,,,,,,,,0,0,0,2,1.0,0.0,0.0,0.0,0.0,4.0,30.66,1.0,0.0,0.0,0.0,0.0,4.0,30.66,1.0,0.0,0.0,0.0,0.0,4.0,30.66,0,0,0,0,CT019049,1,1500000.0,1500000.0,Annual,False,17.0,348.0,0,0,0
C12755,2025-04-21,0,Professional Services,North America,Enterprise,11305,Inbound,4,0.010951403148528405,55.05,65.69,-0.0512,0.9348,Stable,0.09999999999999432,-0.8900000000000006,-1.730000000000004,0.0018198362147405698,-0.01590990346800144,-0.0304684748150758,0,0,0,0,0,0,0,0,0,0,0.0,0.0,0.0,0.0,0.0,0.0,0.0,0.0,0.0,0.0,0.0,0.0,0.0,0.0,0.0,,,,,,,,,,,,,,,,0,0,0,5,0.0,0.0,0.0,0.0,0.0,,,0.0,0.0,0.0,0.0,0.0,,,0.0,0.0,0.0,0.0,0.0,,,0,0,0,0,CT012755,1,11398176.45,34194529.35,Three-year,True,4.0,1091.0,0,0,0
C11402,2024-09-30,0,Financial Services,APAC,Mid-Market,709,Enterprise Sales,74,0.2026009582477755,98.67,85.78,0.0499,0.8485,Stable,0.25,0.45000000000000284,0.0,0.0025401341190814876,0.004581551618814935,0.0,230,2323,7,50015,5,870,438,450,308,257,2.0,-17.0,230.0,9.0,-53.0,2323.0,9446.0,5508.0,50015.0,0.0,1.0,7.0,0.0,0.0,5.0,0.008771929824561403,-0.06882591093117409,,0.0038893690579083835,-0.022306397306397305,,0.2328378811407725,0.12375581369222818,,0.0,0.16666666666666666,,0.0,0.0,,0,0,0,5,3.0,1.0,0.0,1.0,0.0,4.25,32.2425,3.0,1.0,0.0,1.0,0.0,4.25,32.2425,3.0,1.0,0.0,1.0,0.0,4.25,32.2425,0,0,0,0,CT011402,1,2206316.01,2206316.01,Annual,False,74.0,291.0,0,0,0
C05114,2024-11-11,0,Professional Services,APAC,Enterprise,15766,Inbound,122,0.33401779603011633,85.44,82.95,-0.0348,1.0864,Stable,2.2099999999999937,3.039999999999992,0.5,0.02655292562777837,0.03689320388349505,0.00588650812338121,2662,14567,7,291189,2,9670,4897,0,0,0,-109.0,-49.0,-76.0,-3.0,96.0,-94.0,1271.0,-33284.0,-5198.0,1.0,1.0,0.0,0.0,0.0,0.0,-0.039335979790689285,-0.018074511250461084,-0.027757487216946677,-0.0002059025394646534,0.00663395757031304,-0.006411568105859082,0.004383998233983402,-0.10257864290711399,-0.017537881216112716,0.16666666666666666,0.16666666666666666,0.0,0.0,0.0,0.0,0,0,0,2,1.0,0.0,0.0,1.0,0.0,5.0,5.08,4.0,0.0,1.0,1.0,2.0,4.333333333333333,14.969999999999999,6.0,0.0,1.0,1.0,3.0,4.2,23.574,0,0,0,0,CT005114,1,8556552.83,8556552.83,Annual,True,122.0,243.0,0,0,0
C10304,2025-05-26,0,Manufacturing,North America,SMB,190,Inbound,23,0.06297056810403832,66.5,69.03,0.0204,0.5348,Stable,-0.6400000000000006,-0.46999999999999886,-0.519999999999996,-0.009532320524277637,-0.007018067791548437,-0.007758877946881469,37,152,6,3069,1,152,0,0,0,0,37.0,37.0,37.0,152.0,152.0,152.0,3069.0,3069.0,3069.0,6.0,6.0,6.0,1.0,1.0,1.0,,,,,,,,,,,,,,,,0,0,0,1,3.0,0.0,0.0,0.0,1.0,4.0,77.53500000000001,3.0,0.0,0.0,0.0,1.0,4.0,77.53500000000001,3.0,0.0,0.0,0.0,1.0,4.0,77.53500000000001,0,0,0,1,CT010304,1,617485.12,1234970.24,Two-year,True,23.0,707.0,0,0,0
C07462,2025-06-16,0,Technology,Middle East,Mid-Market,1631,Enterprise Sales,118,0.32306639288158795,78.11,73.46,0.0374,1.1643,Stable,1.769999999999996,2.319999999999993,-1.3100000000000023,0.023185747969609587,0.030610898535426746,-0.016494585746663338,330,1684,6,29754,2,1107,0,577,0,0,0.0,-12.0,-26.0,-29.0,-88.0,-238.0,-4755.0,-10602.0,-6317.0,-1.0,0.0,0.0,0.0,0.0,0.0,0.0,-0.03508771929824561,-0.07303370786516854,-0.016929363689433742,-0.04966139954853273,-0.12382934443288242,-0.13779014170216466,-0.2627118644067797,-0.1751268331900973,-0.14285714285714285,0.0,0.0,0.0,0.0,0.0,0,0,0,2,0.0,0.0,0.0,0.0,0.0,,,2.0,0.0,0.0,0.0,0.0,5.0,24.755,2.0,0.0,0.0,0.0,0.0,5.0,24.755,0,0,0,0,CT007462,1,3450822.01,3450822.01,Annual,True,118.0,247.0,0,0,0
C00649,2025-03-03,0,Financial Services,Middle East,Mid-Market,1419,Referral,100,0.2737850787132101,72.13,76.64,-0.043,0.54,Stable,1.4200000000000017,1.1999999999999886,0.5099999999999909,0.020082025173242847,0.016918088256026906,0.007120915945266558,394,3075,7,60132,4,1328,586,650,511,0,3.0,11.0,38.0,-179.0,-21.0,331.0,-4913.0,-1202.0,3121.0,1.0,0.0,1.0,0.0,0.0,0.0,0.0076726342710997444,0.028720626631853787,0.10674157303370786,-0.05500921942224954,-0.006782945736434108,0.12062682215743441,-0.0755323237758475,-0.019597613069423158,0.054743821367806214,0.16666666666666666,0.0,0.16666666666666666,0.0,0.0,0.0,0,0,0,4,2.0,0.0,0.0,0.0,0.0,4.5,40.735,2.0,0.0,0.0,0.0,0.0,4.5,40.735,2.0,0.0,0.0,0.0,0.0,4.5,40.735,0,0,0,0,CT000649,1,7113724.86,7113724.86,Annual,True,100.0,265.0,0,0,0
C15048,2025-04-21,0,Education,North America,SMB,46,Inbound,417,1.1416837782340863,72.89,76.93,0.0095,1.1594,Stable,0.5700000000000074,2.0799999999999983,5.530000000000001,0.007881637168141695,0.0293743821494139,0.08209619952494064,4,8,2,155,1,8,0,0,0,0,0.0,0.0,0.0,-10.0,-3.0,-4.0,-220.0,-47.0,-38.0,-4.0,-2.0,-2.0,0.0,0.0,0.0,0.0,0.0,0.0,-0.5555555555555556,-0.2727272727272727,-0.3333333333333333,-0.5866666666666667,-0.23267326732673269,-0.19689119170984457,-0.6666666666666666,-0.5,-0.5,0.0,0.0,0.0,1,0,0,1,1.0,1.0,0.0,0.0,0.0,5.0,43.36,1.0,1.0,0.0,0.0,0.0,5.0,43.36,2.0,1.0,0.0,1.0,0.0,4.5,24.42,0,0,0,0,CT015048,1,200000.0,600000.0,Three-year,True,417.0,678.0,0,0,0
C15234,2025-05-12,0,Telecommunications,North America,SMB,26,Inbound,26,0.07118412046543464,64.29,71.48,-0.0266,0.4056,Stable,-0.8499999999999943,-1.7199999999999989,-2.6899999999999977,-0.013048817930610905,-0.026056658082108754,-0.04016124216183932,5,16,6,247,1,16,0,0,0,0,5.0,5.0,5.0,16.0,16.0,16.0,247.0,247.0,247.0,6.0,6.0,6.0,1.0,1.0,1.0,,,,,,,,,,,,,,,,0,0,0,1,0.0,0.0,0.0,0.0,0.0,,,0.0,0.0,0.0,0.0,0.0,,,0.0,0.0,0.0,0.0,0.0,,,0,0,0,0,CT015234,1,1500000.0,1500000.0,Annual,True,26.0,339.0,0,0,0
C06153,2024-08-19,0,Education,North America,SMB,120,Enterprise Sales,196,0.5366187542778919,29.63,63.2,-0.2552,0.8512,Declining,-0.33999999999999986,-3.0000000000000036,-3.349999999999998,-0.011344678011344674,-0.09193993257738288,-0.10157671315949054,6,23,6,498,2,15,8,0,0,0,0.0,0.0,-1.0,-8.0,7.0,1.0,-84.0,221.0,90.0,-1.0,2.0,1.0,0.0,1.0,0.0,0.0,0.0,-0.14285714285714285,-0.25806451612903225,0.4375,0.045454545454545456,-0.14432989690721648,0.7978339350180506,0.22058823529411764,-0.14285714285714285,0.5,0.2,0.0,1.0,0.0,0,0,0,2,0.0,0.0,0.0,0.0,0.0,,,1.0,0.0,1.0,0.0,1.0,3.0,20.97,2.0,0.0,1.0,0.0,1.0,3.5,23.695,0,0,0,0,CT006153,1,582357.81,582357.81,Annual,True,196.0,169.0,0,0,1
C12448,2025-09-22,0,Government,North America,Mid-Market,1810,Enterprise Sales,378,1.0349075975359343,50.12,76.58,-0.3141,1.1372,Declining,-3.6400000000000006,-3.5,-1.9500000000000028,-0.06770833333333334,-0.06527415143603134,-0.037449587094296195,146,654,7,13638,2,424,230,0,0,0,-23.0,-13.0,-11.0,-174.0,-21.0,-82.0,-4978.0,398.0,-276.0,0.0,2.0,2.0,0.0,0.0,0.0,-0.13609467455621302,-0.08176100628930817,-0.07006369426751592,-0.21014492753623187,-0.03111111111111111,-0.11141304347826086,-0.26740438332617106,0.030060422960725076,-0.019836136265631736,0.0,0.4,0.4,0.0,0.0,0.0,1,0,0,2,0.0,0.0,0.0,0.0,0.0,,,0.0,0.0,0.0,0.0,0.0,,,1.0,0.0,0.0,0.0,0.0,4.0,39.24,0,0,0,0,CT012448,1,3188615.78,6377231.56,Two-year,True,378.0,352.0,0,0,0
C14271,2025-03-24,0,Professional Services,APAC,Enterprise,24112,Inbound,127,0.34770704996577684,99.82,85.62,0.2858,0.6682,Improving,-0.05000000000001137,-0.18000000000000682,0.21999999999999886,-0.0005006508461000437,-0.0018000000000000683,0.0022088353413654504,7343,66853,7,1260979,4,27813,14034,14447,10559,0,177.0,-30.0,423.0,1868.0,-636.0,4224.0,40303.0,-115806.0,83557.0,2.0,0.0,0.0,0.0,0.0,0.0,0.024699972090427017,-0.004068900040689,0.0611271676300578,0.028745095021928138,-0.009423757945739306,0.06744479394529691,0.033016951263070624,-0.08411335103156993,0.07096605974748221,0.4,0.0,0.0,0.0,0.0,0.0,0,0,0,4,1.0,0.0,0.0,0.0,1.0,5.0,17.62,2.0,0.0,0.0,0.0,2.0,5.0,19.4,2.0,0.0,0.0,0.0,2.0,5.0,19.4,0,0,0,0,CT014271,1,11578174.61,23156349.22,Two-year,True,127.0,603.0,0,0,0
C06992,2024-10-07,0,Technology,North America,SMB,114,Referral,28,0.07665982203969883,99.09,78.37,0.2749,0.6024,Improving,0.6500000000000057,-0.9099999999999966,-0.9099999999999966,0.006603006907761131,-0.009099999999999966,-0.009099999999999966,30,188,7,3448,2,130,0,0,58,0,30.0,30.0,30.0,188.0,188.0,188.0,3448.0,3448.0,3448.0,7.0,7.0,7.0,2.0,2.0,2.0,,,,,,,,,,,,,,,,0,0,0,2,0.0,0.0,0.0,0.0,0.0,,,0.0,0.0,0.0,0.0,0.0,,,0.0,0.0,0.0,0.0,0.0,,,0,0,0,0,CT006992,1,493622.76,987245.52,Two-year,False,28.0,702.0,0,0,0
C16933,2025-03-31,0,Manufacturing,APAC,SMB,184,Inbound,190,0.5201916495550992,58.63,75.08,-0.0413,1.1979,Stable,0.6500000000000057,2.780000000000001,-0.5700000000000003,0.011210762331838663,0.04977618621307074,-0.009628378378378382,19,82,5,1349,2,59,0,0,23,0,0.0,-1.0,-2.0,-6.0,0.0,-13.0,-159.0,-132.0,-141.0,-1.0,-1.0,-1.0,0.0,0.0,0.0,0.0,-0.05,-0.09523809523809523,-0.06818181818181818,0.0,-0.1368421052631579,-0.10543766578249338,-0.08912896691424713,-0.09463087248322148,-0.16666666666666666,-0.16666666666666666,-0.16666666666666666,0.0,0.0,0.0,0,0,0,2,2.0,0.0,0.0,0.0,0.0,4.0,15.649999999999999,2.0,0.0,0.0,0.0,0.0,4.0,15.649999999999999,3.0,0.0,0.0,0.0,0.0,4.0,46.205,0,0,0,0,CT016933,1,303055.25,303055.25,Annual,False,190.0,175.0,0,0,1
C01354,2025-09-08,0,Financial Services,North America,SMB,70,Partner,51,0.13963039014373715,33.63,78.53,-0.2772,0.9601,Declining,-0.36999999999999744,-3.529999999999994,-5.460000000000001,-0.010882352941176395,-0.09499461786867584,-0.13967766692248657,2,7,6,120,1,7,0,0,0,0,0.0,2.0,2.0,4.0,7.0,7.0,66.0,120.0,120.0,3.0,6.0,6.0,0.0,1.0,1.0,0.0,,,1.3333333333333333,,,1.2222222222222223,,,1.0,,,0.0,,,0,0,0,1,2.0,0.0,0.0,0.0,2.0,4.0,9.805,3.0,0.0,0.0,0.0,3.0,4.0,14.4175,3.0,0.0,0.0,0.0,3.0,4.0,14.4175,0,0,0,0,CT001354,1,362568.54,362568.54,Annual,True,51.0,314.0,0,0,0
C05112,2025-04-07,0,Financial Services,North America,Mid-Market,1871,Enterprise Sales,34,0.09308692676249145,42.32,72.65,-0.2782,0.6474,Declining,-1.2800000000000011,-3.719999999999999,-2.770000000000003,-0.02935779816513764,-0.08079930495221545,-0.06143269017520521,116,579,7,10156,3,358,0,0,114,107,116.0,116.0,116.0,579.0,579.0,579.0,10156.0,10156.0,10156.0,7.0,7.0,7.0,3.0,3.0,3.0,,,,,,,,,,,,,,,,0,0,0,3,2.0,0.0,0.0,0.0,1.0,3.5,35.17,2.0,0.0,0.0,0.0,1.0,3.5,35.17,2.0,0.0,0.0,0.0,1.0,3.5,35.17,0,0,0,0,CT005112,1,2617082.65,2617082.65,Annual,True,34.0,331.0,0,0,0
C19889,2025-04-14,0,Technology,North America,SMB,136,Referral,273,0.7474332648870636,99.37,89.88,0.0313,0.7057,Stable,0.5100000000000051,0.2400000000000091,0.9399999999999977,0.005158810439004705,0.0024210632502775055,0.009549933963222571,31,115,4,1830,1,115,0,0,0,0,0.0,0.0,1.0,4.0,-12.0,-9.0,-456.0,-665.0,-186.0,-2.0,-3.0,-2.0,0.0,0.0,0.0,0.0,0.0,0.03333333333333333,0.036036036036036036,-0.09448818897637795,-0.07258064516129033,-0.1994750656167979,-0.2665330661322645,-0.09226190476190477,-0.3333333333333333,-0.42857142857142855,-0.3333333333333333,0.0,0.0,0.0,1,0,0,1,0.0,0.0,0.0,0.0,0.0,,,0.0,0.0,0.0,0.0,0.0,,,0.0,0.0,0.0,0.0,0.0,,,0,0,0,0,CT019889,1,333263.61,333263.61,Annual,True,273.0,92.0,0,0,1
C09074,2025-02-17,0,Technology,Europe,Mid-Market,1830,Enterprise Sales,267,0.731006160164271,39.14,85.6,-0.4601,0.8441,Rapidly Declining,-1.25,-4.899999999999999,-6.140000000000001,-0.03094825451844516,-0.1112624886466848,-0.13560070671378094,123,475,6,8706,2,336,0,0,139,0,-18.0,-23.0,-40.0,-90.0,-125.0,-154.0,-813.0,-1545.0,-907.0,-1.0,1.0,-1.0,0.0,0.0,0.0,-0.1276595744680851,-0.15753424657534246,-0.24539877300613497,-0.1592920353982301,-0.20833333333333334,-0.24483306836248012,-0.08540813110620864,-0.15071700321919812,-0.09435139914698845,-0.14285714285714285,0.2,-0.14285714285714285,0.0,0.0,0.0,0,0,0,2,2.0,0.0,0.0,0.0,0.0,4.0,60.315,4.0,0.0,0.0,1.0,0.0,4.0,26.59166666666667,6.0,0.0,1.0,1.0,0.0,3.8,26.413,0,0,0,0,CT009074,1,6518791.81,6518791.81,Annual,True,267.0,98.0,0,0,1
C02051,2025-07-07,0,Financial Services,North America,Enterprise,13624,Inbound,95,0.2600958247775496,75.4,82.67,0.0195,0.8203,Stable,3.260000000000005,3.8100000000000023,0.7800000000000011,0.04518990851122824,0.053219723425059394,0.010452961672473882,3144,22930,7,445024,4,10581,5311,0,4140,2898,-44.0,-123.0,-370.0,-294.0,-412.0,-3324.0,16300.0,-15223.0,-61278.0,1.0,2.0,1.0,0.0,0.0,0.0,-0.013801756587202008,-0.03764921946740129,-0.10529311326124074,-0.01265931794695143,-0.017650586924856482,-0.1266092785861202,0.03801979828514382,-0.03307571803835766,-0.12103053118494496,0.16666666666666666,0.4,0.16666666666666666,0.0,0.0,0.0,0,0,0,4,0.0,0.0,0.0,0.0,0.0,,,1.0,0.0,0.0,0.0,0.0,4.0,46.25,1.0,0.0,0.0,0.0,0.0,4.0,46.25,0,0,0,0,CT002051,1,20804000.17,41608000.34,Two-year,True,95.0,635.0,0,0,0
C08135,2025-02-10,0,Retail,APAC,SMB,76,Enterprise Sales,254,0.6954140999315537,82.78,81.45,0.0836,1.1993,Stable,7.890000000000001,6.960000000000008,6.200000000000003,0.10535451996261183,0.0917963597995253,0.08096108644554718,14,80,7,1673,2,44,0,36,0,0,2.0,0.0,1.0,0.0,9.0,13.0,193.0,407.0,333.0,0.0,1.0,1.0,0.0,0.0,0.0,0.16666666666666666,0.0,0.07692307692307693,0.0,0.1267605633802817,0.19402985074626866,0.1304054054054054,0.32148499210110587,0.24850746268656718,0.0,0.16666666666666666,0.16666666666666666,0.0,0.0,0.0,0,0,0,2,0.0,0.0,0.0,0.0,0.0,,,0.0,0.0,0.0,0.0,0.0,,,3.0,0.0,0.0,0.0,0.0,4.0,48.86749999999999,0,0,0,1,CT008135,1,400207.28,800414.56,Two-year,True,254.0,476.0,0,0,0
C03482,2025-02-03,0,Telecommunications,APAC,Mid-Market,1870,Direct Sales,49,0.13415468856947296,78.19,83.89,-0.0385,0.5426,Stable,-0.6000000000000085,1.3599999999999994,0.3499999999999943,-0.007615179591318803,0.017701418716647137,0.004496402877697769,387,2278,6,36084,3,1378,0,0,516,384,-3.0,387.0,387.0,-39.0,2278.0,2278.0,-8886.0,36084.0,36084.0,-1.0,6.0,6.0,0.0,3.0,3.0,-0.007692307692307693,,,-0.01683211048769961,,,-0.19759839893262174,,,-0.14285714285714285,,,0.0,,,1,0,0,3,1.0,0.0,0.0,0.0,0.0,5.0,41.74,2.0,0.0,0.0,0.0,0.0,4.5,30.675,2.0,0.0,0.0,0.0,0.0,4.5,30.675,0,0,0,0,CT003482,1,1832609.1,1832609.1,Annual,False,49.0,316.0,0,0,0
C16166,2025-09-01,0,Technology,North America,SMB,94,Inbound,107,0.2929500342231348,62.44,73.14,0.007,0.9035,Stable,-0.990000000000002,-4.3500000000000085,-3.9200000000000017,-0.015607756582058993,-0.06512951040574949,-0.059071729957805935,7,25,2,420,1,25,0,0,0,0,0.0,0.0,-1.0,-1.0,-3.0,-5.0,-172.0,-93.0,-64.0,-2.0,-4.0,-4.0,0.0,0.0,0.0,0.0,0.0,-0.125,-0.038461538461538464,-0.10714285714285714,-0.16666666666666666,-0.2905405405405405,-0.18128654970760233,-0.1322314049586777,-0.5,-0.6666666666666666,-0.6666666666666666,0.0,0.0,0.0,1,0,0,1,1.0,0.0,0.0,0.0,0.0,4.0,118.33,3.0,0.0,0.0,0.0,0.0,4.333333333333333,78.14666666666666,4.0,0.0,0.0,0.0,0.0,4.25,78.7425,0,0,0,1,CT016166,1,238680.95,238680.95,Annual,False,107.0,258.0,0,0,0
C13448,2025-02-24,1,Logistics,APAC,SMB,138,Inbound,202,0.5530458590006845,18.47,79.33,-0.5199,0.4693,Rapidly Declining,-1.1700000000000017,-2.710000000000001,-5.150000000000002,-0.059572301425662,-0.12795089707271015,-0.21803556308213387,4,14,4,274,1,14,0,0,0,0,0.0,0.0,0.0,0.0,-5.0,-4.0,24.0,-100.0,-65.0,1.0,-2.0,-1.0,0.0,0.0,0.0,0.0,0.0,0.0,0.0,-0.2631578947368421,-0.2222222222222222,0.096,-0.26737967914438504,-0.19174041297935104,0.3333333333333333,-0.3333333333333333,-0.2,0.0,0.0,0.0,0,0,0,1,1.0,0.0,0.0,0.0,0.0,3.0,30.07,2.0,0.0,0.0,0.0,1.0,3.0,18.925,2.0,0.0,0.0,0.0,1.0,3.0,18.925,0,0,1,0,CT013448,1,459856.32,919712.64,Two-year,True,202.0,528.0,0,0,0
C14730,2025-02-03,0,Retail,APAC,SMB,235,Direct Sales,33,0.09034907597535935,94.38,89.76,0.0164,0.6075,Stable,0.18999999999999773,0.4099999999999966,2.280000000000001,0.0020171992780549713,0.004363094604661026,0.02475570032573291,83,320,5,5961,1,320,0,0,0,0,83.0,83.0,83.0,320.0,320.0,320.0,5961.0,5961.0,5961.0,5.0,5.0,5.0,1.0,1.0,1.0,,,,,,,,,,,,,,,,0,0,0,1,0.0,0.0,0.0,0.0,0.0,,,0.0,0.0,0.0,0.0,0.0,,,0.0,0.0,0.0,0.0,0.0,,,0,0,0,0,CT014730,1,669003.65,669003.65,Annual,True,33.0,332.0,0,0,0
C09748,2024-03-11,0,Education,APAC,Enterprise,2493,Direct Sales,14,0.038329911019849415,68.87,66.97,-0.0043,0.5023,Stable,-1.0,-1.1700000000000017,-0.5099999999999909,-0.01431229426077,-0.0167047401484866,-0.007350821562409786,280,1746,7,35769,3,983,467,0,0,296,280.0,280.0,280.0,1746.0,1746.0,1746.0,35769.0,35769.0,35769.0,7.0,7.0,7.0,3.0,3.0,3.0,,,,,,,,,,,,,,,,0,0,0,3,0.0,0.0,0.0,0.0,0.0,,,0.0,0.0,0.0,0.0,0.0,,,0.0,0.0,0.0,0.0,0.0,,,0,0,0,0,CT009748,1,7500000.0,15000000.0,Two-year,False,14.0,716.0,0,0,0
C19137,2025-03-17,0,Retail,APAC,Enterprise,2001,Inbound,77,0.2108145106091718,55.92,62.97,0.0031,1.0033,Stable,-0.5700000000000003,-6.82,-9.689999999999998,-0.010090281465746155,-0.10870258208479439,-0.1476909007773205,311,2524,7,54084,5,975,433,481,349,286,-40.0,-94.0,311.0,-513.0,-928.0,2524.0,-4771.0,-11691.0,54084.0,2.0,1.0,7.0,0.0,0.0,5.0,-0.11396011396011396,-0.23209876543209876,,-0.1689166941060257,-0.2688296639629201,,-0.08106363095743777,-0.17774230330672747,,0.4,0.16666666666666666,,0.0,0.0,,0,0,0,5,1.0,0.0,0.0,0.0,1.0,4.0,16.88,2.0,1.0,0.0,0.0,1.0,4.0,25.78,3.0,1.0,0.0,0.0,1.0,4.0,26.8,0,0,0,0,CT019137,1,31709737.67,31709737.67,Annual,True,77.0,288.0,0,0,0
C09499,2025-03-24,0,Healthcare,North America,Enterprise,14815,Partner,21,0.057494866529774126,87.79,85.71,-0.0116,0.6448,Stable,-0.5999999999999943,-3.0,-2.1799999999999926,-0.006788098201153912,-0.03304328670558431,-0.024230298988551658,3823,28075,6,617610,3,13834,6915,7326,0,0,3823.0,3823.0,3823.0,28075.0,28075.0,28075.0,617610.0,617610.0,617610.0,6.0,6.0,6.0,3.0,3.0,3.0,,,,,,,,,,,,,,,,0,0,0,3,2.0,1.0,0.0,0.0,1.0,4.0,54.625,2.0,1.0,0.0,0.0,1.0,4.0,54.625,2.0,1.0,0.0,0.0,1.0,4.0,54.625,0,0,0,1,CT009499,1,13293060.65,13293060.65,Annual,False,21.0,344.0,0,0,0
C12720,2024-03-18,0,Healthcare,North America,SMB,181,Inbound,39,0.10677618069815195,63.82,70.15,-0.045,1.1148,Stable,-4.999999999999993,-6.350000000000001,-7.749999999999993,-0.07265329845974998,-0.09049451332478269,-0.10828559452284468,21,69,4,1137,1,69,0,0,0,0,-3.0,21.0,21.0,-2.0,69.0,69.0,-403.0,1137.0,1137.0,1.0,4.0,4.0,0.0,1.0,1.0,-0.125,,,-0.028169014084507043,,,-0.2616883116883117,,,0.3333333333333333,,,0.0,,,1,0,0,1,1.0,0.0,0.0,0.0,0.0,4.0,344.18,1.0,0.0,0.0,0.0,0.0,4.0,344.18,1.0,0.0,0.0,0.0,0.0,4.0,344.18,0,0,0,1,CT012720,1,487878.31,487878.31,Annual,False,39.0,326.0,0,0,0
C17337,2025-10-06,0,Government,Middle East,Enterprise,3607,Partner,23,0.06297056810403832,77.96,90.08,-0.0054,0.8387,Stable,-0.5200000000000102,-3.2900000000000063,-3.960000000000008,-0.0066258919469929945,-0.04049230769230777,-0.0483398437500001,692,4776,5,88568,3,2478,1113,1185,0,0,692.0,692.0,692.0,4776.0,4776.0,4776.0,88568.0,88568.0,88568.0,5.0,5.0,5.0,3.0,3.0,3.0,,,,,,,,,,,,,,,,0,0,0,3,1.0,1.0,0.0,1.0,0.0,4.0,8.44,1.0,1.0,0.0,1.0,0.0,4.0,8.44,1.0,1.0,0.0,1.0,0.0,4.0,8.44,0,0,0,0,CT017337,1,14050505.69,42151517.07,Three-year,False,23.0,1072.0,0,0,0
C14183,2025-02-03,0,Telecommunications,Middle East,Mid-Market,1976,Inbound,314,0.8596851471594799,99.7,77.71,0.2988,0.6967,Improving,-0.29999999999999716,-0.14999999999999147,-0.01999999999999602,-0.0029999999999999714,-0.0015022533800700198,-0.00020056157240268773,492,2754,6,52465,2,1831,923,0,0,0,-5.0,9.0,18.0,-91.0,-11.0,89.0,-18903.0,-1198.0,-5782.0,-1.0,0.0,0.0,0.0,0.0,0.0,-0.01006036217303823,0.018633540372670808,0.0379746835443038,-0.031985940246045695,-0.003978300180831827,0.033395872420262665,-0.26486660688263647,-0.022324506643311034,-0.0992669150342507,-0.14285714285714285,0.0,0.0,0.0,0.0,0.0,1,0,0,2,1.0,0.0,0.0,0.0,0.0,4.0,31.29,2.0,0.0,0.0,1.0,0.0,4.0,17.245,2.0,0.0,0.0,1.0,0.0,4.0,17.244999999999997,0,0,0,0,CT014183,1,2207700.35,2207700.35,Annual,False,314.0,51.0,0,1,1
C16486,2024-08-12,0,Technology,Europe,Enterprise,5897,Inbound,125,0.34223134839151265,96.9,69.7,0.3287,1.0213,Improving,-1.9799999999999898,-3.0999999999999943,-3.0999999999999943,-0.02002427184466009,-0.030999999999999944,-0.030999999999999944,1196,8137,7,162975,3,4485,0,2398,0,1254,-53.0,-101.0,-101.0,-149.0,-610.0,-690.0,17770.0,-7307.0,-5444.0,2.0,0.0,1.0,0.0,0.0,0.0,-0.04243394715772618,-0.07787201233616037,-0.07787201233616037,-0.017982138546946656,-0.06973819595289814,-0.07816925342698539,0.12237870596742537,-0.042911170881244055,-0.0323241439505044,0.4,0.0,0.16666666666666666,0.0,0.0,0.0,0,0,0,3,2.0,0.0,0.0,0.0,1.0,4.5,19.145,2.0,0.0,0.0,0.0,1.0,4.5,19.145,2.0,0.0,0.0,0.0,1.0,4.5,19.145,0,0,0,0,CT016486,1,7500000.0,7500000.0,Annual,True,125.0,240.0,0,0,0
C13286,2024-12-09,0,Professional Services,Europe,Mid-Market,1017,Referral,69,0.188911704312115,95.91,81.92,-0.0127,1.1334,Stable,2.049999999999997,2.269999999999996,2.3299999999999983,0.021841039846579983,0.024241777018368178,0.02489848258174822,195,1124,7,23654,2,791,333,0,0,0,29.0,14.0,195.0,142.0,116.0,1124.0,3998.0,4567.0,23654.0,2.0,0.0,7.0,0.0,0.0,2.0,0.1746987951807229,0.07734806629834254,,0.1446028513238289,0.11507936507936507,,0.2033984533984534,0.23927280347880756,,0.4,0.0,,0.0,0.0,,0,0,0,2,0.0,0.0,0.0,0.0,0.0,,,0.0,0.0,0.0,0.0,0.0,,,0.0,0.0,0.0,0.0,0.0,,,0,0,0,0,CT013286,1,1000000.0,1000000.0,Annual,True,69.0,296.0,0,0,0
C04137,2024-06-17,0,Financial Services,North America,SMB,76,Enterprise Sales,23,0.06297056810403832,78.67,88.83,-0.1123,0.4904,Stable,-1.269999999999996,-2.3100000000000023,-2.0,-0.015886915186389742,-0.02852556186712771,-0.024792363951902815,21,66,6,1337,1,66,0,0,0,0,21.0,21.0,21.0,66.0,66.0,66.0,1337.0,1337.0,1337.0,6.0,6.0,6.0,1.0,1.0,1.0,,,,,,,,,,,,,,,,0,0,0,1,0.0,0.0,0.0,0.0,0.0,,,0.0,0.0,0.0,0.0,0.0,,,0.0,0.0,0.0,0.0,0.0,,,0,0,0,0,CT004137,1,882373.13,2647119.39,Three-year,True,23.0,1072.0,0,0,0
C18499,2024-02-05,0,Retail,Latin America,Enterprise,48870,Inbound,16,0.04380561259411362,67.8,76.72,-0.078,0.8248,Stable,1.4200000000000017,1.5499999999999972,-1.1700000000000017,0.02139198553781262,0.0233962264150943,-0.01696389734667249,8834,69952,7,1420742,4,29256,14755,15026,10915,0,8834.0,8834.0,8834.0,69952.0,69952.0,69952.0,1420742.0,1420742.0,1420742.0,7.0,7.0,7.0,4.0,4.0,4.0,,,,,,,,,,,,,,,,0,0,0,4,3.0,2.0,0.0,0.0,3.0,4.0,26.985,3.0,2.0,0.0,0.0,3.0,4.0,26.985,3.0,2.0,0.0,0.0,3.0,4.0,26.985,0,1,0,0,CT018499,1,20076865.36,20076865.36,Annual,True,16.0,349.0,0,0,0
C14994,2025-02-03,0,Healthcare,Latin America,SMB,30,Inbound,334,0.9144421629021219,86.2,82.8,0.0398,0.9593,Stable,-2.780000000000001,-1.4899999999999949,-3.5799999999999983,-0.031242975949651617,-0.016991675219523262,-0.039875250612608576,8,33,5,607,2,19,0,14,0,0,0.0,0.0,0.0,-11.0,1.0,-20.0,-231.0,0.0,-397.0,-1.0,0.0,0.0,0.0,0.0,0.0,0.0,0.0,0.0,-0.25,0.03125,-0.37735849056603776,-0.2756563245823389,0.0,-0.3954183266932271,-0.16666666666666666,0.0,0.0,0.0,0.0,0.0,1,1,0,2,0.0,0.0,0.0,0.0,0.0,,,0.0,0.0,0.0,0.0,0.0,,,1.0,0.0,0.0,0.0,0.0,3.0,111.63,0,0,1,1,CT014994,1,527859.7,527859.7,Annual,False,334.0,31.0,0,1,1
C00154,2025-05-26,0,Technology,North America,Mid-Market,1389,Referral,134,0.3668720054757016,88.09,70.14,0.1569,0.6586,Improving,0.35999999999999943,1.1599999999999966,4.27000000000001,0.004103499373076478,0.013344069941332066,0.05094249582438572,501,4218,7,83464,4,1757,837,959,665,0,44.0,28.0,60.0,326.0,328.0,373.0,14768.0,14633.0,19026.0,1.0,1.0,0.0,0.0,0.0,0.0,0.0962800875273523,0.05919661733615222,0.1360544217687075,0.08376156217882837,0.08431876606683805,0.09700910273081925,0.21497612670315594,0.21259316296436198,0.2952605605388125,0.16666666666666666,0.16666666666666666,0.0,0.0,0.0,0.0,0,0,0,4,0.0,0.0,0.0,0.0,0.0,,,1.0,0.0,0.0,0.0,1.0,3.0,14.51,1.0,0.0,0.0,0.0,1.0,3.0,14.51,0,0,1,0,CT000154,1,5731446.55,5731446.55,Annual,True,134.0,231.0,0,0,0
C07742,2024-06-03,0,Logistics,North America,SMB,66,Inbound,13,0.03559206023271732,63.0,80.68,-0.1277,0.5495,Declining,-3.030000000000001,-3.6200000000000045,-2.760000000000005,-0.045888232621535685,-0.05433803662563801,-0.0419708029197081,10,57,5,1146,2,32,0,25,0,0,10.0,10.0,10.0,57.0,57.0,57.0,1146.0,1146.0,1146.0,5.0,5.0,5.0,2.0,2.0,2.0,,,,,,,,,,,,,,,,0,0,0,2,0.0,0.0,0.0,0.0,0.0,,,0.0,0.0,0.0,0.0,0.0,,,0.0,0.0,0.0,0.0,0.0,,,0,0,0,0,CT007742,1,404680.15,809360.3,Two-year,True,13.0,717.0,0,0,0
C06098,2025-03-31,0,Financial Services,APAC,SMB,162,Enterprise Sales,385,1.054072553045859,38.68,66.57,-0.1965,0.6333,Declining,-0.6499999999999986,-3.049999999999997,-3.0799999999999983,-0.01652682430714464,-0.07308890486460573,-0.07375478927203061,13,24,2,395,2,16,0,0,8,0,-1.0,0.0,-1.0,-14.0,-27.0,-29.0,-193.0,-465.0,-468.0,-1.0,-2.0,-4.0,0.0,0.0,0.0,-0.07142857142857142,0.0,-0.07142857142857142,-0.3684210526315789,-0.5294117647058824,-0.5471698113207547,-0.3282312925170068,-0.5406976744186046,-0.5422943221320974,-0.3333333333333333,-0.5,-0.6666666666666666,0.0,0.0,0.0,1,1,1,2,1.0,0.0,0.0,0.0,0.0,4.0,72.79,1.0,0.0,0.0,0.0,0.0,4.0,72.79,1.0,0.0,0.0,0.0,0.0,4.0,72.79,0,0,0,1,CT006098,1,762204.09,1524408.18,Two-year,True,385.0,345.0,0,0,0
C03214,2025-01-06,0,Retail,North America,Mid-Market,720,Inbound,260,0.7118412046543463,37.08,64.75,-0.2221,0.7939,Declining,0.21999999999999886,2.5700000000000003,1.1199999999999974,0.0059685295713510274,0.07447116777745583,0.03114571746384865,25,101,3,2023,2,73,28,0,0,0,-2.0,-2.0,-1.0,-13.0,-16.0,2.0,-231.0,-471.0,-57.0,-2.0,-2.0,-3.0,0.0,0.0,0.0,-0.07407407407407407,-0.07407407407407407,-0.038461538461538464,-0.11403508771929824,-0.13675213675213677,0.020202020202020204,-0.10248447204968944,-0.1888532477947073,-0.027403846153846154,-0.4,-0.4,-0.5,0.0,0.0,0.0,0,0,0,2,5.0,2.0,1.0,1.0,2.0,4.0,18.156666666666666,5.0,2.0,1.0,1.0,2.0,4.0,18.156666666666666,8.0,2.0,2.0,1.0,4.0,4.2,22.777,1,1,0,0,CT003214,1,1497531.31,1497531.31,Annual,False,260.0,105.0,0,0,1
C06058,2024-09-23,1,Logistics,North America,Mid-Market,1267,Direct Sales,36,0.09856262833675565,31.31,64.48,-0.3585,0.6729,Declining,-1.6699999999999982,-2.0400000000000027,-1.7100000000000044,-0.05063674954517885,-0.0611694152923539,-0.0517867958812842,56,295,6,5621,3,142,71,0,82,0,2.0,56.0,56.0,-14.0,295.0,295.0,-687.0,5621.0,5621.0,0.0,6.0,6.0,0.0,3.0,3.0,0.037037037037037035,,,-0.045307443365695796,,,-0.10890932149651236,,,0.0,,,0.0,,,0,0,0,3,4.0,0.0,0.0,0.0,1.0,4.166666666666667,45.15833333333334,4.0,0.0,0.0,0.0,1.0,4.166666666666667,45.15833333333334,4.0,0.0,0.0,0.0,1.0,4.166666666666667,45.15833333333334,0,0,0,0,CT006058,1,2266842.21,2266842.21,Annual,False,36.0,329.0,0,0,0
C16116,2024-09-16,0,Telecommunications,Latin America,SMB,204,Direct Sales,131,0.3586584531143053,85.07,78.95,-0.018,0.8405,Stable,2.059999999999988,-1.3100000000000023,-1.1600000000000108,0.024816287194313794,-0.015165547580458466,-0.013452394758204925,46,163,6,2473,1,163,0,0,0,0,-2.0,-3.0,-6.0,-26.0,-37.0,-35.0,-1603.0,-1096.0,-1609.0,1.0,0.0,2.0,0.0,0.0,0.0,-0.041666666666666664,-0.061224489795918366,-0.11538461538461539,-0.13756613756613756,-0.185,-0.17676767676767677,-0.3932777232580962,-0.30708882039787055,-0.39416952474277317,0.2,0.0,0.5,0.0,0.0,0.0,1,1,0,1,2.0,0.0,0.0,0.0,1.0,5.0,8.495,3.0,0.0,1.0,0.0,2.0,4.0,20.172499999999992,4.0,0.0,1.0,0.0,2.0,4.0,40.04833333333334,0,0,0,0,CT016116,1,520320.1,520320.1,Annual,False,131.0,234.0,0,0,0
C10960,2024-09-16,0,Professional Services,Middle East,Enterprise,4590,Inbound,144,0.3942505133470226,72.63,75.69,0.0118,0.5245,Stable,2.0600000000000023,1.2399999999999949,1.5600000000000023,0.029190874309196577,0.01736937946491098,0.02195018995356694,697,6182,5,135089,5,2377,1201,1187,841,576,-7.0,-32.0,1.0,-250.0,-244.0,185.0,24138.0,21212.0,23807.0,-2.0,-1.0,-1.0,0.0,0.0,0.0,-0.009943181818181818,-0.0438957475994513,0.0014367816091954023,-0.038868159203980096,-0.037970743853096796,0.030848757712189426,0.21755549747185696,0.18627115220808416,0.2139339695548247,-0.2857142857142857,-0.16666666666666666,-0.16666666666666666,0.0,0.0,0.0,0,0,0,5,0.0,0.0,0.0,0.0,0.0,,,0.0,0.0,0.0,0.0,0.0,,,3.0,1.0,0.0,1.0,0.0,3.6666666666666665,26.25999999999999,0,0,0,0,CT010960,1,7500000.0,7500000.0,Annual,True,144.0,221.0,0,0,0
C09636,2025-05-19,1,Logistics,North America,SMB,91,Direct Sales,169,0.46269678302532513,46.69,74.97,-0.2544,1.0446,Declining,-1.6300000000000026,-1.480000000000004,1.5899999999999963,-0.033733443708609326,-0.030724517334440603,0.035254988913525416,5,14,3,260,1,14,0,0,0,0,0.0,1.0,1.0,-7.0,1.0,7.0,-22.0,24.0,136.0,-3.0,-1.0,-1.0,0.0,0.0,0.0,0.0,0.25,0.25,-0.3333333333333333,0.07692307692307693,1.0,-0.07801418439716312,0.1016949152542373,1.096774193548387,-0.5,-0.25,-0.25,0.0,0.0,0.0,0,0,0,1,0.0,0.0,0.0,0.0,0.0,,,1.0,0.0,0.0,0.0,0.0,4.0,59.05,3.0,1.0,0.0,1.0,0.0,4.0,40.605,0,0,0,0,CT009636,1,588436.09,588436.09,Annual,True,169.0,196.0,0,0,0
C08486,2025-03-17,0,Government,Europe,Mid-Market,1566,Direct Sales,300,0.8213552361396304,99.16,87.77,0.2552,0.8839,Improving,-0.8400000000000034,-0.8400000000000034,-0.8400000000000034,-0.008400000000000034,-0.008400000000000034,-0.008400000000000034,601,4434,4,82975,3,2267,1078,1089,0,0,-44.0,-8.0,-1.0,-530.0,-205.0,-110.0,-8338.0,4618.0,-5598.0,-2.0,-2.0,-1.0,0.0,0.0,0.0,-0.06821705426356589,-0.013136288998357963,-0.0016611295681063123,-0.10676873489121676,-0.0441905583099806,-0.02420774647887324,-0.09131229945352798,0.058935385479280726,-0.0632021044787915,-0.3333333333333333,-0.3333333333333333,-0.2,0.0,0.0,0.0,0,0,0,3,0.0,0.0,0.0,0.0,0.0,,,0.0,0.0,0.0,0.0,0.0,,,0.0,0.0,0.0,0.0,0.0,,,0,0,0,0,CT008486,1,3551499.47,3551499.47,Annual,True,300.0,65.0,0,1,1
C01686,2025-04-07,0,Technology,Middle East,SMB,110,Partner,22,0.06023271731690623,100.0,81.4,0.3162,1.0905,Improving,1.5499999999999972,0.5900000000000034,0.0,0.01574403250380901,0.005935016597927808,0.0,24,134,7,2275,2,92,0,42,0,0,24.0,24.0,24.0,134.0,134.0,134.0,2275.0,2275.0,2275.0,7.0,7.0,7.0,2.0,2.0,2.0,,,,,,,,,,,,,,,,0,0,0,2,0.0,0.0,0.0,0.0,0.0,,,0.0,0.0,0.0,0.0,0.0,,,0.0,0.0,0.0,0.0,0.0,,,0,0,0,0,CT001686,1,250164.5,500329.0,Two-year,True,22.0,708.0,0,0,0
C07810,2025-01-13,0,Logistics,North America,SMB,16,Referral,41,0.11225188227241616,100.0,78.77,0.2918,0.418,Improving,0.0,0.0,0.28000000000000114,0.0,0.0,0.002807862013638198,3,13,6,227,1,13,0,0,0,0,0.0,3.0,3.0,-1.0,13.0,13.0,-67.0,227.0,227.0,2.0,6.0,6.0,0.0,1.0,1.0,0.0,,,-0.07142857142857142,,,-0.22789115646258504,,,0.5,,,0.0,,,1,0,0,1,0.0,0.0,0.0,0.0,0.0,,,0.0,0.0,0.0,0.0,0.0,,,0.0,0.0,0.0,0.0,0.0,,,0,0,0,0,CT007810,1,901894.85,1803789.7,Two-year,True,41.0,689.0,0,0,0
C06249,2025-08-25,0,Technology,APAC,Mid-Market,1726,Referral,95,0.2600958247775496,92.15,93.14,-0.0246,0.7465,Stable,0.44000000000001194,1.5200000000000102,0.5300000000000011,0.00479773198124536,0.016771488469601793,0.005784763152150198,641,5082,6,94566,4,2402,0,1171,899,610,-1.0,-40.0,-47.0,-338.0,-241.0,-411.0,-6257.0,-1769.0,-6844.0,-1.0,-1.0,-1.0,0.0,0.0,0.0,-0.001557632398753894,-0.05873715124816446,-0.06831395348837209,-0.062361623616236164,-0.045275220740184106,-0.07482250136537412,-0.06205925235313371,-0.018363004100275082,-0.06748841337146239,-0.14285714285714285,-0.14285714285714285,-0.14285714285714285,0.0,0.0,0.0,0,0,0,4,0.0,0.0,0.0,0.0,0.0,,,1.0,0.0,0.0,0.0,0.0,4.0,35.63,2.0,0.0,0.0,0.0,0.0,4.0,106.14999999999999,0,0,0,1,CT006249,1,4999457.04,4999457.04,Annual,False,95.0,270.0,0,0,0
C02082,2024-10-07,0,Education,APAC,SMB,96,Inbound,51,0.13963039014373715,69.34,78.87,-0.01,0.779,Stable,0.4099999999999966,-2.739999999999995,-2.450000000000003,0.005948063252575026,-0.03801331853496109,-0.0341273157821424,14,76,7,1566,2,46,30,0,0,0,-1.0,14.0,14.0,-26.0,76.0,76.0,-438.0,1566.0,1566.0,0.0,7.0,7.0,0.0,2.0,2.0,-0.06666666666666667,,,-0.2549019607843137,,,-0.218562874251497,,,0.0,,,0.0,,,1,0,0,2,0.0,0.0,0.0,0.0,0.0,,,1.0,0.0,0.0,0.0,0.0,4.0,24.46,1.0,0.0,0.0,0.0,0.0,4.0,24.46,0,0,0,0,CT002082,1,780342.55,1560685.1,Two-year,True,51.0,679.0,0,0,0
C04771,2025-01-06,0,Professional Services,North America,Mid-Market,752,Referral,33,0.09034907597535935,80.44,77.0,-0.0238,0.5747,Stable,-1.740000000000009,0.09000000000000341,0.9599999999999937,-0.021173034801655014,0.0011200995644057674,0.012078510317060816,184,963,7,21053,2,652,311,0,0,0,184.0,184.0,184.0,963.0,963.0,963.0,21053.0,21053.0,21053.0,7.0,7.0,7.0,2.0,2.0,2.0,,,,,,,,,,,,,,,,0,0,0,2,1.0,0.0,0.0,0.0,0.0,4.0,30.74,1.0,0.0,0.0,0.0,0.0,4.0,30.74,1.0,0.0,0.0,0.0,0.0,4.0,30.74,0,0,0,0,CT004771,1,5642560.83,11285121.66,Two-year,True,33.0,697.0,0,0,0
C19741,2024-08-05,0,Manufacturing,APAC,SMB,119,Inbound,62,0.1697467488021903,72.3,89.3,-0.3077,0.8104,Declining,1.1799999999999926,-0.6899999999999977,0.10999999999999943,0.016591676040494833,-0.009453349773941605,0.0015237567530128747,24,133,6,2369,2,83,0,50,0,0,-1.0,24.0,24.0,-32.0,133.0,133.0,-450.0,2369.0,2369.0,-1.0,6.0,6.0,0.0,2.0,2.0,-0.04,,,-0.19393939393939394,,,-0.15963107484923733,,,-0.14285714285714285,,,0.0,,,1,0,0,2,1.0,0.0,0.0,0.0,0.0,4.0,22.2,1.0,0.0,0.0,0.0,0.0,4.0,22.2,1.0,0.0,0.0,0.0,0.0,4.0,22.2,0,0,0,0,CT019741,1,755871.13,755871.13,Annual,True,62.0,303.0,0,0,0
C12282,2024-05-20,0,Healthcare,North America,Enterprise,3764,Referral,57,0.15605749486652978,69.08,78.35,-0.0204,0.9047,Stable,0.28000000000000114,0.3100000000000023,-1.0600000000000023,0.0040697674418604815,0.004507779555038567,-0.015112631879098977,823,5992,5,120572,4,2666,0,1452,1060,814,21.0,823.0,823.0,217.0,5992.0,5992.0,6251.0,120572.0,120572.0,-2.0,5.0,5.0,0.0,4.0,4.0,0.026184538653366583,,,0.037575757575757575,,,0.054679367745208665,,,-0.2857142857142857,,,0.0,,,0,0,0,4,4.0,0.0,1.0,0.0,2.0,4.166666666666667,36.461666666666666,6.0,0.0,1.0,0.0,2.0,4.5,58.43299999999999,6.0,0.0,1.0,0.0,2.0,4.5,58.43299999999999,0,0,0,1,CT012282,1,26142038.35,26142038.35,Annual,False,57.0,308.0,0,0,0
C11161,2024-12-16,0,Professional Services,North America,SMB,197,Partner,60,0.16427104722792607,62.15,73.72,-0.0642,0.4114,Stable,-1.0700000000000003,-0.8800000000000026,-1.5,-0.01692502372666878,-0.013961605584642274,-0.02356637863315004,18,44,5,720,1,44,0,0,0,0,0.0,18.0,18.0,-3.0,44.0,44.0,-127.0,720.0,720.0,1.0,5.0,5.0,0.0,1.0,1.0,0.0,,,-0.06382978723404255,,,-0.14994096812278632,,,0.25,,,0.0,,,0,0,0,1,0.0,0.0,0.0,0.0,0.0,,,2.0,0.0,0.0,0.0,0.0,4.5,37.885,2.0,0.0,0.0,0.0,0.0,4.5,37.885,0,0,0,0,CT011161,1,589064.76,589064.76,Annual,True,60.0,305.0,0,0,0
C04051,2025-02-24,0,Education,North America,Enterprise,7241,Inbound,193,0.5284052019164955,81.69,83.89,-0.0393,0.4838,Stable,-0.7800000000000011,-0.4300000000000068,1.509999999999991,-0.009457984721717001,-0.0052362396492937995,0.018832626590171996,2163,20345,4,387578,5,7685,3728,3911,2875,2146,-131.0,72.0,191.0,-1077.0,684.0,1635.0,-62840.0,18561.0,28826.0,-3.0,-1.0,-2.0,0.0,0.0,0.0,-0.05710549258936356,0.03443328550932568,0.09685598377281947,-0.0502754177947904,0.03478968516352169,0.08738642437199359,-0.13951485064984082,0.050298495733258904,0.08035077156364286,-0.42857142857142855,-0.2,-0.3333333333333333,0.0,0.0,0.0,0,0,0,5,2.0,0.0,0.0,0.0,0.0,3.5,41.295,2.0,0.0,0.0,0.0,0.0,3.5,41.295,2.0,0.0,0.0,0.0,0.0,3.5,41.295,0,0,0,0,CT004051,1,18333467.32,18333467.32,Annual,True,193.0,172.0,0,0,1
C17123,2025-05-05,0,Technology,North America,Mid-Market,1968,Direct Sales,149,0.4079397672826831,75.41,77.47,0.0001,0.6591,Stable,0.9899999999999949,-0.10000000000000853,1.9799999999999898,0.013302875571082973,-0.0013243279035890414,0.026964455944436735,531,3334,7,67096,3,1904,916,0,0,514,27.0,34.0,3.0,213.0,317.0,208.0,-3858.0,2670.0,4850.0,2.0,0.0,0.0,0.0,0.0,0.0,0.05357142857142857,0.06841046277665996,0.005681818181818182,0.06824735661646908,0.10507126284388466,0.06653870761356366,-0.0543732559122812,0.041442895725328284,0.07791665327892555,0.4,0.0,0.0,0.0,0.0,0.0,0,0,0,3,3.0,1.0,0.0,0.0,1.0,4.75,60.725,4.0,1.0,0.0,0.0,1.0,4.833333333333333,44.81,4.0,1.0,0.0,0.0,1.0,4.833333333333333,44.81,0,0,0,0,CT017123,1,7918317.61,23754952.83,Three-year,True,149.0,946.0,0,0,0
C10445,2025-06-23,0,Logistics,Europe,SMB,28,Inbound,60,0.16427104722792607,41.59,67.09,-0.0114,1.085,Stable,-2.769999999999996,-5.939999999999998,-6.729999999999997,-0.06244364292155086,-0.12497370082053434,-0.13927980132450324,3,16,6,321,3,8,0,6,2,0,0.0,3.0,3.0,-8.0,16.0,16.0,-75.0,321.0,321.0,-1.0,6.0,6.0,0.0,3.0,3.0,0.0,,,-0.3333333333333333,,,-0.1893939393939394,,,-0.14285714285714285,,,0.0,,,1,0,0,3,1.0,0.0,0.0,0.0,0.0,4.0,92.78,3.0,1.0,1.0,0.0,1.0,3.6666666666666665,42.75333333333333,3.0,1.0,1.0,0.0,1.0,3.6666666666666665,42.75333333333333,0,0,0,0,CT010445,1,510351.75,510351.75,Annual,True,60.0,305.0,0,0,0
C16827,2024-11-18,0,Telecommunications,North America,Mid-Market,1638,Partner,206,0.5639972621492129,82.58,74.13,0.0158,0.9878,Stable,1.5799999999999983,0.5799999999999983,-0.45000000000000284,0.01950617283950615,0.0070731707317072965,-0.005419727809225615,388,1334,1,21121,1,1334,0,0,0,0,9.0,-25.0,-34.0,10.0,-137.0,-241.0,-75.0,-7238.0,-8219.0,-5.0,-4.0,-6.0,0.0,0.0,0.0,0.023746701846965697,-0.06053268765133172,-0.08056872037914692,0.0075528700906344415,-0.09313392250169952,-0.15301587301587302,-0.0035384034723532744,-0.25522761733488486,-0.2801295160190866,-0.8333333333333334,-0.8,-0.8571428571428571,0.0,0.0,0.0,0,0,0,1,1.0,1.0,0.0,0.0,1.0,4.0,7.46,1.0,1.0,0.0,0.0,1.0,4.0,7.46,1.0,1.0,0.0,0.0,1.0,4.0,7.46,0,0,0,0,CT016827,1,6672433.72,20017301.16,Three-year,True,206.0,889.0,0,0,0
C14161,2025-08-04,0,Retail,Europe,SMB,250,Direct Sales,294,0.8049281314168378,100.0,72.85,0.3524,0.5866,Improving,1.3499999999999943,0.0,0.0,0.01368474404460207,0.0,0.0,80,500,5,10101,2,330,170,0,0,0,2.0,0.0,1.0,29.0,13.0,11.0,708.0,2322.0,-146.0,0.0,-2.0,-2.0,0.0,0.0,0.0,0.02564102564102564,0.0,0.012658227848101266,0.06157112526539278,0.026694045174537988,0.022494887525562373,0.07537527946343021,0.29849595063632856,-0.01424807260661657,0.0,-0.2857142857142857,-0.2857142857142857,0.0,0.0,0.0,0,0,0,2,0.0,0.0,0.0,0.0,0.0,,,0.0,0.0,0.0,0.0,0.0,,,0.0,0.0,0.0,0.0,0.0,,,0,0,0,0,CT014161,1,308570.02,308570.02,Annual,True,294.0,71.0,0,1,1
C12296,2025-02-10,0,Manufacturing,Latin America,Mid-Market,525,Direct Sales,353,0.9664613278576317,65.34,57.84,0.0344,0.7365,Stable,2.6000000000000014,3.780000000000001,4.920000000000002,0.04144086707044949,0.06140350877192984,0.08142999006951343,75,317,7,4519,2,240,0,0,77,0,9.0,16.0,17.0,33.0,72.0,85.0,-702.0,61.0,294.0,0.0,0.0,1.0,0.0,0.0,0.0,0.13636363636363635,0.2711864406779661,0.29310344827586204,0.11619718309859155,0.2938775510204082,0.36637931034482757,-0.13445700057460255,0.013683266038582324,0.06958579881656805,0.0,0.0,0.16666666666666666,0.0,0.0,0.0,0,0,0,2,0.0,0.0,0.0,0.0,0.0,,,0.0,0.0,0.0,0.0,0.0,,,1.0,0.0,0.0,0.0,0.0,4.0,58.57,0,0,0,1,CT012296,1,2312264.47,2312264.47,Annual,True,353.0,12.0,1,1,1
C06394,2025-09-08,0,Education,APAC,SMB,167,Direct Sales,254,0.6954140999315537,40.68,74.9,-0.2669,0.9036,Declining,0.8999999999999986,3.0899999999999963,2.1400000000000006,0.022624434389140236,0.08220271348762959,0.05552672548002077,5,13,4,221,1,13,0,0,0,0,0.0,0.0,0.0,6.0,13.0,-7.0,109.0,221.0,-126.0,0.0,3.0,-2.0,0.0,1.0,0.0,0.0,0.0,0.0,0.8571428571428571,,-0.35,0.9732142857142857,,-0.3631123919308357,0.0,3.0,-0.3333333333333333,0.0,,0.0,0,1,0,1,1.0,0.0,0.0,0.0,0.0,3.0,42.06,2.0,0.0,0.0,0.0,0.0,3.5,35.465,2.0,0.0,0.0,0.0,0.0,3.5,35.465,0,0,0,0,CT006394,1,370682.98,370682.98,Annual,True,254.0,111.0,0,0,1
C17443,2025-05-19,0,Professional Services,North America,Mid-Market,725,Inbound,335,0.917180013689254,94.96,75.41,0.0866,0.6652,Stable,1.2199999999999989,0.1799999999999926,1.0499999999999972,0.01301472157030082,0.0018991348385734607,0.011180917900117104,161,543,4,9417,1,543,0,0,0,0,6.0,-1.0,4.0,-67.0,-65.0,-60.0,-1431.0,-2671.0,-300.0,-2.0,-2.0,-1.0,0.0,0.0,0.0,0.03870967741935484,-0.006172839506172839,0.025477707006369428,-0.10983606557377049,-0.1069078947368421,-0.09950248756218906,-0.13191371681415928,-0.22096293845135673,-0.030873726458783574,-0.3333333333333333,-0.3333333333333333,-0.2,0.0,0.0,0.0,0,0,0,1,1.0,0.0,0.0,0.0,1.0,4.0,23.04,3.0,1.0,2.0,1.0,1.0,3.6666666666666665,57.29,3.0,1.0,2.0,1.0,1.0,3.6666666666666665,57.29,0,0,0,1,CT017443,1,1852088.1,5556264.3,Three-year,True,335.0,760.0,0,0,0
C19018,2025-05-26,0,Financial Services,Europe,SMB,157,Partner,280,0.7665982203969883,49.11,65.66,-0.0902,0.5204,Stable,0.5300000000000011,-0.14000000000000057,1.25,0.01090983944009883,-0.002842639593908641,0.026117843710823235,10,53,5,1055,2,37,16,0,0,0,-1.0,0.0,0.0,-3.0,3.0,10.0,-33.0,-24.0,196.0,-2.0,-2.0,-2.0,0.0,0.0,0.0,-0.09090909090909091,0.0,0.0,-0.05357142857142857,0.06,0.23255813953488372,-0.030330882352941176,-0.022242817423540315,0.2281722933643772,-0.2857142857142857,-0.2857142857142857,-0.2857142857142857,0.0,0.0,0.0,0,0,0,2,0.0,0.0,0.0,0.0,0.0,,,1.0,0.0,0.0,0.0,0.0,3.0,81.31,2.0,0.0,0.0,0.0,0.0,3.5,115.32000000000001,0,0,0,1,CT019018,1,292834.83,878504.49,Three-year,True,280.0,815.0,0,0,0
C09919,2024-09-23,0,Education,Europe,SMB,53,Direct Sales,85,0.2327173169062286,71.38,69.94,0.0207,0.6384,Stable,-0.7000000000000028,-0.3500000000000085,-0.710000000000008,-0.009711431742508363,-0.004879408894465475,-0.009848800110972505,5,26,7,456,2,21,5,0,0,0,0.0,0.0,5.0,-1.0,5.0,26.0,-112.0,24.0,456.0,1.0,0.0,7.0,0.0,0.0,2.0,0.0,0.0,,-0.037037037037037035,0.23809523809523808,,-0.19718309859154928,0.05555555555555555,,0.16666666666666666,0.0,,0.0,0.0,,1,0,0,2,1.0,0.0,0.0,0.0,0.0,4.0,27.07,1.0,0.0,0.0,0.0,0.0,4.0,27.07,1.0,0.0,0.0,0.0,0.0,4.0,27.07,0,0,0,0,CT009919,1,287022.12,287022.12,Annual,True,85.0,280.0,0,0,0
C04921,2025-05-19,1,Education,Europe,SMB,52,Partner,42,0.11498973305954825,10.98,71.63,-0.2807,1.1384,Declining,-0.02999999999999936,-4.529999999999999,-8.32,-0.0027247956403269173,-0.2920696324951644,-0.4310880829015544,2,12,6,237,2,5,0,0,7,0,0.0,2.0,2.0,6.0,12.0,12.0,145.0,237.0,237.0,2.0,6.0,6.0,1.0,2.0,2.0,0.0,,,1.0,,,1.576086956521739,,,0.5,,,1.0,,,0,0,0,2,2.0,1.0,1.0,0.0,1.0,3.5,18.215,2.0,1.0,1.0,0.0,1.0,3.5,18.215,2.0,1.0,1.0,0.0,1.0,3.5,18.215,0,0,0,0,CT004921,1,305311.27,305311.27,Annual,True,42.0,323.0,0,0,0
C02909,2025-04-21,0,Financial Services,Europe,Enterprise,5831,Inbound,292,0.7994524298425736,59.38,63.01,0.008,0.8986,Stable,1.1099999999999994,3.760000000000005,4.060000000000002,0.019049253475201637,0.06760158216468906,0.07339117859725239,697,4899,7,85285,4,2224,1201,0,862,612,44.0,19.0,83.0,481.0,255.0,647.0,4509.0,-4737.0,2964.0,0.0,0.0,0.0,0.0,0.0,0.0,0.06738131699846861,0.028023598820058997,0.13517915309446255,0.1088727931190584,0.05490956072351421,0.15216368767638758,0.055821035951272656,-0.05262047055164293,0.03600539352048687,0.0,0.0,0.0,0.0,0.0,0.0,0,0,0,4,3.0,0.0,0.0,0.0,0.0,4.5,66.11749999999999,3.0,0.0,0.0,0.0,0.0,4.5,66.11749999999999,5.0,0.0,0.0,0.0,1.0,4.166666666666667,57.24666666666666,0,0,0,1,CT002909,1,11423811.1,22847622.2,Two-year,True,292.0,438.0,0,0,0
C19924,2025-01-20,0,Healthcare,North America,Mid-Market,1314,Direct Sales,107,0.2929500342231348,90.99,90.94,0.0388,0.7011,Stable,-1.2700000000000102,0.29999999999999716,-0.04000000000000625,-0.013765445480164862,0.0033079722130333793,-0.00043941557728228336,329,1549,6,31615,2,1224,0,0,0,325,-2.0,9.0,-2.0,-24.0,3.0,56.0,1609.0,1574.0,3439.0,0.0,0.0,1.0,0.0,0.0,0.0,-0.006042296072507553,0.028125,-0.006042296072507553,-0.015257469802924348,0.0019404915912031048,0.03750837240455459,0.05362260881157102,0.052395060084551116,0.1220542305508234,0.0,0.0,0.2,0.0,0.0,0.0,0,0,0,2,0.0,0.0,0.0,0.0,0.0,,,0.0,0.0,0.0,0.0,0.0,,,1.0,0.0,0.0,0.0,0.0,5.0,21.64,0,0,0,0,CT019924,1,2572228.15,2572228.15,Annual,True,107.0,258.0,0,0,0
C04161,2024-04-22,0,Technology,APAC,SMB,137,Inbound,108,0.29568788501026694,79.27,61.68,0.2508,0.4232,Improving,0.7800000000000011,0.5899999999999892,0.5899999999999892,0.009937571665180294,0.007498729028978001,0.007498729028978001,28,113,5,1948,1,113,0,0,0,0,0.0,0.0,-1.0,-7.0,15.0,31.0,-32.0,113.0,549.0,0.0,1.0,2.0,0.0,0.0,0.0,0.0,0.0,-0.034482758620689655,-0.058333333333333334,0.15306122448979592,0.3780487804878049,-0.01616161616161616,0.061580381471389646,0.3924231593995711,0.0,0.25,0.6666666666666666,0.0,0.0,0.0,0,0,0,1,1.0,0.0,0.0,0.0,0.0,4.0,15.74,3.0,0.0,0.0,0.0,0.0,4.666666666666667,24.456666666666667,3.0,0.0,0.0,0.0,0.0,4.666666666666667,24.456666666666667,0,0,0,0,CT004161,1,368918.48,368918.48,Annual,True,108.0,257.0,0,0,0
C13087,2025-01-20,0,Financial Services,Middle East,SMB,224,Referral,132,0.3613963039014374,77.79,67.04,-0.0075,0.7952,Stable,0.010000000000005116,4.090000000000003,7.340000000000003,0.00012856775520705987,0.05549525101763912,0.10418736692689855,43,124,3,2388,1,124,0,0,0,0,2.0,5.0,9.0,5.0,14.0,1.0,164.0,349.0,-139.0,-2.0,0.0,-2.0,0.0,0.0,0.0,0.04878048780487805,0.13157894736842105,0.2647058823529412,0.04201680672268908,0.12727272727272726,0.008130081300813009,0.0737410071942446,0.17116233447768514,-0.05500593589236249,-0.4,0.0,-0.4,0.0,0.0,0.0,0,0,0,1,0.0,0.0,0.0,0.0,0.0,,,0.0,0.0,0.0,0.0,0.0,,,0.0,0.0,0.0,0.0,0.0,,,0,0,0,0,CT013087,1,699443.03,699443.03,Annual,True,132.0,233.0,0,0,0
C10922,2024-12-23,0,Government,Europe,Mid-Market,1514,Enterprise Sales,31,0.08487337440109514,100.0,77.75,0.2746,0.47,Improving,0.0,0.0,0.37000000000000455,0.0,0.0,0.0037137408411121605,359,2414,5,43956,3,1378,0,648,0,388,359.0,359.0,359.0,2414.0,2414.0,2414.0,43956.0,43956.0,43956.0,5.0,5.0,5.0,3.0,3.0,3.0,,,,,,,,,,,,,,,,0,0,0,3,1.0,0.0,0.0,0.0,0.0,4.0,112.5,1.0,0.0,0.0,0.0,0.0,4.0,112.5,1.0,0.0,0.0,0.0,0.0,4.0,112.5,0,0,0,1,CT010922,1,1000000.0,1000000.0,Annual,True,31.0,334.0,0,0,0
C18420,2025-06-02,0,Telecommunications,North America,SMB,94,Direct Sales,6,0.01642710472279261,100.0,82.56,0.3344,0.7827,Improving,0.0,0.35999999999999943,0.12999999999999545,0.0,0.0036130068245684406,0.001301692199859772,0,0,0,0,0,0,0,0,0,0,0.0,0.0,0.0,0.0,0.0,0.0,0.0,0.0,0.0,0.0,0.0,0.0,0.0,0.0,0.0,,,,,,,,,,,,,,,,0,0,0,2,0.0,0.0,0.0,0.0,0.0,,,0.0,0.0,0.0,0.0,0.0,,,0.0,0.0,0.0,0.0,0.0,,,0,0,0,0,CT018420,1,200000.0,200000.0,Annual,True,6.0,359.0,0,0,0
C05650,2025-02-17,0,Financial Services,Middle East,SMB,43,Inbound,328,0.8980150581793293,100.0,75.44,0.3469,1.0004,Improving,0.0,0.0,1.1700000000000017,0.0,0.0,0.011838510573712453,8,35,5,740,1,35,0,0,0,0,0.0,0.0,0.0,1.0,3.0,16.0,168.0,182.0,370.0,1.0,0.0,2.0,0.0,0.0,0.0,0.0,0.0,0.0,0.029411764705882353,0.09375,0.8421052631578947,0.2937062937062937,0.32616487455197135,1.0,0.25,0.0,0.6666666666666666,0.0,0.0,0.0,0,0,0,1,0.0,0.0,0.0,0.0,0.0,,,0.0,0.0,0.0,0.0,0.0,,,1.0,0.0,0.0,0.0,0.0,5.0,59.39,0,0,0,1,CT005650,1,228701.82,228701.82,Annual,True,328.0,37.0,0,1,1
C14641,2025-07-07,0,Education,North America,Mid-Market,1561,Inbound,343,0.9390828199863107,83.15,92.64,-0.0439,0.6006,Stable,-1.9799999999999898,-3.309999999999988,-2.759999999999991,-0.02325854575355327,-0.03828359935230151,-0.032126644162495534,360,3080,5,58192,4,1260,662,693,465,0,-23.0,-23.0,-21.0,-195.0,-280.0,-96.0,3333.0,-3318.0,-5202.0,-2.0,-1.0,-2.0,0.0,0.0,0.0,-0.06005221932114883,-0.06005221932114883,-0.05511811023622047,-0.059541984732824425,-0.08333333333333333,-0.030226700251889168,0.06075575566452177,-0.05394244838237685,-0.08205823895005837,-0.2857142857142857,-0.16666666666666666,-0.2857142857142857,0.0,0.0,0.0,0,0,0,4,0.0,0.0,0.0,0.0,0.0,,,0.0,0.0,0.0,0.0,0.0,,,1.0,0.0,0.0,0.0,1.0,5.0,23.34,0,0,0,0,CT014641,1,1451782.63,2903565.26,Two-year,False,343.0,387.0,0,0,0
C02783,2025-02-17,1,Technology,North America,Mid-Market,1630,Direct Sales,191,0.5229295003422314,75.44,80.01,-0.0145,0.8549,Stable,0.3199999999999932,-0.01999999999999602,-0.5700000000000074,0.004259850905218227,-0.00026504108136755927,-0.007499013287725396,371,2022,5,39147,3,1252,0,0,422,348,10.0,-1.0,-46.0,-51.0,-192.0,-418.0,1136.0,154.0,-6495.0,-2.0,0.0,-1.0,0.0,0.0,0.0,0.027700831024930747,-0.002688172043010753,-0.11031175059952038,-0.024602026049204053,-0.08672086720867209,-0.17131147540983607,0.02988608560679803,0.0039494268201984975,-0.1423031418430393,-0.2857142857142857,0.0,-0.16666666666666666,0.0,0.0,0.0,0,0,0,3,0.0,0.0,0.0,0.0,0.0,,,0.0,0.0,0.0,0.0,0.0,,,0.0,0.0,0.0,0.0,0.0,,,0,0,0,0,CT002783,1,4830225.89,4830225.89,Annual,True,191.0,174.0,0,0,1
C17628,2024-03-25,0,Telecommunications,North America,Enterprise,2938,Inbound,32,0.08761122518822724,51.34,55.87,-0.2001,1.1721,Declining,0.4300000000000068,0.45000000000000284,-0.8599999999999994,0.008446277745040401,0.00884260168991949,-0.0164750957854406,172,1031,7,18500,3,533,235,263,0,0,172.0,172.0,172.0,1031.0,1031.0,1031.0,18500.0,18500.0,18500.0,7.0,7.0,7.0,3.0,3.0,3.0,,,,,,,,,,,,,,,,0,0,0,3,0.0,0.0,0.0,0.0,0.0,,,0.0,0.0,0.0,0.0,0.0,,,0.0,0.0,0.0,0.0,0.0,,,0,0,0,0,CT017628,1,7500000.0,7500000.0,Annual,True,32.0,333.0,0,0,0
C07593,2024-11-25,0,Healthcare,Latin America,Mid-Market,1064,Inbound,174,0.47638603696098564,33.58,76.18,-0.3382,0.6481,Declining,-0.990000000000002,-3.1499999999999986,-4.130000000000003,-0.02863754700607469,-0.08576095834467734,-0.10952002121453203,69,311,6,7488,3,170,88,0,0,53,1.0,-3.0,-10.0,-51.0,-68.0,-110.0,739.0,-570.0,-624.0,-1.0,-1.0,0.0,0.0,0.0,0.0,0.014705882352941176,-0.041666666666666664,-0.12658227848101267,-0.1408839779005525,-0.17941952506596306,-0.26128266033254155,0.10949770336346125,-0.07073715562174236,-0.07692307692307693,-0.14285714285714285,-0.14285714285714285,0.0,0.0,0.0,0.0,0,0,0,3,3.0,0.0,0.0,0.0,1.0,4.333333333333333,41.553333333333335,3.0,0.0,0.0,0.0,1.0,4.333333333333333,41.553333333333335,4.0,0.0,0.0,0.0,2.0,4.25,34.3575,0,0,0,0,CT007593,1,4975560.51,14926681.53,Three-year,True,174.0,921.0,0,0,0
C13013,2024-12-23,0,Technology,North America,Enterprise,5646,Enterprise Sales,90,0.2464065708418891,22.19,61.7,-0.3756,0.5198,Declining,-0.019999999999999574,-2.4599999999999973,-4.59,-0.0009004952723998007,-0.09979716024340761,-0.17139656460044808,303,2259,6,40993,5,871,423,433,305,227,-18.0,-26.0,303.0,-37.0,-125.0,2259.0,-406.0,-4790.0,40993.0,-1.0,-1.0,6.0,0.0,0.0,5.0,-0.056074766355140186,-0.0790273556231003,,-0.016114982578397212,-0.05243288590604027,,-0.00980700016908621,-0.10462398706943625,,-0.14285714285714285,-0.14285714285714285,,0.0,0.0,,0,0,0,5,2.0,0.0,0.0,0.0,0.0,3.0,164.315,4.0,0.0,0.0,0.0,1.0,3.25,107.7075,10.0,1.0,0.0,1.0,3.0,3.25,76.72874999999999,1,0,0,1,CT013013,1,14491415.06,14491415.06,Annual,True,90.0,275.0,0,0,0
C08266,2024-11-25,0,Telecommunications,North America,Enterprise,9151,Enterprise Sales,96,0.26283367556468173,96.56,77.59,0.2308,0.7039,Improving,1.0,0.5900000000000034,-1.6400000000000006,0.010464629552113854,0.006147754506616687,-0.016700610997963345,2484,25226,5,486117,5,9498,4762,4827,3418,2721,44.0,69.0,45.0,683.0,1153.0,878.0,-4409.0,-12072.0,-22695.0,-2.0,0.0,-1.0,0.0,0.0,0.0,0.018032786885245903,0.02857142857142857,0.01845018450184502,0.027828708796805608,0.04789598305155153,0.036060456711023495,-0.008988310507496034,-0.024231767461746444,-0.04460390085139501,-0.2857142857142857,0.0,-0.16666666666666666,0.0,0.0,0.0,0,0,0,5,0.0,0.0,0.0,0.0,0.0,,,1.0,0.0,0.0,0.0,1.0,5.0,27.34,2.0,0.0,0.0,0.0,1.0,5.0,35.31,0,0,0,0,CT008266,1,7500000.0,7500000.0,Annual,True,96.0,269.0,0,0,0
C03569,2025-04-28,0,Financial Services,North America,Mid-Market,1378,Direct Sales,38,0.10403832991101986,99.73,79.91,0.2601,0.6447,Improving,-0.269999999999996,-0.269999999999996,-0.269999999999996,-0.0026999999999999602,-0.0026999999999999602,-0.0026999999999999602,608,4972,6,86401,4,2329,0,1132,884,627,14.0,608.0,608.0,132.0,4972.0,4972.0,-13761.0,86401.0,86401.0,1.0,6.0,6.0,0.0,4.0,4.0,0.02356902356902357,,,0.02727272727272727,,,-0.13738743235957748,,,0.2,,,0.0,,,0,0,0,4,1.0,0.0,0.0,0.0,1.0,5.0,11.52,1.0,0.0,0.0,0.0,1.0,5.0,11.52,1.0,0.0,0.0,0.0,1.0,5.0,11.52,0,0,0,0,CT003569,1,3185170.67,3185170.67,Annual,True,38.0,327.0,0,0,0
C17143,2025-06-02,0,Healthcare,North America,SMB,245,Inbound,220,0.6023271731690623,75.92,61.75,0.0146,1.0828,Stable,0.9099999999999966,-0.8799999999999955,-2.6400000000000006,0.012131715771230456,-0.011458333333333275,-0.03360488798370673,56,365,7,6990,3,205,112,0,48,0,-1.0,-5.0,-10.0,2.0,10.0,-77.0,109.0,861.0,-795.0,0.0,1.0,1.0,0.0,0.0,0.0,-0.017543859649122806,-0.08196721311475409,-0.15151515151515152,0.005509641873278237,0.028169014084507043,-0.17420814479638008,0.015840720825461417,0.14047968673519334,-0.10211946050096339,0.0,0.16666666666666666,0.16666666666666666,0.0,0.0,0.0,0,0,0,3,0.0,0.0,0.0,0.0,0.0,,,0.0,0.0,0.0,0.0,0.0,,,2.0,0.0,0.0,0.0,0.0,3.5,28.345000000000006,0,0,0,0,CT017143,1,266908.86,266908.86,Annual,True,220.0,145.0,0,0,1
C05547,2025-09-29,0,Professional Services,APAC,Enterprise,12440,Enterprise Sales,239,0.6543463381245722,83.96,92.14,-0.0304,0.9446,Stable,-3.0600000000000023,0.769999999999996,0.8199999999999932,-0.035164330039071504,0.009255920182714221,0.00986288188597538,2735,23007,7,425637,4,9719,4708,4964,3616,0,170.0,266.0,264.0,1640.0,2127.0,2527.0,51329.0,17675.0,41799.0,1.0,0.0,2.0,0.0,0.0,0.0,0.06627680311890838,0.10773592547590118,0.10683933630109267,0.07675387279449619,0.10186781609195403,0.123388671875,0.13713038460305416,0.04332511361352283,0.10889750363434574,0.16666666666666666,0.0,0.4,0.0,0.0,0.0,0,0,0,4,0.0,0.0,0.0,0.0,0.0,,,2.0,0.0,0.0,0.0,0.0,3.5,94.81,6.0,0.0,0.0,1.0,1.0,3.8,48.37,0,0,0,1,CT005547,1,7500000.0,7500000.0,Annual,True,239.0,126.0,0,0,1
C19700,2025-05-12,0,Government,Europe,Mid-Market,1883,Partner,66,0.1806981519507187,78.99,76.3,-0.0012,0.6647,Stable,-1.0799999999999983,0.1799999999999926,0.5899999999999892,-0.013488197826901442,0.0022839741149599368,0.007525510204081495,311,1625,7,35730,2,1092,533,0,0,0,-1.0,-33.0,311.0,13.0,-191.0,1625.0,3352.0,-161.0,35730.0,0.0,2.0,7.0,0.0,0.0,2.0,-0.003205128205128205,-0.09593023255813954,,0.008064516129032258,-0.10517621145374449,,0.10352708629316203,-0.004485804240617425,,0.0,0.4,,0.0,0.0,,0,0,0,2,1.0,0.0,0.0,0.0,0.0,4.0,73.66,4.0,0.0,2.0,0.0,1.0,4.0,41.928333333333335,4.0,0.0,2.0,0.0,1.0,4.0,41.928333333333335,0,0,0,0,CT019700,1,1793160.21,3586320.42,Two-year,False,66.0,664.0,0,0,0
C04859,2025-06-16,0,Logistics,North America,SMB,108,Partner,69,0.188911704312115,57.69,69.71,-0.0288,0.7814,Stable,1.009999999999998,-2.210000000000001,-3.0500000000000043,0.017819336626676043,-0.03689482470784643,-0.05021402700032934,8,44,5,827,2,34,0,10,0,0,-1.0,-1.0,8.0,6.0,5.0,44.0,18.0,135.0,827.0,-1.0,-1.0,5.0,0.0,0.0,2.0,-0.1111111111111111,-0.1111111111111111,,0.15789473684210525,0.1282051282051282,,0.022249690976514216,0.19508670520231214,,-0.16666666666666666,-0.16666666666666666,,0.0,0.0,,0,0,0,2,0.0,0.0,0.0,0.0,0.0,,,1.0,0.0,0.0,0.0,0.0,5.0,51.75,1.0,0.0,0.0,0.0,0.0,5.0,51.75,0,0,0,1,CT004859,1,656116.54,656116.54,Annual,True,69.0,296.0,0,0,0
C16867,2025-06-09,0,Technology,North America,SMB,157,Enterprise Sales,385,1.054072553045859,100.0,84.74,0.2905,0.8848,Improving,2.0999999999999943,0.0,0.9399999999999977,0.021450459652706786,0.0,0.009489198465576396,59,326,4,5545,2,220,0,0,106,0,-3.0,3.0,3.0,12.0,22.0,57.0,813.0,1095.0,662.0,-1.0,-1.0,-3.0,0.0,0.0,0.0,-0.04838709677419355,0.05357142857142857,0.05357142857142857,0.03821656050955414,0.07236842105263158,0.21189591078066913,0.17180896027049875,0.24606741573033708,0.13557239402006963,-0.2,-0.2,-0.42857142857142855,0.0,0.0,0.0,0,0,0,2,0.0,0.0,0.0,0.0,0.0,,,1.0,0.0,0.0,0.0,0.0,3.0,52.01,1.0,0.0,0.0,0.0,0.0,3.0,52.01,0,0,1,1,CT016867,1,669912.91,1339825.82,Two-year,True,385.0,345.0,0,0,0
C05577,2025-07-28,0,Telecommunications,APAC,Enterprise,2001,Direct Sales,188,0.5147159479808351,87.18,79.05,0.003,1.0586,Stable,3.260000000000005,4.780000000000001,5.340000000000003,0.03884652049571026,0.05800970873786409,0.06524926686217013,335,2583,6,56272,4,1153,0,618,478,334,18.0,12.0,-5.0,106.0,76.0,-118.0,9303.0,11152.0,-1612.0,-1.0,-1.0,-1.0,0.0,0.0,0.0,0.056782334384858045,0.03715170278637771,-0.014705882352941176,0.04279370205894227,0.030315117670522536,-0.04368752313957793,0.1980668100236326,0.24716312056737588,-0.027848801050376615,-0.14285714285714285,-0.14285714285714285,-0.14285714285714285,0.0,0.0,0.0,0,0,0,4,0.0,0.0,0.0,0.0,0.0,,,5.0,1.0,3.0,0.0,3.0,4.5,56.715,9.0,1.0,3.0,0.0,6.0,4.5,36.652499999999996,1,0,0,0,CT005577,1,7500000.0,15000000.0,Two-year,True,188.0,542.0,0,0,0
C06906,2024-12-23,0,Technology,Europe,Mid-Market,1104,Direct Sales,115,0.31485284052019163,86.95,82.6,-0.0459,0.5201,Stable,-0.35999999999999943,0.4900000000000091,-0.09000000000000341,-0.004123239033329509,0.005667360629192796,-0.0010340073529412155,291,2138,7,45456,3,1079,503,556,0,0,-22.0,-10.0,-8.0,-80.0,55.0,41.0,589.0,8183.0,3290.0,2.0,0.0,0.0,0.0,0.0,0.0,-0.07028753993610223,-0.03322259136212625,-0.026755852842809364,-0.03606853020739405,0.026404224675948152,0.0195517405817835,0.01312768850157131,0.21954229603198025,0.07802494901105156,0.4,0.0,0.0,0.0,0.0,0.0,0,0,0,3,0.0,0.0,0.0,0.0,0.0,,,0.0,0.0,0.0,0.0,0.0,,,1.0,0.0,0.0,0.0,1.0,5.0,26.9,0,0,0,0,CT006906,1,2233399.5,2233399.5,Annual,True,115.0,250.0,0,0,0
C06299,2025-07-07,0,Telecommunications,Europe,SMB,38,Direct Sales,331,0.9062286105407256,71.83,84.8,0.0039,0.9648,Stable,-0.7000000000000028,-4.260000000000005,-4.3700000000000045,-0.009651178822556223,-0.05598633197529248,-0.057349081364829455,6,24,6,548,2,21,0,0,0,3,0.0,-1.0,-1.0,9.0,-16.0,-11.0,243.0,-138.0,-63.0,1.0,-1.0,0.0,0.0,0.0,0.0,0.0,-0.14285714285714285,-0.14285714285714285,0.6,-0.4,-0.3142857142857143,0.7967213114754098,-0.20116618075801748,-0.10310965630114566,0.2,-0.14285714285714285,0.0,0.0,0.0,0.0,0,0,0,2,2.0,1.0,0.0,0.0,0.0,3.5,47.165000000000006,2.0,1.0,0.0,0.0,0.0,3.5,47.165000000000006,3.0,1.0,0.0,0.0,0.0,3.75,104.35250000000002,0,0,0,1,CT006299,1,288452.0,288452.0,Annual,True,331.0,34.0,0,1,1
C11440,2025-06-16,0,Manufacturing,Europe,Mid-Market,1561,Direct Sales,83,0.2272416153319644,94.02,82.94,-0.0125,1.1894,Stable,1.519999999999996,4.319999999999993,4.390000000000001,0.01643243243243239,0.04816053511705678,0.048979136449849386,489,3597,6,77956,3,1876,804,917,0,0,2.0,6.0,489.0,17.0,-36.0,3597.0,-1752.0,6127.0,77956.0,0.0,-1.0,6.0,0.0,0.0,3.0,0.004106776180698152,0.012422360248447204,,0.0047486033519553075,-0.00990916597853014,,-0.021980227831585285,0.08529980926923666,,0.0,-0.14285714285714285,,0.0,0.0,,0,0,0,3,0.0,0.0,0.0,0.0,0.0,,,0.0,0.0,0.0,0.0,0.0,,,1.0,0.0,0.0,0.0,1.0,4.0,20.7,0,0,0,0,CT011440,1,1839575.41,1839575.41,Annual,True,83.0,282.0,0,0,0
C16234,2025-10-06,0,Education,Europe,SMB,90,Inbound,142,0.3887748117727584,57.94,71.42,0.052,1.1185,Stable,2.1999999999999957,0.7199999999999989,-3.3100000000000023,0.03946896304269817,0.01258301293254105,-0.05404081632653065,11,57,7,1048,2,36,0,0,21,0,0.0,-1.0,-2.0,-21.0,6.0,-11.0,-299.0,-9.0,98.0,1.0,1.0,0.0,0.0,0.0,0.0,0.0,-0.08333333333333333,-0.15384615384615385,-0.2692307692307692,0.11764705882352941,-0.16176470588235295,-0.22197475872308833,-0.008514664143803218,0.1031578947368421,0.16666666666666666,0.16666666666666666,0.0,0.0,0.0,0.0,1,0,0,2,0.0,0.0,0.0,0.0,0.0,,,0.0,0.0,0.0,0.0,0.0,,,1.0,1.0,0.0,0.0,0.0,4.0,41.25,0,0,0,0,CT016234,1,629391.64,1258783.28,Two-year,False,142.0,588.0,0,0,0
C03766,2025-10-06,0,Financial Services,Europe,Mid-Market,896,Direct Sales,138,0.37782340862423,63.05,86.7,-0.1785,1.1383,Declining,2.799999999999997,-0.38000000000000256,-0.980000000000004,0.046473029045643106,-0.00599085606180045,-0.01530532562861165,164,1327,4,27876,4,569,256,313,189,0,5.0,2.0,-4.0,126.0,-59.0,-57.0,3461.0,544.0,-606.0,-2.0,-1.0,-2.0,0.0,0.0,0.0,0.031446540880503145,0.012345679012345678,-0.023809523809523808,0.10491257285595337,-0.04256854256854257,-0.041184971098265896,0.14175711652672537,0.01990340992243524,-0.02127659574468085,-0.3333333333333333,-0.2,-0.3333333333333333,0.0,0.0,0.0,0,0,0,4,2.0,0.0,0.0,0.0,0.0,4.0,35.64,3.0,0.0,0.0,0.0,0.0,3.6666666666666665,49.129999999999995,4.0,0.0,0.0,0.0,0.0,3.75,60.932500000000005,0,0,0,1,CT003766,1,3903051.33,3903051.33,Annual,False,138.0,227.0,0,0,0
C15516,2025-07-07,0,Education,APAC,SMB,164,Enterprise Sales,86,0.23545516769336072,43.04,58.67,-0.0527,0.8101,Stable,-1.4500000000000028,-1.1400000000000006,0.240000000000002,-0.0325915936165431,-0.025803531009506577,0.005607476635514066,11,20,3,417,1,20,0,0,0,0,1.0,1.0,11.0,-14.0,-7.0,20.0,-285.0,-33.0,417.0,1.0,1.0,3.0,0.0,0.0,1.0,0.1,0.1,,-0.4117647058823529,-0.25925925925925924,,-0.405982905982906,-0.07333333333333333,,0.5,0.5,,0.0,0.0,,1,0,0,1,0.0,0.0,0.0,0.0,0.0,,,3.0,0.0,0.0,0.0,0.0,3.75,51.2175,3.0,0.0,0.0,0.0,0.0,3.75,51.2175,0,0,0,1,CT015516,1,717280.24,1434560.48,Two-year,True,86.0,644.0,0,0,0
C15665,2025-08-25,0,Healthcare,APAC,SMB,181,Partner,350,0.9582477754962354,98.09,77.73,0.2535,0.5113,Improving,-0.04999999999999716,-0.14000000000000057,-0.22999999999998977,-0.0005094762584063293,-0.001425226509213077,-0.002339300244100791,62,425,7,7296,3,222,0,124,79,0,5.0,0.0,-3.0,24.0,1.0,-75.0,314.0,128.0,-928.0,0.0,0.0,1.0,0.0,0.0,0.0,0.08771929824561403,0.0,-0.046153846153846156,0.059850374064837904,0.0023584905660377358,-0.15,0.04497278716700086,0.017857142857142856,-0.11284046692607004,0.0,0.0,0.16666666666666666,0.0,0.0,0.0,0,0,0,3,0.0,0.0,0.0,0.0,0.0,,,0.0,0.0,0.0,0.0,0.0,,,0.0,0.0,0.0,0.0,0.0,,,0,0,0,0,CT015665,1,935034.76,935034.76,Annual,True,350.0,15.0,1,1,1
C10413,2025-06-30,0,Financial Services,North America,SMB,16,Referral,278,0.7611225188227242,82.01,82.29,0.0567,0.7217,Stable,-0.11999999999999034,0.5900000000000034,3.230000000000004,-0.0014610982588577905,0.007246376811594245,0.04100025387154105,2,11,7,198,1,11,0,0,0,0,0.0,0.0,0.0,9.0,2.0,5.0,166.0,39.0,78.0,3.0,1.0,0.0,0.0,0.0,0.0,0.0,0.0,0.0,4.5,0.2222222222222222,0.8333333333333334,5.1875,0.24528301886792453,0.65,0.75,0.16666666666666666,0.0,0.0,0.0,0.0,0,0,0,1,1.0,0.0,0.0,0.0,0.0,4.0,24.81,1.0,0.0,0.0,0.0,0.0,4.0,24.81,1.0,0.0,0.0,0.0,0.0,4.0,24.81,0,0,0,0,CT010413,1,864253.37,2592760.11,Three-year,False,278.0,817.0,0,0,0
C04681,2024-11-25,0,Telecommunications,North America,Enterprise,8469,Direct Sales,129,0.3531827515400411,91.18,91.14,-0.0396,1.0704,Stable,-0.14999999999999147,1.720000000000013,1.460000000000008,-0.0016423957078724567,0.01922646993069543,0.016272848863129828,1991,12953,7,260277,3,7256,3714,0,0,1983,-91.0,-74.0,-1.0,-608.0,-409.0,-119.0,28523.0,1128.0,-26723.0,3.0,0.0,0.0,0.0,0.0,0.0,-0.043707973102785784,-0.03583535108958838,-0.000502008032128514,-0.04483445173659759,-0.03060919024098189,-0.009103427172582619,0.12307446689161784,0.004352708287510274,-0.09311149825783972,0.75,0.0,0.0,0.0,0.0,0.0,0,0,0,3,0.0,0.0,0.0,0.0,0.0,,,1.0,0.0,0.0,0.0,1.0,5.0,120.47,1.0,0.0,0.0,0.0,1.0,5.0,120.47,0,0,0,1,CT004681,1,10587475.28,10587475.28,Annual,True,129.0,236.0,0,0,0
C06470,2024-01-15,0,Professional Services,APAC,Enterprise,3030,Referral,7,0.019164955509924708,94.1,89.57,-0.0229,0.6238,Stable,1.0699999999999932,-0.1700000000000017,0.3499999999999943,0.011501666129205558,-0.00180333085817335,0.0037333333333332726,1260,8618,7,171133,3,4625,2291,0,1702,0,1260.0,1260.0,1260.0,8618.0,8618.0,8618.0,171133.0,171133.0,171133.0,7.0,7.0,7.0,3.0,3.0,3.0,,,,,,,,,,,,,,,,0,0,0,3,0.0,0.0,0.0,0.0,0.0,,,0.0,0.0,0.0,0.0,0.0,,,0.0,0.0,0.0,0.0,0.0,,,0,0,0,0,CT006470,1,50217563.42,150652690.26,Three-year,True,7.0,1088.0,0,0,0
C03173,2025-05-12,0,Healthcare,Latin America,Mid-Market,638,Enterprise Sales,123,0.33675564681724846,97.68,84.77,0.3396,1.1943,Improving,-2.319999999999993,-2.319999999999993,-2.319999999999993,-0.023199999999999932,-0.023199999999999932,-0.023199999999999932,262,2379,5,44489,4,1058,452,508,361,0,1.0,8.0,10.0,-16.0,86.0,142.0,2529.0,280.0,147.0,-1.0,0.0,-2.0,0.0,0.0,0.0,0.0038314176245210726,0.031496062992125984,0.03968253968253968,-0.006680584551148226,0.03750545137374618,0.06347787215020116,0.060271687321258344,0.0063335519916759035,0.0033151414009291416,-0.16666666666666666,0.0,-0.2857142857142857,0.0,0.0,0.0,0,0,0,4,0.0,0.0,0.0,0.0,0.0,,,2.0,0.0,1.0,0.0,2.0,4.5,10.27,2.0,0.0,1.0,0.0,2.0,4.5,10.27,0,0,0,0,CT003173,1,3262144.93,3262144.93,Annual,True,123.0,242.0,0,0,0
C05597,2025-05-26,0,Healthcare,Latin America,Enterprise,10016,Referral,388,1.0622861054072552,87.48,73.12,0.0403,0.9225,Stable,2.3400000000000034,0.960000000000008,4.13000000000001,0.02748414376321357,0.011095700416088858,0.04955008998200372,1608,7623,7,137708,2,5912,0,0,0,1711,115.0,207.0,217.0,641.0,1232.0,1288.0,-16441.0,30963.0,7860.0,0.0,1.0,0.0,0.0,0.0,0.0,0.07702612190221031,0.14775160599571735,0.15600287562904386,0.09180750501289028,0.1927710843373494,0.20331491712707184,-0.10665654658804144,0.2900651084359923,0.06053231470642598,0.0,0.16666666666666666,0.0,0.0,0.0,0.0,0,0,0,2,0.0,0.0,0.0,0.0,0.0,,,1.0,0.0,0.0,0.0,0.0,5.0,34.3,2.0,0.0,0.0,0.0,0.0,5.0,275.66499999999996,0,0,0,1,CT005597,1,7500000.0,15000000.0,Two-year,True,388.0,342.0,0,0,0
C03008,2025-09-22,0,Technology,Europe,SMB,129,Enterprise Sales,377,1.0321697467488022,86.24,85.6,-0.0239,0.4677,Stable,0.6700000000000017,-0.18000000000000682,-0.9400000000000119,0.007829846908963442,-0.0020828511918538164,-0.01078228951594416,24,107,7,1901,1,107,0,0,0,0,-1.0,1.0,0.0,18.0,48.0,28.0,336.0,985.0,565.0,1.0,2.0,3.0,0.0,0.0,0.0,-0.04,0.043478260869565216,0.0,0.20224719101123595,0.8135593220338984,0.35443037974683544,0.2146964856230032,1.0753275109170306,0.42290419161676646,0.16666666666666666,0.4,0.75,0.0,0.0,0.0,0,0,0,1,0.0,0.0,0.0,0.0,0.0,,,0.0,0.0,0.0,0.0,0.0,,,0.0,0.0,0.0,0.0,0.0,,,0,0,0,0,CT003008,1,701017.15,1402034.3,Two-year,True,377.0,353.0,0,0,0
C06488,2025-03-10,0,Financial Services,North America,Mid-Market,928,Partner,25,0.06844626967830253,90.72,74.72,0.0182,0.7771,Stable,2.450000000000003,2.6700000000000017,0.04999999999999716,0.027755749405233975,0.030323679727427617,0.0005514503143266478,286,2305,6,41598,4,1063,0,545,386,311,286.0,286.0,286.0,2305.0,2305.0,2305.0,41598.0,41598.0,41598.0,6.0,6.0,6.0,4.0,4.0,4.0,,,,,,,,,,,,,,,,0,0,0,4,1.0,0.0,1.0,0.0,0.0,4.0,65.46,1.0,0.0,1.0,0.0,0.0,4.0,65.46,1.0,0.0,1.0,0.0,0.0,4.0,65.46,0,0,0,1,CT006488,1,1935000.38,1935000.38,Annual,True,25.0,340.0,0,0,0
C00045,2025-02-24,0,Telecommunications,North America,Mid-Market,945,Enterprise Sales,98,0.2683093771389459,76.37,76.17,-0.0244,1.0398,Stable,-1.1999999999999886,2.8599999999999994,0.4900000000000091,-0.015469898156503658,0.03890627125561147,0.006457564575645876,238,1305,7,23159,2,883,0,422,0,0,23.0,22.0,28.0,206.0,176.0,175.0,3449.0,2614.0,2784.0,1.0,2.0,0.0,0.0,0.0,0.0,0.10697674418604651,0.10185185185185185,0.13333333333333333,0.18744313011828936,0.15589016829052257,0.15486725663716813,0.1749873160832065,0.1272329033828182,0.13663803680981595,0.16666666666666666,0.4,0.0,0.0,0.0,0.0,0,0,0,2,1.0,0.0,0.0,0.0,0.0,4.0,40.86,1.0,0.0,0.0,0.0,0.0,4.0,40.86,1.0,0.0,0.0,0.0,0.0,4.0,40.86,0,0,0,0,CT000045,1,4552727.45,4552727.45,Annual,True,98.0,267.0,0,0,0
C03570,2025-03-24,0,Government,Europe,SMB,29,Direct Sales,275,0.7529089664613279,77.07,83.51,-0.0286,0.4596,Stable,-1.8900000000000006,-0.6000000000000085,1.2199999999999989,-0.023936170212765968,-0.00772499034376218,0.0160843770599868,8,36,5,576,1,36,0,0,0,0,0.0,1.0,1.0,7.0,9.0,3.0,60.0,58.0,17.0,1.0,0.0,0.0,0.0,0.0,0.0,0.0,0.14285714285714285,0.14285714285714285,0.2413793103448276,0.3333333333333333,0.09090909090909091,0.11627906976744186,0.11196911196911197,0.03041144901610018,0.25,0.0,0.0,0.0,0.0,0.0,0,0,0,1,0.0,0.0,0.0,0.0,0.0,,,2.0,1.0,0.0,0.0,1.0,3.5,26.555,2.0,1.0,0.0,0.0,1.0,3.5,26.555,0,0,0,0,CT003570,1,1376939.65,1376939.65,Annual,True,275.0,90.0,0,1,1
C09627,2025-09-15,0,Healthcare,Middle East,SMB,190,Direct Sales,330,0.9034907597535934,80.9,47.77,0.2107,0.4459,Improving,1.6400000000000006,2.660000000000011,3.3599999999999994,0.02069139540751956,0.03399795501022509,0.043332473562032486,39,194,6,3788,2,136,58,0,0,0,0.0,0.0,-1.0,-18.0,26.0,-12.0,471.0,351.0,-476.0,0.0,1.0,-1.0,0.0,0.0,0.0,0.0,0.0,-0.025,-0.08490566037735849,0.15476190476190477,-0.05825242718446602,0.14199577931866145,0.10212394530113471,-0.11163227016885553,0.0,0.2,-0.14285714285714285,0.0,0.0,0.0,0,0,0,2,0.0,0.0,0.0,0.0,0.0,,,0.0,0.0,0.0,0.0,0.0,,,0.0,0.0,0.0,0.0,0.0,,,0,0,0,0,CT009627,1,782113.44,782113.44,Annual,True,330.0,35.0,0,1,1
C17788,2025-04-28,0,Financial Services,Europe,SMB,101,Direct Sales,223,0.6105407255304586,77.27,77.86,0.052,0.5051,Stable,-1.2900000000000063,-0.8299999999999983,-2.0400000000000063,-0.016420570264765864,-0.010627400768245818,-0.025721850964569488,13,56,7,1151,1,56,0,0,0,0,0.0,-1.0,0.0,18.0,17.0,19.0,484.0,428.0,531.0,0.0,4.0,1.0,0.0,0.0,0.0,0.0,-0.07142857142857142,0.0,0.47368421052631576,0.4358974358974359,0.5135135135135135,0.7256371814092953,0.5919778699861687,0.8564516129032258,0.0,1.3333333333333333,0.16666666666666666,0.0,0.0,0.0,0,0,0,1,0.0,0.0,0.0,0.0,0.0,,,0.0,0.0,0.0,0.0,0.0,,,0.0,0.0,0.0,0.0,0.0,,,0,0,0,0,CT017788,1,253497.84,253497.84,Annual,True,223.0,142.0,0,0,1
C18364,2024-12-02,0,Professional Services,North America,Mid-Market,714,Inbound,33,0.09034907597535935,58.63,77.42,-0.2089,0.8247,Declining,2.0600000000000023,2.730000000000004,1.8400000000000034,0.03641506098638859,0.04883720930232566,0.03240007043493579,102,652,7,13562,3,286,186,180,0,0,102.0,102.0,102.0,652.0,652.0,652.0,13562.0,13562.0,13562.0,7.0,7.0,7.0,3.0,3.0,3.0,,,,,,,,,,,,,,,,0,0,0,3,2.0,0.0,0.0,0.0,0.0,4.0,78.265,2.0,0.0,0.0,0.0,0.0,4.0,78.265,2.0,0.0,0.0,0.0,0.0,4.0,78.265,0,0,0,1,CT018364,1,5759680.87,5759680.87,Annual,True,33.0,332.0,0,0,0
C17995,2025-08-18,0,Healthcare,North America,SMB,142,Inbound,545,1.4921286789869952,65.59,63.2,0.0166,0.9493,Stable,0.5200000000000102,-0.4299999999999926,0.04000000000000625,0.007991393883510224,-0.006513177824901434,0.0006102212051869757,21,41,4,705,1,41,0,0,0,0,-1.0,-1.0,-2.0,-18.0,-38.0,-51.0,-362.0,-731.0,-976.0,1.0,-1.0,1.0,0.0,0.0,0.0,-0.045454545454545456,-0.045454545454545456,-0.08695652173913043,-0.3050847457627119,-0.4810126582278481,-0.5543478260869565,-0.3392689784442362,-0.5090529247910863,-0.5806067816775728,0.3333333333333333,-0.2,0.3333333333333333,0.0,0.0,0.0,1,1,1,1,3.0,0.0,0.0,0.0,0.0,4.0,16.766666666666666,3.0,0.0,0.0,0.0,0.0,4.0,16.766666666666666,3.0,0.0,0.0,0.0,0.0,4.0,16.766666666666666,0,0,0,0,CT017995,1,1500000.0,3000000.0,Two-year,True,545.0,185.0,0,0,0
C00459,2025-03-31,1,Technology,APAC,Mid-Market,1844,Direct Sales,294,0.8049281314168378,12.92,78.33,-0.3733,1.1969,Rapidly Declining,-3.9399999999999995,-8.500000000000002,-10.340000000000002,-0.2336892052194543,-0.39682539682539686,-0.4445399828030955,99,501,6,10159,3,223,121,157,0,0,-1.0,2.0,0.0,7.0,11.0,21.0,853.0,-72.0,1563.0,1.0,-1.0,0.0,0.0,0.0,0.0,-0.01,0.020618556701030927,0.0,0.01417004048582996,0.022448979591836733,0.04375,0.09166129378895337,-0.007037435245821523,0.1818287575616566,0.2,-0.14285714285714285,0.0,0.0,0.0,0.0,0,0,0,3,1.0,0.0,1.0,0.0,0.0,2.0,40.53,3.0,0.0,2.0,1.0,0.0,2.6666666666666665,23.986666666666675,5.0,0.0,2.0,1.0,1.0,3.0,24.947500000000005,0,0,1,0,CT000459,1,2246449.72,2246449.72,Annual,True,294.0,71.0,0,1,1
C10829,2024-12-23,0,Education,Latin America,Mid-Market,1050,Inbound,157,0.42984257357973993,91.31,88.4,0.1034,0.8766,Stable,4.150000000000006,3.240000000000009,3.680000000000007,0.04761358421294178,0.036788917906211076,0.04199475065616806,267,1723,6,35161,3,909,438,0,376,0,4.0,17.0,10.0,-51.0,190.0,-66.0,313.0,1377.0,-5402.0,-1.0,-1.0,-1.0,0.0,0.0,0.0,0.015209125475285171,0.068,0.038910505836575876,-0.02874859075535513,0.12393998695368558,-0.0368921185019564,0.008981864095500459,0.04075893914278949,-0.13317555407637502,-0.14285714285714285,-0.14285714285714285,-0.14285714285714285,0.0,0.0,0.0,0,0,0,3,0.0,0.0,0.0,0.0,0.0,,,3.0,0.0,1.0,0.0,0.0,3.75,55.0625,3.0,0.0,1.0,0.0,0.0,3.75,55.0625,0,0,0,1,CT010829,1,2210946.57,2210946.57,Annual,True,157.0,208.0,0,0,0
C02971,2025-01-13,0,Logistics,North America,SMB,181,Inbound,60,0.16427104722792607,81.83,85.28,-0.0454,0.8702,Stable,-1.0799999999999983,1.7600000000000051,3.469999999999999,-0.01302617295862982,0.02198076682902467,0.04428279734558447,73,626,7,11336,4,303,161,0,84,78,2.0,73.0,73.0,141.0,626.0,626.0,1874.0,11336.0,11336.0,0.0,7.0,7.0,0.0,4.0,4.0,0.028169014084507043,,,0.2907216494845361,,,0.19805537941238638,,,0.0,,,0.0,,,0,0,0,4,2.0,0.0,0.0,0.0,0.0,3.5,52.73,2.0,0.0,0.0,0.0,0.0,3.5,52.73,2.0,0.0,0.0,0.0,0.0,3.5,52.73,0,0,0,1,CT002971,1,811387.07,811387.07,Annual,True,60.0,305.0,0,0,0
C15184,2025-03-24,0,Technology,North America,Mid-Market,1548,Partner,194,0.5311430527036276,76.28,79.41,-0.0366,0.5124,Stable,0.12000000000000455,-0.9200000000000017,-2.5600000000000023,0.0015756302521009002,-0.011917098445595877,-0.03247082699137496,289,1844,6,33791,3,969,529,0,346,0,3.0,-10.0,9.0,-122.0,-145.0,15.0,2288.0,-631.0,-2519.0,-1.0,0.0,0.0,0.0,0.0,0.0,0.01048951048951049,-0.033444816053511704,0.03214285714285714,-0.06205493387589013,-0.07290095525389644,0.008201202843083653,0.072628003682189,-0.01833129975015978,-0.06937482787110989,-0.14285714285714285,0.0,0.0,0.0,0.0,0.0,0,0,0,3,1.0,0.0,0.0,1.0,0.0,4.0,19.5,1.0,0.0,0.0,1.0,0.0,4.0,19.5,2.0,0.0,1.0,2.0,0.0,4.0,11.16,0,0,0,0,CT015184,1,1813298.79,5439896.37,Three-year,False,194.0,901.0,0,0,0
C19902,2025-05-12,0,Professional Services,Europe,SMB,94,Referral,196,0.5366187542778919,92.2,83.81,0.0305,0.9795,Stable,0.37000000000000455,2.0799999999999983,1.7000000000000028,0.0040291843624088485,0.023080337328007083,0.018784530386740363,25,82,4,1562,1,82,0,0,0,0,-1.0,0.0,1.0,-28.0,-6.0,-8.0,-586.0,-130.0,82.0,-1.0,-2.0,-1.0,0.0,0.0,0.0,-0.038461538461538464,0.0,0.041666666666666664,-0.2545454545454545,-0.06818181818181818,-0.08888888888888889,-0.27281191806331473,-0.0768321513002364,0.05540540540540541,-0.2,-0.3333333333333333,-0.2,0.0,0.0,0.0,1,0,0,1,0.0,0.0,0.0,0.0,0.0,,,0.0,0.0,0.0,0.0,0.0,,,1.0,0.0,1.0,0.0,1.0,3.0,13.1,0,0,1,0,CT019902,1,505497.46,505497.46,Annual,False,196.0,169.0,0,0,1
C08741,2025-06-09,0,Healthcare,Middle East,SMB,57,Enterprise Sales,213,0.5831622176591376,82.9,79.32,0.0124,0.5401,Stable,-0.8399999999999892,-0.7299999999999898,-0.6299999999999955,-0.010031048483400874,-0.008728925026904099,-0.007542200407039333,11,55,7,1111,2,42,0,13,0,0,0.0,0.0,0.0,-6.0,-5.0,-21.0,-190.0,-95.0,-485.0,0.0,0.0,0.0,0.0,0.0,0.0,0.0,0.0,0.0,-0.09836065573770492,-0.08333333333333333,-0.27631578947368424,-0.1460415065334358,-0.07877280265339967,-0.30388471177944865,0.0,0.0,0.0,0.0,0.0,0.0,0,1,0,2,0.0,0.0,0.0,0.0,0.0,,,0.0,0.0,0.0,0.0,0.0,,,0.0,0.0,0.0,0.0,0.0,,,0,0,0,0,CT008741,1,1334377.85,1334377.85,Annual,True,213.0,152.0,0,0,1
C17398,2025-02-17,0,Education,North America,Mid-Market,1307,Inbound,88,0.24093086926762491,88.93,71.57,-0.0101,0.9593,Stable,3.8100000000000023,4.050000000000011,3.1000000000000085,0.04476033834586469,0.04771442035815282,0.03611790749155317,386,2097,6,37300,2,1398,699,0,0,0,-17.0,0.0,386.0,-139.0,21.0,2097.0,-15381.0,-13038.0,37300.0,1.0,0.0,6.0,0.0,0.0,2.0,-0.04218362282878412,0.0,,-0.06216457960644007,0.010115606936416185,,-0.2919648450105351,-0.25900909849417936,,0.2,0.0,,0.0,0.0,,1,0,0,2,1.0,0.0,0.0,0.0,0.0,5.0,46.68,2.0,0.0,0.0,0.0,0.0,4.5,42.705,2.0,0.0,0.0,0.0,0.0,4.5,42.705,0,0,0,0,CT017398,1,3509552.9,7019105.8,Two-year,True,88.0,642.0,0,0,0
C13028,2024-07-08,0,Financial Services,Europe,SMB,117,Direct Sales,31,0.08487337440109514,90.72,86.48,0.0516,0.4172,Stable,1.7800000000000011,1.1299999999999955,2.489999999999995,0.020013492241960886,0.012613014845406802,0.028221693301598037,35,235,7,5313,3,136,64,0,35,0,35.0,35.0,35.0,235.0,235.0,235.0,5313.0,5313.0,5313.0,7.0,7.0,7.0,3.0,3.0,3.0,,,,,,,,,,,,,,,,0,0,0,3,0.0,0.0,0.0,0.0,0.0,,,0.0,0.0,0.0,0.0,0.0,,,0.0,0.0,0.0,0.0,0.0,,,0,0,0,0,CT013028,1,231678.07,695034.21,Three-year,True,31.0,1064.0,0,0,0
C05279,2025-02-03,0,Education,Latin America,SMB,175,Direct Sales,186,0.5092402464065708,81.63,70.6,0.0493,0.5778,Stable,1.5699999999999932,3.6999999999999886,5.75,0.019610292280789324,0.04747850635185408,0.07577754348972061,26,131,6,2627,2,75,56,0,0,0,1.0,3.0,3.0,13.0,16.0,6.0,313.0,383.0,98.0,-1.0,3.0,0.0,0.0,0.0,0.0,0.04,0.13043478260869565,0.13043478260869565,0.11016949152542373,0.1391304347826087,0.048,0.13526361279170268,0.17067736185383245,0.0387504942665085,-0.14285714285714285,1.0,0.0,0.0,0.0,0.0,0,0,0,2,2.0,0.0,0.0,0.0,0.0,4.0,29.515,3.0,0.0,0.0,0.0,0.0,4.333333333333333,25.516666666666666,4.0,1.0,0.0,0.0,0.0,4.0,31.665,0,0,0,0,CT005279,1,255751.49,767254.47,Three-year,True,186.0,909.0,0,0,0
C06511,2024-11-18,0,Healthcare,North America,Mid-Market,1515,Inbound,211,0.5776865160848734,58.86,68.48,-0.0229,1.1103,Stable,0.4799999999999969,-0.28000000000000114,1.0700000000000003,0.008221993833504571,-0.004734528238079154,0.018515314068177892,147,841,6,18673,3,450,241,0,0,150,-2.0,10.0,9.0,27.0,97.0,-23.0,3088.0,3625.0,2063.0,0.0,-1.0,0.0,0.0,0.0,0.0,-0.013422818791946308,0.072992700729927,0.06521739130434782,0.033169533169533166,0.1303763440860215,-0.02662037037037037,0.19813923644529996,0.2408958001063264,0.12420228777844672,0.0,-0.14285714285714285,0.0,0.0,0.0,0.0,0,0,0,3,2.0,1.0,1.0,0.0,1.0,4.0,22.275,3.0,2.0,1.0,0.0,2.0,3.6666666666666665,17.093333333333334,5.0,3.0,2.0,0.0,2.0,3.6,20.945999999999998,0,1,0,0,CT006511,1,1000000.0,1000000.0,Annual,True,211.0,154.0,0,0,1
C19515,2025-02-03,0,Telecommunications,Europe,SMB,48,Inbound,329,0.9007529089664613,67.48,80.51,-0.0551,0.904,Stable,3.6600000000000037,4.540000000000006,1.2900000000000063,0.05734879348166725,0.07213218938671762,0.019489348844236386,5,34,7,622,2,19,15,0,0,0,0.0,0.0,0.0,11.0,9.0,15.0,150.0,16.0,208.0,2.0,1.0,4.0,0.0,0.0,0.0,0.0,0.0,0.0,0.4782608695652174,0.36,0.7894736842105263,0.3177966101694915,0.026402640264026403,0.5024154589371981,0.4,0.16666666666666666,1.3333333333333333,0.0,0.0,0.0,0,0,0,2,0.0,0.0,0.0,0.0,0.0,,,1.0,0.0,0.0,0.0,0.0,4.0,29.34,1.0,0.0,0.0,0.0,0.0,4.0,29.34,0,0,0,0,CT019515,1,221787.93,221787.93,Annual,True,329.0,36.0,0,1,1
C15452,2025-04-28,0,Logistics,Europe,Mid-Market,1979,Inbound,29,0.07939767282683094,89.98,91.87,-0.0868,0.7143,Stable,0.6400000000000006,2.530000000000001,5.310000000000002,0.007163644504141488,0.028930817610062904,0.06271406637533958,343,1295,5,21730,1,1295,0,0,0,0,343.0,343.0,343.0,1295.0,1295.0,1295.0,21730.0,21730.0,21730.0,5.0,5.0,5.0,1.0,1.0,1.0,,,,,,,,,,,,,,,,0,0,0,1,0.0,0.0,0.0,0.0,0.0,,,0.0,0.0,0.0,0.0,0.0,,,0.0,0.0,0.0,0.0,0.0,,,0,0,0,0,CT015452,1,1007895.84,1007895.84,Annual,True,29.0,336.0,0,0,0
C06880,2024-05-27,0,Retail,North America,SMB,240,Enterprise Sales,73,0.1998631074606434,100.0,76.21,0.3736,0.4856,Improving,0.0,0.980000000000004,1.7600000000000051,0.0,0.00989699050696833,0.017915309446254125,50,297,6,6205,2,188,109,0,0,0,-2.0,1.0,50.0,4.0,34.0,297.0,686.0,901.0,6205.0,2.0,-1.0,6.0,0.0,0.0,2.0,-0.038461538461538464,0.02040816326530612,,0.013651877133105802,0.12927756653992395,,0.12429788005073383,0.16987179487179488,,0.5,-0.14285714285714285,,0.0,0.0,,0,0,0,2,0.0,0.0,0.0,0.0,0.0,,,0.0,0.0,0.0,0.0,0.0,,,0.0,0.0,0.0,0.0,0.0,,,0,0,0,0,CT006880,1,348322.0,1044966.0,Three-year,True,73.0,1022.0,0,0,0
C04969,2024-09-23,0,Technology,Europe,SMB,183,Referral,13,0.03559206023271732,67.7,71.67,0.0278,0.4994,Stable,-0.1599999999999966,0.09000000000000341,0.6400000000000006,-0.0023577954612436867,0.001331164028989845,0.009543692215926044,17,50,5,1052,1,50,0,0,0,0,17.0,17.0,17.0,50.0,50.0,50.0,1052.0,1052.0,1052.0,5.0,5.0,5.0,1.0,1.0,1.0,,,,,,,,,,,,,,,,0,0,0,1,0.0,0.0,0.0,0.0,0.0,,,0.0,0.0,0.0,0.0,0.0,,,0.0,0.0,0.0,0.0,0.0,,,0,0,0,0,CT004969,1,826625.25,826625.25,Annual,False,13.0,352.0,0,0,0
C16025,2025-03-31,0,Financial Services,Latin America,Enterprise,2001,Enterprise Sales,324,0.8870636550308009,68.85,67.56,-0.0783,0.78,Stable,-1.730000000000004,-3.460000000000008,-3.1300000000000097,-0.024511192972513515,-0.0478495367169134,-0.04348430119477646,259,894,6,19857,1,894,0,0,0,0,-4.0,-5.0,-1.0,70.0,9.0,49.0,4620.0,3488.0,2480.0,3.0,0.0,0.0,0.0,0.0,0.0,-0.015209125475285171,-0.01893939393939394,-0.0038461538461538464,0.08495145631067962,0.010169491525423728,0.05798816568047337,0.3032092931679464,0.21308571079479505,0.14271738504920298,1.0,0.0,0.0,0.0,0.0,0.0,0,0,0,1,1.0,0.0,0.0,0.0,0.0,5.0,45.34,4.0,0.0,0.0,0.0,2.0,4.75,47.625,5.0,0.0,0.0,0.0,2.0,4.8,46.53,0,0,0,0,CT016025,1,12295285.08,24590570.16,Two-year,True,324.0,406.0,0,0,0
C17864,2025-02-24,0,Logistics,Europe,SMB,200,Inbound,42,0.11498973305954825,82.57,93.6,-0.0093,0.6653,Stable,1.3799999999999955,1.039999999999992,0.0899999999999892,0.016997167138810144,0.01275604072120682,0.0010911736178466198,64,471,7,8453,3,228,0,154,89,0,1.0,64.0,64.0,-4.0,471.0,471.0,931.0,8453.0,8453.0,0.0,7.0,7.0,0.0,3.0,3.0,0.015873015873015872,,,-0.008421052631578947,,,0.12377027386333422,,,0.0,,,0.0,,,0,0,0,3,0.0,0.0,0.0,0.0,0.0,,,1.0,0.0,0.0,0.0,0.0,4.0,28.92,1.0,0.0,0.0,0.0,0.0,4.0,28.92,0,0,0,0,CT017864,1,509372.74,509372.74,Annual,False,42.0,323.0,0,0,0
C04464,2024-07-29,0,Professional Services,Latin America,Enterprise,3443,Inbound,189,0.5174537987679672,65.65,68.83,0.0544,0.7298,Stable,-2.7099999999999937,-3.719999999999999,-1.8799999999999955,-0.03964306612053824,-0.05362548652155108,-0.027839478750185036,454,2847,7,58669,3,1527,0,786,534,0,22.0,-20.0,24.0,116.0,-191.0,206.0,10125.0,1815.0,11812.0,1.0,0.0,1.0,0.0,0.0,0.0,0.05092592592592592,-0.04219409282700422,0.05581395348837209,0.04247528377883559,-0.06287030941408822,0.07800075728890572,0.20857366512854317,0.031923875189080804,0.2520861344089464,0.16666666666666666,0.0,0.16666666666666666,0.0,0.0,0.0,0,0,0,3,4.0,0.0,1.0,0.0,1.0,3.833333333333333,30.74,5.0,0.0,1.0,0.0,1.0,3.8888888888888893,35.33000000000001,8.0,0.0,1.0,0.0,2.0,3.9444444444444446,43.061666666666675,1,0,0,0,CT004464,1,8117371.92,16234743.84,Two-year,True,189.0,541.0,0,0,0
C02885,2025-07-28,0,Financial Services,Europe,SMB,71,Referral,240,0.6570841889117043,51.03,74.98,-0.1331,0.9109,Declining,0.39000000000000057,-1.490000000000002,-4.299999999999997,0.007701421800947878,-0.028370144706778407,-0.07771552503162836,11,33,4,497,2,20,0,13,0,0,0.0,-3.0,-3.0,-32.0,-41.0,-30.0,-563.0,-928.0,-690.0,-3.0,-3.0,-1.0,0.0,0.0,0.0,0.0,-0.21428571428571427,-0.21428571428571427,-0.49230769230769234,-0.5540540540540541,-0.47619047619047616,-0.5311320754716982,-0.6512280701754386,-0.5812973883740522,-0.42857142857142855,-0.42857142857142855,-0.2,0.0,0.0,0.0,1,1,1,2,1.0,0.0,0.0,0.0,0.0,3.0,66.82,2.0,0.0,0.0,0.0,1.0,3.5,39.345,3.0,0.0,0.0,0.0,2.0,4.0,34.74999999999999,0,0,0,0,CT002885,1,1500000.0,3000000.0,Two-year,True,240.0,490.0,0,0,0
C00331,2024-04-01,0,Financial Services,Latin America,Mid-Market,330,Referral,30,0.08213552361396304,84.18,90.11,0.0075,0.8108,Stable,1.3200000000000074,1.0200000000000102,0.960000000000008,0.015930485155684376,0.012265512265512389,0.011535688536409613,75,335,7,7760,2,274,0,0,0,61,75.0,75.0,75.0,335.0,335.0,335.0,7760.0,7760.0,7760.0,7.0,7.0,7.0,2.0,2.0,2.0,,,,,,,,,,,,,,,,0,0,0,2,0.0,0.0,0.0,0.0,0.0,,,0.0,0.0,0.0,0.0,0.0,,,0.0,0.0,0.0,0.0,0.0,,,0,0,0,0,CT000331,1,1909835.83,1909835.83,Annual,True,30.0,335.0,0,0,0
C00893,2024-08-19,0,Healthcare,Middle East,SMB,206,Referral,180,0.4928131416837782,69.32,70.92,0.026,0.722,Stable,-0.3300000000000125,1.2399999999999949,-0.12000000000000455,-0.004737975592247128,0.01821386603995292,-0.0017281105990784066,30,163,6,2587,2,100,0,63,0,0,1.0,2.0,-2.0,26.0,10.0,7.0,159.0,-224.0,-160.0,2.0,0.0,-1.0,0.0,0.0,0.0,0.034482758620689655,0.07142857142857142,-0.0625,0.1897810218978102,0.06535947712418301,0.04487179487179487,0.06548599670510709,-0.07968694414799003,-0.058245358572988716,0.5,0.0,-0.14285714285714285,0.0,0.0,0.0,0,0,0,2,0.0,0.0,0.0,0.0,0.0,,,1.0,0.0,0.0,0.0,0.0,4.0,56.44,2.0,0.0,1.0,0.0,0.0,4.0,70.565,0,0,0,1,CT000893,1,428175.96,428175.96,Annual,False,180.0,185.0,0,0,0
C18895,2025-06-09,0,Financial Services,Europe,Enterprise,2362,Partner,172,0.47091033538672145,100.0,81.06,0.3162,0.6167,Improving,0.0,0.4200000000000017,0.0,0.0,0.004217714400482042,0.0,894,8020,7,156647,4,3444,1813,1818,0,945,28.0,6.0,36.0,436.0,256.0,479.0,6833.0,-12896.0,5929.0,0.0,0.0,0.0,0.0,0.0,0.0,0.03233256351039261,0.006756756756756757,0.04195804195804196,0.05748945147679325,0.03297269448737764,0.06351942713168014,0.04560988959643291,-0.0760632995759188,0.03933836701654746,0.0,0.0,0.0,0.0,0.0,0.0,0,0,0,4,0.0,0.0,0.0,0.0,0.0,,,0.0,0.0,0.0,0.0,0.0,,,2.0,0.0,0.0,0.0,0.0,4.5,49.455,0,0,0,1,CT018895,1,21319881.55,21319881.55,Annual,True,172.0,193.0,0,0,0
C11956,2024-12-16,0,Technology,APAC,Mid-Market,322,Enterprise Sales,73,0.1998631074606434,57.36,60.12,0.1377,0.7764,Improving,-1.3900000000000006,0.6700000000000017,0.769999999999996,-0.023659574468085115,0.01181866290351035,0.013606644283442233,45,236,7,4351,3,110,68,58,0,0,4.0,5.0,45.0,-52.0,-42.0,236.0,-1467.0,-1296.0,4351.0,0.0,2.0,7.0,0.0,0.0,3.0,0.0975609756097561,0.125,,-0.18055555555555555,-0.1510791366906475,,-0.25214850464077004,-0.2295023906499026,,0.0,0.4,,0.0,0.0,,1,0,0,3,0.0,0.0,0.0,0.0,0.0,,,0.0,0.0,0.0,0.0,0.0,,,1.0,0.0,0.0,0.0,0.0,4.0,52.98,0,0,0,1,CT011956,1,3653029.76,3653029.76,Annual,True,73.0,292.0,0,0,0
C01250,2024-09-16,0,Government,APAC,Enterprise,3727,Inbound,231,0.6324435318275154,57.91,59.41,-0.0391,1.1851,Stable,-3.9000000000000057,-7.299999999999997,-6.8700000000000045,-0.06309658631289444,-0.11194602054899552,-0.10605125038592166,605,4601,7,93002,4,1929,919,1038,715,0,-60.0,-124.0,-150.0,-610.0,-1014.0,-1218.0,3097.0,-21232.0,-12894.0,1.0,2.0,0.0,0.0,0.0,0.0,-0.09022556390977443,-0.1700960219478738,-0.1986754966887417,-0.11706006524659375,-0.18058771148708816,-0.20931431517442858,0.0344474723319059,-0.18586410350683685,-0.12176097303014279,0.16666666666666666,0.4,0.0,0.0,0.0,0.0,0,0,0,4,3.0,0.0,0.0,0.0,1.0,4.25,17.432500000000008,4.0,0.0,0.0,0.0,1.0,4.166666666666667,24.338333333333335,7.0,0.0,1.0,0.0,2.0,4.083333333333333,29.060833333333335,1,0,0,0,CT001250,1,31511653.12,63023306.24,Two-year,True,231.0,499.0,0,0,0
C11569,2024-12-23,0,Manufacturing,APAC,SMB,223,Inbound,288,0.7885010266940452,82.15,77.12,-0.0287,0.7244,Stable,0.7700000000000102,2.180000000000007,1.1000000000000085,0.009461784222167735,0.027260222583468885,0.01357186921653311,48,217,7,4420,2,134,0,83,0,0,-2.0,-3.0,-3.0,-54.0,-53.0,-62.0,-1213.0,-645.0,-1122.0,0.0,1.0,0.0,0.0,0.0,0.0,-0.04,-0.058823529411764705,-0.058823529411764705,-0.1992619926199262,-0.1962962962962963,-0.2222222222222222,-0.21533818569146104,-0.12734452122408688,-0.20245398773006135,0.0,0.16666666666666666,0.0,0.0,0.0,0.0,1,0,0,2,0.0,0.0,0.0,0.0,0.0,,,0.0,0.0,0.0,0.0,0.0,,,0.0,0.0,0.0,0.0,0.0,,,0,0,0,0,CT011569,1,360736.61,360736.61,Annual,True,288.0,77.0,0,1,1
C02165,2025-09-01,0,Financial Services,Middle East,Enterprise,12392,Direct Sales,81,0.22176591375770022,99.33,81.05,0.339,0.6445,Improving,0.45000000000000284,0.39000000000000057,0.4200000000000017,0.004550970873786437,0.003941782898726507,0.004246284501061588,3290,23222,6,424417,3,12558,6057,0,4607,0,183.0,191.0,3290.0,1235.0,1420.0,23222.0,26007.0,84999.0,424417.0,0.0,-1.0,6.0,0.0,0.0,3.0,0.05889925973607982,0.06163278476928041,,0.05616955473688998,0.06513163929914687,,0.06527697597951859,0.2504257287474442,,0.0,-0.14285714285714285,,0.0,0.0,,0,0,0,3,0.0,0.0,0.0,0.0,0.0,,,2.0,0.0,0.0,0.0,0.0,4.5,24.159999999999997,4.0,1.0,0.0,1.0,0.0,4.5,19.6875,0,0,0,0,CT002165,1,10874609.54,10874609.54,Annual,False,81.0,284.0,0,0,0
C15585,2025-01-20,0,Telecommunications,North America,Mid-Market,1040,Referral,317,0.8678986995208761,43.11,71.12,-0.2162,0.6285,Declining,0.259999999999998,-0.7999999999999972,-1.8999999999999986,0.0060676779463243406,-0.018219084491004265,-0.04221284159075758,84,463,6,9186,3,193,143,127,0,0,-2.0,-16.0,-15.0,-61.0,-149.0,-115.0,-1375.0,-2139.0,-2630.0,-1.0,0.0,0.0,0.0,0.0,0.0,-0.023255813953488372,-0.16,-0.15151515151515152,-0.11641221374045801,-0.2434640522875817,-0.19896193771626297,-0.13019600416627214,-0.18887417218543046,-0.22257955314827352,-0.14285714285714285,0.0,0.0,0.0,0.0,0.0,0,0,0,3,1.0,1.0,0.0,0.0,1.0,4.0,8.85,1.0,1.0,0.0,0.0,1.0,4.0,8.85,1.0,1.0,0.0,0.0,1.0,4.0,8.85,0,0,0,0,CT015585,1,4319447.02,12958341.06,Three-year,True,317.0,778.0,0,0,0
C14809,2024-11-18,0,Financial Services,North America,Mid-Market,1613,Inbound,267,0.731006160164271,41.23,76.87,-0.3466,0.9206,Declining,-1.1500000000000057,-1.7800000000000011,-2.0800000000000054,-0.027135441245870827,-0.04138572425017441,-0.04802586007850393,100,451,5,8728,2,293,0,158,0,0,1.0,-5.0,0.0,6.0,-79.0,-29.0,586.0,-1373.0,-580.0,0.0,-2.0,-2.0,0.0,0.0,0.0,0.010101010101010102,-0.047619047619047616,0.0,0.01348314606741573,-0.1490566037735849,-0.06041666666666667,0.07197248833210514,-0.13592713592713593,-0.06231198968629136,0.0,-0.2857142857142857,-0.2857142857142857,0.0,0.0,0.0,0,0,0,2,2.0,0.0,0.0,0.0,1.0,3.5,33.035,4.0,0.0,0.0,0.0,1.0,4.25,23.6375,5.0,0.0,0.0,0.0,1.0,4.4,27.656,0,0,0,0,CT014809,1,5083608.74,15250826.22,Three-year,True,267.0,828.0,0,0,0
C06243,2025-01-06,0,Retail,North America,SMB,250,Direct Sales,127,0.34770704996577684,63.25,70.15,0.005,0.4525,Stable,-0.9000000000000057,-2.5600000000000023,-3.5600000000000023,-0.014029618082618949,-0.03889986324266832,-0.053285436311929384,16,38,3,782,1,38,0,0,0,0,-1.0,-1.0,-1.0,-16.0,-18.0,-17.0,62.0,14.0,-240.0,-1.0,-2.0,-1.0,0.0,0.0,0.0,-0.058823529411764705,-0.058823529411764705,-0.058823529411764705,-0.2962962962962963,-0.32142857142857145,-0.3090909090909091,0.08611111111111111,0.018229166666666668,-0.23483365949119372,-0.25,-0.4,-0.25,0.0,0.0,0.0,0,0,0,1,0.0,0.0,0.0,0.0,0.0,,,1.0,0.0,0.0,0.0,0.0,4.0,28.06,2.0,1.0,1.0,0.0,1.0,3.5,17.715000000000003,0,0,0,0,CT006243,1,239667.7,239667.7,Annual,True,127.0,238.0,0,0,0
C16090,2025-08-18,0,Professional Services,North America,SMB,239,Inbound,188,0.5147159479808351,70.17,70.07,-0.0001,0.49,Stable,1.1000000000000085,0.480000000000004,1.0499999999999972,0.015925872303460382,0.0068876452862678145,0.01519097222222218,36,127,7,2532,2,99,0,0,0,28,-2.0,-2.0,0.0,-56.0,-29.0,-26.0,-1401.0,-216.0,-349.0,0.0,0.0,0.0,0.0,0.0,0.0,-0.05263157894736842,-0.05263157894736842,0.0,-0.30601092896174864,-0.1858974358974359,-0.16993464052287582,-0.35621662852784136,-0.07860262008733625,-0.12113849357861854,0.0,0.0,0.0,0.0,0.0,0.0,1,0,0,2,1.0,0.0,0.0,0.0,0.0,5.0,55.57,2.0,0.0,0.0,1.0,0.0,4.5,30.495,3.0,0.0,0.0,1.0,0.0,4.333333333333333,62.550000000000004,0,0,0,1,CT016090,1,422569.1,845138.2,Two-year,True,188.0,542.0,0,0,0
C10126,2025-05-26,0,Manufacturing,Latin America,SMB,143,Inbound,61,0.16700889801505817,80.66,61.59,-0.0112,0.8566,Stable,-2.8400000000000034,-1.4699999999999989,-3.480000000000004,-0.034011976047904235,-0.01789845367100936,-0.04135963869740913,36,218,5,4097,2,158,60,0,0,0,1.0,36.0,36.0,44.0,218.0,218.0,638.0,4097.0,4097.0,-1.0,5.0,5.0,0.0,2.0,2.0,0.02857142857142857,,,0.25287356321839083,,,0.18444637178375253,,,-0.16666666666666666,,,0.0,,,0,0,0,2,0.0,0.0,0.0,0.0,0.0,,,1.0,0.0,0.0,0.0,0.0,4.0,23.48,1.0,0.0,0.0,0.0,0.0,4.0,23.48,0,0,0,0,CT010126,1,554060.37,554060.37,Annual,False,61.0,304.0,0,0,0
C07059,2025-01-20,0,Telecommunications,Middle East,Mid-Market,1967,Inbound,308,0.8432580424366872,100.0,89.96,0.2337,0.4289,Improving,0.0,0.0,0.0,0.0,0.0,0.0,807,7379,6,119725,4,3018,1542,1615,1204,0,-47.0,-19.0,7.0,-232.0,-124.0,94.0,-29280.0,-24269.0,-32142.0,0.0,1.0,1.0,0.0,0.0,0.0,-0.05503512880562061,-0.023002421307506054,0.00875,-0.03048219682039154,-0.016526722644275623,0.012903225806451613,-0.1965034730378175,-0.168541744794922,-0.21164571631756735,0.0,0.2,0.2,0.0,0.0,0.0,1,0,0,4,1.0,0.0,0.0,0.0,1.0,4.0,73.56,1.0,0.0,0.0,0.0,1.0,4.0,73.56,2.0,0.0,0.0,0.0,1.0,4.0,64.8,0,0,0,1,CT007059,1,6664218.66,6664218.66,Annual,True,308.0,57.0,0,1,1
C11860,2024-11-11,0,Healthcare,Middle East,SMB,184,Enterprise Sales,269,0.7364818617385352,71.96,77.05,-0.0416,0.734,Stable,-0.9100000000000108,-3.3000000000000114,-1.5400000000000063,-0.012487992315081799,-0.043847993622110164,-0.020952380952381038,41,213,6,4432,2,146,0,67,0,0,0.0,-2.0,3.0,16.0,4.0,38.0,741.0,892.0,1546.0,-1.0,0.0,-1.0,0.0,0.0,0.0,0.0,-0.046511627906976744,0.07894736842105263,0.08121827411167512,0.019138755980861243,0.21714285714285714,0.20075860200487672,0.2519774011299435,0.5356895356895357,-0.14285714285714285,0.0,-0.14285714285714285,0.0,0.0,0.0,0,0,0,2,1.0,0.0,0.0,0.0,0.0,4.0,43.79,2.0,0.0,0.0,0.0,0.0,4.0,53.75,2.0,0.0,0.0,0.0,0.0,4.0,53.75,0,0,0,1,CT011860,1,475697.02,951394.04,Two-year,True,269.0,461.0,0,0,0
C15221,2025-07-14,0,Logistics,Europe,SMB,205,Direct Sales,268,0.7337440109514032,60.02,58.61,-0.0034,0.7949,Stable,-0.8299999999999983,-1.0700000000000003,-0.509999999999998,-0.013640098603122404,-0.01751514159436897,-0.008425574095489807,15,54,4,795,1,54,0,0,0,0,0.0,0.0,0.0,1.0,23.0,-20.0,-36.0,358.0,-813.0,0.0,3.0,-3.0,0.0,0.0,0.0,0.0,0.0,0.0,0.018867924528301886,0.7419354838709677,-0.2702702702702703,-0.04332129963898917,0.8192219679633868,-0.5055970149253731,0.0,3.0,-0.42857142857142855,0.0,0.0,0.0,0,1,1,1,1.0,0.0,0.0,0.0,0.0,5.0,37.86,1.0,0.0,0.0,0.0,0.0,5.0,37.86,1.0,0.0,0.0,0.0,0.0,5.0,37.86,0,0,0,0,CT015221,1,280387.24,280387.24,Annual,False,268.0,97.0,0,0,1
C03663,2024-10-28,0,Financial Services,Europe,Enterprise,14059,Inbound,147,0.4024640657084189,70.27,70.71,-0.0386,1.1958,Stable,-3.680000000000007,-2.730000000000004,-5.38000000000001,-0.04976335361730908,-0.03739726027397266,-0.07111698612029094,2396,14314,6,290469,3,7984,0,4171,0,2159,-126.0,-131.0,-292.0,-1279.0,-1003.0,-2283.0,-44119.0,19999.0,-53746.0,0.0,-1.0,0.0,0.0,0.0,0.0,-0.0499603489294211,-0.0518401266323704,-0.10863095238095238,-0.08202398512152889,-0.06548279689234185,-0.13755497981562934,-0.13186067641397778,0.07394165711539173,-0.1561407841029589,0.0,-0.14285714285714285,0.0,0.0,0.0,0.0,0,0,0,3,3.0,0.0,1.0,0.0,1.0,4.0,55.74666666666667,4.0,0.0,1.0,1.0,1.0,4.0,43.1925,4.0,0.0,1.0,1.0,1.0,4.0,43.1925,0,0,0,0,CT003663,1,18102889.49,36205778.98,Two-year,True,147.0,583.0,0,0,0
C12709,2024-12-09,0,Manufacturing,Middle East,SMB,123,Inbound,259,0.7091033538672142,97.41,100.0,-0.0299,1.1414,Stable,-2.5600000000000023,-2.5900000000000034,-2.3200000000000074,-0.02560768230469143,-0.025900000000000034,-0.023262809585881953,43,315,7,5121,3,163,106,0,46,0,2.0,4.0,3.0,26.0,56.0,48.0,142.0,178.0,637.0,2.0,1.0,0.0,0.0,0.0,0.0,0.04878048780487805,0.10256410256410256,0.075,0.08996539792387544,0.21621621621621623,0.1797752808988764,0.02851978308897369,0.036010519927169735,0.1420606601248885,0.4,0.16666666666666666,0.0,0.0,0.0,0.0,0,0,0,3,0.0,0.0,0.0,0.0,0.0,,,0.0,0.0,0.0,0.0,0.0,,,0.0,0.0,0.0,0.0,0.0,,,0,0,0,0,CT012709,1,432575.05,432575.05,Annual,True,259.0,106.0,0,0,1
C02112,2025-09-01,0,Telecommunications,Europe,SMB,183,Referral,571,1.5633127994524298,80.45,79.96,-0.0246,0.4985,Stable,0.6000000000000085,1.269999999999996,2.1099999999999994,0.0075140889167189555,0.01603940388987113,0.026933877967832517,52,274,7,5403,2,180,94,0,0,0,1.0,1.0,-2.0,32.0,-27.0,-33.0,1328.0,-469.0,-695.0,2.0,0.0,1.0,0.0,0.0,0.0,0.0196078431372549,0.0196078431372549,-0.037037037037037035,0.1322314049586777,-0.08970099667774087,-0.10749185667752444,0.32588957055214723,-0.07987057220708448,-0.11397179403082978,0.4,0.0,0.16666666666666666,0.0,0.0,0.0,0,0,0,2,0.0,0.0,0.0,0.0,0.0,,,0.0,0.0,0.0,0.0,0.0,,,0.0,0.0,0.0,0.0,0.0,,,0,0,0,0,CT002112,1,701079.38,1402158.76,Two-year,True,571.0,159.0,0,0,1
C01584,2024-11-11,0,Financial Services,APAC,SMB,30,Partner,227,0.621492128678987,72.99,67.97,0.005,1.1042,Stable,4.170000000000002,4.599999999999994,3.1599999999999966,0.06059285091543159,0.06726129551103954,0.045252756694830254,4,20,6,412,2,16,0,0,0,4,0.0,0.0,0.0,7.0,-12.0,3.0,188.0,-193.0,81.0,3.0,-1.0,-1.0,1.0,0.0,0.0,0.0,0.0,0.0,0.5384615384615384,-0.375,0.17647058823529413,0.8392857142857143,-0.31900826446280994,0.24471299093655588,1.0,-0.14285714285714285,-0.14285714285714285,1.0,0.0,0.0,0,0,0,2,0.0,0.0,0.0,0.0,0.0,,,0.0,0.0,0.0,0.0,0.0,,,0.0,0.0,0.0,0.0,0.0,,,0,0,0,0,CT001584,1,272318.15,272318.15,Annual,True,227.0,138.0,0,0,1
C13782,2025-08-11,0,Retail,APAC,Enterprise,3911,Enterprise Sales,82,0.2245037645448323,24.13,67.06,-0.3128,1.0383,Declining,0.21999999999999886,1.1899999999999977,2.5500000000000007,0.009201171058134625,0.05187445510026145,0.11816496756255797,252,1728,6,30619,5,699,305,327,242,155,-17.0,-15.0,252.0,-246.0,-214.0,1728.0,-8013.0,-5706.0,30619.0,-1.0,-1.0,6.0,0.0,0.0,5.0,-0.06319702602230483,-0.056179775280898875,,-0.12462006079027356,-0.1101956745623069,,-0.20741872023193209,-0.15708189951823812,,-0.14285714285714285,-0.14285714285714285,,0.0,0.0,,1,0,0,5,8.0,0.0,0.0,0.0,4.0,3.8055555555555554,37.31666666666667,10.0,0.0,0.0,1.0,4.0,3.729166666666666,38.01375,11.0,0.0,0.0,1.0,4.0,3.7833333333333328,45.805,1,0,0,0,CT013782,1,23071714.41,69215143.23,Three-year,True,82.0,1013.0,0,0,0
C19438,2025-06-30,1,Education,North America,Mid-Market,1697,Direct Sales,21,0.057494866529774126,34.61,70.94,-0.2266,0.7933,Declining,-0.29999999999999716,-2.049999999999997,-0.8900000000000006,-0.008593526210254861,-0.055919258046917546,-0.025070422535211283,80,206,2,4036,1,206,0,0,0,0,80.0,80.0,80.0,206.0,206.0,206.0,4036.0,4036.0,4036.0,2.0,2.0,2.0,1.0,1.0,1.0,,,,,,,,,,,,,,,,0,0,0,1,2.0,0.0,0.0,0.0,0.0,4.0,25.46,2.0,0.0,0.0,0.0,0.0,4.0,25.46,2.0,0.0,0.0,0.0,0.0,4.0,25.46,0,0,0,0,CT019438,1,6310531.58,12621063.16,Two-year,True,21.0,709.0,0,0,0
C05607,2024-05-27,0,Education,Europe,SMB,70,Partner,131,0.3586584531143053,66.61,72.84,-0.0712,0.7739,Stable,-2.0900000000000034,-2.510000000000005,-2.3299999999999983,-0.030422125181950557,-0.03631365740740748,-0.03379750507687842,8,31,3,557,3,12,15,0,4,0,-1.0,-1.0,-1.0,-7.0,-23.0,-12.0,-129.0,-423.0,-218.0,-3.0,-4.0,-2.0,0.0,0.0,0.0,-0.1111111111111111,-0.1111111111111111,-0.1111111111111111,-0.18421052631578946,-0.42592592592592593,-0.27906976744186046,-0.1880466472303207,-0.4316326530612245,-0.2812903225806452,-0.5,-0.5714285714285714,-0.4,0.0,0.0,0.0,1,0,0,3,1.0,0.0,0.0,0.0,0.0,5.0,38.03,3.0,0.0,1.0,0.0,0.0,4.333333333333333,93.96999999999998,4.0,0.0,1.0,0.0,0.0,4.5,76.775,0,0,0,1,CT005607,1,433766.81,867533.62,Two-year,True,131.0,599.0,0,0,0
C04443,2025-07-21,0,Logistics,Middle East,Enterprise,2001,Inbound,36,0.09856262833675565,38.76,74.63,-0.2473,0.4556,Declining,-0.25,-0.8599999999999994,-1.7700000000000031,-0.006408613176108691,-0.021706208985360916,-0.04367135455218364,109,796,7,16196,5,286,153,138,124,95,-4.0,109.0,109.0,19.0,796.0,796.0,919.0,16196.0,16196.0,1.0,7.0,7.0,0.0,5.0,5.0,-0.035398230088495575,,,0.02445302445302445,,,0.06015578974929633,,,0.16666666666666666,,,0.0,,,0,0,0,5,2.0,0.0,0.0,0.0,1.0,4.0,44.129999999999995,2.0,0.0,0.0,0.0,1.0,4.0,44.129999999999995,2.0,0.0,0.0,0.0,1.0,4.0,44.129999999999995,0,0,0,0,CT004443,1,12542234.76,25084469.52,Two-year,True,36.0,694.0,0,0,0
C03979,2025-02-03,0,Education,North America,SMB,224,Referral,221,0.6050650239561944,100.0,82.44,0.2551,0.87,Improving,0.0,0.01999999999999602,3.980000000000004,0.0,0.0002000400080015605,0.04144969797958763,95,558,6,11973,2,356,202,0,0,0,5.0,10.0,10.0,34.0,51.0,96.0,2197.0,3291.0,2982.0,-1.0,-1.0,-1.0,0.0,0.0,0.0,0.05555555555555555,0.11764705882352941,0.11764705882352941,0.0648854961832061,0.10059171597633136,0.2077922077922078,0.2247340425531915,0.3790601243953006,0.331664998331665,-0.14285714285714285,-0.14285714285714285,-0.14285714285714285,0.0,0.0,0.0,0,0,0,2,0.0,0.0,0.0,0.0,0.0,,,0.0,0.0,0.0,0.0,0.0,,,0.0,0.0,0.0,0.0,0.0,,,0,0,0,0,CT003979,1,699947.47,699947.47,Annual,False,221.0,144.0,0,0,1
C00797,2025-01-27,0,Education,North America,SMB,247,Direct Sales,385,1.054072553045859,75.53,84.96,0.0085,0.9052,Stable,-1.0300000000000011,-1.8299999999999983,-1.539999999999992,-0.013453500522466055,-0.023655635987590466,-0.019981834695731053,39,203,7,3614,2,138,65,0,0,0,1.0,0.0,0.0,37.0,13.0,1.0,546.0,-661.0,-114.0,0.0,1.0,1.0,0.0,0.0,0.0,0.02631578947368421,0.0,0.0,0.22289156626506024,0.06842105263157895,0.0049504950495049506,0.17796610169491525,-0.15461988304093569,-0.0305793991416309,0.0,0.16666666666666666,0.16666666666666666,0.0,0.0,0.0,0,0,0,2,0.0,0.0,0.0,0.0,0.0,,,0.0,0.0,0.0,0.0,0.0,,,1.0,0.0,0.0,0.0,1.0,4.0,31.61,0,0,0,0,CT000797,1,970267.55,1940535.1,Two-year,True,385.0,345.0,0,0,0
C01024,2025-01-27,0,Logistics,Europe,SMB,36,Enterprise Sales,109,0.29842573579739906,78.97,81.16,0.0019,0.5399,Stable,-0.6400000000000006,-1.3100000000000023,-0.7000000000000028,-0.008039191056399957,-0.016317887394120607,-0.008786243253420395,12,58,7,1201,2,41,0,17,0,0,0.0,0.0,0.0,7.0,-6.0,-12.0,87.0,-171.0,-3.0,2.0,0.0,2.0,0.0,0.0,0.0,0.0,0.0,0.0,0.13725490196078433,-0.09375,-0.17142857142857143,0.07809694793536805,-0.12463556851311954,-0.0024916943521594683,0.4,0.0,0.4,0.0,0.0,0.0,0,0,0,2,1.0,0.0,0.0,0.0,0.0,4.0,25.31,1.0,0.0,0.0,0.0,0.0,4.0,25.31,1.0,0.0,0.0,0.0,0.0,4.0,25.31,0,0,0,0,CT001024,1,1139971.31,1139971.31,Annual,True,109.0,256.0,0,0,0
C03303,2024-10-21,0,Retail,North America,SMB,31,Inbound,132,0.3613963039014374,94.63,84.39,0.0419,0.8684,Stable,0.8599999999999994,0.5499999999999972,-0.9100000000000108,0.009171376772955098,0.00584608843537412,-0.009524806363826781,9,49,6,864,2,41,0,0,8,0,0.0,0.0,0.0,-17.0,12.0,-15.0,-468.0,181.0,-267.0,1.0,2.0,0.0,0.0,0.0,0.0,0.0,0.0,0.0,-0.25757575757575757,0.32432432432432434,-0.234375,-0.35135135135135137,0.26500732064421667,-0.23607427055702918,0.2,0.5,0.0,0.0,0.0,0.0,1,0,0,2,0.0,0.0,0.0,0.0,0.0,,,0.0,0.0,0.0,0.0,0.0,,,1.0,0.0,0.0,0.0,0.0,4.0,46.09,0,0,0,0,CT003303,1,594125.05,594125.05,Annual,True,132.0,233.0,0,0,0
C12749,2025-10-06,0,Retail,Europe,SMB,154,Direct Sales,578,1.5824777549623545,67.95,71.49,-0.0142,0.7573,Stable,-0.75,-2.4299999999999926,-4.390000000000001,-0.010917030567685589,-0.03452685421994875,-0.06068565109206525,46,332,6,5839,4,133,54,69,76,0,2.0,-3.0,-6.0,-21.0,-37.0,-37.0,-590.0,-1027.0,-1617.0,-1.0,0.0,-1.0,0.0,0.0,0.0,0.045454545454545456,-0.061224489795918366,-0.11538461538461539,-0.059490084985835696,-0.1002710027100271,-0.1002710027100271,-0.0917716596671333,-0.1495776288960093,-0.21687231759656653,-0.14285714285714285,0.0,-0.14285714285714285,0.0,0.0,0.0,0,0,0,4,0.0,0.0,0.0,0.0,0.0,,,2.0,1.0,0.0,0.0,1.0,4.0,23.369999999999997,2.0,1.0,0.0,0.0,1.0,4.0,23.369999999999997,0,0,0,0,CT012749,1,1315380.41,2630760.82,Two-year,True,578.0,152.0,0,0,1
C17436,2024-12-16,0,Telecommunications,Latin America,Mid-Market,737,Inbound,170,0.4654346338124572,85.29,77.14,0.0003,0.9734,Stable,-1.769999999999996,-0.7199999999999989,-0.7399999999999949,-0.020330806340454814,-0.008371119637251468,-0.008601650587004473,295,1949,7,36345,3,1014,505,0,430,0,10.0,12.0,4.0,95.0,150.0,-25.0,3557.0,8711.0,1011.0,1.0,2.0,1.0,0.0,0.0,0.0,0.03508771929824561,0.04240282685512368,0.013745704467353952,0.05124056094929881,0.08337965536409116,-0.012664640324214792,0.10848481151640844,0.3152276181515524,0.028612667685515368,0.16666666666666666,0.4,0.16666666666666666,0.0,0.0,0.0,0,0,0,3,0.0,0.0,0.0,0.0,0.0,,,0.0,0.0,0.0,0.0,0.0,,,0.0,0.0,0.0,0.0,0.0,,,0,0,0,0,CT017436,1,7300642.1,7300642.1,Annual,True,170.0,195.0,0,0,0
C12319,2024-12-23,0,Government,Latin America,SMB,104,Inbound,10,0.02737850787132101,66.61,65.41,0.0661,0.574,Stable,0.7900000000000063,-0.3100000000000023,-0.6899999999999977,0.012002430872075453,-0.004632396891811151,-0.010252600297176787,26,104,7,1745,2,79,0,0,25,0,26.0,26.0,26.0,104.0,104.0,104.0,1745.0,1745.0,1745.0,7.0,7.0,7.0,2.0,2.0,2.0,,,,,,,,,,,,,,,,0,0,0,2,0.0,0.0,0.0,0.0,0.0,,,0.0,0.0,0.0,0.0,0.0,,,0.0,0.0,0.0,0.0,0.0,,,0,0,0,0,CT012319,1,1500000.0,1500000.0,Annual,True,10.0,355.0,0,0,0
C01789,2025-04-28,0,Professional Services,North America,Enterprise,2001,Direct Sales,291,0.7967145790554415,54.56,78.02,-0.2105,0.6465,Declining,-1.3499999999999943,-3.1400000000000006,-3.6599999999999966,-0.02414594884636012,-0.05441941074523397,-0.06286499484713151,245,1579,6,32169,3,794,379,406,0,0,4.0,-1.0,-5.0,49.0,24.0,-68.0,2423.0,2635.0,-4488.0,-1.0,-1.0,0.0,0.0,0.0,0.0,0.016597510373443983,-0.0040650406504065045,-0.02,0.03202614379084967,0.015434083601286173,-0.041287188828172436,0.08145633026289249,0.08921920498408614,-0.1224322776004583,-0.14285714285714285,-0.14285714285714285,0.0,0.0,0.0,0.0,0,0,0,3,0.0,0.0,0.0,0.0,0.0,,,0.0,0.0,0.0,0.0,0.0,,,1.0,0.0,1.0,0.0,0.0,4.0,11.52,0,0,0,0,CT001789,1,24236190.63,72708571.89,Three-year,True,291.0,804.0,0,0,0
C15262,2025-04-28,0,Telecommunications,Latin America,Enterprise,7276,Enterprise Sales,67,0.1834360027378508,54.02,69.34,-0.1864,0.6524,Declining,-2.059999999999995,-2.6799999999999997,-3.059999999999995,-0.03673323823109834,-0.04726631393298059,-0.053608969866853456,893,6228,7,116777,4,2736,1392,1313,0,787,-71.0,-101.0,893.0,-656.0,-788.0,6228.0,-18232.0,-48282.0,116777.0,1.0,0.0,7.0,0.0,0.0,4.0,-0.07365145228215768,-0.10160965794768612,,-0.09529343404997094,-0.11231470923603193,,-0.13504284899525218,-0.29251358605104844,,0.16666666666666666,0.0,,0.0,0.0,,0,0,0,4,1.0,0.0,0.0,0.0,0.0,4.0,60.39,4.0,0.0,0.0,0.0,1.0,3.75,47.082499999999996,4.0,0.0,0.0,0.0,1.0,3.75,47.082499999999996,0,0,0,0,CT015262,1,17574152.29,35148304.58,Two-year,True,67.0,663.0,0,0,0
C16242,2025-03-10,0,Healthcare,Latin America,Enterprise,3761,Enterprise Sales,44,0.12046543463381246,79.27,78.76,-0.0733,0.6356,Stable,0.0,1.2999999999999972,1.1099999999999994,0.0,0.01667307938950875,0.014201637666325479,902,7421,7,132478,4,3101,1583,1550,1187,0,-1.0,902.0,902.0,-69.0,7421.0,7421.0,-14513.0,132478.0,132478.0,0.0,7.0,7.0,0.0,4.0,4.0,-0.0011074197120708748,,,-0.009212283044058744,,,-0.09873393609132532,,,0.0,,,0.0,,,0,0,0,4,1.0,0.0,0.0,0.0,0.0,4.0,102.14,1.0,0.0,0.0,0.0,0.0,4.0,102.14,1.0,0.0,0.0,0.0,0.0,4.0,102.14,0,0,0,1,CT016242,1,19094175.77,57282527.31,Three-year,True,44.0,1051.0,0,0,0
C07103,2025-03-31,0,Manufacturing,APAC,Mid-Market,652,Inbound,317,0.8678986995208761,73.84,80.7,-0.2222,0.9365,Declining,0.0799999999999983,0.6500000000000057,-0.10999999999999943,0.0010845986984815387,0.008880994671403275,-0.0014874915483434675,116,750,7,12495,3,419,0,195,136,0,-1.0,3.0,2.0,-24.0,69.0,-8.0,-654.0,-4.0,-647.0,1.0,1.0,0.0,0.0,0.0,0.0,-0.008547008547008548,0.02654867256637168,0.017543859649122806,-0.031007751937984496,0.1013215859030837,-0.010554089709762533,-0.04973762263289984,-0.00032002560204816386,-0.0492314716177142,0.16666666666666666,0.16666666666666666,0.0,0.0,0.0,0.0,0,0,0,3,0.0,0.0,0.0,0.0,0.0,,,2.0,0.0,0.0,0.0,0.0,5.0,37.535,2.0,0.0,0.0,0.0,0.0,5.0,37.53499999999999,0,0,0,0,CT007103,1,2421314.04,2421314.04,Annual,True,317.0,48.0,0,1,1
C09953,2025-04-14,1,Logistics,North America,Mid-Market,946,Inbound,346,0.947296372347707,42.48,82.95,-0.3034,0.6826,Declining,-0.5700000000000003,0.9499999999999957,-1.9000000000000057,-0.013240418118466907,0.02287503009872371,-0.0428120775123931,85,460,6,9820,3,215,127,118,0,0,-4.0,-2.0,-12.0,-51.0,-90.0,-136.0,178.0,-1563.0,-303.0,-1.0,0.0,0.0,0.0,0.0,0.0,-0.0449438202247191,-0.022988505747126436,-0.12371134020618557,-0.09980430528375733,-0.16363636363636364,-0.22818791946308725,0.01846090022816843,-0.13731002371958184,-0.029931838387829694,-0.14285714285714285,0.0,0.0,0.0,0.0,0.0,0,0,0,3,2.0,0.0,0.0,0.0,0.0,4.0,20.61,2.0,0.0,0.0,0.0,0.0,4.0,20.609999999999992,2.0,0.0,0.0,0.0,0.0,4.0,20.61,0,0,0,0,CT009953,1,5236564.49,5236564.49,Annual,True,346.0,19.0,1,1,1
C01460,2024-10-28,0,Manufacturing,Europe,SMB,139,Direct Sales,136,0.3723477070499658,76.76,78.57,-0.0458,0.6824,Stable,0.9200000000000017,-0.47999999999998977,-1.3499999999999943,0.012130801687763735,-0.006214396685654969,-0.017283318397132177,21,152,7,3110,3,68,41,43,0,0,-1.0,-2.0,-3.0,-5.0,-21.0,-2.0,291.0,-411.0,-62.0,0.0,1.0,1.0,0.0,0.0,0.0,-0.045454545454545456,-0.08695652173913043,-0.125,-0.03184713375796178,-0.12138728323699421,-0.012987012987012988,0.10322809506917346,-0.11672820221527976,-0.019546027742749054,0.0,0.16666666666666666,0.16666666666666666,0.0,0.0,0.0,0,0,0,3,0.0,0.0,0.0,0.0,0.0,,,0.0,0.0,0.0,0.0,0.0,,,0.0,0.0,0.0,0.0,0.0,,,0,0,0,0,CT001460,1,200000.0,200000.0,Annual,True,136.0,229.0,0,0,0
C15910,2025-07-28,0,Professional Services,Europe,SMB,118,Referral,61,0.16700889801505817,42.02,87.27,-0.3324,0.7166,Declining,0.3300000000000054,-0.5700000000000003,-0.9899999999999949,0.00791556728232203,-0.013383423338811934,-0.023017902813299115,7,19,1,304,1,19,0,0,0,0,0.0,7.0,7.0,3.0,19.0,19.0,63.0,304.0,304.0,-3.0,1.0,1.0,0.0,1.0,1.0,0.0,,,0.1875,,,0.26141078838174275,,,-0.75,,,0.0,,,0,0,0,1,3.0,1.0,0.0,0.0,1.0,4.333333333333333,36.71666666666667,5.0,1.0,0.0,0.0,1.0,4.2,36.646,5.0,1.0,0.0,0.0,1.0,4.2,36.646,0,0,0,0,CT015910,1,601166.25,601166.25,Annual,True,61.0,304.0,0,0,0
C03827,2025-05-26,0,Telecommunications,APAC,SMB,64,Referral,69,0.188911704312115,91.1,83.54,0.0197,1.1574,Stable,-3.8200000000000074,-4.540000000000006,-5.550000000000011,-0.040244416350611115,-0.04746967795901303,-0.057423693740300166,16,94,6,1805,2,68,26,0,0,0,1.0,1.0,16.0,17.0,10.0,94.0,167.0,177.0,1805.0,0.0,0.0,6.0,0.0,0.0,2.0,0.06666666666666667,0.06666666666666667,,0.22077922077922077,0.11904761904761904,,0.10195360195360195,0.10872235872235872,,0.0,0.0,,0.0,0.0,,0,0,0,2,0.0,0.0,0.0,0.0,0.0,,,0.0,0.0,0.0,0.0,0.0,,,0.0,0.0,0.0,0.0,0.0,,,0,0,0,0,CT003827,1,250022.66,500045.32,Two-year,True,69.0,661.0,0,0,0
C03898,2025-03-10,0,Logistics,Europe,SMB,25,Direct Sales,298,0.8158795345653662,99.71,92.91,0.2501,0.4952,Improving,-0.29000000000000625,-0.29000000000000625,-0.29000000000000625,-0.0029000000000000627,-0.0029000000000000627,-0.0029000000000000627,11,77,6,1647,3,49,0,14,0,14,0.0,0.0,1.0,-16.0,-14.0,29.0,27.0,-293.0,595.0,0.0,-1.0,1.0,0.0,0.0,0.0,0.0,0.0,0.1,-0.17204301075268819,-0.15384615384615385,0.6041666666666666,0.016666666666666666,-0.15103092783505154,0.5655893536121673,0.0,-0.14285714285714285,0.2,0.0,0.0,0.0,0,0,0,3,0.0,0.0,0.0,0.0,0.0,,,0.0,0.0,0.0,0.0,0.0,,,0.0,0.0,0.0,0.0,0.0,,,0,0,0,0,CT003898,1,546877.51,1093755.02,Two-year,True,298.0,432.0,0,0,0
C01812,2024-10-14,0,Education,Europe,SMB,43,Partner,158,0.432580424366872,53.99,55.26,-0.0566,1.0909,Stable,0.05000000000000426,-0.259999999999998,0.5300000000000011,0.0009269558769003386,-0.004792626728110563,0.009913954358398824,5,22,5,338,2,17,5,0,0,0,0.0,0.0,1.0,-3.0,5.0,5.0,-81.0,-48.0,-8.0,-1.0,-1.0,-1.0,0.0,0.0,0.0,0.0,0.0,0.25,-0.12,0.29411764705882354,0.29411764705882354,-0.19331742243436753,-0.12435233160621761,-0.023121387283236993,-0.16666666666666666,-0.16666666666666666,-0.16666666666666666,0.0,0.0,0.0,1,0,0,2,1.0,0.0,0.0,0.0,0.0,4.0,23.03,2.0,0.0,0.0,0.0,0.0,3.5,22.595,3.0,0.0,0.0,0.0,0.0,3.6666666666666665,24.3,0,0,0,0,CT001812,1,661933.86,661933.86,Annual,True,158.0,207.0,0,0,0
C17436,2025-06-23,0,Telecommunications,Latin America,Mid-Market,737,Inbound,359,0.9828884325804244,77.95,77.14,0.0003,0.9734,Stable,0.5700000000000074,-2.1799999999999926,-2.480000000000004,0.007366244507624805,-0.02720579059029069,-0.030834265821211036,226,1475,7,25945,3,784,382,0,309,0,-12.0,-36.0,-40.0,-73.0,-217.0,-259.0,-1812.0,-6519.0,-5023.0,1.0,0.0,0.0,0.0,0.0,0.0,-0.05042016806722689,-0.13740458015267176,-0.15037593984962405,-0.047157622739018086,-0.12825059101654845,-0.14936562860438293,-0.06528083006088554,-0.2008070478068014,-0.1621996900025833,0.16666666666666666,0.0,0.0,0.0,0.0,0.0,0,0,0,3,1.0,0.0,0.0,0.0,0.0,4.0,11.21,1.0,0.0,0.0,0.0,0.0,4.0,11.21,3.0,0.0,0.0,0.0,0.0,4.333333333333333,25.060000000000002,0,0,0,0,CT017436,1,7300642.1,7300642.1,Annual,True,359.0,6.0,1,1,1
C16143,2025-02-17,0,Government,North America,SMB,130,Inbound,157,0.42984257357973993,100.0,73.52,0.3369,0.7579,Improving,0.0,1.8900000000000006,1.1599999999999966,0.0,0.019264091326062587,0.011736139214892721,33,209,5,4655,2,132,77,0,0,0,1.0,4.0,2.0,12.0,50.0,49.0,993.0,1791.0,1599.0,-2.0,-2.0,-2.0,0.0,0.0,0.0,0.03125,0.13793103448275862,0.06451612903225806,0.06091370558375635,0.31446540880503143,0.30625,0.2711632987438558,0.6253491620111732,0.5232329842931938,-0.2857142857142857,-0.2857142857142857,-0.2857142857142857,0.0,0.0,0.0,0,0,0,2,0.0,0.0,0.0,0.0,0.0,,,1.0,0.0,0.0,0.0,0.0,4.0,57.62,1.0,0.0,0.0,0.0,0.0,4.0,57.62,0,0,0,1,CT016143,1,429735.08,429735.08,Annual,True,157.0,208.0,0,0,0
C17898,2025-06-23,0,Professional Services,North America,SMB,99,Enterprise Sales,280,0.7665982203969883,70.15,79.31,-0.0612,0.7112,Stable,0.8200000000000074,-1.039999999999992,-2.9199999999999875,0.011827491706332143,-0.014608793369855206,-0.03996168058026533,14,40,3,718,1,40,0,0,0,0,0.0,-1.0,-1.0,-13.0,-20.0,-13.0,-321.0,-264.0,-550.0,-1.0,-1.0,-3.0,0.0,0.0,0.0,0.0,-0.06666666666666667,-0.06666666666666667,-0.24528301886792453,-0.3333333333333333,-0.24528301886792453,-0.3089509143407122,-0.26883910386965376,-0.43375394321766564,-0.25,-0.25,-0.5,0.0,0.0,0.0,1,1,0,1,1.0,0.0,0.0,0.0,0.0,3.0,59.04,3.0,0.0,0.0,0.0,0.0,4.0,55.353333333333346,5.0,0.0,0.0,0.0,0.0,4.0,64.59400000000001,0,0,0,1,CT017898,1,970114.88,970114.88,Annual,True,280.0,85.0,0,1,1
C08732,2024-11-04,0,Education,North America,SMB,35,Enterprise Sales,53,0.14510609171800137,59.0,74.77,-0.2227,1.0559,Declining,-3.3699999999999974,-7.310000000000002,-5.560000000000002,-0.05403238736572066,-0.11023978283818432,-0.0861214374225527,9,31,7,596,3,20,0,10,0,1,0.0,9.0,9.0,-46.0,31.0,31.0,-1109.0,596.0,596.0,1.0,7.0,7.0,0.0,3.0,3.0,0.0,,,-0.5974025974025974,,,-0.6504398826979472,,,0.16666666666666666,,,0.0,,,1,0,0,3,0.0,0.0,0.0,0.0,0.0,,,0.0,0.0,0.0,0.0,0.0,,,0.0,0.0,0.0,0.0,0.0,,,0,0,0,0,CT008732,1,1500000.0,1500000.0,Annual,True,53.0,312.0,0,0,0
C06892,2024-09-02,0,Financial Services,Middle East,SMB,139,Direct Sales,1,0.0027378507871321013,60.08,71.26,-0.2107,0.8865,Declining,1.5599999999999952,1.009999999999998,-1.4600000000000009,0.026657552973342363,0.017098357880480752,-0.023724406889827767,0,0,0,0,0,0,0,0,0,0,0.0,0.0,0.0,0.0,0.0,0.0,0.0,0.0,0.0,0.0,0.0,0.0,0.0,0.0,0.0,,,,,,,,,,,,,,,,0,0,0,1,0.0,0.0,0.0,0.0,0.0,,,0.0,0.0,0.0,0.0,0.0,,,0.0,0.0,0.0,0.0,0.0,,,0,0,0,0,CT006892,1,1500000.0,1500000.0,Annual,False,1.0,364.0,0,0,0
C02297,2025-02-03,0,Manufacturing,North America,Mid-Market,1804,Referral,111,0.30390143737166325,92.75,100.0,0.0074,1.0195,Stable,-2.280000000000001,-7.25,-5.420000000000002,-0.023992423445227836,-0.0725,-0.055210349393908544,677,3428,6,58885,2,2504,0,0,924,0,7.0,37.0,44.0,-43.0,125.0,261.0,3228.0,-2565.0,-3035.0,1.0,0.0,0.0,0.0,0.0,0.0,0.010447761194029851,0.0578125,0.06951026856240126,-0.012388360702967444,0.037844383893430214,0.08241237764445848,0.057998095477657795,-0.04174125305126119,-0.04901485788113695,0.2,0.0,0.0,0.0,0.0,0.0,0,0,0,2,1.0,0.0,0.0,0.0,0.0,4.0,84.64,2.0,0.0,0.0,0.0,1.0,4.0,49.565,2.0,0.0,0.0,0.0,1.0,4.0,49.565,0,0,0,1,CT002297,1,5536216.99,5536216.99,Annual,True,111.0,254.0,0,0,0
C01584,2025-01-06,0,Financial Services,APAC,SMB,30,Partner,283,0.7748117727583846,74.09,67.97,0.005,1.1042,Stable,3.0400000000000063,1.1000000000000085,5.27000000000001,0.04278676988036603,0.015070557610631712,0.07657657657657674,4,26,5,545,2,14,0,0,0,12,0.0,0.0,0.0,0.0,6.0,13.0,86.0,133.0,321.0,-1.0,-1.0,2.0,0.0,0.0,1.0,0.0,0.0,0.0,0.0,0.3,1.0,0.18736383442265794,0.32281553398058255,1.4330357142857142,-0.16666666666666666,-0.16666666666666666,0.6666666666666666,0.0,0.0,1.0,0,0,0,2,1.0,0.0,0.0,0.0,1.0,4.0,9.22,1.0,0.0,0.0,0.0,1.0,4.0,9.22,1.0,0.0,0.0,0.0,1.0,4.0,9.22,0,0,0,0,CT001584,1,272318.15,272318.15,Annual,True,283.0,82.0,0,1,1
C00626,2025-01-20,0,Logistics,North America,SMB,18,Referral,372,1.0184804928131417,82.0,69.67,0.0079,0.8512,Stable,2.469999999999999,2.4000000000000057,1.6700000000000017,0.031057462592732288,0.030150753768844296,0.020789244366986204,5,18,3,377,2,14,0,0,0,4,0.0,0.0,0.0,0.0,-5.0,-11.0,49.0,-168.0,-261.0,-4.0,-4.0,-3.0,0.0,0.0,0.0,0.0,0.0,0.0,0.0,-0.21739130434782608,-0.3793103448275862,0.14939024390243902,-0.30825688073394497,-0.4090909090909091,-0.5714285714285714,-0.5714285714285714,-0.5,0.0,0.0,0.0,0,1,0,2,0.0,0.0,0.0,0.0,0.0,,,0.0,0.0,0.0,0.0,0.0,,,0.0,0.0,0.0,0.0,0.0,,,0,0,0,0,CT000626,1,1500000.0,3000000.0,Two-year,False,372.0,358.0,0,0,0
C12424,2024-07-15,0,Education,Europe,SMB,169,Direct Sales,131,0.3586584531143053,74.66,68.35,0.022,0.436,Stable,1.1799999999999926,0.22999999999998977,0.8499999999999943,0.016058791507893203,0.0030901518205023477,0.011516054735130664,20,122,7,2422,3,62,38,0,22,0,0.0,1.0,0.0,-15.0,-32.0,-15.0,288.0,-263.0,-111.0,0.0,1.0,0.0,0.0,0.0,0.0,0.0,0.05263157894736842,0.0,-0.10948905109489052,-0.2077922077922078,-0.10948905109489052,0.13495782567947517,-0.09795158286778398,-0.043821555467824715,0.0,0.16666666666666666,0.0,0.0,0.0,0.0,0,0,0,3,0.0,0.0,0.0,0.0,0.0,,,0.0,0.0,0.0,0.0,0.0,,,0.0,0.0,0.0,0.0,0.0,,,0,0,0,0,CT012424,1,363212.27,363212.27,Annual,True,131.0,234.0,0,0,0
C19511,2025-08-25,0,Retail,Europe,SMB,66,Referral,342,0.9363449691991786,96.79,78.18,0.4157,1.0032,Improving,-2.9299999999999926,-0.14999999999999147,0.4200000000000017,-0.029382270356999526,-0.0015473488755930625,0.004358202760195099,17,106,7,2200,3,63,0,0,28,15,0.0,0.0,1.0,-12.0,9.0,7.0,175.0,476.0,367.0,1.0,1.0,2.0,0.0,0.0,0.0,0.0,0.0,0.0625,-0.1016949152542373,0.09278350515463918,0.0707070707070707,0.08641975308641975,0.27610208816705334,0.20021822149481724,0.16666666666666666,0.16666666666666666,0.4,0.0,0.0,0.0,0,0,0,3,0.0,0.0,0.0,0.0,0.0,,,2.0,0.0,0.0,0.0,0.0,4.5,51.665,2.0,0.0,0.0,0.0,0.0,4.5,51.665,0,0,0,1,CT019511,1,200000.0,400000.0,Two-year,True,342.0,388.0,0,0,0
C02392,2024-11-04,0,Retail,Middle East,Mid-Market,1012,Inbound,150,0.4106776180698152,85.08,82.06,0.0218,0.7678,Stable,-1.8400000000000034,-0.2600000000000051,-0.21000000000000796,-0.0211688909341924,-0.0030466369814858814,-0.002462187829757392,331,2322,7,45453,3,1131,610,581,0,0,14.0,20.0,20.0,75.0,9.0,142.0,-3039.0,428.0,-1101.0,1.0,2.0,1.0,0.0,0.0,0.0,0.04416403785488959,0.06430868167202572,0.06430868167202572,0.03337783711615487,0.0038910505836575876,0.06513761467889909,-0.06267013115565453,0.009505830094392004,-0.023649954891094213,0.16666666666666666,0.4,0.16666666666666666,0.0,0.0,0.0,0,0,0,3,0.0,0.0,0.0,0.0,0.0,,,0.0,0.0,0.0,0.0,0.0,,,0.0,0.0,0.0,0.0,0.0,,,0,0,0,0,CT002392,1,4185835.34,8371670.68,Two-year,True,150.0,580.0,0,0,0
C04575,2024-10-14,0,Government,North America,Mid-Market,601,Direct Sales,258,0.7063655030800822,92.01,85.44,-0.0218,0.8416,Stable,-0.6099999999999994,-0.44999999999998863,1.8800000000000097,-0.006586050529043396,-0.004866969500324342,0.020858759569510815,264,2050,5,40394,4,953,472,0,345,280,-19.0,-1.0,0.0,-171.0,-53.0,-17.0,-5399.0,3271.0,3534.0,-1.0,-2.0,-2.0,0.0,0.0,0.0,-0.06713780918727916,-0.0037735849056603774,0.0,-0.0769923457901846,-0.025202092249167855,-0.00822447992259313,-0.11790011573821327,0.08811249090860114,0.09587628865979382,-0.16666666666666666,-0.2857142857142857,-0.2857142857142857,0.0,0.0,0.0,0,0,0,4,0.0,0.0,0.0,0.0,0.0,,,0.0,0.0,0.0,0.0,0.0,,,1.0,0.0,0.0,0.0,0.0,5.0,36.38,0,0,0,0,CT004575,1,5281472.78,5281472.78,Annual,True,258.0,107.0,0,0,1
C16139,2025-06-09,0,Government,Europe,SMB,163,Direct Sales,345,0.944558521560575,47.46,80.14,-0.1716,0.9482,Declining,1.4399999999999977,-5.979999999999997,-7.519999999999996,0.03129074315514988,-0.11190119760479036,-0.1367770098217533,10,51,6,962,2,42,9,0,0,0,-2.0,-3.0,-6.0,21.0,0.0,2.0,338.0,64.0,16.0,1.0,-1.0,0.0,0.0,0.0,0.0,-0.16666666666666666,-0.23076923076923078,-0.375,0.7,0.0,0.04081632653061224,0.5416666666666666,0.07126948775055679,0.016913319238900635,0.2,-0.14285714285714285,0.0,0.0,0.0,0.0,0,0,0,2,0.0,0.0,0.0,0.0,0.0,,,0.0,0.0,0.0,0.0,0.0,,,1.0,0.0,0.0,0.0,0.0,3.0,29.6,0,0,1,0,CT016139,1,482611.44,482611.44,Annual,False,345.0,20.0,1,1,1
C14145,2025-07-07,0,Telecommunications,Europe,Mid-Market,1545,Inbound,335,0.917180013689254,98.44,76.26,0.0289,0.7006,Stable,1.3400000000000034,3.3999999999999915,2.739999999999995,0.013800205973223517,0.03577441077441068,0.02863113897596651,469,3907,6,72891,4,1762,862,0,716,567,-13.0,16.0,-14.0,-31.0,365.0,50.0,-413.0,6511.0,-8118.0,-1.0,-1.0,0.0,0.0,0.0,0.0,-0.026970954356846474,0.03532008830022075,-0.028985507246376812,-0.00787201625190452,0.10304912478825522,0.012963443090484833,-0.005634071810542399,0.09808677312443508,-0.100211087656927,-0.14285714285714285,-0.14285714285714285,0.0,0.0,0.0,0.0,0,0,0,4,1.0,0.0,0.0,0.0,0.0,5.0,60.3,1.0,0.0,0.0,0.0,0.0,5.0,60.3,1.0,0.0,0.0,0.0,0.0,5.0,60.3,0,0,0,1,CT014145,1,1854362.63,1854362.63,Annual,True,335.0,30.0,1,1,1
C08215,2024-10-21,0,Manufacturing,North America,SMB,28,Enterprise Sales,124,0.3394934976043806,39.85,62.11,-0.1644,0.7901,Declining,-2.039999999999999,-4.25,-5.759999999999998,-0.048698973502029105,-0.0963718820861678,-0.126288094716071,2,4,2,77,1,4,0,0,0,0,0.0,0.0,0.0,3.0,-2.0,-1.0,53.0,-31.0,-15.0,0.0,-1.0,-2.0,0.0,0.0,0.0,0.0,0.0,0.0,3.0,-0.3333333333333333,-0.2,2.2083333333333335,-0.28703703703703703,-0.16304347826086957,0.0,-0.3333333333333333,-0.5,0.0,0.0,0.0,0,0,0,1,0.0,0.0,0.0,0.0,0.0,,,1.0,0.0,0.0,0.0,0.0,4.0,44.64,2.0,0.0,0.0,0.0,0.0,3.5,28.68,0,0,0,0,CT008215,1,683503.62,1367007.24,Two-year,True,124.0,606.0,0,0,0
C12994,2024-05-06,0,Healthcare,North America,SMB,30,Direct Sales,98,0.2683093771389459,84.35,86.44,0.0123,1.0405,Stable,-0.2600000000000051,-2.8800000000000097,-1.4200000000000017,-0.0030729228223614837,-0.03301616416370526,-0.016555905328203356,7,26,2,444,1,26,0,0,0,0,0.0,0.0,0.0,12.0,5.0,-8.0,216.0,27.0,-135.0,-1.0,-5.0,-4.0,0.0,0.0,0.0,0.0,0.0,0.0,0.8571428571428571,0.23809523809523808,-0.23529411764705882,0.9473684210526315,0.06474820143884892,-0.23316062176165803,-0.3333333333333333,-0.7142857142857143,-0.6666666666666666,0.0,0.0,0.0,0,0,0,1,0.0,0.0,0.0,0.0,0.0,,,0.0,0.0,0.0,0.0,0.0,,,0.0,0.0,0.0,0.0,0.0,,,0,0,0,0,CT012994,1,1249909.43,1249909.43,Annual,False,98.0,267.0,0,0,0
C00223,2025-08-04,0,Professional Services,APAC,Mid-Market,954,Inbound,10,0.02737850787132101,69.97,76.77,-0.0988,1.1339,Declining,-0.29999999999999716,-1.6400000000000006,0.46999999999999886,-0.004269247189412227,-0.022901829353442264,0.006762589928057537,146,730,6,12653,2,492,0,238,0,0,146.0,146.0,146.0,730.0,730.0,730.0,12653.0,12653.0,12653.0,6.0,6.0,6.0,2.0,2.0,2.0,,,,,,,,,,,,,,,,0,0,0,2,0.0,0.0,0.0,0.0,0.0,,,0.0,0.0,0.0,0.0,0.0,,,0.0,0.0,0.0,0.0,0.0,,,0,0,0,0,CT000223,1,2114882.98,4229765.96,Two-year,True,10.0,720.0,0,0,0
C17188,2025-08-18,0,Retail,APAC,Enterprise,13381,Partner,8,0.02190280629705681,99.08,78.76,0.3029,0.9789,Improving,0.12000000000000455,-0.4899999999999949,-0.9200000000000017,0.0012126111560226815,-0.004921160992266696,-0.009200000000000017,3971,36256,6,681547,4,15103,7436,7858,5859,0,3971.0,3971.0,3971.0,36256.0,36256.0,36256.0,681547.0,681547.0,681547.0,6.0,6.0,6.0,4.0,4.0,4.0,,,,,,,,,,,,,,,,0,0,0,4,0.0,0.0,0.0,0.0,0.0,,,0.0,0.0,0.0,0.0,0.0,,,0.0,0.0,0.0,0.0,0.0,,,0,0,0,0,CT017188,1,8915500.97,26746502.91,Three-year,True,8.0,1087.0,0,0,0
C18367,2024-09-23,0,Healthcare,Europe,Enterprise,4988,Direct Sales,243,0.6652977412731006,37.04,79.83,-0.2794,0.9351,Declining,-3.1700000000000017,-6.329999999999998,-6.200000000000003,-0.0788361104202935,-0.14595342402582429,-0.14338575393154493,396,2116,7,31853,3,1146,0,553,417,0,-63.0,-76.0,-109.0,-346.0,-494.0,-666.0,-11924.0,-12772.0,-16868.0,0.0,2.0,1.0,0.0,0.0,0.0,-0.13725490196078433,-0.16101694915254236,-0.21584158415841584,-0.14053614947197401,-0.189272030651341,-0.2393961179007908,-0.2723804737647623,-0.2862072829131653,-0.34621621066891073,0.0,0.4,0.16666666666666666,0.0,0.0,0.0,1,1,0,3,7.0,2.0,0.0,0.0,4.0,3.25,29.41125,9.0,2.0,1.0,0.0,6.0,3.5,23.94416666666667,10.0,2.0,1.0,0.0,6.0,3.5714285714285716,24.237857142857145,1,1,0,0,CT018367,1,52416916.77,52416916.77,Annual,True,243.0,122.0,0,0,1
C06647,2025-09-15,0,Healthcare,APAC,SMB,231,Direct Sales,446,1.2210814510609171,100.0,67.14,0.2562,0.5645,Improving,0.0,0.0,0.4399999999999977,0.0,0.0,0.004419445560466028,49,219,5,4576,2,186,0,0,0,33,1.0,2.0,3.0,-28.0,-8.0,-11.0,-629.0,142.0,-122.0,-2.0,0.0,-1.0,0.0,0.0,0.0,0.020833333333333332,0.0425531914893617,0.06521739130434782,-0.11336032388663968,-0.03524229074889868,-0.04782608695652174,-0.12084534101825169,0.032025259359494816,-0.02596849723286505,-0.2857142857142857,0.0,-0.16666666666666666,0.0,0.0,0.0,0,0,0,2,0.0,0.0,0.0,0.0,0.0,,,0.0,0.0,0.0,0.0,0.0,,,0.0,0.0,0.0,0.0,0.0,,,0,0,0,0,CT006647,1,516918.96,1033837.92,Two-year,False,446.0,284.0,0,0,0
C02415,2025-09-29,0,Telecommunications,APAC,SMB,155,Inbound,28,0.07665982203969883,100.0,86.1,0.049,1.0134,Stable,1.7000000000000028,5.890000000000001,5.150000000000006,0.017293997965412033,0.06258633513973011,0.05429625724828683,55,308,6,4706,2,226,0,0,82,0,55.0,55.0,55.0,308.0,308.0,308.0,4706.0,4706.0,4706.0,6.0,6.0,6.0,2.0,2.0,2.0,,,,,,,,,,,,,,,,0,0,0,2,0.0,0.0,0.0,0.0,0.0,,,0.0,0.0,0.0,0.0,0.0,,,0.0,0.0,0.0,0.0,0.0,,,0,0,0,0,CT002415,1,472801.77,1418405.31,Three-year,True,28.0,1067.0,0,0,0
C03498,2025-06-23,0,Government,Europe,Mid-Market,1000,Inbound,68,0.1861738535249829,54.35,85.79,-0.2608,0.6627,Declining,0.0,-2.059999999999995,-2.8900000000000006,0.0,-0.036518347810671786,-0.050489168413696724,118,933,7,18348,4,405,208,177,143,0,-2.0,-8.0,118.0,89.0,-30.0,933.0,929.0,690.0,18348.0,1.0,1.0,7.0,0.0,0.0,4.0,-0.016666666666666666,-0.06349206349206349,,0.10545023696682465,-0.03115264797507788,,0.05333256788564211,0.03907577302072715,,0.16666666666666666,0.16666666666666666,,0.0,0.0,,0,0,0,4,0.0,0.0,0.0,0.0,0.0,,,0.0,0.0,0.0,0.0,0.0,,,1.0,0.0,0.0,0.0,0.0,5.0,35.01,0,0,0,0,CT003498,1,1864824.87,1864824.87,Annual,True,68.0,297.0,0,0,0
C05702,2025-03-10,0,Logistics,North America,SMB,93,Partner,240,0.6570841889117043,91.69,86.45,0.0137,0.5955,Stable,-0.07000000000000739,-0.4000000000000057,-2.019999999999996,-0.0007628596338274563,-0.004343576935606533,-0.021555863835236326,17,63,4,1167,1,63,0,0,0,0,1.0,1.0,1.0,0.0,-1.0,4.0,-42.0,-65.0,105.0,-3.0,-3.0,-1.0,0.0,0.0,0.0,0.0625,0.0625,0.0625,0.0,-0.015625,0.06779661016949153,-0.034739454094292806,-0.052759740259740256,0.09887005649717515,-0.42857142857142855,-0.42857142857142855,-0.2,0.0,0.0,0.0,0,0,0,1,2.0,0.0,0.0,0.0,0.0,4.0,20.435,3.0,0.0,0.0,0.0,0.0,4.0,19.473333333333333,3.0,0.0,0.0,0.0,0.0,4.0,19.473333333333333,0,0,0,0,CT005702,1,509594.76,509594.76,Annual,True,240.0,125.0,0,0,1
C13842,2025-05-26,0,Manufacturing,North America,Mid-Market,1453,Inbound,228,0.6242299794661191,83.66,76.85,0.07,0.5457,Stable,-1.0,1.6599999999999966,-0.38000000000000966,-0.011811953697141508,0.02024390243902435,-0.0045216563541172015,427,2325,6,39901,2,1549,0,776,0,0,6.0,19.0,37.0,151.0,177.0,326.0,4838.0,-381.0,4465.0,0.0,-1.0,1.0,0.0,0.0,0.0,0.014251781472684086,0.04656862745098039,0.09487179487179487,0.06945722171113156,0.0824022346368715,0.1630815407703852,0.13798020705587086,-0.009458318852092746,0.1260018060729202,0.0,-0.14285714285714285,0.2,0.0,0.0,0.0,0,0,0,2,0.0,0.0,0.0,0.0,0.0,,,1.0,0.0,1.0,0.0,0.0,3.0,43.58,2.0,0.0,1.0,0.0,0.0,3.5,35.605000000000004,0,0,0,0,CT013842,1,6871157.27,20613471.81,Three-year,True,228.0,867.0,0,0,0
C16333,2025-06-16,0,Manufacturing,North America,Enterprise,6047,Partner,516,1.4127310061601643,100.0,78.59,0.3447,0.4669,Improving,0.0,0.0,0.0,0.0,0.0,0.0,2936,29511,7,536010,5,11080,5495,5617,4149,3170,-109.0,-226.0,17.0,-1396.0,-3066.0,-417.0,-60015.0,-104143.0,-23750.0,2.0,0.0,3.0,0.0,0.0,0.0,-0.035796387520525455,-0.07147375079063883,0.005823912298732443,-0.04516776134856181,-0.09411548024679989,-0.013933440256615878,-0.10069208506354599,-0.16268454572578742,-0.04242889809918537,0.4,0.0,0.75,0.0,0.0,0.0,0,0,0,5,1.0,0.0,0.0,0.0,0.0,5.0,27.08,1.0,0.0,0.0,0.0,0.0,5.0,27.08,1.0,0.0,0.0,0.0,0.0,5.0,27.08,0,0,0,0,CT016333,1,38318048.62,76636097.24,Two-year,True,516.0,214.0,0,0,0
C05041,2025-08-25,0,Professional Services,North America,SMB,243,Referral,121,0.33127994524298426,100.0,75.06,0.2326,0.7407,Improving,0.0,0.37000000000000455,0.4899999999999949,0.0,0.0037137408411121605,0.00492412822831871,70,392,7,7124,2,241,0,151,0,0,2.0,4.0,-2.0,34.0,-6.0,6.0,1412.0,182.0,-977.0,2.0,2.0,0.0,0.0,0.0,0.0,0.029411764705882353,0.06060606060606061,-0.027777777777777776,0.09497206703910614,-0.01507537688442211,0.015544041450777202,0.24719887955182074,0.026217228464419477,-0.12060239476607826,0.4,0.4,0.0,0.0,0.0,0.0,0,0,0,2,0.0,0.0,0.0,0.0,0.0,,,0.0,0.0,0.0,0.0,0.0,,,0.0,0.0,0.0,0.0,0.0,,,0,0,0,0,CT005041,1,531672.85,531672.85,Annual,True,121.0,244.0,0,0,0
C00496,2024-12-30,0,Education,Latin America,SMB,174,Direct Sales,102,0.2792607802874743,90.01,84.36,0.0202,0.563,Stable,0.10000000000000853,0.5700000000000074,1.490000000000009,0.0011122233344456516,0.006372987477638723,0.016832354270221523,49,172,5,2778,1,172,0,0,0,0,1.0,2.0,4.0,-8.0,20.0,27.0,11.0,162.0,-265.0,0.0,1.0,0.0,0.0,0.0,0.0,0.020833333333333332,0.0425531914893617,0.08888888888888889,-0.044444444444444446,0.13157894736842105,0.18620689655172415,0.003975424647632815,0.06192660550458716,-0.08708511337495892,0.0,0.25,0.0,0.0,0.0,0.0,0,0,0,1,0.0,0.0,0.0,0.0,0.0,,,0.0,0.0,0.0,0.0,0.0,,,1.0,0.0,0.0,0.0,0.0,5.0,53.54,0,0,0,1,CT000496,1,416163.96,416163.96,Annual,False,102.0,263.0,0,0,0
C07334,2025-04-14,0,Telecommunications,Europe,Mid-Market,1335,Enterprise Sales,65,0.17796030116358658,100.0,94.73,0.3967,0.4717,Improving,0.0,0.0,0.0,0.0,0.0,0.0,555,4028,7,73554,3,2133,0,1066,829,0,7.0,0.0,555.0,120.0,139.0,4028.0,4899.0,3330.0,73554.0,1.0,1.0,7.0,0.0,0.0,3.0,0.012773722627737226,0.0,,0.030706243602865915,0.035741835947544355,,0.07135678391959799,0.04741968557758031,,0.16666666666666666,0.16666666666666666,,0.0,0.0,,0,0,0,3,0.0,0.0,0.0,0.0,0.0,,,0.0,0.0,0.0,0.0,0.0,,,0.0,0.0,0.0,0.0,0.0,,,0,0,0,0,CT007334,1,5989573.64,5989573.64,Annual,True,65.0,300.0,0,0,0
C17138,2024-09-16,0,Healthcare,North America,SMB,72,Inbound,176,0.48186173853524983,100.0,89.96,0.2991,0.4663,Improving,1.0699999999999932,1.5699999999999932,0.0,0.010815728292732165,0.015950421619424903,0.0,13,51,6,979,1,51,0,0,0,0,1.0,0.0,0.0,5.0,16.0,-1.0,140.0,327.0,128.0,-1.0,3.0,-1.0,0.0,0.0,0.0,0.08333333333333333,0.0,0.0,0.10869565217391304,0.45714285714285713,-0.019230769230769232,0.16686531585220502,0.5015337423312883,0.15041128084606345,-0.14285714285714285,1.0,-0.14285714285714285,0.0,0.0,0.0,0,0,0,1,0.0,0.0,0.0,0.0,0.0,,,0.0,0.0,0.0,0.0,0.0,,,0.0,0.0,0.0,0.0,0.0,,,0,0,0,0,CT017138,1,244379.87,244379.87,Annual,True,176.0,189.0,0,0,0
C16739,2025-04-28,0,Financial Services,APAC,Mid-Market,522,Enterprise Sales,472,1.2922655715263518,33.34,92.45,-0.4074,1.0433,Declining,-1.6099999999999994,-1.8899999999999935,-5.019999999999996,-0.046065808297567935,-0.05364745955151841,-0.13086548488008332,34,159,6,3430,3,80,51,0,28,0,-2.0,-1.0,2.0,-50.0,-18.0,5.0,-817.0,-57.0,584.0,0.0,-1.0,-1.0,0.0,0.0,0.0,-0.05555555555555555,-0.02857142857142857,0.0625,-0.23923444976076555,-0.1016949152542373,0.032467532467532464,-0.19237108547209794,-0.016346429595640952,0.20520028109627547,0.0,-0.14285714285714285,-0.14285714285714285,0.0,0.0,0.0,1,0,0,3,0.0,0.0,0.0,0.0,0.0,,,1.0,1.0,0.0,0.0,0.0,2.0,33.07,1.0,1.0,0.0,0.0,0.0,2.0,33.07,0,0,1,0,CT016739,1,3656627.65,7313255.3,Two-year,True,472.0,258.0,0,0,0
C09271,2025-02-24,0,Professional Services,North America,SMB,212,Inbound,357,0.9774127310061602,85.31,74.26,0.0487,0.4081,Stable,1.019999999999996,0.10000000000000853,-0.269999999999996,0.012101079606121674,0.0011735711770919908,-0.0031549427436316432,44,327,7,5796,3,182,94,0,0,51,0.0,1.0,1.0,66.0,77.0,43.0,189.0,1094.0,274.0,1.0,1.0,1.0,0.0,0.0,0.0,0.0,0.023255813953488372,0.023255813953488372,0.25287356321839083,0.308,0.15140845070422534,0.033707865168539325,0.23266695023394302,0.04961970300615719,0.16666666666666666,0.16666666666666666,0.16666666666666666,0.0,0.0,0.0,0,0,0,3,0.0,0.0,0.0,0.0,0.0,,,0.0,0.0,0.0,0.0,0.0,,,0.0,0.0,0.0,0.0,0.0,,,0,0,0,0,CT009271,1,623239.56,623239.56,Annual,True,357.0,8.0,1,1,1
C12493,2025-05-26,0,Telecommunications,Europe,SMB,199,Direct Sales,162,0.44353182751540043,100.0,79.95,0.362,0.4298,Improving,0.5100000000000051,0.0,0.0,0.005126143330988091,0.0,0.0,79,273,5,5521,1,273,0,0,0,0,1.0,-4.0,0.0,-21.0,-63.0,7.0,-299.0,-603.0,753.0,-1.0,3.0,-1.0,0.0,0.0,0.0,0.01282051282051282,-0.04819277108433735,0.0,-0.07142857142857142,-0.1875,0.02631578947368421,-0.05137457044673539,-0.09846505551926846,0.1579278523489933,-0.16666666666666666,1.5,-0.16666666666666666,0.0,0.0,0.0,0,0,0,1,0.0,0.0,0.0,0.0,0.0,,,0.0,0.0,0.0,0.0,0.0,,,0.0,0.0,0.0,0.0,0.0,,,0,0,0,0,CT012493,1,992226.27,1984452.54,Two-year,True,162.0,568.0,0,0,0
C11343,2025-07-21,1,Manufacturing,Europe,SMB,11,Enterprise Sales,164,0.4490075290896646,68.12,61.28,0.1149,0.5171,Stable,0.6800000000000068,-0.11999999999999034,1.4200000000000017,0.010083036773428334,-0.0017584994138333872,0.021289355322338856,2,6,5,96,1,6,0,0,0,0,0.0,0.0,0.0,-2.0,-3.0,1.0,-46.0,-69.0,-13.0,1.0,-2.0,2.0,0.0,0.0,0.0,0.0,0.0,0.0,-0.25,-0.3333333333333333,0.2,-0.323943661971831,-0.41818181818181815,-0.11926605504587157,0.25,-0.2857142857142857,0.6666666666666666,0.0,0.0,0.0,1,0,0,1,0.0,0.0,0.0,0.0,0.0,,,0.0,0.0,0.0,0.0,0.0,,,1.0,0.0,0.0,0.0,0.0,4.0,23.78,0,0,0,0,CT011343,1,1500000.0,1500000.0,Annual,True,164.0,201.0,0,0,0
C15407,2025-02-03,1,Financial Services,North America,SMB,109,Referral,79,0.216290212183436,32.86,63.64,-0.2551,0.8595,Declining,-0.3200000000000003,-3.280000000000001,-4.969999999999999,-0.00964436407474383,-0.09075816270060877,-0.13137721385144063,4,16,6,266,1,16,0,0,0,0,0.0,0.0,4.0,0.0,-1.0,16.0,-64.0,-16.0,266.0,1.0,-1.0,6.0,0.0,0.0,1.0,0.0,0.0,,0.0,-0.058823529411764705,,-0.19393939393939394,-0.05673758865248227,,0.2,-0.14285714285714285,,0.0,0.0,,1,0,0,1,1.0,0.0,0.0,0.0,0.0,3.0,60.29,1.0,0.0,0.0,0.0,0.0,3.0,60.29,1.0,0.0,0.0,0.0,0.0,3.0,60.29,0,0,1,1,CT015407,1,304820.72,609641.44,Two-year,True,79.0,651.0,0,0,0
C04127,2025-03-24,0,Retail,APAC,SMB,98,Enterprise Sales,85,0.2327173169062286,68.85,85.1,-0.0948,0.989,Stable,-0.3400000000000034,-0.6800000000000068,1.1499999999999915,-0.004914004914004963,-0.009779951100244596,0.01698670605612986,22,146,6,3228,3,75,41,0,0,30,0.0,1.0,22.0,42.0,48.0,146.0,1294.0,1340.0,3228.0,-1.0,-1.0,6.0,0.0,0.0,3.0,0.0,0.047619047619047616,,0.40384615384615385,0.4897959183673469,,0.6690796277145812,0.7097457627118644,,-0.14285714285714285,-0.14285714285714285,,0.0,0.0,,0,0,0,3,0.0,0.0,0.0,0.0,0.0,,,0.0,0.0,0.0,0.0,0.0,,,2.0,0.0,0.0,0.0,0.0,4.0,41.474999999999994,0,0,0,0,CT004127,1,392145.01,392145.01,Annual,True,85.0,280.0,0,0,0
C13129,2024-12-02,0,Education,Europe,Mid-Market,1632,Enterprise Sales,59,0.16153319644079397,82.11,64.41,0.1782,1.1358,Improving,-1.0600000000000023,-0.7199999999999989,1.0600000000000023,-0.012744980161115815,-0.008692502716407086,0.013078346699568196,320,2023,6,38609,3,1145,0,564,0,314,20.0,320.0,320.0,104.0,2023.0,2023.0,-1119.0,38609.0,38609.0,0.0,6.0,6.0,0.0,3.0,3.0,0.06666666666666667,,,0.05419489317352788,,,-0.028166532420459123,,,0.0,,,0.0,,,0,0,0,3,0.0,0.0,0.0,0.0,0.0,,,1.0,0.0,0.0,0.0,1.0,5.0,18.99,1.0,0.0,0.0,0.0,1.0,5.0,18.99,0,0,0,0,CT013129,1,1468704.05,1468704.05,Annual,True,59.0,306.0,0,0,0
C08279,2025-01-27,0,Manufacturing,Europe,Enterprise,8162,Referral,343,0.9390828199863107,72.9,82.12,-0.0081,1.1175,Stable,-2.4099999999999966,2.0600000000000023,-1.3199999999999932,-0.032001062275926126,0.029079616036137807,-0.017784963621665227,1407,11059,7,235671,4,4842,2415,2419,0,1383,-21.0,11.0,32.0,-372.0,265.0,51.0,10545.0,28194.0,5351.0,0.0,3.0,1.0,0.0,0.0,0.0,-0.014705882352941176,0.007879656160458453,0.02327272727272727,-0.032543084594523666,0.024550676301649064,0.004632994186046512,0.04684043602249407,0.1358897612747437,0.023232893365751996,0.0,0.75,0.16666666666666666,0.0,0.0,0.0,0,0,0,4,2.0,0.0,0.0,0.0,0.0,4.5,32.155,4.0,1.0,0.0,0.0,0.0,4.25,29.51749999999999,4.0,1.0,0.0,0.0,0.0,4.25,29.5175,0,0,0,0,CT008279,1,10160621.76,10160621.76,Annual,True,343.0,22.0,1,1,1
C14231,2025-07-21,0,Financial Services,North America,Enterprise,4312,Inbound,268,0.7337440109514032,57.43,71.4,0.0022,0.6678,Stable,1.1000000000000014,0.8699999999999974,1.1000000000000014,0.019527782709036063,0.015381895332390335,0.019527782709036063,457,3058,7,60918,4,1392,755,0,534,377,-14.0,9.0,-9.0,-78.0,93.0,-105.0,1991.0,11254.0,-502.0,0.0,0.0,0.0,0.0,0.0,0.0,-0.029723991507430998,0.020089285714285716,-0.019313304721030045,-0.024872448979591837,0.03136593591905565,-0.033196332595637056,0.03378756766847116,0.22660277061855671,-0.008173233474438294,0.0,0.0,0.0,0.0,0.0,0.0,0,0,0,4,7.0,0.0,0.0,0.0,1.0,4.25,43.642500000000005,8.0,0.0,0.0,0.0,2.0,4.4375,35.579375,12.0,0.0,0.0,0.0,3.0,4.291666666666667,36.54236111111111,1,0,0,0,CT014231,1,9948300.27,29844900.81,Three-year,True,268.0,827.0,0,0,0
C16822,2025-04-07,0,Technology,Latin America,Enterprise,4146,Direct Sales,198,0.5420944558521561,67.32,72.86,-0.0392,0.4427,Stable,-0.710000000000008,-1.0,-1.8300000000000125,-0.010436572100543995,-0.014637002341920375,-0.026464208242950288,635,4847,7,93482,4,2145,1046,1040,0,616,-6.0,20.0,-13.0,-21.0,318.0,26.0,-15318.0,7486.0,1305.0,0.0,0.0,1.0,0.0,0.0,0.0,-0.0093603744149766,0.032520325203252036,-0.020061728395061727,-0.004313886606409203,0.070214175314639,0.005393071976768305,-0.14079044117647058,0.08705056049118563,0.014157544723738025,0.0,0.0,0.16666666666666666,0.0,0.0,0.0,0,0,0,4,3.0,1.0,0.0,0.0,1.0,3.5,33.01,3.0,1.0,0.0,0.0,1.0,3.5,33.01,5.0,1.0,0.0,0.0,2.0,3.6666666666666665,64.99333333333333,0,0,0,1,CT016822,1,8392382.22,8392382.22,Annual,True,198.0,167.0,0,0,1
C10380,2025-02-24,0,Retail,Europe,SMB,183,Enterprise Sales,213,0.5831622176591376,63.56,61.42,0.007,1.1506,Stable,0.7600000000000051,2.770000000000003,7.82,0.01210191082802556,0.045566705050172775,0.14029422317904558,12,47,6,682,2,34,0,0,13,0,1.0,3.0,4.0,12.0,8.0,19.0,97.0,-45.0,178.0,4.0,1.0,1.0,0.0,0.0,0.0,0.09090909090909091,0.3333333333333333,0.5,0.34285714285714286,0.20512820512820512,0.6785714285714286,0.1658119658119658,-0.061898211829436035,0.3531746031746032,2.0,0.2,0.2,0.0,0.0,0.0,0,0,0,2,0.0,0.0,0.0,0.0,0.0,,,0.0,0.0,0.0,0.0,0.0,,,1.0,0.0,0.0,0.0,1.0,3.0,13.69,0,0,1,0,CT010380,1,200000.0,400000.0,Two-year,False,213.0,517.0,0,0,0
C15455,2024-10-14,0,Government,North America,SMB,62,Enterprise Sales,74,0.2026009582477755,99.82,87.91,0.3477,0.9567,Improving,-0.18000000000000682,0.6499999999999915,-0.18000000000000682,-0.0018000000000000683,0.006554401532721503,-0.0018000000000000683,11,41,4,722,1,41,0,0,0,0,0.0,0.0,11.0,-12.0,-8.0,41.0,-560.0,-304.0,722.0,-3.0,-1.0,4.0,0.0,0.0,1.0,0.0,0.0,,-0.22641509433962265,-0.16326530612244897,,-0.43681747269890797,-0.2962962962962963,,-0.42857142857142855,-0.2,,0.0,0.0,,1,0,0,1,0.0,0.0,0.0,0.0,0.0,,,0.0,0.0,0.0,0.0,0.0,,,0.0,0.0,0.0,0.0,0.0,,,0,0,0,0,CT015455,1,200000.0,200000.0,Annual,True,74.0,291.0,0,0,0
C13404,2024-12-09,0,Technology,Latin America,Mid-Market,1073,Partner,198,0.5420944558521561,61.64,72.78,-0.061,0.4997,Stable,0.38000000000000256,-2.0899999999999963,-3.019999999999996,0.006203068886712415,-0.03279460222814995,-0.04670584596350133,149,876,5,17303,3,508,252,0,0,116,-3.0,-11.0,-5.0,-27.0,36.0,9.0,-132.0,-937.0,594.0,-2.0,-1.0,-2.0,0.0,0.0,0.0,-0.019736842105263157,-0.06875,-0.032467532467532464,-0.029900332225913623,0.04285714285714286,0.010380622837370242,-0.007570977917981073,-0.05137061403508772,0.03554970375246873,-0.2857142857142857,-0.16666666666666666,-0.2857142857142857,0.0,0.0,0.0,0,0,0,3,0.0,0.0,0.0,0.0,0.0,,,1.0,0.0,0.0,0.0,0.0,4.0,32.48,4.0,2.0,0.0,1.0,0.0,4.0,26.4625,0,1,0,0,CT013404,1,2831104.5,5662209.0,Two-year,False,198.0,532.0,0,0,0
C08635,2024-10-07,0,Government,Europe,SMB,207,Referral,17,0.04654346338124572,78.5,68.48,0.0257,0.9026,Stable,-2.0600000000000023,-2.4099999999999966,-1.6899999999999977,-0.025571002979146006,-0.0297861821777283,-0.0210749470008729,36,159,6,2725,2,123,0,0,36,0,36.0,36.0,36.0,159.0,159.0,159.0,2725.0,2725.0,2725.0,6.0,6.0,6.0,2.0,2.0,2.0,,,,,,,,,,,,,,,,0,0,0,2,1.0,0.0,0.0,0.0,0.0,4.0,73.23,1.0,0.0,0.0,0.0,0.0,4.0,73.23,1.0,0.0,0.0,0.0,0.0,4.0,73.23,0,0,0,1,CT008635,1,820538.63,820538.63,Annual,True,17.0,348.0,0,0,0
C06613,2025-09-29,0,Healthcare,North America,SMB,163,Inbound,63,0.17248459958932238,83.63,74.39,0.0365,0.6028,Stable,-0.9399999999999977,-0.1700000000000017,-0.6300000000000097,-0.011115052619132053,-0.0020286396181384454,-0.0074768573463091575,59,305,7,5664,2,201,0,104,0,0,1.0,-3.0,59.0,12.0,-6.0,305.0,1080.0,-570.0,5664.0,1.0,0.0,7.0,0.0,0.0,2.0,0.017241379310344827,-0.04838709677419355,,0.040955631399317405,-0.01929260450160772,,0.2356020942408377,-0.09143407122232916,,0.16666666666666666,0.0,,0.0,0.0,,0,0,0,2,0.0,0.0,0.0,0.0,0.0,,,0.0,0.0,0.0,0.0,0.0,,,0.0,0.0,0.0,0.0,0.0,,,0,0,0,0,CT006613,1,1001401.31,2002802.62,Two-year,False,63.0,667.0,0,0,0
C01291,2025-08-18,0,Manufacturing,Europe,SMB,231,Referral,249,0.6817248459958932,64.83,76.7,-0.0306,1.116,Stable,-3.1400000000000006,0.12999999999999545,-3.299999999999997,-0.046196851552155374,0.0020092735703245044,-0.04843681197710256,28,81,4,1230,1,81,0,0,0,0,-1.0,0.0,-1.0,-11.0,-25.0,-18.0,-561.0,-408.0,-570.0,-1.0,-1.0,-1.0,0.0,0.0,0.0,-0.034482758620689655,0.0,-0.034482758620689655,-0.11956521739130435,-0.2358490566037736,-0.18181818181818182,-0.3132328308207705,-0.2490842490842491,-0.31666666666666665,-0.2,-0.2,-0.2,0.0,0.0,0.0,1,1,0,1,0.0,0.0,0.0,0.0,0.0,,,0.0,0.0,0.0,0.0,0.0,,,0.0,0.0,0.0,0.0,0.0,,,0,0,0,0,CT001291,1,283582.35,567164.7,Two-year,True,249.0,481.0,0,0,0
C02793,2025-09-01,0,Government,Middle East,Mid-Market,1024,Partner,306,0.837782340862423,60.15,67.14,0.0506,1.0182,Stable,-1.4600000000000009,-3.75,-3.6700000000000017,-0.023697451712384368,-0.05868544600938967,-0.057505484174240076,120,494,6,8930,2,378,0,0,0,116,-9.0,-24.0,-22.0,-99.0,-148.0,-128.0,-2747.0,-3926.0,-2783.0,-1.0,1.0,1.0,0.0,0.0,0.0,-0.06976744186046512,-0.16666666666666666,-0.15492957746478872,-0.16694772344013492,-0.23052959501557632,-0.2057877813504823,-0.23524877965230795,-0.3053827006845053,-0.23759924869802784,-0.14285714285714285,0.2,0.2,0.0,0.0,0.0,1,0,0,2,0.0,0.0,0.0,0.0,0.0,,,0.0,0.0,0.0,0.0,0.0,,,3.0,1.0,0.0,0.0,1.0,3.6666666666666665,72.37333333333332,0,0,0,1,CT002793,1,2793815.92,2793815.92,Annual,True,306.0,59.0,0,1,1
C03112,2025-04-28,0,Government,APAC,SMB,58,Direct Sales,175,0.4791238877481177,77.05,87.15,0.0251,0.8869,Stable,-3.1599999999999966,-0.8800000000000097,-2.4200000000000017,-0.03939658396708636,-0.011292185294495183,-0.030451742796023678,15,55,4,1121,2,42,0,0,0,13,0.0,0.0,0.0,-19.0,-13.0,-14.0,-310.0,-134.0,-284.0,-1.0,-1.0,0.0,0.0,0.0,0.0,0.0,0.0,0.0,-0.25675675675675674,-0.19117647058823528,-0.2028985507246377,-0.21663172606568834,-0.10677290836653386,-0.20213523131672598,-0.2,-0.2,0.0,0.0,0.0,0.0,1,0,0,2,0.0,0.0,0.0,0.0,0.0,,,1.0,0.0,0.0,0.0,0.0,4.0,15.27,2.0,0.0,0.0,0.0,0.0,4.0,33.34,0,0,0,0,CT003112,1,853996.89,1707993.78,Two-year,True,175.0,555.0,0,0,0
C09287,2025-09-01,0,Professional Services,Middle East,Enterprise,4820,Inbound,353,0.9664613278576317,72.7,74.56,0.0405,1.0601,Stable,-0.8100000000000023,0.46999999999999886,-2.1099999999999994,-0.011018908991973912,0.006506991554755625,-0.028204785456489766,914,6212,7,115768,3,3009,1570,1633,0,0,0.0,-43.0,-119.0,255.0,-271.0,-770.0,-4528.0,-17755.0,-17721.0,2.0,2.0,0.0,0.0,0.0,0.0,0.0,-0.04493207941483804,-0.11519845111326234,0.04280678193721672,-0.041801635045503625,-0.11028358636493842,-0.03764048679922857,-0.13297334541614553,-0.13275251144289044,0.4,0.4,0.0,0.0,0.0,0.0,0,0,0,3,1.0,1.0,0.0,0.0,1.0,3.0,19.23,1.0,1.0,0.0,0.0,1.0,3.0,19.23,3.0,2.0,0.0,1.0,2.0,3.5,15.8325,0,1,0,0,CT009287,1,23098718.05,23098718.05,Annual,True,353.0,12.0,1,1,1
C01310,2025-09-08,0,Retail,North America,Enterprise,4411,Referral,282,0.7720739219712526,57.79,71.52,0.0046,0.845,Stable,1.5799999999999983,0.6700000000000017,4.269999999999996,0.028108877423945886,0.011729691876750731,0.07978325859491771,693,6052,6,130086,5,2219,1146,1141,829,717,66.0,14.0,78.0,789.0,241.0,973.0,27208.0,6344.0,40368.0,-1.0,-1.0,-1.0,0.0,0.0,0.0,0.10526315789473684,0.020618556701030927,0.12682926829268293,0.14991449743492305,0.041473068318705904,0.19157314431974798,0.26446859386846555,0.05126796075705904,0.44994315521968836,-0.14285714285714285,-0.14285714285714285,-0.14285714285714285,0.0,0.0,0.0,0,0,0,5,0.0,0.0,0.0,0.0,0.0,,,2.0,1.0,0.0,0.0,0.0,3.5,56.91,6.0,1.0,0.0,0.0,1.0,3.9,69.898,0,0,0,1,CT001310,1,25553827.74,25553827.74,Annual,True,282.0,83.0,0,1,1
C09835,2024-11-11,0,Technology,North America,Mid-Market,767,Partner,25,0.06844626967830253,84.59,70.7,-0.002,1.0109,Stable,-0.14999999999999147,-1.4099999999999966,1.5700000000000074,-0.0017701203681849361,-0.016395348837209264,0.01891110575764885,287,2040,7,40408,3,1069,507,464,0,0,287.0,287.0,287.0,2040.0,2040.0,2040.0,40408.0,40408.0,40408.0,7.0,7.0,7.0,3.0,3.0,3.0,,,,,,,,,,,,,,,,0,0,0,3,1.0,0.0,0.0,0.0,0.0,4.0,48.73,1.0,0.0,0.0,0.0,0.0,4.0,48.73,1.0,0.0,0.0,0.0,0.0,4.0,48.73,0,0,0,1,CT009835,1,6745811.71,6745811.71,Annual,True,25.0,340.0,0,0,0
C07861,2024-12-09,0,Healthcare,Europe,Mid-Market,1025,Partner,49,0.13415468856947296,58.86,63.99,0.0161,0.7633,Stable,-1.0,-0.020000000000003126,1.0799999999999983,-0.01670564650851988,-0.0003396739130435313,0.0186915887850467,106,299,4,5406,1,299,0,0,0,0,-2.0,106.0,106.0,-69.0,299.0,299.0,-1311.0,5406.0,5406.0,0.0,4.0,4.0,0.0,1.0,1.0,-0.018518518518518517,,,-0.1875,,,-0.19517641804376953,,,0.0,,,0.0,,,1,0,0,1,0.0,0.0,0.0,0.0,0.0,,,1.0,0.0,0.0,0.0,1.0,5.0,13.28,1.0,0.0,0.0,0.0,1.0,5.0,13.28,0,0,0,0,CT007861,1,3385633.0,3385633.0,Annual,True,49.0,316.0,0,0,0
C15756,2025-09-29,0,Technology,APAC,SMB,182,Partner,203,0.5557837097878165,91.39,79.39,0.0368,0.7332,Stable,-1.5400000000000063,-1.6500000000000057,-1.1500000000000057,-0.016571613042074745,-0.017734307824591632,-0.012427058569267405,41,151,6,2689,1,151,0,0,0,0,-1.0,1.0,-1.0,-7.0,-2.0,10.0,-208.0,318.0,594.0,0.0,2.0,1.0,0.0,0.0,0.0,-0.023809523809523808,0.025,-0.023809523809523808,-0.04430379746835443,-0.013071895424836602,0.07092198581560284,-0.07179841215050052,0.13412062420919443,0.28353221957040575,0.0,0.5,0.2,0.0,0.0,0.0,0,0,0,1,0.0,0.0,0.0,0.0,0.0,,,1.0,0.0,1.0,0.0,0.0,4.0,34.82,1.0,0.0,1.0,0.0,0.0,4.0,34.82,0,0,0,0,CT015756,1,422949.53,845899.06,Two-year,True,203.0,527.0,0,0,0
C11149,2025-09-15,0,Healthcare,APAC,SMB,129,Enterprise Sales,323,0.8843258042436687,99.59,60.94,0.3687,0.5215,Improving,-0.4099999999999966,-0.4099999999999966,-0.4099999999999966,-0.004099999999999966,-0.004099999999999966,-0.004099999999999966,30,231,7,4206,3,99,65,67,0,0,1.0,1.0,0.0,-5.0,10.0,-15.0,-477.0,61.0,-396.0,0.0,0.0,0.0,0.0,0.0,0.0,0.034482758620689655,0.034482758620689655,0.0,-0.0211864406779661,0.04524886877828054,-0.06097560975609756,-0.10185778347213324,0.014716525934861278,-0.08604954367666232,0.0,0.0,0.0,0.0,0.0,0.0,0,0,0,3,1.0,0.0,0.0,0.0,1.0,4.0,13.58,1.0,0.0,0.0,0.0,1.0,4.0,13.58,2.0,0.0,0.0,0.0,1.0,4.0,47.894999999999996,0,0,0,0,CT011149,1,338662.22,338662.22,Annual,True,323.0,42.0,0,1,1
C09075,2024-11-25,0,Manufacturing,North America,Mid-Market,1882,Inbound,193,0.5284052019164955,54.87,69.24,-0.0165,0.943,Stable,1.6199999999999974,1.2999999999999972,0.29999999999999716,0.030422535211267556,0.02426731379503448,0.005497526113248986,151,842,6,16359,3,455,212,0,175,0,3.0,0.0,-4.0,7.0,-29.0,-34.0,-143.0,-991.0,236.0,-1.0,2.0,0.0,0.0,0.0,0.0,0.02027027027027027,0.0,-0.025806451612903226,0.008383233532934131,-0.03329506314580941,-0.03881278538812785,-0.008665616288934674,-0.057118155619596545,0.014637474415431371,-0.14285714285714285,0.5,0.0,0.0,0.0,0.0,0,0,0,3,1.0,0.0,0.0,0.0,0.0,4.0,43.87,4.0,0.0,1.0,1.0,0.0,3.75,38.322500000000005,5.0,0.0,1.0,1.0,0.0,3.8,36.472,0,0,0,0,CT009075,1,1000000.0,1000000.0,Annual,True,193.0,172.0,0,0,1
C10761,2024-10-07,0,Professional Services,North America,SMB,95,Inbound,180,0.4928131416837782,78.16,80.53,0.0017,0.5954,Stable,-1.460000000000008,-0.8400000000000034,-2.3299999999999983,-0.01833710123084662,-0.010632911392405107,-0.02894769536588394,17,58,5,1102,1,58,0,0,0,0,-1.0,-1.0,0.0,-11.0,4.0,-27.0,-77.0,174.0,-615.0,1.0,0.0,-1.0,0.0,0.0,0.0,-0.05555555555555555,-0.05555555555555555,0.0,-0.15942028985507245,0.07407407407407407,-0.3176470588235294,-0.06530958439355386,0.1875,-0.3581828771112405,0.25,0.0,-0.16666666666666666,0.0,0.0,0.0,0,1,0,1,0.0,0.0,0.0,0.0,0.0,,,0.0,0.0,0.0,0.0,0.0,,,1.0,0.0,0.0,0.0,0.0,4.0,33.7,0,0,0,0,CT010761,1,903775.83,903775.83,Annual,True,180.0,185.0,0,0,0
C02924,2025-05-05,0,Government,Europe,Mid-Market,1087,Referral,260,0.7118412046543463,78.5,68.56,-0.0006,0.7926,Stable,1.6299999999999955,4.1299999999999955,5.230000000000004,0.02120463119552485,0.055533145085383824,0.07137982803330155,277,2551,6,46987,5,942,475,453,385,296,33.0,31.0,51.0,354.0,376.0,602.0,3944.0,7105.0,8289.0,-1.0,0.0,0.0,0.0,0.0,0.0,0.13524590163934427,0.12601626016260162,0.22566371681415928,0.16112881201638599,0.1728735632183908,0.30887634684453563,0.09162930093162651,0.17815054410511008,0.21419711613003256,-0.14285714285714285,0.0,0.0,0.0,0.0,0.0,0,0,0,5,0.0,0.0,0.0,0.0,0.0,,,3.0,0.0,0.0,0.0,1.0,3.75,77.53999999999999,3.0,0.0,0.0,0.0,1.0,3.75,77.53999999999999,0,0,0,1,CT002924,1,1847720.5,1847720.5,Annual,True,260.0,105.0,0,0,1
C17459,2024-07-08,0,Logistics,Europe,Mid-Market,1501,Inbound,121,0.33127994524298426,67.82,71.35,-0.2551,1.0902,Declining,-2.8900000000000006,-4.8300000000000125,-6.540000000000006,-0.040871163908923785,-0.06648313833448055,-0.08795051102743419,305,2119,6,39742,4,968,0,501,387,263,-29.0,-40.0,-77.0,-226.0,-437.0,-763.0,-6351.0,-7382.0,-26338.0,0.0,-1.0,0.0,0.0,0.0,0.0,-0.08682634730538923,-0.11594202898550725,-0.20157068062827224,-0.09637526652452026,-0.17097026604068857,-0.2647467036780014,-0.13778664873191157,-0.1566505390034802,-0.3985774818401937,0.0,-0.14285714285714285,0.0,0.0,0.0,0.0,0,1,0,4,0.0,0.0,0.0,0.0,0.0,,,3.0,0.0,0.0,0.0,0.0,4.75,31.4075,3.0,0.0,0.0,0.0,0.0,4.75,31.4075,0,0,0,0,CT017459,1,3785227.19,3785227.19,Annual,True,121.0,244.0,0,0,0
C04343,2025-04-14,0,Telecommunications,Europe,Mid-Market,1428,Direct Sales,337,0.9226557152635181,100.0,74.19,0.2676,0.729,Improving,0.0,0.04999999999999716,0.0,0.0,0.0005002501250625028,0.0,494,3619,5,81565,3,1860,842,917,0,0,28.0,6.0,35.0,74.0,-124.0,115.0,10360.0,14398.0,2861.0,-1.0,-2.0,0.0,0.0,0.0,0.0,0.060085836909871244,0.012295081967213115,0.07625272331154684,0.020874471086036673,-0.033128506545551696,0.03281963470319635,0.14549540060389018,0.21436121905102207,0.036351392559463305,-0.16666666666666666,-0.2857142857142857,0.0,0.0,0.0,0.0,0,0,0,3,0.0,0.0,0.0,0.0,0.0,,,0.0,0.0,0.0,0.0,0.0,,,0.0,0.0,0.0,0.0,0.0,,,0,0,0,0,CT004343,1,3760107.73,7520215.46,Two-year,True,337.0,393.0,0,0,0
C04491,2025-06-02,0,Telecommunications,APAC,SMB,109,Inbound,134,0.3668720054757016,89.12,92.6,-0.0617,0.5306,Stable,0.46999999999999886,-0.009999999999990905,-0.9599999999999937,0.005301748448956558,-0.00011219566924706503,-0.010657193605683768,29,126,6,2439,1,126,0,0,0,0,0.0,0.0,-1.0,38.0,41.0,33.0,1363.0,1140.0,767.0,1.0,4.0,0.0,0.0,0.0,0.0,0.0,0.0,-0.03333333333333333,0.4318181818181818,0.4823529411764706,0.3548387096774194,1.266728624535316,0.8775981524249422,0.45873205741626794,0.2,2.0,0.0,0.0,0.0,0.0,0,0,0,1,0.0,0.0,0.0,0.0,0.0,,,1.0,0.0,0.0,0.0,0.0,5.0,40.03,2.0,0.0,0.0,0.0,1.0,5.0,34.715,0,0,0,0,CT004491,1,348739.25,348739.25,Annual,True,134.0,231.0,0,0,0
C12132,2025-03-24,0,Government,Europe,SMB,109,Inbound,221,0.6050650239561944,61.55,70.65,-0.0019,0.908,Stable,-0.9100000000000037,-4.019999999999996,-3.3200000000000074,-0.01456932436759532,-0.06130852524020126,-0.05117928164020359,14,42,4,718,1,42,0,0,0,0,0.0,-1.0,0.0,-5.0,-12.0,0.0,-1.0,-288.0,-76.0,0.0,-1.0,-1.0,0.0,0.0,0.0,0.0,-0.06666666666666667,0.0,-0.10638297872340426,-0.2222222222222222,0.0,-0.0013908205841446453,-0.28628230616302186,-0.09571788413098237,0.0,-0.2,-0.2,0.0,0.0,0.0,0,0,0,1,1.0,0.0,0.0,0.0,0.0,5.0,20.48,5.0,0.0,0.0,0.0,0.0,4.0,39.526250000000005,6.0,0.0,0.0,0.0,0.0,3.8,73.543,0,0,0,1,CT012132,1,1137533.93,1137533.93,Annual,True,221.0,144.0,0,0,1
C02282,2024-10-14,0,Telecommunications,North America,SMB,87,Referral,2,0.0054757015742642025,91.08,75.13,0.2664,1.1033,Improving,-2.180000000000007,-5.079999999999998,-7.140000000000001,-0.02337550932875838,-0.052828618968386004,-0.07269395235186317,0,0,0,0,0,0,0,0,0,0,0.0,0.0,0.0,0.0,0.0,0.0,0.0,0.0,0.0,0.0,0.0,0.0,0.0,0.0,0.0,,,,,,,,,,,,,,,,0,0,0,4,0.0,0.0,0.0,0.0,0.0,,,0.0,0.0,0.0,0.0,0.0,,,0.0,0.0,0.0,0.0,0.0,,,0,0,0,0,CT002282,1,272519.47,545038.94,Two-year,True,2.0,728.0,0,0,0
C10374,2024-07-22,0,Technology,Europe,SMB,142,Direct Sales,1,0.0027378507871321013,56.51,68.9,-0.0094,0.9254,Stable,-1.2000000000000028,-3.770000000000003,-9.119999999999997,-0.020793623288858133,-0.06254147312541478,-0.13896084107877493,0,0,0,0,0,0,0,0,0,0,0.0,0.0,0.0,0.0,0.0,0.0,0.0,0.0,0.0,0.0,0.0,0.0,0.0,0.0,0.0,,,,,,,,,,,,,,,,0,0,0,2,0.0,0.0,0.0,0.0,0.0,,,0.0,0.0,0.0,0.0,0.0,,,0.0,0.0,0.0,0.0,0.0,,,0,0,0,0,CT010374,1,883365.85,883365.85,Annual,True,1.0,364.0,0,0,0
C11345,2024-07-15,0,Telecommunications,APAC,Mid-Market,427,Direct Sales,152,0.4161533196440794,67.58,78.71,-0.0258,1.141,Stable,-0.9699999999999989,-3.3400000000000034,-2.3900000000000006,-0.014150255288110852,-0.047095318668922775,-0.034157496069744185,55,379,7,7331,3,183,0,127,69,0,0.0,1.0,1.0,15.0,-16.0,12.0,929.0,361.0,1453.0,2.0,0.0,0.0,0.0,0.0,0.0,0.0,0.018518518518518517,0.018518518518518517,0.04120879120879121,-0.04050632911392405,0.0326975476839237,0.1451109028428616,0.05179340028694405,0.2471929227628445,0.4,0.0,0.0,0.0,0.0,0.0,0,0,0,3,1.0,0.0,0.0,0.0,1.0,3.0,12.33,1.0,0.0,0.0,0.0,1.0,3.0,12.33,4.0,0.0,0.0,0.0,3.0,4.0,16.915,0,0,0,0,CT011345,1,1000000.0,3000000.0,Three-year,True,152.0,943.0,0,0,0
C13382,2024-07-01,0,Financial Services,Europe,SMB,136,Referral,30,0.08213552361396304,65.05,53.07,0.1901,0.4601,Improving,0.5799999999999983,2.549999999999997,3.9499999999999957,0.008996432449201152,0.040799999999999954,0.06464811783960712,15,43,6,614,1,43,0,0,0,0,15.0,15.0,15.0,43.0,43.0,43.0,614.0,614.0,614.0,6.0,6.0,6.0,1.0,1.0,1.0,,,,,,,,,,,,,,,,0,0,0,1,2.0,0.0,0.0,0.0,1.0,4.5,38.7,2.0,0.0,0.0,0.0,1.0,4.5,38.7,2.0,0.0,0.0,0.0,1.0,4.5,38.7,0,0,0,0,CT013382,1,200000.0,600000.0,Three-year,True,30.0,1065.0,0,0,0
C13494,2025-05-19,0,Manufacturing,APAC,SMB,107,Partner,234,0.6406570841889117,83.04,76.87,0.0266,0.5592,Stable,0.27000000000001023,1.3200000000000074,4.5,0.0032620514679232845,0.01615271659324532,0.057295645530939646,32,161,7,3227,2,95,66,0,0,0,-1.0,0.0,2.0,-42.0,-11.0,2.0,-845.0,-448.0,231.0,2.0,1.0,0.0,0.0,0.0,0.0,-0.030303030303030304,0.0,0.06666666666666667,-0.20689655172413793,-0.06395348837209303,0.012578616352201259,-0.2075147347740668,-0.1219047619047619,0.07710280373831775,0.4,0.16666666666666666,0.0,0.0,0.0,0.0,1,0,0,2,1.0,0.0,1.0,0.0,1.0,4.0,29.89,1.0,0.0,1.0,0.0,1.0,4.0,29.89,1.0,0.0,1.0,0.0,1.0,4.0,29.89,0,0,0,0,CT013494,1,879243.05,879243.05,Annual,False,234.0,131.0,0,0,1
C17733,2024-07-22,0,Government,APAC,Mid-Market,572,Enterprise Sales,97,0.2655715263518138,67.42,66.74,-0.0229,0.9961,Stable,0.18999999999999773,1.25,-1.1700000000000017,0.0028261192919827116,0.0188907359830739,-0.017057880157457378,89,683,7,12938,4,308,0,154,123,98,0.0,-5.0,6.0,70.0,4.0,112.0,1540.0,197.0,1627.0,0.0,0.0,1.0,0.0,0.0,0.0,0.0,-0.05319148936170213,0.07228915662650602,0.11419249592169657,0.005891016200294551,0.19614711033274956,0.13511142305667662,0.015461894670747978,0.14384227742905137,0.0,0.0,0.16666666666666666,0.0,0.0,0.0,0,0,0,4,1.0,0.0,0.0,0.0,0.0,4.0,18.54,5.0,0.0,1.0,0.0,1.0,4.333333333333333,53.916666666666664,5.0,0.0,1.0,0.0,1.0,4.333333333333333,53.916666666666664,0,0,0,1,CT017733,1,1108214.65,1108214.65,Annual,True,97.0,268.0,0,0,0
C01389,2024-10-14,0,Telecommunications,Latin America,Enterprise,2826,Referral,187,0.5119780971937029,80.83,78.36,0.0613,1.1075,Stable,0.9399999999999977,2.6700000000000017,2.9099999999999966,0.01176617849543119,0.03416069600818836,0.03734599589322377,735,6893,6,138389,5,2536,1301,1345,987,724,14.0,-37.0,-34.0,203.0,-82.0,-318.0,7945.0,7444.0,-5172.0,0.0,0.0,-1.0,0.0,0.0,0.0,0.019417475728155338,-0.04792746113989637,-0.044213263979193757,0.030343796711509715,-0.011756272401433692,-0.04409929274719179,0.06090736254638006,0.05684829508572301,-0.03602649744707825,0.0,0.0,-0.14285714285714285,0.0,0.0,0.0,0,0,0,5,2.0,0.0,2.0,1.0,0.0,3.5,62.11,2.0,0.0,2.0,1.0,0.0,3.5,62.11,4.0,0.0,2.0,1.0,1.0,3.75,44.2825,0,0,0,0,CT001389,1,18140362.92,18140362.92,Annual,True,187.0,178.0,0,0,1
C01123,2025-06-23,0,Education,North America,Mid-Market,302,Enterprise Sales,345,0.944558521560575,50.67,67.5,-0.1381,0.7553,Stable,0.03999999999999915,-0.9699999999999989,-0.6499999999999986,0.0007900454276120708,-0.018783888458559234,-0.012665627435697557,29,140,7,3064,3,82,39,0,19,0,-2.0,-1.0,-5.0,-52.0,-57.0,-20.0,-911.0,-321.0,139.0,0.0,1.0,1.0,0.0,0.0,0.0,-0.06451612903225806,-0.03333333333333333,-0.14705882352941177,-0.2708333333333333,-0.2893401015228426,-0.125,-0.2291823899371069,-0.0948301329394387,0.04752136752136752,0.0,0.16666666666666666,0.16666666666666666,0.0,0.0,0.0,1,0,0,3,2.0,0.0,0.0,0.0,1.0,4.0,24.564999999999998,2.0,0.0,0.0,0.0,1.0,4.0,24.564999999999998,6.0,1.0,0.0,0.0,3.0,4.333333333333333,23.048333333333336,0,0,0,0,CT001123,1,2346680.8,7040042.4,Three-year,True,345.0,750.0,0,0,0
C07111,2025-05-12,0,Manufacturing,North America,Enterprise,5713,Referral,298,0.8158795345653662,69.05,65.18,-0.0007,0.5607,Stable,-0.9000000000000057,-3.5700000000000074,-1.8100000000000023,-0.012866333095067987,-0.04916001101624907,-0.025543324865932856,996,4929,6,98201,2,3155,0,1774,0,0,-11.0,-51.0,-65.0,-256.0,-510.0,-447.0,2586.0,-4017.0,-23490.0,1.0,1.0,0.0,0.0,0.0,0.0,-0.010923535253227408,-0.04871060171919771,-0.061262959472196045,-0.049373191899710706,-0.09376723662437948,-0.08314732142857142,0.02704596559117293,-0.03929836232366119,-0.1930298871732503,0.2,0.2,0.0,0.0,0.0,0.0,0,0,0,2,4.0,1.0,0.0,0.0,2.0,3.75,37.919999999999995,4.0,1.0,0.0,0.0,2.0,3.75,37.92,5.0,1.0,1.0,1.0,2.0,3.8333333333333335,27.19666666666667,0,0,0,0,CT007111,1,26306538.51,52613077.02,Two-year,True,298.0,432.0,0,0,0
C00674,2025-02-03,0,Retail,Europe,Mid-Market,1279,Enterprise Sales,237,0.648870636550308,67.54,61.83,0.0081,0.7466,Stable,0.37000000000000455,0.29000000000000625,-0.46999999999999886,0.00550841149322621,0.0043122676579926585,-0.0069107484193500785,248,1641,7,32533,3,825,401,415,0,0,0.0,-19.0,-6.0,58.0,-169.0,20.0,4563.0,-4146.0,-2163.0,1.0,0.0,0.0,0.0,0.0,0.0,0.0,-0.07116104868913857,-0.023622047244094488,0.03663929248262792,-0.09337016574585635,0.012338062924120914,0.16313907758312476,-0.11303470650781101,-0.062341480285911924,0.16666666666666666,0.0,0.0,0.0,0.0,0.0,0,0,0,3,0.0,0.0,0.0,0.0,0.0,,,1.0,0.0,0.0,0.0,0.0,4.0,57.39,2.0,0.0,0.0,0.0,0.0,4.0,47.995000000000005,0,0,0,0,CT000674,1,4719992.0,4719992.0,Annual,True,237.0,128.0,0,0,1
C07480,2025-02-03,0,Government,APAC,Enterprise,3695,Inbound,73,0.1998631074606434,77.37,69.26,-0.056,0.7419,Stable,1.2700000000000102,3.1000000000000085,3.5600000000000023,0.016688567674113145,0.04173959876127654,0.04823194689066525,722,3694,6,71431,2,2473,1221,0,0,0,3.0,54.0,722.0,-94.0,355.0,3694.0,-871.0,4194.0,71431.0,-1.0,-1.0,6.0,0.0,0.0,2.0,0.004172461752433936,0.08083832335329341,,-0.02481520591341077,0.10631925726265348,,-0.012046693037536997,0.06237637015333819,,-0.14285714285714285,-0.14285714285714285,,0.0,0.0,,0,0,0,2,2.0,1.0,0.0,1.0,0.0,3.5,32.04,3.0,1.0,0.0,1.0,0.0,3.6666666666666665,49.126666666666665,5.0,1.0,0.0,1.0,2.0,3.875,41.692499999999995,0,0,0,0,CT007480,1,24393299.16,24393299.16,Annual,True,73.0,292.0,0,0,0
C17234,2025-09-15,0,Technology,APAC,Mid-Market,1068,Inbound,616,1.6865160848733745,41.54,83.78,-0.2479,0.8238,Declining,0.6700000000000017,-2.530000000000001,-5.5,0.016393442622950862,-0.05740866802813708,-0.116921768707483,70,188,3,3462,1,188,0,0,0,0,-12.0,-20.0,-22.0,-48.0,-107.0,-53.0,-2060.0,-1347.0,-312.0,-1.0,0.0,-1.0,0.0,0.0,0.0,-0.14634146341463414,-0.2222222222222222,-0.2391304347826087,-0.2033898305084746,-0.36271186440677966,-0.21991701244813278,-0.373053241579138,-0.2800998128509046,-0.08267090620031796,-0.25,0.0,-0.25,0.0,0.0,0.0,1,0,0,1,0.0,0.0,0.0,0.0,0.0,,,1.0,0.0,1.0,0.0,0.0,3.0,20.55,1.0,0.0,1.0,0.0,0.0,3.0,20.55,0,0,1,0,CT017234,1,7706372.6,15412745.2,Two-year,True,616.0,114.0,0,0,1
C13676,2025-09-15,0,Manufacturing,North America,Enterprise,2001,Inbound,251,0.6872005475701575,94.67,90.36,-0.0084,1.0734,Stable,-0.769999999999996,0.12000000000000455,0.0,-0.008067896060352011,0.0012691697514543051,0.0,583,4125,7,82984,3,2162,0,1160,803,0,-22.0,0.0,50.0,-231.0,146.0,400.0,6295.0,14114.0,11081.0,1.0,1.0,1.0,0.0,0.0,0.0,-0.03636363636363636,0.0,0.09380863039399624,-0.05303030303030303,0.03669263634078914,0.10738255033557047,0.08208478399770501,0.20493683751996516,0.15411039873162455,0.16666666666666666,0.16666666666666666,0.16666666666666666,0.0,0.0,0.0,0,0,0,3,1.0,0.0,0.0,0.0,1.0,5.0,6.36,2.0,1.0,0.0,0.0,2.0,4.5,22.095,4.0,1.0,0.0,0.0,2.0,4.5,46.669999999999995,0,0,0,0,CT013676,1,12617903.17,12617903.17,Annual,True,251.0,114.0,0,0,1
C06015,2024-06-10,0,Healthcare,North America,SMB,219,Inbound,143,0.3915126625598905,73.99,66.32,0.0097,0.7006,Stable,-0.10000000000000853,1.6999999999999886,3.6999999999999886,-0.001349709812390451,0.02351639230875624,0.0526390667235736,24,97,7,1811,2,76,0,0,0,21,0.0,3.0,2.0,-2.0,10.0,3.0,247.0,-37.0,155.0,2.0,1.0,2.0,0.0,0.0,0.0,0.0,0.14285714285714285,0.09090909090909091,-0.020202020202020204,0.11494252873563218,0.031914893617021274,0.15792838874680307,-0.02002164502164502,0.09359903381642512,0.4,0.16666666666666666,0.4,0.0,0.0,0.0,0,0,0,2,0.0,0.0,0.0,0.0,0.0,,,0.0,0.0,0.0,0.0,0.0,,,1.0,0.0,0.0,0.0,0.0,4.0,50.41,0,0,0,1,CT006015,1,214454.98,214454.98,Annual,True,143.0,222.0,0,0,0
C17827,2024-11-04,0,Technology,Middle East,SMB,52,Partner,191,0.5229295003422314,92.09,72.1,0.2868,0.6217,Improving,0.980000000000004,1.7900000000000063,3.490000000000009,0.010756228734496807,0.01982281284606873,0.03939051918735902,11,79,7,1403,3,39,0,19,21,0,-1.0,0.0,1.0,10.0,-5.0,18.0,313.0,-122.0,335.0,2.0,1.0,0.0,0.0,0.0,0.0,-0.08333333333333333,0.0,0.1,0.14492753623188406,-0.05952380952380952,0.29508196721311475,0.2871559633027523,-0.08,0.3136704119850187,0.4,0.16666666666666666,0.0,0.0,0.0,0.0,0,0,0,3,1.0,0.0,0.0,0.0,0.0,3.0,27.35,1.0,0.0,0.0,0.0,0.0,3.0,27.35,2.0,0.0,0.0,0.0,1.0,4.0,22.345,0,0,0,0,CT017827,1,219319.01,219319.01,Annual,False,191.0,174.0,0,0,1
C09713,2025-09-22,0,Logistics,Middle East,Enterprise,15233,Enterprise Sales,28,0.07665982203969883,62.14,62.65,-0.0715,0.9345,Stable,1.0200000000000031,0.5600000000000023,0.45000000000000284,0.016688481675392722,0.009093861643390749,0.007294537202139777,2405,16879,7,327597,4,7892,0,4012,2850,2125,2405.0,2405.0,2405.0,16879.0,16879.0,16879.0,327597.0,327597.0,327597.0,7.0,7.0,7.0,4.0,4.0,4.0,,,,,,,,,,,,,,,,0,0,0,4,1.0,1.0,0.0,0.0,0.0,4.0,38.06,1.0,1.0,0.0,0.0,0.0,4.0,38.06,1.0,1.0,0.0,0.0,0.0,4.0,38.06,0,0,0,0,CT009713,1,36055021.87,36055021.87,Annual,True,28.0,337.0,0,0,0
C03360,2025-08-11,0,Manufacturing,North America,Mid-Market,645,Partner,187,0.5119780971937029,77.95,76.66,0.0453,0.931,Stable,0.28000000000000114,2.8299999999999983,2.010000000000005,0.003604995493755647,0.03767305644302447,0.026468264419278447,163,1106,5,21579,3,617,0,297,0,192,18.0,8.0,8.0,204.0,111.0,150.0,5273.0,2275.0,2803.0,-1.0,-1.0,-2.0,0.0,0.0,0.0,0.12413793103448276,0.05161290322580645,0.05161290322580645,0.2261640798226164,0.11155778894472362,0.15690376569037656,0.32337789770636577,0.11785122254455035,0.14928632296548786,-0.16666666666666666,-0.16666666666666666,-0.2857142857142857,0.0,0.0,0.0,0,0,0,3,1.0,0.0,0.0,0.0,0.0,4.0,22.56,1.0,0.0,0.0,0.0,0.0,4.0,22.56,4.0,1.0,0.0,0.0,0.0,3.8333333333333335,65.36333333333333,0,0,0,1,CT003360,1,4666763.45,9333526.9,Two-year,True,187.0,543.0,0,0,0
C14512,2025-06-02,0,Financial Services,North America,Enterprise,6025,Direct Sales,101,0.27652292950034224,33.49,67.38,-0.2425,0.5211,Declining,-0.8699999999999974,-1.9099999999999966,-3.8399999999999963,-0.025320139697322393,-0.053954802259886914,-0.10286632735065622,434,3220,7,61270,5,1177,584,632,467,360,-5.0,-17.0,-52.0,46.0,-19.0,-395.0,-7871.0,-1939.0,-7643.0,0.0,0.0,0.0,0.0,0.0,0.0,-0.011389521640091117,-0.037694013303769404,-0.10699588477366255,0.014492753623188406,-0.005866008027168879,-0.10926694329183956,-0.1138398345410104,-0.03067601132750083,-0.11090795640880531,0.0,0.0,0.0,0.0,0.0,0.0,0,0,0,5,2.0,1.0,0.0,0.0,1.0,4.0,27.415,4.0,1.0,0.0,0.0,3.0,3.75,19.5475,6.0,1.0,1.0,0.0,5.0,3.8333333333333335,18.628333333333334,0,0,0,0,CT014512,1,28327191.69,84981575.07,Three-year,True,101.0,994.0,0,0,0
C11845,2025-09-01,0,Technology,Europe,SMB,214,Enterprise Sales,92,0.2518822724161533,87.26,84.47,0.0298,0.6902,Stable,-0.23999999999999488,-0.2599999999999909,-1.1799999999999926,-0.0027428571428570843,-0.002970749542961505,-0.013342379014020722,45,173,5,3173,1,173,0,0,0,0,3.0,-2.0,-6.0,7.0,5.0,-9.0,-103.0,790.0,586.0,0.0,-1.0,1.0,0.0,0.0,0.0,0.07142857142857142,-0.0425531914893617,-0.11764705882352941,0.04216867469879518,0.02976190476190476,-0.04945054945054945,-0.03144078144078144,0.331514897188418,0.22651720139157325,0.0,-0.16666666666666666,0.25,0.0,0.0,0.0,0,0,0,1,1.0,1.0,0.0,0.0,1.0,5.0,18.86,2.0,1.0,0.0,0.0,1.0,5.0,24.799999999999997,3.0,1.0,0.0,0.0,1.0,5.0,27.38,0,0,0,0,CT011845,1,242493.33,242493.33,Annual,True,92.0,273.0,0,0,0
C03654,2025-01-27,0,Logistics,Europe,SMB,188,Direct Sales,313,0.8569472963723477,90.0,82.19,-0.0416,0.7945,Stable,2.230000000000004,2.1700000000000017,5.299999999999997,0.025407314572177327,0.024706819993168642,0.06257378984651708,46,249,7,4635,2,177,72,0,0,0,2.0,5.0,5.0,-21.0,18.0,33.0,-629.0,363.0,339.0,0.0,1.0,0.0,0.0,0.0,0.0,0.045454545454545456,0.12195121951219512,0.12195121951219512,-0.07777777777777778,0.07792207792207792,0.1527777777777778,-0.11949088145896657,0.08497191011235955,0.07891061452513966,0.0,0.16666666666666666,0.0,0.0,0.0,0.0,0,0,0,2,0.0,0.0,0.0,0.0,0.0,,,1.0,1.0,0.0,1.0,0.0,4.0,8.7,1.0,1.0,0.0,1.0,0.0,4.0,8.7,0,0,0,0,CT003654,1,605951.53,605951.53,Annual,True,313.0,52.0,0,1,1
C00540,2025-04-21,1,Professional Services,North America,Mid-Market,672,Inbound,175,0.4791238877481177,32.6,67.13,-0.3622,1.0786,Declining,1.3500000000000014,1.240000000000002,-1.0700000000000003,0.043200000000000044,0.03954081632653068,-0.03177903177903178,42,252,6,4685,3,133,65,0,54,0,-1.0,-1.0,1.0,24.0,5.0,42.0,527.0,-587.0,584.0,-1.0,0.0,0.0,0.0,0.0,0.0,-0.023255813953488372,-0.023255813953488372,0.024390243902439025,0.10526315789473684,0.020242914979757085,0.2,0.12674362674362674,-0.11134294385432474,0.1424042916361863,-0.14285714285714285,0.0,0.0,0.0,0.0,0.0,0,0,0,3,0.0,0.0,0.0,0.0,0.0,,,1.0,0.0,0.0,0.0,1.0,4.0,19.07,3.0,0.0,0.0,0.0,2.0,3.6666666666666665,44.830000000000005,0,0,0,0,CT000540,1,3615178.93,3615178.93,Annual,False,175.0,190.0,0,0,0
C11213,2025-09-01,0,Financial Services,Middle East,SMB,67,Inbound,99,0.27104722792607805,99.56,96.85,0.0531,0.6445,Stable,-0.4399999999999977,0.5600000000000023,-0.4399999999999977,-0.004399999999999977,0.005656565656565679,-0.004399999999999977,18,73,6,1318,1,73,0,0,0,0,-2.0,0.0,-1.0,-13.0,6.0,8.0,161.0,21.0,212.0,2.0,0.0,3.0,0.0,0.0,0.0,-0.1,0.0,-0.05263157894736842,-0.1511627906976744,0.08955223880597014,0.12307692307692308,0.13915298184961106,0.016191210485736313,0.19168173598553345,0.5,0.0,1.0,0.0,0.0,0.0,0,0,0,1,1.0,0.0,0.0,0.0,0.0,5.0,43.19,1.0,0.0,0.0,0.0,0.0,5.0,43.19,1.0,0.0,0.0,0.0,0.0,5.0,43.19,0,0,0,0,CT011213,1,729961.85,729961.85,Annual,False,99.0,266.0,0,0,0
C11101,2025-02-03,0,Healthcare,Middle East,Enterprise,4577,Referral,94,0.25735797399041754,96.84,84.15,0.2366,0.7592,Improving,-0.8400000000000034,1.3599999999999994,2.6400000000000006,-0.008599508599508634,0.014243820695433592,0.028025477707006374,1577,12008,7,218234,3,6085,2805,3118,0,0,-1.0,45.0,66.0,-149.0,522.0,803.0,-20471.0,2921.0,-1970.0,0.0,0.0,2.0,0.0,0.0,0.0,-0.0006337135614702154,0.0293733681462141,0.04367968232958306,-0.012256313235173151,0.04544663068082883,0.07166443551985721,-0.08575857229634905,0.013566296507874583,-0.008946249841056474,0.0,0.0,0.4,0.0,0.0,0.0,0,0,0,3,1.0,0.0,0.0,0.0,0.0,4.0,156.79,1.0,0.0,0.0,0.0,0.0,4.0,156.79,2.0,0.0,0.0,0.0,0.0,4.0,137.51,0,0,0,1,CT011101,1,26792422.33,80377266.99,Three-year,True,94.0,1001.0,0,0,0
C01029,2025-03-10,0,Education,North America,Mid-Market,298,Direct Sales,313,0.8569472963723477,46.32,74.95,-0.2068,0.6649,Declining,0.11999999999999744,0.6499999999999986,-1.4699999999999989,0.002597402597402542,0.014232537770965592,-0.030759573132454466,45,267,7,4787,4,111,41,63,52,0,3.0,3.0,2.0,-19.0,-53.0,-64.0,-756.0,-1372.0,-1204.0,0.0,1.0,1.0,0.0,0.0,0.0,0.07142857142857142,0.07142857142857142,0.046511627906976744,-0.06643356643356643,-0.165625,-0.1933534743202417,-0.13638823741656142,-0.222763435622666,-0.20096811884493407,0.0,0.16666666666666666,0.16666666666666666,0.0,0.0,0.0,0,0,0,4,0.0,0.0,0.0,0.0,0.0,,,0.0,0.0,0.0,0.0,0.0,,,3.0,0.0,0.0,0.0,1.0,3.5,39.67000000000001,0,0,0,0,CT001029,1,10000000.0,10000000.0,Annual,True,313.0,52.0,0,1,1
C07483,2025-02-10,0,Telecommunications,Europe,Mid-Market,1123,Inbound,223,0.6105407255304586,98.51,76.18,0.0797,0.9488,Stable,-0.05999999999998806,1.4699999999999989,1.8000000000000114,-0.0006087044739777627,0.01514839241549875,0.018612346189639247,398,3000,7,60818,3,1529,695,776,0,0,5.0,0.0,13.0,77.0,-93.0,43.0,-2412.0,-5705.0,10134.0,0.0,0.0,0.0,0.0,0.0,0.0,0.01272264631043257,0.0,0.033766233766233764,0.026342798494697228,-0.030067895247332686,0.014541765302671627,-0.0381464494701882,-0.08575981239571276,0.19994475574145687,0.0,0.0,0.0,0.0,0.0,0.0,0,0,0,3,0.0,0.0,0.0,0.0,0.0,,,0.0,0.0,0.0,0.0,0.0,,,0.0,0.0,0.0,0.0,0.0,,,0,0,0,0,CT007483,1,4810576.08,4810576.08,Annual,True,223.0,142.0,0,0,1
C15688,2025-04-14,0,Government,Europe,SMB,30,Inbound,244,0.6680355920602327,72.44,87.53,-0.0474,1.0794,Stable,-2.5799999999999983,-7.170000000000002,-4.950000000000003,-0.03439082911223672,-0.09006406230373071,-0.06396175216436235,5,23,5,419,3,15,4,0,0,4,0.0,0.0,0.0,-24.0,-10.0,-13.0,-619.0,-201.0,-299.0,-2.0,0.0,-1.0,0.0,0.0,0.0,0.0,0.0,0.0,-0.5106382978723404,-0.30303030303030304,-0.3611111111111111,-0.5963391136801541,-0.3241935483870968,-0.41643454038997213,-0.2857142857142857,0.0,-0.16666666666666666,0.0,0.0,0.0,1,1,0,3,1.0,0.0,0.0,0.0,0.0,5.0,18.88,1.0,0.0,0.0,0.0,0.0,5.0,18.88,1.0,0.0,0.0,0.0,0.0,5.0,18.88,0,0,0,0,CT015688,1,202710.76,202710.76,Annual,True,244.0,121.0,0,0,1
C13176,2024-10-21,0,Healthcare,Europe,SMB,18,Enterprise Sales,158,0.432580424366872,69.71,64.9,0.0068,1.0365,Stable,-1.5300000000000011,0.3299999999999983,-2.5700000000000074,-0.02147669848399777,0.004756413952147568,-0.03555617044825688,2,13,5,222,3,3,2,0,8,0,0.0,0.0,0.0,3.0,5.0,7.0,58.0,74.0,119.0,-1.0,1.0,0.0,0.0,1.0,1.0,0.0,0.0,0.0,0.3,0.625,1.1666666666666667,0.35365853658536583,0.5,1.1553398058252426,-0.16666666666666666,0.25,0.0,0.0,0.5,0.5,0,0,0,3,0.0,0.0,0.0,0.0,0.0,,,0.0,0.0,0.0,0.0,0.0,,,1.0,0.0,0.0,0.0,0.0,4.0,37.93,0,0,0,0,CT013176,1,1020328.88,1020328.88,Annual,True,158.0,207.0,0,0,0
C15215,2025-07-14,0,Manufacturing,Europe,SMB,250,Inbound,337,0.9226557152635181,32.51,69.18,-0.2459,0.9657,Declining,0.8699999999999974,3.039999999999999,3.049999999999997,0.027496839443742017,0.1031557516118086,0.10353021045485394,11,41,6,715,2,35,0,0,0,6,0.0,0.0,0.0,-6.0,-9.0,14.0,-289.0,-169.0,200.0,2.0,-1.0,2.0,0.0,0.0,0.0,0.0,0.0,0.0,-0.1276595744680851,-0.18,0.5185185185185185,-0.28784860557768926,-0.19117647058823528,0.3883495145631068,0.5,-0.14285714285714285,0.5,0.0,0.0,0.0,1,0,0,2,0.0,0.0,0.0,0.0,0.0,,,1.0,0.0,0.0,0.0,0.0,4.0,42.51,3.0,0.0,0.0,0.0,1.0,3.5,37.99,0,0,0,0,CT015215,1,424998.74,424998.74,Annual,True,337.0,28.0,1,1,1
C12429,2025-07-07,0,Retail,North America,Enterprise,9360,Inbound,155,0.4243668720054757,98.79,86.97,-0.0514,0.8572,Stable,0.030000000000001137,1.460000000000008,2.6400000000000006,0.0003037667071689058,0.01500051371622324,0.02745709828393136,3552,32173,7,715799,4,13466,6689,6826,5192,0,-126.0,-144.0,8.0,-906.0,-977.0,336.0,23993.0,82465.0,138918.0,1.0,1.0,0.0,0.0,0.0,0.0,-0.03425774877650897,-0.03896103896103896,0.002257336343115124,-0.027388977901387588,-0.02947209653092006,0.010553758205861106,0.034681688218951554,0.13020775767604456,0.24080876298578044,0.16666666666666666,0.16666666666666666,0.0,0.0,0.0,0.0,0,0,0,4,1.0,0.0,0.0,0.0,0.0,4.0,100.34,3.0,0.0,0.0,0.0,1.0,4.0,56.410000000000004,6.0,0.0,0.0,0.0,1.0,4.375,50.55375,0,0,0,1,CT012429,1,21022393.65,42044787.3,Two-year,True,155.0,575.0,0,0,0
C12943,2025-04-28,0,Financial Services,North America,Mid-Market,373,Referral,267,0.731006160164271,68.15,74.13,-0.0243,0.4693,Stable,2.7700000000000102,2.010000000000005,1.5800000000000125,0.042367696543285566,0.030390081644995542,0.02373441490160752,47,278,7,5890,3,161,79,0,0,38,1.0,0.0,2.0,57.0,38.0,7.0,1268.0,1493.0,642.0,2.0,0.0,0.0,0.0,0.0,0.0,0.021739130434782608,0.0,0.044444444444444446,0.2579185520361991,0.15833333333333333,0.025830258302583026,0.2743401125054089,0.3395496929724812,0.12233231707317073,0.4,0.0,0.0,0.0,0.0,0.0,0,0,0,3,1.0,0.0,0.0,0.0,1.0,3.0,15.59,3.0,0.0,0.0,0.0,1.0,3.6666666666666665,55.830000000000005,3.0,0.0,0.0,0.0,1.0,3.6666666666666665,55.82999999999999,0,0,0,1,CT012943,1,1306722.6,2613445.2,Two-year,True,267.0,463.0,0,0,0
C17271,2025-04-07,0,Government,Middle East,SMB,57,Direct Sales,124,0.3394934976043806,100.0,68.15,0.3491,0.5433,Improving,0.9500000000000028,2.280000000000001,1.8599999999999994,0.009591115598182764,0.023331968890708158,0.01895251681271652,11,49,3,992,2,31,0,18,0,0,0.0,0.0,0.0,-35.0,-6.0,-25.0,-683.0,-39.0,-493.0,-4.0,-2.0,-4.0,0.0,0.0,0.0,0.0,0.0,0.0,-0.4166666666666667,-0.10909090909090909,-0.33783783783783783,-0.4077611940298507,-0.037827352085354024,-0.331986531986532,-0.5714285714285714,-0.4,-0.5714285714285714,0.0,0.0,0.0,1,1,0,2,0.0,0.0,0.0,0.0,0.0,,,0.0,0.0,0.0,0.0,0.0,,,0.0,0.0,0.0,0.0,0.0,,,0,0,0,0,CT017271,1,493977.43,493977.43,Annual,True,124.0,241.0,0,0,0
C05694,2024-11-18,0,Manufacturing,Middle East,Enterprise,25555,Partner,127,0.34770704996577684,99.37,89.37,0.2427,1.1297,Improving,-0.47999999999998977,-0.6299999999999955,2.3400000000000034,-0.004807210816224234,-0.006299999999999955,0.024116252705348895,15244,126993,5,2440638,4,58255,0,30129,21931,16678,107.0,441.0,364.0,2071.0,6322.0,6968.0,526385.0,115319.0,-43293.0,-1.0,-2.0,-2.0,0.0,0.0,0.0,0.007068771883464359,0.02979125852867662,0.02446236559139785,0.01657834488720962,0.05239038377074856,0.05805457196417413,0.27498193812416644,0.0495927655517372,-0.01742922810657784,-0.16666666666666666,-0.2857142857142857,-0.2857142857142857,0.0,0.0,0.0,0,0,0,4,2.0,0.0,0.0,1.0,1.0,4.5,21.385,2.0,0.0,0.0,1.0,1.0,4.5,21.385,2.0,0.0,0.0,1.0,1.0,4.5,21.385,0,0,0,0,CT005694,1,100000000.0,100000000.0,Annual,True,127.0,238.0,0,0,0
C16871,2025-08-25,0,Telecommunications,Latin America,Enterprise,4536,Enterprise Sales,265,0.7255304585900069,37.01,64.14,-0.025,1.1775,Stable,-0.10000000000000142,-2.0,-4.140000000000001,-0.002694691457828117,-0.051268905408869525,-0.1006075334143378,278,2203,5,45683,5,778,430,459,303,233,0.0,-54.0,-62.0,220.0,-284.0,-450.0,7963.0,-5185.0,-1886.0,-1.0,-2.0,-1.0,0.0,0.0,0.0,0.0,-0.16265060240963855,-0.18235294117647058,0.11094301563287948,-0.11419380780056293,-0.16961929890689786,0.21110816542948038,-0.10193048675001966,-0.0396476697008556,-0.16666666666666666,-0.2857142857142857,-0.16666666666666666,0.0,0.0,0.0,0,0,0,5,1.0,0.0,0.0,0.0,1.0,4.0,17.33,7.0,0.0,0.0,0.0,2.0,3.8333333333333335,46.55958333333332,12.0,0.0,1.0,0.0,4.0,3.8095238095238098,41.70309523809523,1,0,0,0,CT016871,1,18867293.8,18867293.8,Annual,True,265.0,100.0,0,0,1
C08524,2024-09-16,0,Retail,Europe,SMB,91,Partner,33,0.09034907597535935,61.13,70.58,0.0095,0.8041,Stable,-1.0700000000000003,-2.029999999999994,-2.0799999999999983,-0.017202572347266885,-0.03214059531348946,-0.032906185730105966,9,37,7,590,1,37,0,0,0,0,9.0,9.0,9.0,37.0,37.0,37.0,590.0,590.0,590.0,7.0,7.0,7.0,1.0,1.0,1.0,,,,,,,,,,,,,,,,0,0,0,1,0.0,0.0,0.0,0.0,0.0,,,0.0,0.0,0.0,0.0,0.0,,,0.0,0.0,0.0,0.0,0.0,,,0,0,0,0,CT008524,1,242339.91,242339.91,Annual,True,33.0,332.0,0,0,0
C15938,2024-12-30,0,Telecommunications,North America,Mid-Market,1311,Inbound,106,0.29021218343600275,99.79,74.21,0.3858,0.9448,Improving,-0.18999999999999773,-0.20999999999999375,1.0100000000000051,-0.0019003800760151802,-0.0020999999999999374,0.010224741850577092,357,1345,6,18768,1,1345,0,0,0,0,27.0,15.0,23.0,87.0,34.0,153.0,-5677.0,-1083.0,-2331.0,0.0,0.0,0.0,0.0,0.0,0.0,0.08181818181818182,0.043859649122807015,0.0688622754491018,0.06915739268680444,0.02593440122044241,0.12835570469798657,-0.23223563100838618,-0.054556445519117425,-0.11047916962889237,0.0,0.0,0.0,0.0,0.0,0.0,1,0,0,1,0.0,0.0,0.0,0.0,0.0,,,0.0,0.0,0.0,0.0,0.0,,,0.0,0.0,0.0,0.0,0.0,,,0,0,0,0,CT015938,1,4480731.57,4480731.57,Annual,True,106.0,259.0,0,0,0
C16172,2025-06-30,0,Logistics,North America,SMB,162,Partner,161,0.4407939767282683,37.8,83.91,-0.3385,0.5779,Declining,-0.6500000000000057,-4.230000000000004,-5.8700000000000045,-0.016905071521456583,-0.100642398286938,-0.13441722005953755,7,35,7,659,2,25,10,0,0,0,0.0,-2.0,-2.0,10.0,-15.0,-14.0,105.0,-237.0,-182.0,1.0,2.0,0.0,0.0,0.0,0.0,0.0,-0.2222222222222222,-0.2222222222222222,0.4,-0.3,-0.2857142857142857,0.18953068592057762,-0.26450892857142855,-0.2164090368608799,0.16666666666666666,0.4,0.0,0.0,0.0,0.0,0,0,0,2,0.0,0.0,0.0,0.0,0.0,,,1.0,0.0,0.0,0.0,0.0,4.0,51.09,1.0,0.0,0.0,0.0,0.0,4.0,51.09,0,0,0,1,CT016172,1,703035.86,703035.86,Annual,False,161.0,204.0,0,0,0
C07990,2025-05-19,0,Financial Services,APAC,Enterprise,3924,Partner,80,0.2190280629705681,38.91,71.32,-0.2609,0.5803,Declining,0.13999999999999346,-1.0600000000000023,-2.1200000000000045,0.003611039463502539,-0.026519889917438137,-0.05166951011455044,201,1593,7,29724,5,567,296,328,229,173,-14.0,-20.0,201.0,48.0,-174.0,1593.0,-559.0,-4803.0,29724.0,0.0,1.0,7.0,0.0,0.0,5.0,-0.06511627906976744,-0.09049773755656108,,0.031067961165048542,-0.09847198641765705,,-0.018459201532212793,-0.13910852376401078,,0.0,0.16666666666666666,,0.0,0.0,,0,0,0,5,0.0,0.0,0.0,0.0,0.0,,,2.0,0.0,0.0,0.0,0.0,3.5,55.400000000000006,4.0,0.0,0.0,0.0,0.0,3.75,54.825,0,0,0,1,CT007990,1,9119780.37,9119780.37,Annual,False,80.0,285.0,0,0,0
C16753,2025-01-27,0,Logistics,North America,SMB,13,Direct Sales,0,0.0,68.62,74.02,0.0114,1.1239,Stable,-3.319999999999993,-1.4399999999999977,-6.299999999999997,-0.046149569085348806,-0.02055381101912643,-0.08408969567538704,0,0,0,0,0,0,0,0,0,0,0.0,0.0,0.0,0.0,0.0,0.0,0.0,0.0,0.0,0.0,0.0,0.0,0.0,0.0,0.0,,,,,,,,,,,,,,,,0,0,0,2,0.0,0.0,0.0,0.0,0.0,,,0.0,0.0,0.0,0.0,0.0,,,0.0,0.0,0.0,0.0,0.0,,,0,0,0,0,CT016753,1,395556.29,395556.29,Annual,True,0.0,365.0,0,0,0
C15508,2025-01-20,0,Technology,Europe,Mid-Market,1732,Enterprise Sales,307,0.840520191649555,62.58,74.11,-0.0645,0.9893,Stable,-1.0300000000000011,-3.530000000000001,-5.439999999999998,-0.016192422575066832,-0.05339585539252762,-0.07997647750661567,309,2342,5,44446,4,1062,483,531,0,266,-4.0,-23.0,-22.0,102.0,-143.0,-144.0,-2280.0,-3726.0,-5828.0,-1.0,-2.0,-1.0,0.0,0.0,0.0,-0.012779552715654952,-0.06927710843373494,-0.06646525679758308,0.045535714285714284,-0.05754527162977867,-0.057924376508447305,-0.04879510336857424,-0.07734783691771153,-0.11592473246608585,-0.16666666666666666,-0.2857142857142857,-0.16666666666666666,0.0,0.0,0.0,0,0,0,4,1.0,0.0,0.0,0.0,0.0,4.0,23.42,1.0,0.0,0.0,0.0,0.0,4.0,23.42,1.0,0.0,0.0,0.0,0.0,4.0,23.42,0,0,0,0,CT015508,1,3434276.35,6868552.7,Two-year,True,307.0,423.0,0,0,0
C17389,2024-06-17,0,Financial Services,Europe,Mid-Market,1024,Enterprise Sales,47,0.12867898699520877,87.77,65.5,0.0309,0.8447,Stable,-0.030000000000001137,3.1299999999999955,6.079999999999998,-0.00034168564920274646,0.0369801512287334,0.07442771453054227,213,1527,7,26235,3,794,0,423,310,0,14.0,213.0,213.0,125.0,1527.0,1527.0,-519.0,26235.0,26235.0,1.0,7.0,7.0,0.0,3.0,3.0,0.07035175879396985,,,0.0891583452211127,,,-0.019398968378560217,,,0.16666666666666666,,,0.0,,,0,0,0,3,0.0,0.0,0.0,0.0,0.0,,,0.0,0.0,0.0,0.0,0.0,,,0.0,0.0,0.0,0.0,0.0,,,0,0,0,0,CT017389,1,1052794.75,1052794.75,Annual,True,47.0,318.0,0,0,0
C09576,2025-06-02,0,Telecommunications,Europe,Mid-Market,1476,Referral,104,0.28473648186173856,56.23,81.73,-0.2378,1.0958,Declining,-5.520000000000003,-5.960000000000001,-4.490000000000002,-0.08939271255060734,-0.09583534330278182,-0.07394598155467724,218,1117,7,24272,3,626,303,0,0,188,-32.0,-39.0,-35.0,-351.0,-270.0,-434.0,-3469.0,-5362.0,-4230.0,2.0,1.0,0.0,0.0,0.0,0.0,-0.128,-0.1517509727626459,-0.1383399209486166,-0.2391008174386921,-0.1946647440519106,-0.279819471308833,-0.12504956562488734,-0.18094081123034353,-0.14841063784997544,0.4,0.16666666666666666,0.0,0.0,0.0,0.0,0,0,0,3,0.0,0.0,0.0,0.0,0.0,,,1.0,0.0,0.0,0.0,0.0,3.0,39.69,2.0,0.0,0.0,0.0,0.0,3.5,38.62,0,0,0,0,CT009576,1,6880330.27,6880330.27,Annual,True,104.0,261.0,0,0,0
C00979,2024-06-17,0,Financial Services,North America,SMB,103,Referral,139,0.3805612594113621,68.55,60.83,-0.0145,1.057,Stable,-1.1700000000000017,-0.060000000000002274,0.12999999999999545,-0.01678141135972464,-0.0008745080891998583,0.0019000292312188753,19,86,5,1545,2,52,34,0,0,0,1.0,1.0,1.0,-8.0,-8.0,2.0,-383.0,-247.0,-96.0,-1.0,-1.0,0.0,0.0,0.0,0.0,0.05555555555555555,0.05555555555555555,0.05555555555555555,-0.0851063829787234,-0.0851063829787234,0.023809523809523808,-0.19865145228215766,-0.13783482142857142,-0.05850091407678245,-0.16666666666666666,-0.16666666666666666,0.0,0.0,0.0,0.0,1,0,0,2,0.0,0.0,0.0,0.0,0.0,,,2.0,0.0,0.0,0.0,0.0,4.0,23.805,2.0,0.0,0.0,0.0,0.0,4.0,23.805,0,0,0,0,CT000979,1,334640.73,334640.73,Annual,True,139.0,226.0,0,0,0
C16605,2025-04-28,0,Professional Services,APAC,Mid-Market,345,Referral,334,0.9144421629021219,50.2,67.98,0.0149,1.0685,Stable,-0.00999999999999801,0.6400000000000006,-0.9199999999999946,-0.000199163513244334,0.012913640032284112,-0.01799687010954606,40,183,5,3179,2,100,83,0,0,0,1.0,1.0,-4.0,5.0,11.0,-23.0,45.0,-163.0,-795.0,0.0,0.0,-2.0,0.0,0.0,0.0,0.02564102564102564,0.02564102564102564,-0.09090909090909091,0.028089887640449437,0.06395348837209303,-0.11165048543689321,0.014358647096362476,-0.04877318970676242,-0.2000503271263211,0.0,0.0,-0.2857142857142857,0.0,0.0,0.0,0,0,0,2,2.0,1.0,0.0,0.0,0.0,4.0,39.665000000000006,4.0,1.0,0.0,0.0,0.0,3.75,35.22,5.0,1.0,0.0,0.0,1.0,3.8,34.336,0,0,0,0,CT016605,1,10000000.0,20000000.0,Two-year,False,334.0,396.0,0,0,0
C12111,2025-06-23,0,Technology,Middle East,SMB,139,Inbound,18,0.049281314168377825,78.28,87.8,0.0314,0.9865,Stable,0.28000000000000114,0.21999999999999886,0.6899999999999977,0.0035897435897436045,0.00281834486292594,0.008892898569403243,28,136,6,2584,2,89,47,0,0,0,28.0,28.0,28.0,136.0,136.0,136.0,2584.0,2584.0,2584.0,6.0,6.0,6.0,2.0,2.0,2.0,,,,,,,,,,,,,,,,0,0,0,2,0.0,0.0,0.0,0.0,0.0,,,0.0,0.0,0.0,0.0,0.0,,,0.0,0.0,0.0,0.0,0.0,,,0,0,0,0,CT012111,1,221212.76,221212.76,Annual,True,18.0,347.0,0,0,0
C00352,2024-07-01,0,Professional Services,Latin America,SMB,22,Inbound,1,0.0027378507871321013,93.54,83.47,0.0165,0.6905,Stable,-0.5999999999999943,0.5700000000000074,2.5200000000000102,-0.006373486297004401,0.006131010003226927,0.027686222808174142,0,0,0,0,0,0,0,0,0,0,0.0,0.0,0.0,0.0,0.0,0.0,0.0,0.0,0.0,0.0,0.0,0.0,0.0,0.0,0.0,,,,,,,,,,,,,,,,0,0,0,2,0.0,0.0,0.0,0.0,0.0,,,0.0,0.0,0.0,0.0,0.0,,,0.0,0.0,0.0,0.0,0.0,,,0,0,0,0,CT000352,1,560993.67,560993.67,Annual,True,1.0,364.0,0,0,0
C00318,2025-05-19,0,Manufacturing,APAC,Mid-Market,1106,Inbound,335,0.917180013689254,66.36,68.03,-0.0413,0.7116,Stable,0.769999999999996,1.0300000000000011,1.1200000000000045,0.011739594450373472,0.015766110515842664,0.017167381974248996,136,825,7,16368,3,460,203,0,162,0,11.0,3.0,-6.0,57.0,21.0,-43.0,707.0,2671.0,1439.0,1.0,1.0,1.0,0.0,0.0,0.0,0.088,0.022556390977443608,-0.04225352112676056,0.07421875,0.026119402985074626,-0.04953917050691244,0.045143988251069536,0.19500620573848287,0.09638957733270816,0.16666666666666666,0.16666666666666666,0.16666666666666666,0.0,0.0,0.0,0,0,0,3,0.0,0.0,0.0,0.0,0.0,,,2.0,1.0,0.0,0.0,1.0,3.5,12.015,2.0,1.0,0.0,0.0,1.0,3.5,12.014999999999997,0,0,0,0,CT000318,1,1082077.72,1082077.72,Annual,True,335.0,30.0,1,1,1
C18350,2024-09-23,1,Logistics,Europe,SMB,175,Enterprise Sales,204,0.5585215605749486,74.34,78.81,-0.0353,0.6106,Stable,0.5200000000000102,-0.37999999999999545,-0.1700000000000017,0.007044161473855463,-0.005085653104924993,-0.0022815729432291193,39,320,7,6000,4,98,65,86,71,0,-2.0,-3.0,-5.0,-11.0,-35.0,-8.0,-593.0,-904.0,-426.0,1.0,1.0,1.0,0.0,0.0,0.0,-0.04878048780487805,-0.07142857142857142,-0.11363636363636363,-0.03323262839879154,-0.09859154929577464,-0.024390243902439025,-0.08994387987259214,-0.13093858632676708,-0.06629318394024276,0.16666666666666666,0.16666666666666666,0.16666666666666666,0.0,0.0,0.0,0,0,0,4,0.0,0.0,0.0,0.0,0.0,,,0.0,0.0,0.0,0.0,0.0,,,2.0,0.0,0.0,0.0,0.0,4.0,48.11,0,0,0,1,CT018350,1,554062.08,1108124.16,Two-year,False,204.0,526.0,0,0,0
C02690,2024-10-14,0,Financial Services,North America,SMB,245,Inbound,3,0.008213552361396304,63.66,55.9,-0.0088,0.9577,Stable,-1.480000000000004,-2.1400000000000006,-2.219999999999999,-0.022720294749769786,-0.032522796352583594,-0.03369763205828778,0,0,0,0,0,0,0,0,0,0,0.0,0.0,0.0,0.0,0.0,0.0,0.0,0.0,0.0,0.0,0.0,0.0,0.0,0.0,0.0,,,,,,,,,,,,,,,,0,0,0,1,0.0,0.0,0.0,0.0,0.0,,,0.0,0.0,0.0,0.0,0.0,,,0.0,0.0,0.0,0.0,0.0,,,0,0,0,0,CT002690,1,968390.47,2905171.41,Three-year,True,3.0,1092.0,0,0,0
C16966,2025-04-14,1,Healthcare,North America,Mid-Market,318,Direct Sales,113,0.30937713894592744,66.04,72.13,-0.0646,0.4597,Stable,-1.8900000000000006,-3.8599999999999994,-3.289999999999992,-0.02782275872221405,-0.0552217453505007,-0.047454204529063786,47,267,6,5119,3,160,76,0,0,31,-5.0,-3.0,-4.0,1.0,-38.0,-43.0,177.0,-1184.0,-1200.0,0.0,-1.0,0.0,0.0,0.0,0.0,-0.09615384615384616,-0.06,-0.0784313725490196,0.0037593984962406013,-0.12459016393442623,-0.13870967741935483,0.035815459328207205,-0.1878470569570046,-0.18990346573824973,0.0,-0.14285714285714285,0.0,0.0,0.0,0.0,0,0,0,3,1.0,1.0,1.0,1.0,0.0,3.0,3.91,3.0,1.0,1.0,1.0,0.0,3.6666666666666665,28.709999999999997,5.0,1.0,1.0,1.0,2.0,4.0,32.12,0,0,0,0,CT016966,1,2014085.25,2014085.25,Annual,True,113.0,252.0,0,0,0
C17763,2025-04-21,0,Healthcare,APAC,Enterprise,7577,Inbound,186,0.5092402464065708,55.11,77.42,-0.2988,1.1754,Declining,-1.5499999999999972,-2.009999999999998,-1.8200000000000003,-0.02735615954818209,-0.035189075630252066,-0.03196908484103285,854,6566,7,115239,4,2768,1284,1426,1088,0,-14.0,-8.0,15.0,-126.0,-90.0,78.0,-6183.0,-2804.0,-8421.0,0.0,0.0,0.0,0.0,0.0,0.0,-0.016129032258064516,-0.009280742459396751,0.017878426698450536,-0.01882845188284519,-0.013521634615384616,0.012022194821208384,-0.050921579285467214,-0.02375405572545598,-0.06809801067442989,0.0,0.0,0.0,0.0,0.0,0.0,0,0,0,4,2.0,0.0,0.0,0.0,0.0,2.5,57.56499999999998,7.0,1.0,0.0,0.0,1.0,3.6666666666666665,45.682500000000005,9.0,2.0,0.0,0.0,3.0,3.75,37.974374999999995,1,1,0,0,CT017763,1,11627535.27,34882605.81,Three-year,False,186.0,909.0,0,0,0
C12743,2024-08-12,0,Logistics,Middle East,SMB,62,Inbound,40,0.10951403148528405,86.47,89.02,-0.0796,0.4042,Stable,-0.01999999999999602,0.6500000000000057,1.2600000000000051,-0.00023124060585034135,0.007573992076439126,0.014786996831357884,14,48,4,844,1,48,0,0,0,0,0.0,14.0,14.0,-15.0,48.0,48.0,-179.0,844.0,844.0,-2.0,4.0,4.0,0.0,1.0,1.0,0.0,,,-0.23809523809523808,,,-0.17497556207233628,,,-0.3333333333333333,,,0.0,,,1,0,0,1,1.0,0.0,0.0,0.0,0.0,5.0,9.14,1.0,0.0,0.0,0.0,0.0,5.0,9.14,1.0,0.0,0.0,0.0,0.0,5.0,9.14,0,0,0,0,CT012743,1,991660.76,991660.76,Annual,True,40.0,325.0,0,0,0
C09353,2024-05-27,0,Professional Services,North America,SMB,246,Partner,115,0.31485284052019163,77.4,71.17,0.0643,0.5321,Stable,1.230000000000004,-0.06999999999999318,-0.1699999999999875,0.01614808979913357,-0.0009035755776428705,-0.0021915689055045443,56,311,7,5354,2,215,0,96,0,0,-3.0,-5.0,-2.0,14.0,14.0,-41.0,-280.0,-469.0,-1412.0,0.0,2.0,0.0,0.0,0.0,0.0,-0.05084745762711865,-0.08196721311475409,-0.034482758620689655,0.04713804713804714,0.04713804713804714,-0.11647727272727272,-0.04969826056088037,-0.08054267559677142,-0.20869051138043157,0.0,0.4,0.0,0.0,0.0,0.0,0,0,0,2,1.0,0.0,0.0,0.0,0.0,4.0,51.18,1.0,0.0,0.0,0.0,0.0,4.0,51.18,1.0,0.0,0.0,0.0,0.0,4.0,51.18,0,0,0,1,CT009353,1,716372.54,716372.54,Annual,True,115.0,250.0,0,0,0
C17316,2025-05-19,0,Manufacturing,North America,Enterprise,7206,Inbound,47,0.12867898699520877,99.84,67.02,0.3646,0.8469,Improving,-0.1599999999999966,-0.1599999999999966,-0.1599999999999966,-0.0015999999999999658,-0.0015999999999999658,-0.0015999999999999658,2463,22174,6,434033,4,9291,4585,4776,3522,0,63.0,2463.0,2463.0,132.0,22174.0,22174.0,42634.0,434033.0,434033.0,-1.0,6.0,6.0,0.0,4.0,4.0,0.02625,,,0.00598856728064604,,,0.10892720727441818,,,-0.14285714285714285,,,0.0,,,0,0,0,4,0.0,0.0,0.0,0.0,0.0,,,0.0,0.0,0.0,0.0,0.0,,,0.0,0.0,0.0,0.0,0.0,,,0,0,0,0,CT017316,1,14897372.87,29794745.74,Two-year,True,47.0,683.0,0,0,0
C10728,2024-06-17,0,Logistics,North America,Mid-Market,809,Inbound,37,0.10130047912388775,63.75,73.78,-0.1819,1.0782,Declining,-1.2800000000000011,-0.09000000000000341,-0.29000000000000625,-0.019683223127787194,-0.0014097744360902788,-0.004528419737664057,116,788,7,15549,3,394,217,177,0,0,-5.0,116.0,116.0,18.0,788.0,788.0,606.0,15549.0,15549.0,1.0,7.0,7.0,0.0,3.0,3.0,-0.04132231404958678,,,0.023376623376623377,,,0.04055410560128488,,,0.16666666666666666,,,0.0,,,0,0,0,3,1.0,0.0,0.0,0.0,0.0,5.0,14.27,1.0,0.0,0.0,0.0,0.0,5.0,14.27,1.0,0.0,0.0,0.0,0.0,5.0,14.27,0,0,0,0,CT010728,1,3132706.76,3132706.76,Annual,True,37.0,328.0,0,0,0
C13796,2024-05-27,0,Financial Services,Europe,Mid-Market,1306,Direct Sales,137,0.3750855578370979,93.03,90.73,-0.0797,0.8951,Stable,3.739999999999995,3.969999999999999,4.930000000000007,0.04188598947250526,0.044576689871996394,0.055959137343927434,282,1444,6,31383,2,968,476,0,0,0,21.0,10.0,39.0,78.0,-28.0,130.0,3859.0,3627.0,4351.0,0.0,0.0,-1.0,0.0,0.0,0.0,0.08045977011494253,0.03676470588235294,0.16049382716049382,0.05710102489019034,-0.019021739130434784,0.0989345509893455,0.14020491207673302,0.130674448767834,0.16095738384137318,0.0,0.0,-0.14285714285714285,0.0,0.0,0.0,0,0,0,2,0.0,0.0,0.0,0.0,0.0,,,1.0,0.0,0.0,0.0,0.0,4.0,59.53,3.0,0.0,0.0,0.0,1.0,4.333333333333333,43.14333333333334,0,0,0,0,CT013796,1,1194993.07,1194993.07,Annual,True,137.0,228.0,0,0,0
C19618,2025-08-25,0,Healthcare,North America,SMB,62,Partner,8,0.02190280629705681,80.62,71.78,0.0029,0.6357,Stable,-1.1400000000000006,0.21000000000000796,0.5900000000000034,-0.013943248532289634,0.002611615470712697,0.007372235411720648,13,55,6,1135,2,43,0,0,0,12,13.0,13.0,13.0,55.0,55.0,55.0,1135.0,1135.0,1135.0,6.0,6.0,6.0,2.0,2.0,2.0,,,,,,,,,,,,,,,,0,0,0,2,0.0,0.0,0.0,0.0,0.0,,,0.0,0.0,0.0,0.0,0.0,,,0.0,0.0,0.0,0.0,0.0,,,0,0,0,0,CT019618,1,534632.45,1069264.9,Two-year,True,8.0,722.0,0,0,0
C09054,2024-10-28,0,Financial Services,Europe,Mid-Market,893,Inbound,237,0.648870636550308,73.81,79.68,0.0259,1.0646,Stable,-0.9099999999999966,-3.5900000000000034,0.269999999999996,-0.012178800856531004,-0.046382428940568515,0.0036714713081315744,188,1435,6,31836,4,651,299,317,0,168,-32.0,-26.0,-36.0,-210.0,-288.0,-351.0,-1986.0,-423.0,-2827.0,0.0,0.0,-1.0,0.0,0.0,0.0,-0.14545454545454545,-0.12149532710280374,-0.16071428571428573,-0.1276595744680851,-0.16715031921067905,-0.196528555431131,-0.0587191768671279,-0.013112619734027713,-0.08155670311282924,0.0,0.0,-0.14285714285714285,0.0,0.0,0.0,0,0,0,4,0.0,0.0,0.0,0.0,0.0,,,0.0,0.0,0.0,0.0,0.0,,,2.0,1.0,0.0,1.0,0.0,3.5,13.585,0,0,0,0,CT009054,1,2076365.77,4152731.54,Two-year,False,237.0,493.0,0,0,0
C07571,2025-06-23,0,Technology,North America,Mid-Market,1979,Inbound,221,0.6050650239561944,65.38,49.0,0.1962,0.8446,Improving,1.3299999999999983,3.9199999999999946,2.5799999999999983,0.020765027322404345,0.06378132118451016,0.04108280254777068,303,1922,4,35110,3,1034,0,545,343,0,25.0,32.0,35.0,117.0,183.0,211.0,3156.0,6637.0,5189.0,-3.0,-3.0,-2.0,0.0,0.0,0.0,0.08992805755395683,0.11808118081180811,0.13059701492537312,0.06481994459833795,0.10523289246693503,0.12331969608416131,0.09876697753019967,0.2330980226881607,0.17342334815012866,-0.42857142857142855,-0.42857142857142855,-0.3333333333333333,0.0,0.0,0.0,0,0,0,3,1.0,0.0,0.0,0.0,0.0,4.0,8.35,2.0,0.0,1.0,0.0,0.0,3.5,16.57,4.0,0.0,1.0,0.0,0.0,3.6666666666666665,23.590000000000003,0,0,0,0,CT007571,1,2480158.99,2480158.99,Annual,True,221.0,144.0,0,0,1
C11312,2025-09-01,0,Government,APAC,Mid-Market,543,Partner,196,0.5366187542778919,74.62,80.01,-0.0136,1.1848,Stable,1.8700000000000045,0.3299999999999983,-2.1799999999999926,0.025704467353951953,0.004442051420110355,-0.028385416666666573,142,822,5,15464,3,484,0,0,192,146,4.0,-10.0,-20.0,42.0,30.0,-102.0,2688.0,-616.0,-1278.0,-1.0,-2.0,-2.0,0.0,0.0,0.0,0.028985507246376812,-0.06578947368421052,-0.12345679012345678,0.05384615384615385,0.03787878787878788,-0.11038961038961038,0.21039448966812774,-0.038308457711442784,-0.07633496595388843,-0.16666666666666666,-0.2857142857142857,-0.2857142857142857,0.0,0.0,0.0,0,0,0,3,0.0,0.0,0.0,0.0,0.0,,,2.0,1.0,1.0,0.0,1.0,3.5,24.745000000000005,3.0,1.0,1.0,0.0,1.0,3.6666666666666665,41.95333333333333,0,0,0,0,CT011312,1,10000000.0,20000000.0,Two-year,True,196.0,534.0,0,0,0
C03579,2024-10-07,0,Retail,North America,Mid-Market,449,Enterprise Sales,5,0.013689253935660506,76.34,80.58,-0.0754,0.789,Stable,-2.1299999999999955,-0.21999999999999886,-0.0799999999999983,-0.02714413151522869,-0.00287356321839079,-0.0010468463752944031,0,0,0,0,0,0,0,0,0,0,0.0,0.0,0.0,0.0,0.0,0.0,0.0,0.0,0.0,0.0,0.0,0.0,0.0,0.0,0.0,,,,,,,,,,,,,,,,0,0,0,4,0.0,0.0,0.0,0.0,0.0,,,0.0,0.0,0.0,0.0,0.0,,,0.0,0.0,0.0,0.0,0.0,,,0,0,0,0,CT003579,1,1000000.0,1000000.0,Annual,False,5.0,360.0,0,0,0
C15075,2025-03-10,0,Technology,North America,Mid-Market,829,Direct Sales,320,0.8761122518822724,96.48,90.06,-0.0013,0.6731,Stable,-0.6099999999999994,-2.1199999999999903,-0.8399999999999892,-0.006282830363580177,-0.021501014198782864,-0.008631319358816166,205,1208,7,26092,2,807,401,0,0,0,18.0,1.0,-4.0,169.0,-9.0,10.0,9745.0,3268.0,3131.0,1.0,0.0,0.0,0.0,0.0,0.0,0.0962566844919786,0.004901960784313725,-0.019138755980861243,0.16265640038498555,-0.007395234182415777,0.008347245409015025,0.5961338471890867,0.1431826147914476,0.1363616567222682,0.16666666666666666,0.0,0.0,0.0,0.0,0.0,0,0,0,2,1.0,0.0,0.0,0.0,0.0,5.0,38.18,1.0,0.0,0.0,0.0,0.0,5.0,38.18,2.0,1.0,0.0,1.0,0.0,4.5,23.174999999999997,0,0,0,0,CT015075,1,1982101.91,1982101.91,Annual,False,320.0,45.0,0,1,1
C19474,2025-05-05,0,Education,APAC,SMB,31,Partner,47,0.12867898699520877,95.55,76.09,0.2956,1.1416,Improving,0.3199999999999932,-2.5400000000000063,-2.8700000000000045,0.003360285624277992,-0.025894586604139118,-0.02916073968705552,9,70,7,1430,2,43,27,0,0,0,0.0,9.0,9.0,25.0,70.0,70.0,533.0,1430.0,1430.0,0.0,7.0,7.0,0.0,2.0,2.0,0.0,,,0.5555555555555556,,,0.5942028985507246,,,0.0,,,0.0,,,0,0,0,2,0.0,0.0,0.0,0.0,0.0,,,0.0,0.0,0.0,0.0,0.0,,,0.0,0.0,0.0,0.0,0.0,,,0,0,0,0,CT019474,1,978640.73,1957281.46,Two-year,False,47.0,683.0,0,0,0
C19676,2025-09-22,0,Retail,Europe,SMB,123,Partner,87,0.23819301848049282,62.05,88.07,-0.0264,1.1905,Stable,-1.7900000000000063,-4.040000000000006,-4.540000000000006,-0.028038847117794582,-0.06112876380693003,-0.06817840516594093,15,61,5,1141,2,33,0,28,0,0,0.0,0.0,15.0,-10.0,-23.0,61.0,-384.0,-507.0,1141.0,0.0,0.0,5.0,0.0,0.0,2.0,0.0,0.0,,-0.14084507042253522,-0.27380952380952384,,-0.2518032786885246,-0.30764563106796117,,0.0,0.0,,0.0,0.0,,1,0,0,2,0.0,0.0,0.0,0.0,0.0,,,1.0,0.0,0.0,0.0,0.0,4.0,55.26,2.0,0.0,0.0,0.0,0.0,4.0,58.14,0,0,0,1,CT019676,1,759925.28,759925.28,Annual,True,87.0,278.0,0,0,0
C12160,2025-10-06,0,Healthcare,Latin America,Enterprise,2001,Enterprise Sales,159,0.4353182751540041,74.46,82.71,0.043,0.5769,Stable,1.7199999999999989,0.75,0.03999999999999204,0.023645861974154508,0.010175010175010176,0.0005374899220638543,286,2206,7,44082,4,990,489,442,0,285,0.0,-14.0,-40.0,-20.0,-196.0,-282.0,141.0,-4409.0,-5214.0,1.0,1.0,1.0,0.0,0.0,0.0,0.0,-0.04666666666666667,-0.12269938650306748,-0.008984725965858042,-0.08159866777685262,-0.11334405144694534,0.0032088482283061377,-0.09092408900620734,-0.10576923076923077,0.16666666666666666,0.16666666666666666,0.16666666666666666,0.0,0.0,0.0,0,0,0,4,1.0,0.0,0.0,0.0,0.0,4.0,28.36,2.0,0.0,0.0,0.0,0.0,4.0,21.205000000000002,3.0,0.0,0.0,0.0,0.0,4.0,26.33666666666667,0,0,0,0,CT012160,1,7500000.0,15000000.0,Two-year,False,159.0,571.0,0,0,0
C19791,2024-09-16,0,Healthcare,Europe,SMB,90,Inbound,117,0.3203285420944558,96.57,65.04,0.3126,0.9452,Improving,1.3699999999999903,3.219999999999999,4.199999999999989,0.014390756302520907,0.03449384038564541,0.045469308216953434,18,64,6,1247,1,64,0,0,0,0,1.0,2.0,2.0,-12.0,14.0,-7.0,-110.0,292.0,-68.0,2.0,1.0,2.0,0.0,0.0,0.0,0.058823529411764705,0.125,0.125,-0.15789473684210525,0.28,-0.09859154929577464,-0.08106116433308769,0.3057591623036649,-0.05171102661596958,0.5,0.2,0.5,0.0,0.0,0.0,0,0,0,1,1.0,0.0,0.0,0.0,0.0,4.0,59.5,1.0,0.0,0.0,0.0,0.0,4.0,59.5,1.0,0.0,0.0,0.0,0.0,4.0,59.5,0,0,0,1,CT019791,1,468203.82,468203.82,Annual,False,117.0,248.0,0,0,0
C14230,2024-11-25,0,Telecommunications,North America,SMB,97,Enterprise Sales,305,0.8350444900752909,60.9,70.64,0.0099,1.0278,Stable,-3.770000000000003,-4.640000000000008,-6.619999999999997,-0.05829596412556058,-0.07079646017699126,-0.09804502369668243,12,53,7,1002,2,36,17,0,0,0,-1.0,-1.0,0.0,-1.0,-9.0,-20.0,-43.0,-241.0,-299.0,1.0,1.0,0.0,0.0,0.0,0.0,-0.07692307692307693,-0.07692307692307693,0.0,-0.018518518518518517,-0.14516129032258066,-0.273972602739726,-0.04114832535885168,-0.19388576025744167,-0.22982321291314373,0.16666666666666666,0.16666666666666666,0.0,0.0,0.0,0.0,0,0,0,2,0.0,0.0,0.0,0.0,0.0,,,0.0,0.0,0.0,0.0,0.0,,,0.0,0.0,0.0,0.0,0.0,,,0,0,0,0,CT014230,1,319444.87,319444.87,Annual,True,305.0,60.0,0,1,1
C01413,2025-06-30,0,Logistics,Europe,Mid-Market,1370,Direct Sales,188,0.5147159479808351,52.46,59.32,-0.0348,0.6683,Stable,-2.0,-0.769999999999996,-1.269999999999996,-0.03672420124862284,-0.014465526958481986,-0.023636702028661756,127,820,6,15315,3,421,194,205,0,0,-12.0,-5.0,2.0,-35.0,41.0,21.0,-2054.0,-53.0,-831.0,-1.0,0.0,-1.0,0.0,0.0,0.0,-0.08633093525179857,-0.03787878787878788,0.016,-0.04093567251461988,0.05263157894736842,0.026282853566958697,-0.11825666417180034,-0.0034487246225923997,-0.051467855815681904,-0.14285714285714285,0.0,-0.14285714285714285,0.0,0.0,0.0,0,0,0,3,1.0,0.0,0.0,0.0,0.0,4.0,39.18,2.0,0.0,0.0,0.0,0.0,4.5,29.105000000000004,3.0,0.0,0.0,0.0,1.0,4.333333333333333,21.91,0,0,0,0,CT001413,1,1189217.13,1189217.13,Annual,True,188.0,177.0,0,0,1
C18821,2025-08-18,0,Healthcare,North America,SMB,29,Direct Sales,138,0.37782340862423,46.46,93.66,-0.3062,0.6585,Declining,-2.219999999999999,-1.9299999999999997,-3.4099999999999966,-0.04560394412489727,-0.03988427361025004,-0.06837778223380783,2,6,4,124,1,0,6,0,0,0,0.0,0.0,0.0,-1.0,-8.0,2.0,1.0,-157.0,59.0,0.0,-3.0,1.0,-1.0,-1.0,0.0,0.0,0.0,0.0,-0.14285714285714285,-0.5714285714285714,0.5,0.008130081300813009,-0.5587188612099644,0.9076923076923077,0.0,-0.42857142857142855,0.3333333333333333,-0.5,-0.5,0.0,0,0,0,2,2.0,0.0,0.0,0.0,1.0,4.0,34.675000000000004,2.0,0.0,0.0,0.0,1.0,4.0,34.675000000000004,3.0,0.0,0.0,0.0,1.0,4.0,32.0325,0,0,0,0,CT018821,1,412222.9,412222.9,Annual,True,138.0,227.0,0,0,0
C05834,2025-01-13,0,Technology,Middle East,Mid-Market,1776,Direct Sales,182,0.49828884325804246,70.48,66.89,0.0338,0.4143,Stable,-0.20999999999999375,-1.4200000000000017,-1.8499999999999943,-0.002970717216013492,-0.019749652294853984,-0.025577215539886552,324,2099,6,33945,3,1123,0,558,418,0,-10.0,-9.0,-5.0,-62.0,19.0,80.0,-2789.0,-4148.0,2691.0,-1.0,0.0,0.0,0.0,0.0,0.0,-0.029940119760479042,-0.02702702702702703,-0.015197568389057751,-0.02869042110134197,0.009134615384615385,0.0396235760277365,-0.07592421190178036,-0.10889139736959547,0.08610097907467844,-0.14285714285714285,0.0,0.0,0.0,0.0,0.0,0,0,0,3,2.0,0.0,1.0,1.0,0.0,4.5,33.865,5.0,1.0,2.0,1.0,2.0,3.916666666666667,25.265833333333333,7.0,2.0,3.0,2.0,3.0,3.9583333333333335,16.45791666666667,1,1,0,0,CT005834,1,3062005.26,6124010.52,Two-year,False,182.0,548.0,0,0,0
C19501,2025-07-07,0,Education,Latin America,Enterprise,10379,Inbound,90,0.2464065708418891,60.3,64.55,0.0155,1.0398,Stable,0.09999999999999432,1.5999999999999943,-0.740000000000002,0.0016611295681062178,0.027257240204429205,-0.01212319790301445,1085,5754,7,98072,3,3391,0,0,1348,1015,-68.0,-118.0,1085.0,-660.0,-699.0,5754.0,-26671.0,-27333.0,98072.0,0.0,0.0,7.0,0.0,0.0,3.0,-0.05897658282740677,-0.09808811305070657,,-0.1028999064546305,-0.10832171083217108,,-0.213807588401754,-0.21795781667397632,,0.0,0.0,,0.0,0.0,,1,0,0,3,0.0,0.0,0.0,0.0,0.0,,,0.0,0.0,0.0,0.0,0.0,,,4.0,0.0,1.0,0.0,0.0,3.8333333333333335,32.40833333333333,0,0,0,0,CT019501,1,11263937.24,33791811.72,Three-year,True,90.0,1005.0,0,0,0
C07840,2025-06-09,0,Healthcare,North America,SMB,76,Inbound,26,0.07118412046543464,76.94,72.73,-0.0164,0.7173,Stable,0.9099999999999966,2.5,2.8599999999999994,0.011968959621202112,0.033584094572810315,0.038606911447084225,13,66,6,1325,1,66,0,0,0,0,13.0,13.0,13.0,66.0,66.0,66.0,1325.0,1325.0,1325.0,6.0,6.0,6.0,1.0,1.0,1.0,,,,,,,,,,,,,,,,0,0,0,1,1.0,0.0,0.0,0.0,0.0,5.0,6.94,1.0,0.0,0.0,0.0,0.0,5.0,6.94,1.0,0.0,0.0,0.0,0.0,5.0,6.94,0,0,0,0,CT007840,1,365143.61,365143.61,Annual,True,26.0,339.0,0,0,0
C02037,2025-06-09,0,Government,Middle East,Enterprise,17651,Direct Sales,294,0.8049281314168378,99.58,70.37,0.2927,0.9214,Improving,-0.4200000000000017,1.9599999999999937,-0.29000000000000625,-0.004200000000000017,0.02007785289899604,-0.002903774907379656,5090,46001,7,856668,4,19122,9415,10218,7246,0,-251.0,34.0,-63.0,-2245.0,424.0,-137.0,-34593.0,-87310.0,-34523.0,0.0,0.0,2.0,0.0,0.0,0.0,-0.046994944766897584,0.006724683544303798,-0.012225887832330681,-0.04653235501388716,0.009302937885336902,-0.002969352811131822,-0.038813546200271304,-0.09249156230335877,-0.03873804829716638,0.0,0.0,0.4,0.0,0.0,0.0,0,0,0,4,0.0,0.0,0.0,0.0,0.0,,,0.0,0.0,0.0,0.0,0.0,,,1.0,0.0,0.0,0.0,1.0,4.0,14.07,0,0,0,0,CT002037,1,7999552.6,15999105.2,Two-year,True,294.0,436.0,0,0,0
C05377,2025-01-20,0,Financial Services,Europe,SMB,142,Partner,22,0.06023271731690623,66.22,74.87,-0.0834,0.4393,Stable,0.3499999999999943,0.030000000000001137,0.4899999999999949,0.005313496280552517,0.00045324067079620996,0.007454739084131977,21,68,5,1407,1,68,0,0,0,0,21.0,21.0,21.0,68.0,68.0,68.0,1407.0,1407.0,1407.0,5.0,5.0,5.0,1.0,1.0,1.0,,,,,,,,,,,,,,,,0,0,0,1,1.0,1.0,0.0,0.0,0.0,4.0,19.38,1.0,1.0,0.0,0.0,0.0,4.0,19.38,1.0,1.0,0.0,0.0,0.0,4.0,19.38,0,0,0,0,CT005377,1,1133549.9,1133549.9,Annual,True,22.0,343.0,0,0,0
C10651,2025-08-18,0,Professional Services,Latin America,Mid-Market,1860,Referral,89,0.243668720054757,47.03,51.79,-0.0296,1.0284,Stable,0.09000000000000341,1.4699999999999989,1.1700000000000017,0.0019173412867491142,0.03226514486391569,0.025512429132141336,130,424,6,8991,1,424,0,0,0,0,-2.0,-1.0,130.0,0.0,23.0,424.0,1660.0,1789.0,8991.0,1.0,4.0,6.0,0.0,0.0,1.0,-0.015151515151515152,-0.007633587786259542,,0.0,0.057356608478802994,,0.2264356840812986,0.24840322132740905,,0.2,2.0,,0.0,0.0,,0,0,0,1,2.0,1.0,1.0,0.0,0.0,3.0,63.675,3.0,1.0,1.0,0.0,1.0,3.0,44.98333333333333,5.0,1.0,1.0,0.0,1.0,3.375,42.98375,0,0,0,0,CT010651,1,4317021.57,4317021.57,Annual,True,89.0,276.0,0,0,0
C01738,2024-12-16,0,Professional Services,North America,SMB,189,Direct Sales,269,0.7364818617385352,58.86,73.1,-0.1662,0.5934,Declining,1.259999999999998,-1.009999999999998,-1.1199999999999974,0.021874999999999964,-0.016869884750292267,-0.01867289096365451,16,74,6,1440,2,49,0,0,25,0,0.0,-1.0,-2.0,-6.0,-15.0,2.0,-217.0,-304.0,229.0,-1.0,-1.0,0.0,0.0,0.0,0.0,0.0,-0.058823529411764705,-0.1111111111111111,-0.075,-0.16853932584269662,0.027777777777777776,-0.13095956547978274,-0.1743119266055046,0.18909991742361684,-0.14285714285714285,-0.14285714285714285,0.0,0.0,0.0,0.0,0,0,0,2,0.0,0.0,0.0,0.0,0.0,,,0.0,0.0,0.0,0.0,0.0,,,0.0,0.0,0.0,0.0,0.0,,,0,0,0,0,CT001738,1,305542.65,305542.65,Annual,True,269.0,96.0,0,0,1
C10369,2025-09-08,0,Education,Latin America,SMB,81,Referral,93,0.2546201232032854,100.0,90.93,0.2772,1.0072,Improving,0.0,0.0,0.0,0.0,0.0,0.0,30,148,6,2725,2,119,0,0,0,29,1.0,-1.0,-3.0,0.0,-3.0,-10.0,-124.0,241.0,72.0,0.0,0.0,1.0,0.0,0.0,0.0,0.034482758620689655,-0.03225806451612903,-0.09090909090909091,0.0,-0.019867549668874173,-0.06329113924050633,-0.04352404352404352,0.09702093397745572,0.027139087825103655,0.0,0.0,0.2,0.0,0.0,0.0,0,0,0,2,0.0,0.0,0.0,0.0,0.0,,,0.0,0.0,0.0,0.0,0.0,,,0.0,0.0,0.0,0.0,0.0,,,0,0,0,0,CT010369,1,561198.87,561198.87,Annual,True,93.0,272.0,0,0,0
C18932,2024-01-29,0,Technology,Latin America,Mid-Market,1931,Partner,1,0.0027378507871321013,60.52,77.81,-0.3865,0.9177,Declining,-4.979999999999997,-6.740000000000002,-8.109999999999992,-0.07603053435114498,-0.1002081474873625,-0.11816989654669958,0,0,0,0,0,0,0,0,0,0,0.0,0.0,0.0,0.0,0.0,0.0,0.0,0.0,0.0,0.0,0.0,0.0,0.0,0.0,0.0,,,,,,,,,,,,,,,,0,0,0,2,0.0,0.0,0.0,0.0,0.0,,,0.0,0.0,0.0,0.0,0.0,,,0.0,0.0,0.0,0.0,0.0,,,0,0,0,0,CT018932,1,7249065.35,14498130.7,Two-year,True,1.0,729.0,0,0,0
C11861,2024-09-30,0,Retail,North America,Enterprise,5719,Direct Sales,200,0.5475701574264202,37.89,58.07,-0.2845,0.5917,Declining,-0.21000000000000085,-1.3299999999999983,-2.3800000000000026,-0.00551181102362207,-0.033911269760326324,-0.05910106779240135,234,997,6,18802,2,650,347,0,0,0,-7.0,-20.0,-43.0,-15.0,-76.0,-227.0,-1966.0,-4503.0,-4073.0,0.0,0.0,1.0,0.0,0.0,0.0,-0.029045643153526972,-0.07874015748031496,-0.1552346570397112,-0.014822134387351778,-0.07082945013979497,-0.1854575163398693,-0.0946648690292758,-0.19322033898305085,-0.17805464480874317,0.0,0.0,0.2,0.0,0.0,0.0,0,0,0,2,0.0,0.0,0.0,0.0,0.0,,,3.0,1.0,1.0,1.0,0.0,3.3333333333333335,54.400000000000006,5.0,1.0,1.0,1.0,0.0,3.6,59.21,0,0,0,1,CT011861,1,13742437.58,27484875.16,Two-year,True,200.0,530.0,0,0,0
C11862,2024-12-16,0,Retail,North America,Enterprise,5104,Enterprise Sales,60,0.16427104722792607,64.78,78.92,-0.2156,0.4253,Declining,-0.45999999999999375,0.2600000000000051,-0.7000000000000028,-0.0070508890251378565,0.004029758214507209,-0.010690287110568155,915,7875,6,155981,5,2971,1415,1599,1049,841,63.0,915.0,915.0,393.0,7875.0,7875.0,-3023.0,155981.0,155981.0,-1.0,6.0,6.0,0.0,5.0,5.0,0.07394366197183098,,,0.05252606255012029,,,-0.019012100324520137,,,-0.14285714285714285,,,0.0,,,0,0,0,5,1.0,0.0,0.0,0.0,0.0,4.0,20.98,1.0,0.0,0.0,0.0,0.0,4.0,20.98,1.0,0.0,0.0,0.0,0.0,4.0,20.98,0,0,0,0,CT011862,1,12965978.03,12965978.03,Annual,True,60.0,305.0,0,0,0
C14478,2025-06-09,0,Financial Services,APAC,Mid-Market,427,Direct Sales,303,0.8295687885010267,70.1,71.72,0.0137,0.9388,Stable,-1.2199999999999989,-5.5,-4.950000000000003,-0.01710600112170498,-0.07275132275132276,-0.06595602931379084,88,396,6,8314,2,273,0,123,0,0,-19.0,-21.0,-18.0,-151.0,-181.0,-84.0,-3286.0,-3437.0,-1296.0,0.0,1.0,0.0,0.0,0.0,0.0,-0.17757009345794392,-0.1926605504587156,-0.16981132075471697,-0.2760511882998172,-0.31369150779896016,-0.175,-0.28327586206896554,-0.2924857458939665,-0.1348595213319459,0.0,0.2,0.0,0.0,0.0,0.0,1,0,0,2,1.0,0.0,0.0,0.0,0.0,5.0,50.97,1.0,0.0,0.0,0.0,0.0,5.0,50.97,2.0,0.0,0.0,0.0,0.0,4.5,43.230000000000004,0,0,0,0,CT014478,1,5373106.55,16119319.65,Three-year,True,303.0,792.0,0,0,0
C17224,2024-09-23,0,Financial Services,North America,SMB,125,Inbound,96,0.26283367556468173,85.49,55.13,0.237,1.1222,Improving,1.9599999999999937,2.4399999999999977,3.4200000000000017,0.023464623488566906,0.029379891631547233,0.04167174363348364,41,345,5,6711,4,133,72,82,58,0,0.0,-2.0,1.0,6.0,-17.0,26.0,53.0,-309.0,1154.0,-2.0,-2.0,-1.0,0.0,0.0,0.0,0.0,-0.046511627906976744,0.025,0.017699115044247787,-0.04696132596685083,0.08150470219435736,0.007960348452988885,-0.04401709401709402,0.20766600683822206,-0.2857142857142857,-0.2857142857142857,-0.16666666666666666,0.0,0.0,0.0,0,0,0,4,0.0,0.0,0.0,0.0,0.0,,,0.0,0.0,0.0,0.0,0.0,,,1.0,0.0,0.0,0.0,0.0,4.0,83.23,0,0,0,1,CT017224,1,866509.82,866509.82,Annual,True,96.0,269.0,0,0,0
C07643,2025-03-17,0,Professional Services,APAC,SMB,109,Inbound,168,0.459958932238193,40.97,61.68,-0.2407,0.7527,Declining,-3.4399999999999977,-1.6700000000000017,-5.899999999999999,-0.07746003152443139,-0.039165103189493476,-0.12588009387668014,11,57,7,1204,3,31,0,13,0,13,0.0,-1.0,-3.0,6.0,-4.0,-9.0,272.0,142.0,-25.0,2.0,0.0,1.0,0.0,0.0,0.0,0.0,-0.08333333333333333,-0.21428571428571427,0.11764705882352941,-0.06557377049180328,-0.13636363636363635,0.2918454935622318,0.1337099811676083,-0.02034174125305126,0.4,0.0,0.16666666666666666,0.0,0.0,0.0,0,0,0,3,0.0,0.0,0.0,0.0,0.0,,,0.0,0.0,0.0,0.0,0.0,,,0.0,0.0,0.0,0.0,0.0,,,0,0,0,0,CT007643,1,1500000.0,1500000.0,Annual,True,168.0,197.0,0,0,0
C11468,2025-06-16,0,Education,APAC,SMB,121,Partner,49,0.13415468856947296,75.19,54.54,-0.0478,1.157,Stable,1.3299999999999983,4.909999999999997,6.019999999999996,0.018007040346601656,0.06986340352874212,0.08703195026745693,25,64,5,1209,1,64,0,0,0,0,2.0,25.0,25.0,-14.0,64.0,64.0,18.0,1209.0,1209.0,0.0,5.0,5.0,0.0,1.0,1.0,0.08695652173913043,,,-0.1794871794871795,,,0.015113350125944584,,,0.0,,,0.0,,,0,0,0,1,0.0,0.0,0.0,0.0,0.0,,,0.0,0.0,0.0,0.0,0.0,,,0.0,0.0,0.0,0.0,0.0,,,0,0,0,0,CT011468,1,767184.13,1534368.26,Two-year,True,49.0,681.0,0,0,0
C02250,2025-03-17,0,Manufacturing,Europe,SMB,246,Partner,231,0.6324435318275154,79.36,86.66,0.027,0.9192,Stable,-1.5700000000000074,-3.0999999999999943,-2.219999999999999,-0.019399481032991564,-0.03759398496240595,-0.02721255209610197,100,810,6,14319,4,327,179,193,111,0,-2.0,-1.0,-2.0,-100.0,37.0,-73.0,-4421.0,-249.0,-17.0,-1.0,0.0,0.0,0.0,0.0,0.0,-0.0196078431372549,-0.009900990099009901,-0.0196078431372549,-0.10989010989010989,0.047865459249676584,-0.08267270668176671,-0.23591248665955175,-0.017092257001647446,-0.0011858258928571428,-0.14285714285714285,0.0,0.0,0.0,0.0,0.0,1,0,0,4,0.0,0.0,0.0,0.0,0.0,,,0.0,0.0,0.0,0.0,0.0,,,0.0,0.0,0.0,0.0,0.0,,,0,0,0,0,CT002250,1,1470416.19,1470416.19,Annual,False,231.0,134.0,0,0,1
C09026,2025-03-17,0,Technology,North America,SMB,113,Referral,220,0.6023271731690623,100.0,64.29,0.3235,0.6008,Improving,0.0,0.0,1.0,0.0,0.0,0.010101010101010102,37,205,4,3913,2,163,0,0,0,42,-1.0,0.0,1.0,6.0,28.0,24.0,386.0,634.0,430.0,-3.0,-3.0,-3.0,0.0,0.0,0.0,-0.02631578947368421,0.0,0.027777777777777776,0.03015075376884422,0.15819209039548024,0.13259668508287292,0.10944145165863339,0.19335163159499846,0.12345679012345678,-0.42857142857142855,-0.42857142857142855,-0.42857142857142855,0.0,0.0,0.0,0,0,0,2,0.0,0.0,0.0,0.0,0.0,,,1.0,0.0,0.0,0.0,0.0,5.0,21.67,1.0,0.0,0.0,0.0,0.0,5.0,21.67,0,0,0,0,CT009026,1,338966.01,338966.01,Annual,True,220.0,145.0,0,0,1
C02981,2025-05-05,1,Healthcare,North America,Mid-Market,385,Partner,218,0.5968514715947981,2.34,74.1,-0.6206,1.1892,Rapidly Declining,2.34,0.94,2.19,,0.6714285714285715,14.6,24,107,3,2086,3,59,32,0,0,16,-1.0,-1.0,0.0,-14.0,10.0,11.0,-180.0,183.0,123.0,-4.0,-2.0,-1.0,0.0,0.0,0.0,-0.04,-0.04,0.0,-0.11570247933884298,0.10309278350515463,0.11458333333333333,-0.0794351279788173,0.09616395165528113,0.06265919510952624,-0.5714285714285714,-0.4,-0.25,0.0,0.0,0.0,0,0,0,3,2.0,0.0,0.0,0.0,1.0,4.0,33.855,3.0,0.0,0.0,0.0,1.0,4.0,31.95,3.0,0.0,0.0,0.0,1.0,4.0,31.95,0,0,0,0,CT002981,1,6285359.2,6285359.2,Annual,True,218.0,147.0,0,0,1
C15393,2025-02-03,0,Logistics,Middle East,Enterprise,20135,Direct Sales,159,0.4353182751540041,82.86,84.16,-0.0324,0.6323,Stable,0.010000000000005116,2.4000000000000057,0.7600000000000051,0.00012070006035009193,0.029828486204325204,0.009257003654080453,4321,35240,6,738345,4,15294,7587,7841,0,4518,-54.0,93.0,213.0,9.0,1206.0,1951.0,17907.0,78186.0,63503.0,-1.0,0.0,-1.0,0.0,0.0,0.0,-0.012342857142857143,0.021996215704824976,0.05185004868549172,0.0002554568419857512,0.03543515308221191,0.058607948571600225,0.024855712774728707,0.11843510427033488,0.09410054501646312,-0.14285714285714285,0.0,-0.14285714285714285,0.0,0.0,0.0,0,0,0,4,1.0,1.0,1.0,1.0,0.0,4.0,2.72,2.0,1.0,1.0,1.0,0.0,4.0,26.849999999999998,2.0,1.0,1.0,1.0,0.0,4.0,26.849999999999998,0,0,0,0,CT015393,1,10393273.81,10393273.81,Annual,True,159.0,206.0,0,0,0
C07163,2024-12-16,0,Healthcare,APAC,Mid-Market,438,Enterprise Sales,337,0.9226557152635181,75.39,70.84,0.0279,0.4558,Stable,-0.8299999999999983,-0.3400000000000034,1.1700000000000017,-0.010889530307006012,-0.0044896342268586215,0.015763945028294285,114,995,7,20112,5,385,178,208,123,101,-10.0,2.0,3.0,-122.0,-105.0,-57.0,-2384.0,-1658.0,-3871.0,0.0,1.0,2.0,0.0,0.0,0.0,-0.08064516129032258,0.017857142857142856,0.02702702702702703,-0.10922112802148612,-0.09545454545454546,-0.05418250950570342,-0.10597439544807966,-0.0761598530087276,-0.16140599591377225,0.0,0.16666666666666666,0.4,0.0,0.0,0.0,0,0,0,5,1.0,0.0,0.0,0.0,0.0,4.0,24.48,2.0,0.0,0.0,0.0,0.0,4.5,28.494999999999997,4.0,0.0,0.0,0.0,2.0,4.75,24.015,0,0,0,0,CT007163,1,4390059.61,4390059.61,Annual,True,337.0,28.0,1,1,1
C14531,2025-07-21,0,Professional Services,Europe,SMB,54,Enterprise Sales,246,0.6735112936344969,91.64,83.94,-0.0163,0.6664,Stable,2.3499999999999943,4.790000000000006,4.239999999999995,0.026318736700638303,0.05515256188831326,0.048512585812356915,12,43,2,793,1,43,0,0,0,0,1.0,0.0,0.0,6.0,-4.0,-6.0,84.0,-102.0,-75.0,-5.0,-2.0,-2.0,0.0,0.0,0.0,0.09090909090909091,0.0,0.0,0.16216216216216217,-0.0851063829787234,-0.12244897959183673,0.11847672778561354,-0.11396648044692738,-0.08640552995391705,-0.7142857142857143,-0.5,-0.5,0.0,0.0,0.0,0,0,0,1,0.0,0.0,0.0,0.0,0.0,,,0.0,0.0,0.0,0.0,0.0,,,1.0,0.0,0.0,0.0,0.0,5.0,18.55,0,0,0,0,CT014531,1,535432.03,535432.03,Annual,False,246.0,119.0,0,0,1
C17534,2025-02-17,0,Telecommunications,North America,SMB,60,Enterprise Sales,295,0.8076659822039699,78.18,86.88,-0.0314,0.5715,Stable,-0.9899999999999949,1.0200000000000102,1.9300000000000068,-0.012504736642667613,0.013219284603421595,0.025311475409836155,9,36,5,602,1,36,0,0,0,0,0.0,1.0,1.0,10.0,3.0,5.0,54.0,86.0,149.0,0.0,-1.0,0.0,0.0,0.0,0.0,0.0,0.125,0.125,0.38461538461538464,0.09090909090909091,0.16129032258064516,0.09854014598540146,0.16666666666666666,0.32891832229580575,0.0,-0.16666666666666666,0.0,0.0,0.0,0.0,0,0,0,1,0.0,0.0,0.0,0.0,0.0,,,0.0,0.0,0.0,0.0,0.0,,,1.0,0.0,0.0,0.0,0.0,3.0,19.03,0,0,1,0,CT017534,1,295843.8,295843.8,Annual,True,295.0,70.0,0,1,1
C18071,2025-03-10,0,Manufacturing,Latin America,Mid-Market,1815,Inbound,29,0.07939767282683094,100.0,72.99,0.2858,1.0888,Improving,1.1099999999999994,4.609999999999999,0.7999999999999972,0.011224592982101319,0.04832791697242897,0.008064516129032228,482,2359,6,45209,2,1840,0,0,0,519,482.0,482.0,482.0,2359.0,2359.0,2359.0,45209.0,45209.0,45209.0,6.0,6.0,6.0,2.0,2.0,2.0,,,,,,,,,,,,,,,,0,0,0,2,0.0,0.0,0.0,0.0,0.0,,,0.0,0.0,0.0,0.0,0.0,,,0.0,0.0,0.0,0.0,0.0,,,0,0,0,0,CT018071,1,1674116.27,5022348.81,Three-year,True,29.0,1066.0,0,0,0
C07046,2025-05-26,0,Retail,APAC,Enterprise,2839,Inbound,31,0.08487337440109514,69.75,76.41,-0.0408,0.4059,Stable,0.4300000000000068,1.2199999999999989,0.010000000000005116,0.006203115983843145,0.0178024222968043,0.00014338973329516944,603,4384,7,97603,4,2004,0,1050,789,541,603.0,603.0,603.0,4384.0,4384.0,4384.0,97603.0,97603.0,97603.0,7.0,7.0,7.0,4.0,4.0,4.0,,,,,,,,,,,,,,,,0,0,0,4,3.0,0.0,0.0,0.0,2.0,4.25,77.5075,3.0,0.0,0.0,0.0,2.0,4.25,77.5075,3.0,0.0,0.0,0.0,2.0,4.25,77.5075,0,0,0,1,CT007046,1,21906184.5,65718553.5,Three-year,True,31.0,1064.0,0,0,0
C08646,2024-07-15,0,Retail,Europe,SMB,72,Partner,28,0.07665982203969883,48.88,71.69,-0.2426,0.4827,Declining,-0.5599999999999952,-2.6099999999999994,-2.3799999999999955,-0.011326860841423852,-0.05068945426296367,-0.04642996488490042,5,22,4,361,2,17,0,0,5,0,5.0,5.0,5.0,22.0,22.0,22.0,361.0,361.0,361.0,4.0,4.0,4.0,2.0,2.0,2.0,,,,,,,,,,,,,,,,0,0,0,2,1.0,0.0,1.0,0.0,1.0,4.0,12.64,1.0,0.0,1.0,0.0,1.0,4.0,12.64,1.0,0.0,1.0,0.0,1.0,4.0,12.64,0,0,0,0,CT008646,1,310133.85,930401.55,Three-year,True,28.0,1067.0,0,0,0
C12318,2024-12-16,1,Professional Services,APAC,SMB,161,Inbound,337,0.9226557152635181,78.28,73.14,0.0853,0.5559,Stable,-0.04999999999999716,0.37000000000000455,1.5700000000000074,-0.0006383250351078407,0.004749069439096452,0.020466692738886814,24,141,7,2673,3,79,45,0,0,17,1.0,1.0,0.0,3.0,-36.0,4.0,-130.0,-813.0,-52.0,2.0,2.0,0.0,0.0,0.0,0.0,0.043478260869565216,0.043478260869565216,0.0,0.021739130434782608,-0.2033898305084746,0.029197080291970802,-0.04637887977167321,-0.2332185886402754,-0.01908256880733945,0.4,0.4,0.0,0.0,0.0,0.0,0,0,0,3,2.0,0.0,0.0,0.0,0.0,4.5,29.055,2.0,0.0,0.0,0.0,0.0,4.5,29.055,2.0,0.0,0.0,0.0,0.0,4.5,29.055,0,0,0,0,CT012318,1,200000.0,200000.0,Annual,False,337.0,28.0,1,1,1
C08056,2025-07-14,1,Retail,North America,Mid-Market,840,Direct Sales,271,0.7419575633127995,67.87,76.16,0.0303,0.7854,Stable,-0.5699999999999932,-2.4299999999999926,-3.9799999999999898,-0.008328462887200369,-0.03456614509246078,-0.055393180236603896,205,1855,6,40524,5,727,337,351,230,210,-11.0,-28.0,-37.0,-125.0,-218.0,-352.0,5509.0,-1720.0,-2565.0,-1.0,0.0,-1.0,0.0,0.0,0.0,-0.05092592592592592,-0.12017167381974249,-0.15289256198347106,-0.06313131313131314,-0.10516160154365653,-0.15949252378794743,0.15733257175496215,-0.040715841302906924,-0.05952795377010374,-0.14285714285714285,0.0,-0.14285714285714285,0.0,0.0,0.0,0,0,0,5,0.0,0.0,0.0,0.0,0.0,,,0.0,0.0,0.0,0.0,0.0,,,0.0,0.0,0.0,0.0,0.0,,,0,0,0,0,CT008056,1,6145246.16,6145246.16,Annual,True,271.0,94.0,0,0,1
C03913,2024-08-12,0,Telecommunications,Europe,Enterprise,20665,Referral,88,0.24093086926762491,85.5,70.24,0.0758,0.7301,Stable,3.549999999999997,4.189999999999998,4.950000000000003,0.04331909701037214,0.05153117697700157,0.061452513966480486,5711,54314,6,1043350,5,20246,9990,10446,7795,5837,93.0,190.0,5711.0,1677.0,2758.0,54314.0,-3849.0,-86200.0,1043350.0,0.0,-1.0,6.0,0.0,0.0,5.0,0.01655393378426486,0.03441405542474189,,0.031859718448999756,0.053495228489409574,,-0.0036755191706638376,-0.07631357620291267,,0.0,-0.14285714285714285,,0.0,0.0,,0,0,0,5,1.0,0.0,1.0,0.0,1.0,4.0,27.04,3.0,0.0,1.0,0.0,2.0,4.666666666666667,28.669999999999998,3.0,0.0,1.0,0.0,2.0,4.666666666666667,28.669999999999998,0,0,0,0,CT003913,1,18661748.54,37323497.08,Two-year,True,88.0,642.0,0,0,0
C04286,2025-03-31,0,Logistics,Middle East,SMB,34,Direct Sales,252,0.6899383983572895,65.25,91.92,-0.2678,0.6392,Declining,-2.6899999999999977,-7.140000000000001,-6.5,-0.03959375919929346,-0.09863240779113137,-0.09059233449477352,5,22,4,342,2,21,1,0,0,0,0.0,0.0,0.0,5.0,-1.0,5.0,-2.0,-120.0,15.0,1.0,0.0,-1.0,0.0,0.0,0.0,0.0,0.0,0.0,0.29411764705882354,-0.043478260869565216,0.29411764705882354,-0.005813953488372093,-0.2597402597402597,0.045871559633027525,0.3333333333333333,0.0,-0.2,0.0,0.0,0.0,0,0,0,2,2.0,1.0,0.0,0.0,1.0,4.0,19.475,3.0,1.0,0.0,0.0,1.0,4.333333333333333,20.936666666666667,3.0,1.0,0.0,0.0,1.0,4.333333333333333,20.936666666666667,0,0,0,0,CT004286,1,1199174.26,2398348.52,Two-year,True,252.0,478.0,0,0,0
C02954,2025-04-28,0,Retail,Middle East,Enterprise,2504,Inbound,349,0.9555099247091033,50.6,49.84,0.0475,0.4193,Stable,0.20000000000000284,-0.5899999999999963,-1.2199999999999989,0.003968253968254024,-0.011525688611056776,-0.023543033577769178,168,958,7,16991,3,534,0,244,180,0,-6.0,-10.0,1.0,-101.0,-21.0,10.0,-1724.0,-730.0,602.0,0.0,1.0,1.0,0.0,0.0,0.0,-0.034482758620689655,-0.056179775280898875,0.005988023952095809,-0.09537299338999056,-0.021450459652706845,0.010548523206751054,-0.0921186214266631,-0.04119406354043226,0.03673195435963146,0.0,0.16666666666666666,0.16666666666666666,0.0,0.0,0.0,0,0,0,3,1.0,0.0,0.0,0.0,0.0,4.0,41.89,4.0,0.0,0.0,1.0,0.0,3.75,28.117500000000003,7.0,1.0,0.0,2.0,1.0,3.5833333333333335,26.1775,1,0,0,0,CT002954,1,7500000.0,7500000.0,Annual,True,349.0,16.0,1,1,1
C14332,2024-09-16,0,Government,Europe,Mid-Market,1762,Enterprise Sales,150,0.4106776180698152,81.72,82.03,-0.0292,0.5548,Stable,-0.6200000000000045,0.45999999999999375,1.0600000000000023,-0.007529754675734813,0.005660841742554685,0.013141581948921427,390,2080,6,41897,2,1417,663,0,0,0,-13.0,19.0,-15.0,-14.0,150.0,-40.0,3217.0,928.0,822.0,-1.0,0.0,-1.0,0.0,0.0,0.0,-0.03225806451612903,0.05121293800539083,-0.037037037037037035,-0.0066857688634192934,0.07772020725388601,-0.018867924528301886,0.08316959669079628,0.02265127291366643,0.02001217285453439,-0.14285714285714285,0.0,-0.14285714285714285,0.0,0.0,0.0,0,0,0,2,0.0,0.0,0.0,0.0,0.0,,,1.0,0.0,0.0,0.0,0.0,4.0,40.46,2.0,0.0,0.0,0.0,0.0,4.0,42.9,0,0,0,0,CT014332,1,4028826.66,8057653.32,Two-year,True,150.0,580.0,0,0,0
C18079,2025-07-21,0,Financial Services,Europe,SMB,80,Referral,165,0.4517453798767967,94.96,98.28,0.0062,1.0429,Stable,-5.040000000000006,-5.040000000000006,-2.510000000000005,-0.05040000000000006,-0.05040000000000006,-0.025751513286139376,26,118,6,2150,2,93,0,0,25,0,-1.0,-2.0,-2.0,-28.0,-38.0,-26.0,-50.0,-274.0,-213.0,2.0,-1.0,1.0,0.0,0.0,0.0,-0.037037037037037035,-0.07142857142857142,-0.07142857142857142,-0.1917808219178082,-0.24358974358974358,-0.18055555555555555,-0.022727272727272728,-0.11303630363036303,-0.09013965298349556,0.5,-0.14285714285714285,0.2,0.0,0.0,0.0,0,0,0,2,1.0,0.0,0.0,0.0,0.0,5.0,11.14,2.0,0.0,0.0,0.0,0.0,4.5,38.06,3.0,1.0,0.0,0.0,0.0,3.6666666666666665,44.72666666666667,0,0,0,0,CT018079,1,777130.33,777130.33,Annual,False,165.0,200.0,0,0,0
C01530,2024-06-17,0,Retail,Europe,SMB,144,Referral,76,0.2080766598220397,100.0,81.17,0.304,0.7791,Improving,0.0,0.0,0.7399999999999949,0.0,0.0,0.007455168245013045,35,132,5,2820,1,132,0,0,0,0,1.0,2.0,35.0,0.0,-14.0,132.0,593.0,127.0,2820.0,1.0,-1.0,5.0,0.0,0.0,1.0,0.029411764705882353,0.06060606060606061,,0.0,-0.0958904109589041,,0.2662775033677593,0.04715930189379874,,0.25,-0.16666666666666666,,0.0,0.0,,0,0,0,1,0.0,0.0,0.0,0.0,0.0,,,0.0,0.0,0.0,0.0,0.0,,,0.0,0.0,0.0,0.0,0.0,,,0,0,0,0,CT001530,1,456425.54,456425.54,Annual,True,76.0,289.0,0,0,0
C10457,2024-09-16,0,Technology,Europe,SMB,205,Inbound,29,0.07939767282683094,67.5,84.25,-0.2143,0.9444,Declining,-0.6599999999999966,-1.0600000000000023,-0.23000000000000398,-0.009683098591549246,-0.015460910151691981,-0.0033958364092721684,29,142,5,2959,2,95,0,47,0,0,29.0,29.0,29.0,142.0,142.0,142.0,2959.0,2959.0,2959.0,5.0,5.0,5.0,2.0,2.0,2.0,,,,,,,,,,,,,,,,0,0,0,2,1.0,0.0,0.0,0.0,0.0,3.0,29.43,1.0,0.0,0.0,0.0,0.0,3.0,29.43,1.0,0.0,0.0,0.0,0.0,3.0,29.43,0,0,1,0,CT010457,1,204579.76,204579.76,Annual,True,29.0,336.0,0,0,0
C02435,2025-01-27,0,Logistics,Europe,Mid-Market,1797,Partner,190,0.5201916495550992,85.78,72.57,0.2191,0.7675,Improving,-0.12999999999999545,-0.45999999999999375,-2.519999999999996,-0.0015132115004073503,-0.005333951762523119,-0.028539071347678326,518,3944,7,77633,4,1809,953,0,684,498,-17.0,-37.0,-22.0,-179.0,-311.0,-260.0,-9568.0,-170.0,-5739.0,1.0,0.0,1.0,0.0,0.0,0.0,-0.03177570093457944,-0.06666666666666667,-0.040740740740740744,-0.04341498908561727,-0.07309048178613396,-0.06184586108468126,-0.10972351234504192,-0.0021850057195737954,-0.06883606006812838,0.16666666666666666,0.0,0.16666666666666666,0.0,0.0,0.0,0,0,0,4,3.0,0.0,1.0,1.0,0.0,4.0,41.873333333333335,3.0,0.0,1.0,1.0,0.0,4.0,41.873333333333335,3.0,0.0,1.0,1.0,0.0,4.0,41.873333333333335,0,0,0,0,CT002435,1,2640048.82,2640048.82,Annual,True,190.0,175.0,0,0,1
C12958,2025-10-06,0,Retail,Latin America,SMB,111,Referral,569,1.5578370978781657,71.73,73.21,0.0093,0.4569,Stable,0.14000000000000057,-1.1099999999999994,-0.5999999999999943,0.001955580388322399,-0.015238879736408558,-0.00829531314807126,16,78,6,1475,2,54,24,0,0,0,0.0,-1.0,-1.0,1.0,-9.0,-38.0,-5.0,-381.0,-1101.0,0.0,-1.0,0.0,0.0,0.0,0.0,0.0,-0.058823529411764705,-0.058823529411764705,0.012987012987012988,-0.10344827586206896,-0.3275862068965517,-0.0033783783783783786,-0.2052801724137931,-0.42740683229813664,0.0,-0.14285714285714285,0.0,0.0,0.0,0.0,0,1,0,2,0.0,0.0,0.0,0.0,0.0,,,1.0,0.0,1.0,0.0,1.0,3.0,10.54,1.0,0.0,1.0,0.0,1.0,3.0,10.54,0,0,1,0,CT012958,1,253564.54,507129.08,Two-year,True,569.0,161.0,0,0,1
C13967,2024-02-12,0,Technology,Middle East,SMB,129,Enterprise Sales,23,0.06297056810403832,66.74,64.63,0.0087,0.7939,Stable,0.1599999999999966,0.75,-1.440000000000012,0.0024031240612796124,0.011365358387634491,-0.02112056321501924,23,86,7,1603,2,67,19,0,0,0,23.0,23.0,23.0,86.0,86.0,86.0,1603.0,1603.0,1603.0,7.0,7.0,7.0,2.0,2.0,2.0,,,,,,,,,,,,,,,,0,0,0,2,0.0,0.0,0.0,0.0,0.0,,,0.0,0.0,0.0,0.0,0.0,,,0.0,0.0,0.0,0.0,0.0,,,0,0,0,0,CT013967,1,614924.11,614924.11,Annual,True,23.0,342.0,0,0,0
C07617,2025-02-03,0,Telecommunications,Middle East,SMB,209,Partner,240,0.6570841889117043,86.43,88.27,-0.0248,0.6365,Stable,-1.25,-2.7299999999999898,-1.3299999999999983,-0.014256386861313867,-0.03061911170928656,-0.01515496809480399,57,330,7,6260,2,230,100,0,0,0,6.0,3.0,1.0,39.0,-1.0,22.0,415.0,892.0,-292.0,1.0,0.0,0.0,0.0,0.0,0.0,0.11764705882352941,0.05555555555555555,0.017857142857142856,0.13402061855670103,-0.0030211480362537764,0.07142857142857142,0.07100085543199315,0.1661698956780924,-0.04456654456654457,0.16666666666666666,0.0,0.0,0.0,0.0,0.0,0,0,0,2,0.0,0.0,0.0,0.0,0.0,,,0.0,0.0,0.0,0.0,0.0,,,2.0,1.0,0.0,0.0,0.0,4.5,46.43,0,0,0,0,CT007617,1,581317.69,1162635.38,Two-year,True,240.0,490.0,0,0,0
C12813,2025-03-31,1,Technology,Middle East,SMB,15,Partner,114,0.31211498973305957,59.58,69.29,0.0161,0.8019,Stable,-1.2199999999999989,-1.4299999999999997,0.8799999999999955,-0.020065789473684193,-0.023438780527782328,0.014991482112436038,1,0,2,0,0,0,0,0,0,0,0.0,0.0,0.0,-4.0,-2.0,-7.0,-66.0,-35.0,-111.0,-1.0,1.0,-5.0,-1.0,-1.0,-1.0,0.0,0.0,0.0,-1.0,-1.0,-1.0,-1.0,-1.0,-1.0,-0.3333333333333333,1.0,-0.7142857142857143,-1.0,-1.0,-1.0,1,1,1,1,0.0,0.0,0.0,0.0,0.0,,,2.0,1.0,0.0,1.0,0.0,3.0,11.669999999999998,3.0,1.0,0.0,1.0,0.0,3.3333333333333335,19.026666666666667,0,0,0,0,CT012813,1,353649.8,353649.8,Annual,True,114.0,251.0,0,0,0
C02489,2024-03-04,0,Telecommunications,North America,SMB,219,Enterprise Sales,5,0.013689253935660506,72.53,88.78,-0.2533,0.8281,Declining,1.4699999999999989,-0.730000000000004,-0.04999999999999716,0.020686743596960298,-0.009964509964510019,-0.0006888950124000711,0,0,0,0,0,0,0,0,0,0,0.0,0.0,0.0,0.0,0.0,0.0,0.0,0.0,0.0,0.0,0.0,0.0,0.0,0.0,0.0,,,,,,,,,,,,,,,,0,0,0,4,0.0,0.0,0.0,0.0,0.0,,,0.0,0.0,0.0,0.0,0.0,,,0.0,0.0,0.0,0.0,0.0,,,0,0,0,0,CT002489,1,398248.0,398248.0,Annual,True,5.0,360.0,0,0,0
C16654,2025-02-24,0,Manufacturing,APAC,SMB,170,Enterprise Sales,104,0.28473648186173856,87.29,77.51,-0.0161,0.7944,Stable,-0.8199999999999932,0.8200000000000074,1.8200000000000074,-0.009306548632391252,0.00948305770787565,0.02129402129402138,62,351,7,6295,2,231,120,0,0,0,0.0,5.0,7.0,42.0,41.0,99.0,662.0,-706.0,2384.0,1.0,0.0,0.0,0.0,0.0,0.0,0.0,0.08771929824561403,0.12727272727272726,0.13592233009708737,0.13225806451612904,0.39285714285714285,0.11752174684892597,-0.10084273675189259,0.6095627716696497,0.16666666666666666,0.0,0.0,0.0,0.0,0.0,0,0,0,2,0.0,0.0,0.0,0.0,0.0,,,0.0,0.0,0.0,0.0,0.0,,,0.0,0.0,0.0,0.0,0.0,,,0,0,0,0,CT016654,1,677858.38,677858.38,Annual,False,104.0,261.0,0,0,0
C14525,2025-08-25,0,Telecommunications,Europe,Enterprise,4044,Direct Sales,167,0.45722108145106094,71.82,73.91,-0.0346,0.6033,Stable,-0.6500000000000057,0.12999999999999545,0.8299999999999983,-0.008969228646336494,0.0018133630910865596,0.011691787575714867,631,4083,6,72395,3,2170,0,1142,771,0,2.0,-6.0,-26.0,32.0,8.0,17.0,705.0,3738.0,475.0,-1.0,-1.0,-1.0,0.0,0.0,0.0,0.003179650238473768,-0.009419152276295133,-0.0395738203957382,0.007899284127375956,0.00196319018404908,0.004181013280865716,0.009834007532431301,0.054444557729000684,0.006604560622914349,-0.14285714285714285,-0.14285714285714285,-0.14285714285714285,0.0,0.0,0.0,0,0,0,3,3.0,0.0,0.0,0.0,1.0,4.0,25.74,5.0,0.0,0.0,0.0,2.0,3.8333333333333335,22.016666666666666,7.0,0.0,0.0,0.0,3.0,4.1,24.43,1,0,0,0,CT014525,1,9757557.92,19515115.84,Two-year,True,167.0,563.0,0,0,0
C19919,2025-06-30,0,Technology,Europe,SMB,137,Direct Sales,452,1.2375085557837098,82.03,65.04,0.0256,1.0655,Stable,-0.23000000000000398,6.1299999999999955,5.909999999999997,-0.0027960126428398244,0.08076416337285897,0.07764056752496054,15,73,7,1181,2,55,0,18,0,0,-1.0,0.0,1.0,5.0,-8.0,-16.0,118.0,-395.0,-299.0,1.0,1.0,1.0,0.0,0.0,0.0,-0.0625,0.0,0.07142857142857142,0.07352941176470588,-0.09876543209876543,-0.1797752808988764,0.11100658513640639,-0.2506345177664975,-0.20202702702702702,0.16666666666666666,0.16666666666666666,0.16666666666666666,0.0,0.0,0.0,0,0,0,2,0.0,0.0,0.0,0.0,0.0,,,0.0,0.0,0.0,0.0,0.0,,,0.0,0.0,0.0,0.0,0.0,,,0,0,0,0,CT019919,1,267883.31,535766.62,Two-year,True,452.0,278.0,0,0,0
C03685,2024-04-22,0,Telecommunications,North America,SMB,124,Referral,47,0.12867898699520877,47.94,64.5,-0.009,1.1363,Stable,-0.12000000000000455,-3.5500000000000043,-6.200000000000003,-0.002496878901373378,-0.06894542629636831,-0.11451791651274479,10,60,6,1030,2,31,0,29,0,0,-1.0,10.0,10.0,24.0,60.0,60.0,407.0,1030.0,1030.0,0.0,6.0,6.0,0.0,2.0,2.0,-0.09090909090909091,,,0.6666666666666666,,,0.6532905296950241,,,0.0,,,0.0,,,0,0,0,2,0.0,0.0,0.0,0.0,0.0,,,0.0,0.0,0.0,0.0,0.0,,,0.0,0.0,0.0,0.0,0.0,,,0,0,0,0,CT003685,1,1231781.55,1231781.55,Annual,True,47.0,318.0,0,0,0
C00113,2024-09-09,0,Technology,Europe,SMB,216,Partner,101,0.27652292950034224,64.43,69.06,-0.0236,0.6728,Stable,-3.9199999999999875,-5.569999999999993,-4.959999999999994,-0.05735186539868307,-0.07957142857142847,-0.07148004035163559,59,321,6,6914,3,177,87,0,0,57,-9.0,-8.0,-12.0,-56.0,-62.0,-100.0,-1161.0,-1175.0,-1133.0,0.0,2.0,0.0,0.0,0.0,0.0,-0.1323529411764706,-0.11940298507462686,-0.16901408450704225,-0.14854111405835543,-0.1618798955613577,-0.2375296912114014,-0.14377708978328174,-0.14525899369514156,-0.14079781284950912,0.0,0.5,0.0,0.0,0.0,0.0,0,0,0,3,0.0,0.0,0.0,0.0,0.0,,,0.0,0.0,0.0,0.0,0.0,,,0.0,0.0,0.0,0.0,0.0,,,0,0,0,0,CT000113,1,1500000.0,1500000.0,Annual,False,101.0,264.0,0,0,0
C06731,2025-07-14,0,Financial Services,Europe,Mid-Market,1404,Direct Sales,191,0.5229295003422314,93.55,84.18,0.0537,0.8297,Stable,-1.9300000000000068,-0.37000000000000455,0.9699999999999989,-0.020213657310431576,-0.003939522998296471,0.01047742492979044,509,4585,6,89760,4,1929,969,1029,658,0,-1.0,31.0,20.0,54.0,445.0,157.0,4583.0,5450.0,18077.0,1.0,0.0,-1.0,0.0,0.0,0.0,-0.00196078431372549,0.06485355648535565,0.0408997955010225,0.011917898918561024,0.10748792270531402,0.035456187895212286,0.053805604799417685,0.06464239117542403,0.25217973578114755,0.2,0.0,-0.14285714285714285,0.0,0.0,0.0,0,0,0,4,0.0,0.0,0.0,0.0,0.0,,,0.0,0.0,0.0,0.0,0.0,,,1.0,0.0,0.0,0.0,0.0,4.0,95.86,0,0,0,1,CT006731,1,1529369.61,1529369.61,Annual,False,191.0,174.0,0,0,1
C08653,2025-01-06,0,Financial Services,APAC,Enterprise,16420,Inbound,82,0.2245037645448323,92.38,75.3,0.057,0.8071,Stable,-0.35999999999999943,-1.1800000000000068,-2.430000000000007,-0.003881820142333399,-0.012612227447627264,-0.0256302077839891,4846,32122,6,638140,3,17710,0,9387,0,5025,258.0,177.0,4846.0,1801.0,1098.0,32122.0,119770.0,-5544.0,638140.0,-1.0,0.0,6.0,0.0,0.0,3.0,0.05623365300784656,0.0379096166202613,,0.059397777118168925,0.03539195461578133,,0.2310511796593167,-0.008612921868494479,,-0.14285714285714285,0.0,,0.0,0.0,,0,0,0,3,0.0,0.0,0.0,0.0,0.0,,,2.0,1.0,0.0,0.0,0.0,4.5,79.35,2.0,1.0,0.0,0.0,0.0,4.5,79.35,0,0,0,1,CT008653,1,13573130.1,27146260.2,Two-year,True,82.0,648.0,0,0,0
C09092,2024-10-14,0,Telecommunications,Europe,SMB,232,Enterprise Sales,82,0.2245037645448323,42.15,76.84,-0.2675,1.1847,Declining,2.0799999999999983,-4.240000000000002,-5.850000000000001,0.05190915897179931,-0.09139900840698431,-0.12187500000000002,15,62,7,1247,2,52,0,0,0,10,-4.0,-4.0,15.0,-9.0,-13.0,62.0,94.0,-209.0,1247.0,2.0,0.0,7.0,0.0,0.0,2.0,-0.21052631578947367,-0.21052631578947367,,-0.1267605633802817,-0.17333333333333334,,0.08152645273200347,-0.14354395604395603,,0.4,0.0,,0.0,0.0,,0,0,0,2,0.0,0.0,0.0,0.0,0.0,,,1.0,0.0,0.0,0.0,0.0,4.0,20.02,2.0,0.0,0.0,0.0,0.0,4.0,20.35,0,0,0,0,CT009092,1,361978.69,361978.69,Annual,True,82.0,283.0,0,0,0
C15735,2025-06-09,0,Healthcare,Latin America,Mid-Market,544,Partner,271,0.7419575633127995,97.61,83.77,0.4543,1.059,Improving,-2.3900000000000006,-2.3900000000000006,-2.3900000000000006,-0.023900000000000005,-0.023900000000000005,-0.023900000000000005,171,648,7,12515,1,648,0,0,0,0,-4.0,-6.0,-6.0,-30.0,3.0,-20.0,605.0,1526.0,-118.0,1.0,2.0,3.0,0.0,0.0,0.0,-0.022857142857142857,-0.03389830508474576,-0.03389830508474576,-0.04424778761061947,0.004651162790697674,-0.029940119760479042,0.05079764903442485,0.13886613886613886,-0.009340615847383837,0.16666666666666666,0.4,0.75,0.0,0.0,0.0,0,0,0,1,0.0,0.0,0.0,0.0,0.0,,,0.0,0.0,0.0,0.0,0.0,,,1.0,0.0,0.0,0.0,0.0,4.0,68.4,0,0,0,1,CT015735,1,4530323.45,4530323.45,Annual,False,271.0,94.0,0,0,1
C14368,2025-02-03,0,Manufacturing,APAC,Enterprise,13356,Inbound,124,0.3394934976043806,100.0,80.45,0.357,1.1378,Improving,0.6200000000000045,1.6099999999999994,0.7199999999999989,0.006238679814852129,0.016363451570281528,0.007252215954875089,4234,30650,7,552279,3,16291,0,8398,5961,0,39.0,411.0,274.0,461.0,3066.0,2003.0,29157.0,101792.0,90795.0,0.0,0.0,0.0,0.0,0.0,0.0,0.009296781883194279,0.1075071933036882,0.0691919191919192,0.015270462751333267,0.11115139211136892,0.06992006143749782,0.05573652035280489,0.22595990561325854,0.19674571599448734,0.0,0.0,0.0,0.0,0.0,0.0,0,0,0,3,0.0,0.0,0.0,0.0,0.0,,,3.0,0.0,0.0,0.0,2.0,4.333333333333333,34.54,5.0,0.0,0.0,0.0,4.0,4.111111111111111,25.03,0,0,0,0,CT014368,1,16918506.33,50755518.99,Three-year,True,124.0,971.0,0,0,0
C16712,2024-08-12,0,Financial Services,APAC,SMB,87,Partner,139,0.3805612594113621,70.94,81.61,-0.0506,1.1197,Stable,3.3900000000000006,2.8299999999999983,5.890000000000001,0.05018504811250926,0.04155043312288942,0.09054573405073021,18,65,6,1207,2,49,0,0,16,0,0.0,2.0,2.0,-27.0,2.0,4.0,-259.0,147.0,153.0,-1.0,1.0,0.0,0.0,0.0,0.0,0.0,0.125,0.125,-0.29347826086956524,0.031746031746031744,0.06557377049180328,-0.1766712141882674,0.13867924528301886,0.14516129032258066,-0.14285714285714285,0.2,0.0,0.0,0.0,0.0,1,0,0,2,1.0,0.0,0.0,0.0,0.0,4.0,29.97,1.0,0.0,0.0,0.0,0.0,4.0,29.97,4.0,0.0,0.0,0.0,0.0,4.166666666666667,42.70333333333334,0,0,0,0,CT016712,1,614126.88,614126.88,Annual,True,139.0,226.0,0,0,0
C10101,2025-05-12,0,Government,Latin America,Enterprise,4871,Enterprise Sales,305,0.8350444900752909,66.88,65.97,-0.0228,0.42,Stable,0.28000000000000114,-0.9000000000000057,-1.0100000000000051,0.004204204204204222,-0.01327825317202723,-0.014877006922963693,1008,7200,7,127197,4,3301,0,1659,1308,932,-71.0,-85.0,-38.0,-582.0,-521.0,-260.0,-27444.0,-27267.0,-17768.0,1.0,3.0,0.0,0.0,0.0,0.0,-0.06580166821130677,-0.0777676120768527,-0.036328871892925434,-0.07478797224363917,-0.06747830591892241,-0.03485254691689008,-0.1774691058645508,-0.17652656929770044,-0.12256751629703722,0.16666666666666666,0.75,0.0,0.0,0.0,0.0,1,0,0,4,1.0,0.0,0.0,0.0,0.0,3.0,40.97,4.0,0.0,0.0,0.0,2.0,3.75,19.7125,5.0,0.0,0.0,0.0,2.0,4.0,23.08599999999999,0,0,0,0,CT010101,1,26227801.67,26227801.67,Annual,True,305.0,60.0,0,1,1
C11895,2025-02-10,0,Logistics,North America,SMB,66,Enterprise Sales,128,0.35044490075290896,79.64,66.52,-0.0262,1.1366,Stable,0.09000000000000341,4.6200000000000045,6.3700000000000045,0.0011313639220616393,0.061583577712610034,0.0869387198034667,12,68,7,1244,3,47,0,0,13,8,1.0,3.0,3.0,-7.0,9.0,23.0,-271.0,208.0,564.0,0.0,1.0,1.0,0.0,0.0,0.0,0.09090909090909091,0.3333333333333333,0.3333333333333333,-0.09333333333333334,0.15254237288135594,0.5111111111111111,-0.1788778877887789,0.20077220077220076,0.8294117647058824,0.0,0.16666666666666666,0.16666666666666666,0.0,0.0,0.0,1,0,0,3,0.0,0.0,0.0,0.0,0.0,,,1.0,0.0,0.0,0.0,0.0,4.0,48.66,1.0,0.0,0.0,0.0,0.0,4.0,48.66,0,0,0,1,CT011895,1,760419.87,760419.87,Annual,True,128.0,237.0,0,0,0
C02112,2024-09-30,0,Telecommunications,Europe,SMB,183,Referral,235,0.6433949349760438,75.76,79.96,-0.0246,0.4985,Stable,-0.7399999999999949,-1.8999999999999915,-2.509999999999991,-0.009673202614379019,-0.024465619366469116,-0.032068480899450504,50,272,7,5472,2,177,95,0,0,0,-1.0,-1.0,-3.0,-20.0,30.0,5.0,-466.0,340.0,618.0,0.0,2.0,1.0,0.0,0.0,0.0,-0.0196078431372549,-0.0196078431372549,-0.05660377358490566,-0.0684931506849315,0.12396694214876033,0.018726591760299626,-0.07847760188615696,0.06625097427903351,0.1273176761433869,0.0,0.4,0.16666666666666666,0.0,0.0,0.0,0,0,0,2,0.0,0.0,0.0,0.0,0.0,,,0.0,0.0,0.0,0.0,0.0,,,0.0,0.0,0.0,0.0,0.0,,,0,0,0,0,CT002112,1,701079.38,1402158.76,Two-year,True,235.0,495.0,0,0,0
C09429,2025-06-30,0,Professional Services,Latin America,Mid-Market,685,Direct Sales,22,0.06023271731690623,100.0,63.4,0.4681,0.5766,Improving,0.0,0.0,0.0,0.0,0.0,0.0,133,514,6,10496,1,514,0,0,0,0,133.0,133.0,133.0,514.0,514.0,514.0,10496.0,10496.0,10496.0,6.0,6.0,6.0,1.0,1.0,1.0,,,,,,,,,,,,,,,,0,0,0,1,0.0,0.0,0.0,0.0,0.0,,,0.0,0.0,0.0,0.0,0.0,,,0.0,0.0,0.0,0.0,0.0,,,0,0,0,0,CT009429,1,1022978.31,1022978.31,Annual,True,22.0,343.0,0,0,0
C00807,2024-06-24,0,Technology,Europe,Mid-Market,657,Inbound,169,0.46269678302532513,67.74,73.68,0.0737,1.0366,Stable,-4.680000000000007,-2.9200000000000017,-4.8700000000000045,-0.06462303231151625,-0.041324653269176365,-0.06707065142542355,179,869,7,18525,2,580,289,0,0,0,5.0,1.0,-18.0,-15.0,-8.0,-7.0,87.0,504.0,2092.0,1.0,0.0,2.0,0.0,0.0,0.0,0.028735632183908046,0.0056179775280898875,-0.09137055837563451,-0.016968325791855202,-0.009122006841505131,-0.007990867579908675,0.004718516108037748,0.027967371400033296,0.12730481348506054,0.16666666666666666,0.0,0.4,0.0,0.0,0.0,0,0,0,2,1.0,0.0,0.0,0.0,1.0,5.0,11.49,2.0,0.0,0.0,0.0,1.0,4.0,16.605000000000004,3.0,0.0,0.0,0.0,1.0,4.0,54.583333333333336,0,0,0,1,CT000807,1,10000000.0,20000000.0,Two-year,False,169.0,561.0,0,0,0
C14511,2025-04-28,0,Technology,North America,Enterprise,4771,Referral,479,1.3114305270362765,81.26,74.38,0.0076,0.9971,Stable,0.39000000000000057,4.469999999999999,6.63000000000001,0.004822554717447762,0.05821070451881753,0.08883826879271084,1175,9927,6,183997,4,4120,2008,2265,1534,0,100.0,207.0,289.0,1044.0,1836.0,2561.0,6893.0,22041.0,36429.0,0.0,0.0,0.0,0.0,0.0,0.0,0.09302325581395349,0.21384297520661158,0.3261851015801354,0.11752786220871327,0.22691879866518352,0.3476785229432528,0.03892063420363177,0.13609251895576577,0.24686246340670065,0.0,0.0,0.0,0.0,0.0,0.0,0,0,0,4,0.0,0.0,0.0,0.0,0.0,,,0.0,0.0,0.0,0.0,0.0,,,3.0,0.0,0.0,0.0,1.0,3.6666666666666665,22.98666666666666,0,0,0,0,CT014511,1,10159369.35,30478108.05,Three-year,True,479.0,616.0,0,0,0
C19621,2025-04-14,0,Manufacturing,APAC,Mid-Market,1757,Inbound,219,0.5995893223819302,77.59,87.47,-0.0237,0.4571,Stable,1.2999999999999972,1.1700000000000017,2.4099999999999966,0.017040241184952117,0.015310128238680996,0.03205639797818564,336,2343,6,48909,3,1218,567,558,0,0,16.0,-5.0,-7.0,187.0,-45.0,-99.0,7262.0,7866.0,5115.0,0.0,0.0,-1.0,0.0,0.0,0.0,0.05,-0.01466275659824047,-0.02040816326530612,0.08673469387755102,-0.018844221105527637,-0.04054054054054054,0.17437030278291354,0.19165265696951977,0.11679682148239486,0.0,0.0,-0.14285714285714285,0.0,0.0,0.0,0,0,0,3,1.0,0.0,1.0,1.0,0.0,4.0,2.65,2.0,0.0,1.0,1.0,0.0,4.0,54.495000000000005,3.0,0.0,1.0,2.0,0.0,4.0,37.75333333333334,0,0,0,0,CT019621,1,1904794.73,1904794.73,Annual,True,219.0,146.0,0,0,1
C17235,2025-08-25,0,Education,Middle East,SMB,204,Inbound,3,0.008213552361396304,100.0,88.42,0.2975,1.1107,Improving,0.5100000000000051,0.0,0.0,0.005126143330988091,0.0,0.0,0,0,0,0,0,0,0,0,0,0,0.0,0.0,0.0,0.0,0.0,0.0,0.0,0.0,0.0,0.0,0.0,0.0,0.0,0.0,0.0,,,,,,,,,,,,,,,,0,0,0,1,0.0,0.0,0.0,0.0,0.0,,,0.0,0.0,0.0,0.0,0.0,,,0.0,0.0,0.0,0.0,0.0,,,0,0,0,0,CT017235,1,200000.0,400000.0,Two-year,True,3.0,727.0,0,0,0
C14238,2024-09-23,0,Government,Europe,Mid-Market,1422,Inbound,229,0.6269678302532512,77.32,71.71,-0.0241,0.8397,Stable,-0.1600000000000108,-1.8100000000000023,-2.8700000000000045,-0.002065049044914956,-0.022873752053582743,-0.03578999875296177,288,1315,7,21124,2,1033,0,0,0,282,2.0,-9.0,-11.0,84.0,-1.0,-59.0,-647.0,-4849.0,-5272.0,3.0,3.0,1.0,0.0,0.0,0.0,0.006993006993006993,-0.030303030303030304,-0.03678929765886288,0.06823720552396426,-0.0007598784194528875,-0.04294032023289665,-0.029718432777548116,-0.1866938744080391,-0.19972723139869678,0.75,0.75,0.16666666666666666,0.0,0.0,0.0,0,0,0,2,0.0,0.0,0.0,0.0,0.0,,,0.0,0.0,0.0,0.0,0.0,,,1.0,0.0,1.0,0.0,0.0,4.0,34.31,0,0,0,0,CT014238,1,3630855.02,7261710.04,Two-year,True,229.0,501.0,0,0,0
C11290,2025-07-07,0,Education,Europe,SMB,234,Inbound,86,0.23545516769336072,34.28,58.71,-0.2237,0.7417,Declining,0.6400000000000006,-0.259999999999998,-2.6899999999999977,0.019024970273483963,-0.007527504342790909,-0.07276169867460097,8,37,5,705,2,26,0,0,11,0,0.0,-1.0,8.0,11.0,22.0,37.0,264.0,423.0,705.0,-1.0,3.0,5.0,0.0,0.0,2.0,0.0,-0.1111111111111111,,0.4230769230769231,1.4666666666666666,,0.5986394557823129,1.5,,-0.16666666666666666,1.5,,0.0,0.0,,0,0,0,2,1.0,0.0,0.0,0.0,0.0,3.0,23.7,2.0,0.0,0.0,0.0,0.0,3.0,18.990000000000006,4.0,0.0,0.0,0.0,0.0,3.5,52.17,0,0,0,1,CT011290,1,325514.35,325514.35,Annual,True,86.0,279.0,0,0,0
C01143,2024-10-14,0,Manufacturing,APAC,Mid-Market,1406,Enterprise Sales,88,0.24093086926762491,53.88,54.98,0.0347,0.6345,Stable,1.7700000000000031,0.4000000000000057,1.1099999999999994,0.03396660909614284,0.007479431563201303,0.021034678794769744,131,639,7,11406,2,437,0,202,0,0,-1.0,5.0,131.0,34.0,33.0,639.0,-794.0,469.0,11406.0,0.0,1.0,7.0,0.0,0.0,2.0,-0.007575757575757576,0.03968253968253968,,0.05619834710743802,0.054455445544554455,,-0.06508196721311475,0.042881960318185974,,0.0,0.16666666666666666,,0.0,0.0,,0,0,0,2,2.0,1.0,0.0,0.0,1.0,3.5,13.055,3.0,1.0,1.0,0.0,1.0,3.6666666666666665,30.676666666666666,5.0,2.0,1.0,0.0,3.0,3.625,25.07875,0,1,0,0,CT001143,1,2242871.86,2242871.86,Annual,True,88.0,277.0,0,0,0
C18506,2024-04-15,0,Professional Services,Europe,Mid-Market,347,Direct Sales,25,0.06844626967830253,49.57,58.96,0.0378,0.696,Stable,0.10999999999999943,-1.509999999999998,-2.1400000000000006,0.002224019409623927,-0.029561472200469813,-0.04138464513633727,50,356,6,6324,4,149,0,95,63,49,50.0,50.0,50.0,356.0,356.0,356.0,6324.0,6324.0,6324.0,6.0,6.0,6.0,4.0,4.0,4.0,,,,,,,,,,,,,,,,0,0,0,4,1.0,0.0,0.0,0.0,1.0,4.0,18.31,1.0,0.0,0.0,0.0,1.0,4.0,18.31,1.0,0.0,0.0,0.0,1.0,4.0,18.31,0,0,0,0,CT018506,1,9324271.52,27972814.56,Three-year,True,25.0,1070.0,0,0,0
C01896,2024-07-08,0,Education,North America,SMB,242,Inbound,4,0.010951403148528405,72.47,69.18,-0.0076,0.6352,Stable,0.9699999999999989,0.7199999999999989,1.5699999999999932,0.01356643356643355,0.010034843205574897,0.022143864598025288,0,0,0,0,0,0,0,0,0,0,0.0,0.0,0.0,0.0,0.0,0.0,0.0,0.0,0.0,0.0,0.0,0.0,0.0,0.0,0.0,,,,,,,,,,,,,,,,0,0,0,2,0.0,0.0,0.0,0.0,0.0,,,0.0,0.0,0.0,0.0,0.0,,,0.0,0.0,0.0,0.0,0.0,,,0,0,0,0,CT001896,1,451194.8,451194.8,Annual,True,4.0,361.0,0,0,0
C01393,2024-06-24,0,Professional Services,Europe,SMB,159,Direct Sales,97,0.2655715263518138,72.83,69.57,0.0149,0.4631,Stable,1.5100000000000051,1.7000000000000028,2.9599999999999937,0.021172181716208712,0.023899901588640558,0.04236439101187911,22,149,7,3021,3,68,0,43,38,0,2.0,0.0,1.0,2.0,-1.0,29.0,287.0,631.0,808.0,1.0,1.0,1.0,0.0,0.0,0.0,0.1,0.0,0.047619047619047616,0.013605442176870748,-0.006666666666666667,0.24166666666666667,0.1049743964886613,0.2640167364016736,0.36511522819701764,0.16666666666666666,0.16666666666666666,0.16666666666666666,0.0,0.0,0.0,0,0,0,3,0.0,0.0,0.0,0.0,0.0,,,0.0,0.0,0.0,0.0,0.0,,,0.0,0.0,0.0,0.0,0.0,,,0,0,0,0,CT001393,1,337816.65,337816.65,Annual,True,97.0,268.0,0,0,0
C07651,2025-06-09,0,Financial Services,Middle East,Mid-Market,617,Partner,273,0.7474332648870636,53.23,44.98,0.0339,0.9819,Stable,-0.23000000000000398,-2.0600000000000023,-5.8600000000000065,-0.004302282080059932,-0.037258093687827856,-0.09917075647317662,77,394,7,7211,3,215,108,0,71,0,-9.0,-11.0,-24.0,-114.0,-113.0,-173.0,-2357.0,-2542.0,-2558.0,2.0,1.0,0.0,0.0,0.0,0.0,-0.10465116279069768,-0.125,-0.2376237623762376,-0.22440944881889763,-0.22287968441814596,-0.30511463844797176,-0.24634197324414717,-0.2606377524864144,-0.2618487050875217,0.4,0.16666666666666666,0.0,0.0,0.0,0.0,1,0,0,3,1.0,0.0,0.0,0.0,0.0,5.0,64.27,1.0,0.0,0.0,0.0,0.0,5.0,64.27,3.0,0.0,0.0,0.0,1.0,4.75,55.254999999999995,0,0,0,1,CT007651,1,3975315.48,3975315.48,Annual,False,273.0,92.0,0,0,1
C08465,2024-12-16,0,Logistics,North America,Mid-Market,734,Enterprise Sales,191,0.5229295003422314,58.7,82.15,-0.1918,0.8336,Declining,-0.3999999999999986,0.38000000000000256,-0.6899999999999977,-0.006768189509306236,0.006515775034293596,-0.011618117528203364,70,336,7,6590,2,241,95,0,0,0,2.0,3.0,0.0,-8.0,44.0,-56.0,-149.0,1055.0,-735.0,1.0,2.0,0.0,0.0,0.0,0.0,0.029411764705882353,0.04477611940298507,0.0,-0.023255813953488372,0.1506849315068493,-0.14285714285714285,-0.022110105356877876,0.19060523938572718,-0.10034129692832765,0.16666666666666666,0.4,0.0,0.0,0.0,0.0,0,0,0,2,2.0,0.0,1.0,1.0,0.0,4.0,37.834999999999994,3.0,0.0,1.0,1.0,1.0,3.6666666666666665,28.869999999999994,5.0,0.0,1.0,1.0,2.0,4.0,23.476,0,0,0,0,CT008465,1,1812450.43,1812450.43,Annual,False,191.0,174.0,0,0,1
C12360,2025-02-10,0,Professional Services,North America,Enterprise,5897,Enterprise Sales,148,0.405201916495551,83.42,71.56,0.0702,0.5318,Stable,0.730000000000004,1.4300000000000068,1.269999999999996,0.008828153343814295,0.017441151359922025,0.015459525258673109,1865,15449,6,302841,4,6466,3212,3441,2330,0,136.0,131.0,90.0,1011.0,1097.0,364.0,14122.0,19915.0,-7645.0,0.0,0.0,-1.0,0.0,0.0,0.0,0.07865818392134181,0.07554786620530565,0.05070422535211268,0.07002354896800111,0.07643534002229654,0.024129930394431554,0.04891261053134709,0.07038943045177891,-0.024622688301565932,0.0,0.0,-0.14285714285714285,0.0,0.0,0.0,0,0,0,4,1.0,1.0,0.0,0.0,1.0,5.0,18.14,1.0,1.0,0.0,0.0,1.0,5.0,18.14,4.0,2.0,0.0,0.0,3.0,4.5,21.68,0,1,0,0,CT012360,1,23089331.32,46178662.64,Two-year,False,148.0,582.0,0,0,0
C19147,2025-03-31,0,Education,Middle East,Mid-Market,1427,Direct Sales,343,0.9390828199863107,71.38,76.78,-0.0411,0.6175,Stable,-3.1500000000000057,-2.0200000000000102,-1.2199999999999989,-0.042264859788004906,-0.027520435967302588,-0.016804407713498608,229,782,2,13742,1,782,0,0,0,0,-6.0,9.0,1.0,-6.0,22.0,30.0,1424.0,890.0,1267.0,-1.0,-1.0,-3.0,0.0,0.0,0.0,-0.02553191489361702,0.04090909090909091,0.0043859649122807015,-0.007614213197969543,0.02894736842105263,0.0398936170212766,0.11560318233479461,0.06924992219109866,0.101563126252505,-0.3333333333333333,-0.3333333333333333,-0.6,0.0,0.0,0.0,0,0,0,1,0.0,0.0,0.0,0.0,0.0,,,3.0,0.0,0.0,0.0,1.0,4.666666666666667,27.556666666666672,5.0,0.0,0.0,0.0,2.0,4.2,30.998,0,0,0,0,CT019147,1,3103475.32,6206950.64,Two-year,True,343.0,387.0,0,0,0
C03556,2024-01-15,0,Professional Services,Latin America,Mid-Market,1179,Partner,6,0.01642710472279261,92.63,72.47,0.4165,1.0035,Improving,2.6299999999999955,5.109999999999999,3.039999999999992,0.02922222222222217,0.05838665447897623,0.0339323585221564,0,0,0,0,0,0,0,0,0,0,0.0,0.0,0.0,0.0,0.0,0.0,0.0,0.0,0.0,0.0,0.0,0.0,0.0,0.0,0.0,,,,,,,,,,,,,,,,0,0,0,4,0.0,0.0,0.0,0.0,0.0,,,0.0,0.0,0.0,0.0,0.0,,,0.0,0.0,0.0,0.0,0.0,,,0,0,0,0,CT003556,1,9103611.53,18207223.06,Two-year,False,6.0,724.0,0,0,0
C10365,2024-11-04,0,Professional Services,APAC,SMB,238,Referral,258,0.7063655030800822,62.61,62.8,-0.0158,0.6789,Stable,-2.0400000000000063,-0.9600000000000009,1.9799999999999969,-0.03155452436194905,-0.015101462954223703,0.03265710044532404,21,104,5,1939,2,56,0,48,0,0,-1.0,0.0,2.0,3.0,23.0,5.0,365.0,398.0,137.0,-1.0,2.0,-1.0,0.0,0.0,0.0,-0.045454545454545456,0.0,0.10526315789473684,0.0297029702970297,0.2839506172839506,0.050505050505050504,0.23189326556543838,0.2582738481505516,0.07602663706992231,-0.16666666666666666,0.6666666666666666,-0.16666666666666666,0.0,0.0,0.0,0,0,0,2,0.0,0.0,0.0,0.0,0.0,,,1.0,1.0,0.0,0.0,1.0,3.0,14.71,3.0,1.0,0.0,0.0,1.0,3.6666666666666665,39.78333333333333,0,0,0,0,CT010365,1,488041.56,976083.12,Two-year,True,258.0,472.0,0,0,0
C17666,2025-02-10,0,Telecommunications,Latin America,SMB,122,Partner,90,0.2464065708418891,70.68,81.47,-0.003,1.0977,Stable,-1.019999999999996,-2.1499999999999915,-1.039999999999992,-0.014225941422594085,-0.029520801867362233,-0.014500836586726046,25,147,7,2976,3,80,26,41,0,0,0.0,2.0,25.0,-37.0,0.0,147.0,-446.0,307.0,2976.0,0.0,2.0,7.0,0.0,0.0,3.0,0.0,0.08695652173913043,,-0.20108695652173914,0.0,,-0.13033313851548803,0.11502435369052079,,0.0,0.4,,0.0,0.0,,0,0,0,3,0.0,0.0,0.0,0.0,0.0,,,1.0,0.0,1.0,0.0,0.0,4.0,46.05,2.0,1.0,1.0,0.0,0.0,4.0,53.34,0,0,0,1,CT017666,1,688314.08,688314.08,Annual,True,90.0,275.0,0,0,0
C08619,2025-09-15,0,Healthcare,Middle East,SMB,123,Direct Sales,21,0.057494866529774126,23.75,75.57,-0.4179,0.5627,Rapidly Declining,0.10999999999999943,-0.629999999999999,-2.0700000000000003,0.00465313028764803,-0.025840853158326457,-0.08017041053446941,8,26,4,453,2,16,0,0,10,0,8.0,8.0,8.0,26.0,26.0,26.0,453.0,453.0,453.0,4.0,4.0,4.0,2.0,2.0,2.0,,,,,,,,,,,,,,,,0,0,0,2,0.0,0.0,0.0,0.0,0.0,,,0.0,0.0,0.0,0.0,0.0,,,0.0,0.0,0.0,0.0,0.0,,,0,0,0,0,CT008619,1,1500000.0,1500000.0,Annual,True,21.0,344.0,0,0,0
C03702,2025-03-10,0,Logistics,North America,SMB,46,Inbound,77,0.2108145106091718,48.17,66.08,-0.1608,0.7998,Declining,-0.5,0.8999999999999986,2.1700000000000017,-0.01027326895418122,0.019039559974613887,0.047173913043478295,5,35,7,635,4,16,0,4,11,4,0.0,0.0,5.0,9.0,0.0,35.0,83.0,-35.0,635.0,0.0,1.0,7.0,0.0,0.0,4.0,0.0,0.0,,0.34615384615384615,0.0,,0.1503623188405797,-0.05223880597014925,,0.0,0.16666666666666666,,0.0,0.0,,0,0,0,4,1.0,0.0,0.0,0.0,0.0,4.0,25.84,1.0,0.0,0.0,0.0,0.0,4.0,25.84,1.0,0.0,0.0,0.0,0.0,4.0,25.84,0,0,0,0,CT003702,1,944272.86,944272.86,Annual,True,77.0,288.0,0,0,0
C13806,2025-09-01,0,Telecommunications,North America,SMB,200,Direct Sales,14,0.038329911019849415,0.15,72.3,-0.2788,1.1921,Declining,-3.2,-5.109999999999999,-5.609999999999999,-0.9552238805970149,-0.9714828897338402,-0.9739583333333333,5,15,3,300,3,8,3,4,0,0,5.0,5.0,5.0,15.0,15.0,15.0,300.0,300.0,300.0,3.0,3.0,3.0,3.0,3.0,3.0,,,,,,,,,,,,,,,,0,0,0,3,0.0,0.0,0.0,0.0,0.0,,,0.0,0.0,0.0,0.0,0.0,,,0.0,0.0,0.0,0.0,0.0,,,0,0,0,0,CT013806,1,218921.36,218921.36,Annual,True,14.0,351.0,0,0,0
C11010,2024-12-02,0,Education,North America,Enterprise,6218,Direct Sales,49,0.13415468856947296,47.88,78.14,-0.2995,0.5512,Declining,-3.3999999999999986,-4.489999999999995,-5.299999999999997,-0.06630265210608421,-0.08573610845904134,-0.09966152688980814,663,4040,6,77070,3,2050,1000,990,0,0,-30.0,663.0,663.0,-317.0,4040.0,4040.0,-6568.0,77070.0,77070.0,0.0,6.0,6.0,0.0,3.0,3.0,-0.04329004329004329,,,-0.07275648381914161,,,-0.07852889834764103,,,0.0,,,0.0,,,0,0,0,3,4.0,0.0,1.0,0.0,2.0,3.75,19.137500000000003,6.0,0.0,1.0,0.0,3.0,3.8333333333333335,28.57166666666667,6.0,0.0,1.0,0.0,3.0,3.8333333333333335,28.57166666666667,0,0,0,0,CT011010,1,41330747.57,82661495.14,Two-year,True,49.0,681.0,0,0,0
C16354,2024-10-28,0,Healthcare,Europe,Enterprise,2354,Enterprise Sales,184,0.5037645448323066,86.86,66.64,0.3471,0.9178,Improving,1.6200000000000045,3.260000000000005,4.590000000000003,0.019005161895823613,0.03899521531100485,0.055791904704023385,660,6218,7,109739,5,2355,1156,1211,850,646,32.0,63.0,77.0,321.0,844.0,985.0,-14216.0,3023.0,12071.0,0.0,0.0,0.0,0.0,0.0,0.0,0.050955414012738856,0.10552763819095477,0.1320754716981132,0.05443445819908428,0.15705247487904728,0.1882285495891458,-0.11468678149328386,0.02832752352037183,0.12359216939017897,0.0,0.0,0.0,0.0,0.0,0.0,0,0,0,5,3.0,0.0,0.0,1.0,1.0,5.0,54.935,4.0,0.0,0.0,1.0,1.0,5.0,48.196666666666665,4.0,0.0,0.0,1.0,1.0,5.0,48.196666666666665,0,0,0,1,CT016354,1,13567396.4,13567396.4,Annual,False,184.0,181.0,0,0,0
C16290,2024-11-25,0,Healthcare,North America,SMB,230,Enterprise Sales,260,0.7118412046543463,45.88,64.6,-0.2304,1.1786,Declining,-2.6599999999999966,-0.6299999999999955,-3.1400000000000006,-0.054800164812525684,-0.013545474091593108,-0.06405548755609956,18,110,6,2200,3,53,11,46,0,0,1.0,0.0,-1.0,15.0,2.0,12.0,233.0,22.0,165.0,-1.0,-1.0,1.0,0.0,0.0,0.0,0.058823529411764705,0.0,-0.05263157894736842,0.15789473684210525,0.018518518518518517,0.12244897959183673,0.11845449923741738,0.010101010101010102,0.08108108108108109,-0.14285714285714285,-0.14285714285714285,0.2,0.0,0.0,0.0,0,0,0,3,2.0,0.0,0.0,1.0,0.0,4.0,31.449999999999996,4.0,0.0,0.0,1.0,1.0,4.0,27.2675,5.0,0.0,0.0,1.0,1.0,4.0,36.68,0,0,0,0,CT016290,1,200000.0,600000.0,Three-year,True,260.0,835.0,0,0,0
C07177,2025-01-06,0,Financial Services,Europe,SMB,213,Direct Sales,337,0.9226557152635181,84.7,79.44,-0.0294,1.0741,Stable,-6.969999999999999,-6.590000000000003,-4.840000000000003,-0.07603359877822623,-0.07218753423156976,-0.05405405405405409,43,220,5,4310,2,148,72,0,0,0,2.0,3.0,4.0,0.0,8.0,2.0,507.0,76.0,274.0,-2.0,-2.0,-2.0,0.0,0.0,0.0,0.04878048780487805,0.075,0.10256410256410256,0.0,0.03773584905660377,0.009174311926605505,0.1333158033131738,0.017949929145016533,0.06788899900891972,-0.2857142857142857,-0.2857142857142857,-0.2857142857142857,0.0,0.0,0.0,0,0,0,2,2.0,0.0,0.0,0.0,0.0,4.5,27.89,2.0,0.0,0.0,0.0,0.0,4.5,27.89,2.0,0.0,0.0,0.0,0.0,4.5,27.89,0,0,0,0,CT007177,1,480549.36,480549.36,Annual,True,337.0,28.0,1,1,1
C02756,2025-08-11,0,Manufacturing,APAC,Mid-Market,876,Referral,177,0.48459958932238195,22.02,63.02,-0.3242,0.8768,Declining,-1.2800000000000011,-4.800000000000001,-7.879999999999999,-0.05493562231759661,-0.17897091722595082,-0.2635451505016722,30,65,3,1193,1,65,0,0,0,0,1.0,0.0,-1.0,-8.0,-17.0,-20.0,-110.0,-420.0,-296.0,1.0,-2.0,-3.0,0.0,0.0,0.0,0.034482758620689655,0.0,-0.03225806451612903,-0.1095890410958904,-0.2073170731707317,-0.23529411764705882,-0.0844205679201842,-0.26038437693738375,-0.19879113498992612,0.5,-0.4,-0.5,0.0,0.0,0.0,0,0,0,1,0.0,0.0,0.0,0.0,0.0,,,1.0,0.0,0.0,0.0,0.0,4.0,45.95,2.0,1.0,0.0,0.0,1.0,4.0,34.36,0,0,0,0,CT002756,1,1290046.16,2580092.32,Two-year,True,177.0,553.0,0,0,0
C11468,2025-07-28,0,Education,APAC,SMB,121,Partner,91,0.24914442162902123,77.89,54.54,-0.0478,1.157,Stable,3.530000000000001,1.5,5.159999999999997,0.04747175901022056,0.019636078020683335,0.07094733947476964,25,83,4,1330,1,83,0,0,0,0,-1.0,1.0,5.0,-16.0,8.0,20.0,-843.0,-81.0,95.0,-1.0,0.0,0.0,0.0,0.0,0.0,-0.038461538461538464,0.041666666666666664,0.25,-0.16161616161616163,0.10666666666666667,0.31746031746031744,-0.3879429360331339,-0.057406094968107724,0.07692307692307693,-0.2,0.0,0.0,0.0,0.0,0.0,1,0,0,1,0.0,0.0,0.0,0.0,0.0,,,0.0,0.0,0.0,0.0,0.0,,,0.0,0.0,0.0,0.0,0.0,,,0,0,0,0,CT011468,1,767184.13,1534368.26,Two-year,True,91.0,639.0,0,0,0
C05525,2025-08-04,0,Manufacturing,APAC,SMB,104,Partner,115,0.31485284052019163,89.07,73.4,0.0348,0.7365,Stable,-0.9200000000000017,-0.3100000000000023,1.769999999999996,-0.010223358150905675,-0.00346833743566796,0.020274914089347035,22,140,7,2717,2,94,46,0,0,0,1.0,1.0,3.0,24.0,28.0,53.0,521.0,381.0,981.0,1.0,0.0,0.0,0.0,0.0,0.0,0.047619047619047616,0.047619047619047616,0.15789473684210525,0.20689655172413793,0.25,0.6091954022988506,0.2372495446265938,0.16309931506849315,0.5650921658986175,0.16666666666666666,0.0,0.0,0.0,0.0,0.0,0,0,0,2,0.0,0.0,0.0,0.0,0.0,,,0.0,0.0,0.0,0.0,0.0,,,0.0,0.0,0.0,0.0,0.0,,,0,0,0,0,CT005525,1,273803.62,273803.62,Annual,True,115.0,250.0,0,0,0
C17728,2025-05-12,0,Education,North America,Enterprise,18301,Direct Sales,162,0.44353182751540043,75.37,75.61,-0.0171,0.8462,Stable,1.710000000000008,2.510000000000005,3.6000000000000085,0.02321477056747228,0.034449629426297076,0.0501602340810925,4328,35333,6,645439,4,14717,7445,7697,5474,0,143.0,137.0,561.0,2088.0,857.0,5035.0,59614.0,29652.0,67207.0,-1.0,-1.0,0.0,0.0,0.0,0.0,0.034169653524492236,0.032689095681221664,0.14892487390496417,0.06280643705820424,0.024857872142940017,0.16618258630932733,0.1017607647334955,0.048153013948004746,0.11622843426168043,-0.14285714285714285,-0.14285714285714285,0.0,0.0,0.0,0.0,0,0,0,4,0.0,0.0,0.0,0.0,0.0,,,2.0,1.0,0.0,0.0,1.0,4.5,53.834999999999994,2.0,1.0,0.0,0.0,1.0,4.5,53.834999999999994,0,0,0,1,CT017728,1,18417692.24,55253076.72,Three-year,True,162.0,933.0,0,0,0
C04987,2025-10-06,0,Government,Europe,Mid-Market,969,Inbound,93,0.2546201232032854,99.39,78.9,0.2584,0.7123,Improving,0.12000000000000455,-0.6099999999999994,1.3900000000000006,0.0012088244182532947,-0.006099999999999994,0.01418367346938776,392,2752,7,53400,3,1473,737,0,542,0,14.0,22.0,6.0,153.0,152.0,33.0,-79.0,6819.0,4305.0,1.0,1.0,2.0,0.0,0.0,0.0,0.037037037037037035,0.05945945945945946,0.015544041450777202,0.05886879569065025,0.05846153846153846,0.012136815005516733,-0.0014772153555601263,0.14639015907773556,0.08768713718301252,0.16666666666666666,0.16666666666666666,0.4,0.0,0.0,0.0,0,0,0,3,1.0,0.0,0.0,0.0,1.0,5.0,12.94,1.0,0.0,0.0,0.0,1.0,5.0,12.94,2.0,0.0,0.0,0.0,2.0,4.5,17.585,0,0,0,0,CT004987,1,5900378.69,11800757.38,Two-year,True,93.0,637.0,0,0,0
C17191,2024-04-29,0,Healthcare,Middle East,Mid-Market,1943,Direct Sales,67,0.1834360027378508,71.27,82.99,-0.0338,0.6257,Stable,0.030000000000001137,0.03999999999999204,0.10999999999999943,0.0004211117349803641,0.0005615611399690023,0.0015458122540753154,396,2490,7,41921,3,1282,696,0,512,0,3.0,8.0,396.0,-17.0,125.0,2490.0,-2071.0,-5283.0,41921.0,1.0,0.0,7.0,0.0,0.0,3.0,0.007633587786259542,0.020618556701030927,,-0.006781013163143199,0.052854122621564484,,-0.0470767412256774,-0.11191848148461994,,0.16666666666666666,0.0,,0.0,0.0,,0,0,0,3,1.0,0.0,0.0,0.0,0.0,4.0,86.31,2.0,0.0,0.0,0.0,1.0,4.0,48.79,2.0,0.0,0.0,0.0,1.0,4.0,48.79,0,0,0,1,CT017191,1,3550850.11,10652550.33,Three-year,True,67.0,1028.0,0,0,0
C11944,2025-08-04,1,Telecommunications,Middle East,SMB,202,Direct Sales,39,0.10677618069815195,39.02,74.03,-0.2931,0.6745,Declining,-1.9499999999999957,-3.3899999999999935,-6.699999999999996,-0.04759580180619956,-0.07993397783541603,-0.14654418197725275,15,105,4,1828,4,40,21,31,13,0,-2.0,15.0,15.0,-10.0,105.0,105.0,-400.0,1828.0,1828.0,-3.0,4.0,4.0,0.0,4.0,4.0,-0.11764705882352941,,,-0.08695652173913043,,,-0.17953321364452424,,,-0.42857142857142855,,,0.0,,,1,0,0,4,1.0,0.0,0.0,0.0,0.0,4.0,48.62,1.0,0.0,0.0,0.0,0.0,4.0,48.62,1.0,0.0,0.0,0.0,0.0,4.0,48.62,0,0,0,1,CT011944,1,722230.97,1444461.94,Two-year,False,39.0,691.0,0,0,0
C06289,2024-10-14,0,Healthcare,North America,SMB,51,Direct Sales,227,0.621492128678987,70.63,75.74,-0.0885,0.4428,Stable,-0.7600000000000051,-0.2600000000000051,0.789999999999992,-0.010645748704300394,-0.0036676541120045864,0.011311569301259908,8,36,7,604,1,36,0,0,0,0,0.0,0.0,0.0,16.0,8.0,11.0,205.0,68.0,201.0,5.0,2.0,3.0,0.0,0.0,0.0,0.0,0.0,0.0,0.8,0.2857142857142857,0.44,0.5137844611528822,0.12686567164179105,0.4987593052109181,2.5,0.4,0.75,0.0,0.0,0.0,0,0,0,1,1.0,0.0,0.0,0.0,0.0,5.0,34.01,1.0,0.0,0.0,0.0,0.0,5.0,34.01,3.0,0.0,0.0,0.0,0.0,4.666666666666667,33.38666666666666,0,0,0,0,CT006289,1,510765.34,510765.34,Annual,True,227.0,138.0,0,0,1
C19233,2024-10-28,0,Education,APAC,Mid-Market,1737,Partner,125,0.34223134839151265,81.06,78.6,0.029,0.6317,Stable,0.8700000000000045,0.030000000000001137,1.1700000000000017,0.01084923307145535,0.0003702332469455897,0.014645137063462281,317,2471,5,55177,4,1054,518,590,0,309,5.0,5.0,-2.0,43.0,8.0,-53.0,4654.0,590.0,-3686.0,-1.0,-2.0,-1.0,0.0,0.0,0.0,0.016025641025641024,0.016025641025641024,-0.006269592476489028,0.01771004942339374,0.0032480714575720666,-0.020998415213946117,0.09211646180947292,0.01080843424258523,-0.06261998199208331,-0.16666666666666666,-0.2857142857142857,-0.16666666666666666,0.0,0.0,0.0,0,0,0,4,1.0,1.0,0.0,1.0,0.0,4.0,5.85,1.0,1.0,0.0,1.0,0.0,4.0,5.85,1.0,1.0,0.0,1.0,0.0,4.0,5.85,0,0,0,0,CT019233,1,1084014.79,1084014.79,Annual,True,125.0,240.0,0,0,0
C17988,2025-08-25,0,Logistics,Latin America,SMB,214,Direct Sales,175,0.4791238877481177,3.22,68.16,-0.4806,0.4137,Rapidly Declining,-1.98,-3.44,-5.33,-0.38076923076923075,-0.5165165165165165,-0.623391812865497,11,52,5,1022,2,31,0,21,0,0,0.0,-1.0,-1.0,25.0,5.0,5.0,510.0,186.0,90.0,1.0,0.0,1.0,0.0,0.0,0.0,0.0,-0.08333333333333333,-0.08333333333333333,0.9259259259259259,0.10638297872340426,0.10638297872340426,0.99609375,0.22248803827751196,0.09656652360515021,0.25,0.0,0.25,0.0,0.0,0.0,0,0,0,2,1.0,0.0,0.0,0.0,1.0,3.0,18.61,3.0,1.0,0.0,0.0,1.0,3.3333333333333335,30.776666666666667,3.0,1.0,0.0,0.0,1.0,3.3333333333333335,30.776666666666667,0,0,0,0,CT017988,1,917283.24,1834566.48,Two-year,False,175.0,555.0,0,0,0
C04142,2025-09-29,0,Healthcare,Europe,SMB,198,Direct Sales,80,0.2190280629705681,68.68,100.0,-0.2448,0.8517,Declining,-1.2999999999999972,-2.8999999999999915,-3.9099999999999966,-0.018576736210345772,-0.040514110086616255,-0.05386416861826693,35,168,4,3124,2,95,73,0,0,0,1.0,-1.0,35.0,1.0,-23.0,168.0,74.0,-558.0,3124.0,-1.0,-3.0,4.0,0.0,0.0,2.0,0.029411764705882353,-0.027777777777777776,,0.005988023952095809,-0.12041884816753927,,0.024262295081967214,-0.15154807170016296,,-0.2,-0.42857142857142855,,0.0,0.0,,0,0,0,2,0.0,0.0,0.0,0.0,0.0,,,1.0,1.0,1.0,0.0,1.0,4.0,32.34,1.0,1.0,1.0,0.0,1.0,4.0,32.34,0,0,0,0,CT004142,1,325840.94,325840.94,Annual,True,80.0,285.0,0,0,0
C16280,2024-06-24,0,Telecommunications,Europe,SMB,32,Enterprise Sales,87,0.23819301848049282,82.97,75.82,0.0857,0.8444,Stable,-4.390000000000001,-3.960000000000008,-3.6700000000000017,-0.05025183150183151,-0.04555389393765107,-0.042359187442289954,5,23,5,433,2,20,0,0,0,3,0.0,0.0,5.0,3.0,8.0,23.0,81.0,146.0,433.0,0.0,-1.0,5.0,0.0,0.0,2.0,0.0,0.0,,0.15,0.5333333333333333,,0.23011363636363635,0.5087108013937283,,0.0,-0.16666666666666666,,0.0,0.0,,0,0,0,2,0.0,0.0,0.0,0.0,0.0,,,0.0,0.0,0.0,0.0,0.0,,,0.0,0.0,0.0,0.0,0.0,,,0,0,0,0,CT016280,1,200000.0,200000.0,Annual,False,87.0,278.0,0,0,0
C19068,2025-09-01,0,Telecommunications,APAC,Mid-Market,1427,Direct Sales,375,1.0266940451745379,100.0,83.76,0.3285,1.0104,Improving,1.5400000000000063,3.480000000000004,0.0,0.01564086938858426,0.03605470368835479,0.0,464,1741,6,35642,1,1741,0,0,0,0,30.0,18.0,-30.0,219.0,51.0,-70.0,4897.0,11865.0,-688.0,1.0,1.0,1.0,0.0,0.0,0.0,0.06912442396313365,0.04035874439461883,-0.06072874493927125,0.14388961892247043,0.03017751479289941,-0.03865267807840972,0.15927793137095464,0.4990116499137822,-0.01893751720341316,0.2,0.2,0.2,0.0,0.0,0.0,0,0,0,1,0.0,0.0,0.0,0.0,0.0,,,1.0,0.0,0.0,0.0,0.0,4.0,68.4,1.0,0.0,0.0,0.0,0.0,4.0,68.4,0,0,0,1,CT019068,1,5167221.41,10334442.82,Two-year,True,375.0,355.0,0,0,0
C18104,2024-12-30,0,Logistics,APAC,SMB,180,Direct Sales,277,0.758384668035592,100.0,65.83,0.3069,0.8752,Improving,0.4000000000000057,1.480000000000004,4.829999999999998,0.004016064257028169,0.015022330491270849,0.050751287170326766,50,213,7,4158,1,213,0,0,0,0,-2.0,0.0,4.0,25.0,5.0,41.0,1008.0,757.0,834.0,2.0,1.0,2.0,0.0,0.0,0.0,-0.038461538461538464,0.0,0.08695652173913043,0.13297872340425532,0.02403846153846154,0.23837209302325582,0.32,0.2225815936489268,0.2509025270758123,0.4,0.16666666666666666,0.4,0.0,0.0,0.0,0,0,0,1,1.0,0.0,1.0,0.0,1.0,5.0,31.69,1.0,0.0,1.0,0.0,1.0,5.0,31.69,1.0,0.0,1.0,0.0,1.0,5.0,31.69,0,0,0,0,CT018104,1,519356.3,1038712.6,Two-year,True,277.0,453.0,0,0,0
C03269,2024-08-26,0,Logistics,North America,Enterprise,5110,Partner,99,0.27104722792607805,60.71,71.87,-0.0164,0.6984,Stable,-1.2100000000000009,-0.8399999999999963,-0.46000000000000085,-0.019541343669250658,-0.013647441104792792,-0.007520026156612732,889,7033,5,122019,4,2994,1489,1544,1006,0,2.0,-76.0,-101.0,230.0,-290.0,-530.0,950.0,-23875.0,-20453.0,-2.0,0.0,-2.0,0.0,0.0,0.0,0.002254791431792559,-0.07875647668393783,-0.10202020202020202,0.03380861384683228,-0.0396012563157176,-0.07007801137114901,0.007846765067853869,-0.1636462088913869,-0.14355803245550003,-0.2857142857142857,0.0,-0.2857142857142857,0.0,0.0,0.0,0,0,0,4,2.0,0.0,0.0,1.0,0.0,4.0,70.32,5.0,0.0,0.0,2.0,0.0,3.75,36.2525,6.0,0.0,0.0,2.0,0.0,4.0,35.141999999999996,0,0,0,0,CT003269,1,32416040.27,32416040.27,Annual,True,99.0,266.0,0,0,0
C00322,2024-07-29,0,Technology,North America,SMB,90,Direct Sales,17,0.04654346338124572,76.01,73.09,-0.0191,0.6674,Stable,0.10000000000000853,-0.3299999999999983,0.9400000000000119,0.0013173494928205576,-0.004322766570605165,0.012521646463301079,19,111,6,2029,2,84,0,0,0,27,19.0,19.0,19.0,111.0,111.0,111.0,2029.0,2029.0,2029.0,6.0,6.0,6.0,2.0,2.0,2.0,,,,,,,,,,,,,,,,0,0,0,2,2.0,0.0,0.0,0.0,0.0,5.0,30.689999999999998,2.0,0.0,0.0,0.0,0.0,5.0,30.689999999999998,2.0,0.0,0.0,0.0,0.0,5.0,30.689999999999998,0,0,0,0,CT000322,1,418398.85,418398.85,Annual,True,17.0,348.0,0,0,0
C04919,2025-08-11,0,Telecommunications,Latin America,Enterprise,39349,Partner,59,0.16153319644079397,71.49,77.81,0.0158,0.7474,Stable,0.5799999999999983,-0.6600000000000108,0.8299999999999983,0.008179382315611316,-0.009147609147609297,0.011746391168978182,5003,32311,6,608988,3,16788,0,8875,6648,0,-70.0,5003.0,5003.0,-12.0,32311.0,32311.0,48800.0,608988.0,608988.0,2.0,6.0,6.0,0.0,3.0,3.0,-0.013798541297062882,,,-0.000371252668378554,,,0.08711361185887595,,,0.5,,,0.0,,,0,0,0,3,3.0,0.0,0.0,0.0,0.0,4.25,40.4525,7.0,0.0,1.0,0.0,2.0,4.25,43.399166666666666,7.0,0.0,1.0,0.0,2.0,4.25,43.399166666666666,1,0,0,0,CT004919,1,7500000.0,22500000.0,Three-year,True,59.0,1036.0,0,0,0
C02075,2024-09-23,0,Government,North America,SMB,28,Referral,67,0.1834360027378508,72.94,75.56,-0.0534,1.0069,Stable,-2.9399999999999977,-2.980000000000004,-6.079999999999998,-0.038745387453874514,-0.03925184404636465,-0.07694254619083775,6,22,6,384,1,22,0,0,0,0,0.0,0.0,6.0,6.0,8.0,22.0,46.0,127.0,384.0,3.0,5.0,6.0,0.0,0.0,1.0,0.0,0.0,,0.375,0.5714285714285714,,0.13609467455621302,0.49416342412451364,,1.0,5.0,,0.0,0.0,,0,0,0,1,2.0,1.0,0.0,1.0,0.0,4.0,13.620000000000001,2.0,1.0,0.0,1.0,0.0,4.0,13.620000000000001,2.0,1.0,0.0,1.0,0.0,4.0,13.620000000000001,0,0,0,0,CT002075,1,717176.12,1434352.24,Two-year,False,67.0,663.0,0,0,0
C13432,2024-09-09,0,Telecommunications,APAC,SMB,68,Enterprise Sales,53,0.14510609171800137,71.29,79.55,-0.0042,0.875,Stable,-1.4499999999999886,-1.779999999999987,1.5,-0.01993401154797895,-0.024360202545504136,0.021493050580312364,12,56,7,1066,2,49,0,0,7,0,0.0,12.0,12.0,15.0,56.0,56.0,431.0,1066.0,1066.0,1.0,7.0,7.0,0.0,2.0,2.0,0.0,,,0.36585365853658536,,,0.6787401574803149,,,0.16666666666666666,,,0.0,,,0,0,0,2,1.0,1.0,0.0,0.0,1.0,4.0,20.43,3.0,1.0,0.0,0.0,1.0,3.6666666666666665,51.64333333333334,3.0,1.0,0.0,0.0,1.0,3.6666666666666665,51.64333333333334,0,0,0,1,CT013432,1,292784.88,585569.76,Two-year,False,53.0,677.0,0,0,0
C15172,2025-08-04,0,Education,North America,Mid-Market,1936,Enterprise Sales,129,0.3531827515400411,81.96,65.5,0.0625,0.7829,Stable,-1.9300000000000068,-0.6300000000000097,1.3999999999999915,-0.02300631779711535,-0.007628042135851915,0.017378351539225317,539,1904,6,32091,1,1904,0,0,0,0,-52.0,-21.0,22.0,-215.0,-43.0,32.0,-8948.0,-1967.0,-4568.0,0.0,0.0,2.0,0.0,0.0,0.0,-0.08798646362098139,-0.0375,0.0425531914893617,-0.10146295422369042,-0.022085259373394967,0.017094017094017096,-0.2180365018640805,-0.05775441893240942,-0.12460787255517063,0.0,0.0,0.5,0.0,0.0,0.0,1,0,0,1,1.0,0.0,0.0,0.0,1.0,4.0,10.38,2.0,1.0,0.0,0.0,2.0,3.5,13.969999999999999,3.0,1.0,0.0,0.0,3.0,4.0,13.046666666666667,0,0,0,0,CT015172,1,10000000.0,10000000.0,Annual,True,129.0,236.0,0,0,0
C10115,2024-09-30,0,Government,APAC,SMB,233,Inbound,174,0.47638603696098564,64.4,66.3,-0.0039,1.1811,Stable,2.1500000000000057,2.520000000000003,2.950000000000003,0.03453815261044186,0.04072398190045254,0.04800650935720102,22,134,7,2688,3,73,30,0,0,31,2.0,0.0,3.0,12.0,24.0,33.0,348.0,664.0,750.0,2.0,1.0,2.0,0.0,0.0,0.0,0.1,0.0,0.15789473684210525,0.09836065573770492,0.21818181818181817,0.32673267326732675,0.14871794871794872,0.32806324110671936,0.38699690402476783,0.4,0.16666666666666666,0.4,0.0,0.0,0.0,0,0,0,3,2.0,0.0,0.0,0.0,0.0,4.5,18.43,3.0,0.0,0.0,0.0,0.0,4.666666666666667,60.36000000000001,3.0,0.0,0.0,0.0,0.0,4.666666666666667,60.36000000000001,0,0,0,1,CT010115,1,525049.05,525049.05,Annual,True,174.0,191.0,0,0,0
C17879,2024-11-18,0,Government,Latin America,SMB,208,Inbound,289,0.7912388774811773,100.0,78.42,0.3454,0.8907,Improving,0.9599999999999937,1.4099999999999966,0.0,0.00969305331179315,0.014301653311694864,0.0,54,406,6,8147,3,206,95,105,0,0,4.0,3.0,-2.0,9.0,51.0,-25.0,21.0,1224.0,-580.0,-1.0,1.0,0.0,0.0,0.0,0.0,0.08,0.058823529411764705,-0.03571428571428571,0.022670025188916875,0.14366197183098592,-0.058004640371229696,0.002584297317253261,0.17680196446627186,-0.06646041022115275,-0.14285714285714285,0.2,0.0,0.0,0.0,0.0,0,0,0,3,1.0,0.0,0.0,0.0,0.0,4.0,7.69,2.0,0.0,0.0,0.0,0.0,3.5,28.785,2.0,0.0,0.0,0.0,0.0,3.5,28.785,0,0,0,0,CT017879,1,417180.55,417180.55,Annual,True,289.0,76.0,0,1,1
C16090,2025-06-02,0,Professional Services,North America,SMB,239,Inbound,111,0.30390143737166325,69.45,70.07,-0.0001,0.49,Stable,0.5400000000000063,1.769999999999996,2.25,0.00783630822812373,0.026152482269503483,0.033482142857142856,35,122,4,2325,2,95,0,0,0,27,0.0,-1.0,1.0,-52.0,-12.0,-11.0,-988.0,-660.0,91.0,-2.0,-2.0,-2.0,0.0,0.0,0.0,0.0,-0.027777777777777776,0.029411764705882353,-0.2988505747126437,-0.08955223880597014,-0.08270676691729323,-0.29821913673407785,-0.22110552763819097,0.04073410922112802,-0.3333333333333333,-0.3333333333333333,-0.3333333333333333,0.0,0.0,0.0,1,0,0,2,2.0,0.0,0.0,0.0,0.0,4.5,95.81500000000001,5.0,0.0,0.0,1.0,0.0,3.8,80.604,5.0,0.0,0.0,1.0,0.0,3.8,80.60400000000001,0,0,0,1,CT016090,1,422569.1,845138.2,Two-year,True,111.0,619.0,0,0,0
C17303,2024-12-09,0,Technology,North America,SMB,19,Inbound,59,0.16153319644079397,61.01,73.02,-0.0592,0.5404,Stable,-1.6900000000000048,-2.4100000000000037,-5.149999999999999,-0.02695374800637966,-0.038000630715862564,-0.07784159613059248,4,13,5,266,2,11,0,0,2,0,0.0,4.0,4.0,-10.0,13.0,13.0,-216.0,266.0,266.0,-1.0,5.0,5.0,0.0,2.0,2.0,0.0,,,-0.43478260869565216,,,-0.44813278008298757,,,-0.16666666666666666,,,0.0,,,1,0,0,2,0.0,0.0,0.0,0.0,0.0,,,0.0,0.0,0.0,0.0,0.0,,,0.0,0.0,0.0,0.0,0.0,,,0,0,0,0,CT017303,1,1369794.13,1369794.13,Annual,True,59.0,306.0,0,0,0
C05822,2024-05-06,0,Manufacturing,Middle East,Mid-Market,1611,Direct Sales,115,0.31485284052019163,81.54,61.71,0.378,0.5479,Improving,1.8900000000000006,4.150000000000006,3.5900000000000034,0.023728813559322038,0.05362449928931394,0.04605516356638875,515,3250,7,71815,3,1828,902,0,0,520,28.0,40.0,50.0,471.0,345.0,386.0,12657.0,6163.0,13542.0,2.0,0.0,2.0,0.0,0.0,0.0,0.057494866529774126,0.08421052631578947,0.10752688172043011,0.16948542641237854,0.11876075731497418,0.13477653631284917,0.2139524662767504,0.09387375860598306,0.23238892797693614,0.4,0.0,0.4,0.0,0.0,0.0,0,0,0,3,1.0,0.0,0.0,0.0,0.0,4.0,9.39,5.0,1.0,0.0,0.0,2.0,4.125,24.838749999999997,6.0,1.0,0.0,0.0,2.0,4.1,30.879,0,0,0,0,CT005822,1,5319546.47,15958639.41,Three-year,True,115.0,980.0,0,0,0
C08580,2025-07-14,0,Technology,APAC,SMB,38,Direct Sales,62,0.1697467488021903,60.96,91.73,-0.2357,0.8739,Declining,-3.1199999999999974,-5.350000000000001,-4.6399999999999935,-0.048689138576778986,-0.08068164681043585,-0.07073170731707308,4,21,5,440,2,15,0,0,6,0,0.0,4.0,4.0,7.0,21.0,21.0,181.0,440.0,440.0,1.0,5.0,5.0,0.0,2.0,2.0,0.0,,,0.5,,,0.6988416988416989,,,0.25,,,0.0,,,0,0,0,2,1.0,0.0,0.0,0.0,0.0,4.0,27.95,1.0,0.0,0.0,0.0,0.0,4.0,27.95,1.0,0.0,0.0,0.0,0.0,4.0,27.95,0,0,0,0,CT008580,1,200693.17,200693.17,Annual,False,62.0,303.0,0,0,0
C03904,2025-09-15,0,Telecommunications,North America,SMB,207,Direct Sales,148,0.405201916495551,81.93,72.69,0.0073,0.8821,Stable,1.980000000000004,4.480000000000004,3.760000000000005,0.02476547842401506,0.05784377017430605,0.04810029423052328,57,417,7,7911,3,210,0,134,73,0,1.0,5.0,1.0,64.0,114.0,33.0,998.0,2666.0,953.0,0.0,0.0,0.0,0.0,0.0,0.0,0.017857142857142856,0.09615384615384616,0.017857142857142856,0.1813031161473088,0.37623762376237624,0.0859375,0.14436568783451467,0.5082936129647283,0.13696464501293476,0.0,0.0,0.0,0.0,0.0,0.0,0,0,0,3,0.0,0.0,0.0,0.0,0.0,,,1.0,0.0,0.0,0.0,1.0,4.0,56.92,1.0,0.0,0.0,0.0,1.0,4.0,56.92,0,0,0,1,CT003904,1,353550.07,1060650.21,Three-year,False,148.0,947.0,0,0,0
C01534,2025-05-12,0,Financial Services,Europe,Mid-Market,1533,Partner,172,0.47091033538672145,71.82,63.35,-0.0701,0.8761,Stable,-0.23000000000000398,-0.37000000000000455,0.4899999999999949,-0.003192227619708591,-0.005125363623770669,0.006869479882237416,280,1189,6,25354,2,900,0,0,0,289,24.0,30.0,25.0,113.0,116.0,97.0,869.0,5416.0,5712.0,1.0,0.0,0.0,0.0,0.0,0.0,0.09375,0.12,0.09803921568627451,0.1050185873605948,0.10810810810810811,0.08882783882783883,0.03549111701041454,0.27164209048048954,0.2908054169636493,0.2,0.0,0.0,0.0,0.0,0.0,0,0,0,2,0.0,0.0,0.0,0.0,0.0,,,1.0,0.0,0.0,0.0,0.0,4.0,14.81,2.0,1.0,0.0,0.0,0.0,4.0,22.345,0,0,0,0,CT001534,1,2838844.25,5677688.5,Two-year,False,172.0,558.0,0,0,0
C03054,2025-08-04,0,Financial Services,North America,Mid-Market,1551,Inbound,22,0.06023271731690623,80.35,74.24,0.0547,0.8743,Stable,4.449999999999989,7.109999999999999,6.140000000000001,0.058629776021080215,0.0970780993992354,0.08273817544805284,432,2685,6,60895,3,1544,0,680,0,461,432.0,432.0,432.0,2685.0,2685.0,2685.0,60895.0,60895.0,60895.0,6.0,6.0,6.0,3.0,3.0,3.0,,,,,,,,,,,,,,,,0,0,0,3,1.0,0.0,0.0,0.0,0.0,5.0,16.44,1.0,0.0,0.0,0.0,0.0,5.0,16.44,1.0,0.0,0.0,0.0,0.0,5.0,16.44,0,0,0,0,CT003054,1,5202737.08,5202737.08,Annual,False,22.0,343.0,0,0,0
C13668,2025-01-13,0,Professional Services,APAC,Enterprise,8632,Direct Sales,61,0.16700889801505817,48.93,55.75,0.02,0.8947,Stable,-0.8900000000000006,-3.259999999999998,-4.549999999999997,-0.01786431152147733,-0.06246407357731363,-0.08507853403141356,927,7355,7,143350,5,2848,1366,1341,993,807,-21.0,927.0,927.0,-210.0,7355.0,7355.0,-3628.0,143350.0,143350.0,0.0,7.0,7.0,0.0,5.0,5.0,-0.022151898734177215,,,-0.02775941837409121,,,-0.02468396630788281,,,0.0,,,0.0,,,0,0,0,5,2.0,0.0,1.0,0.0,0.0,3.5,53.685,2.0,0.0,1.0,0.0,0.0,3.5,53.685,2.0,0.0,1.0,0.0,0.0,3.5,53.685,0,0,0,1,CT013668,1,20994561.04,41989122.08,Two-year,True,61.0,669.0,0,0,0
C08797,2025-09-29,0,Professional Services,APAC,SMB,83,Enterprise Sales,65,0.17796030116358658,60.49,87.11,-0.0336,1.1652,Stable,3.280000000000001,1.6900000000000048,-0.5499999999999972,0.05733263415486805,0.02874149659863954,-0.009010484927916075,10,24,4,471,2,17,0,0,0,7,0.0,0.0,10.0,-28.0,-28.0,24.0,-576.0,-673.0,471.0,-3.0,-3.0,4.0,0.0,0.0,2.0,0.0,0.0,,-0.5384615384615384,-0.5384615384615384,,-0.5501432664756447,-0.5882867132867133,,-0.42857142857142855,-0.42857142857142855,,0.0,0.0,,1,0,0,2,0.0,0.0,0.0,0.0,0.0,,,0.0,0.0,0.0,0.0,0.0,,,0.0,0.0,0.0,0.0,0.0,,,0,0,0,0,CT008797,1,522616.85,522616.85,Annual,False,65.0,300.0,0,0,0
C06357,2025-07-07,0,Telecommunications,North America,SMB,10,Direct Sales,245,0.6707734428473648,82.07,83.07,0.0188,1.1151,Stable,1.059999999999988,-0.12000000000000455,-0.7900000000000063,0.013084804345142427,-0.0014600316340187924,-0.009534153994689914,2,7,5,152,1,7,0,0,0,0,0.0,0.0,0.0,-7.0,-3.0,-5.0,-110.0,-32.0,-139.0,-2.0,-2.0,-1.0,0.0,0.0,0.0,0.0,0.0,0.0,-0.5,-0.3,-0.4166666666666667,-0.4198473282442748,-0.17391304347826086,-0.47766323024054985,-0.2857142857142857,-0.2857142857142857,-0.16666666666666666,0.0,0.0,0.0,1,1,0,1,0.0,0.0,0.0,0.0,0.0,,,0.0,0.0,0.0,0.0,0.0,,,0.0,0.0,0.0,0.0,0.0,,,0,0,0,0,CT006357,1,473380.31,473380.31,Annual,True,245.0,120.0,0,0,1
C17741,2025-06-23,0,Healthcare,Middle East,SMB,210,Direct Sales,225,0.6160164271047228,50.54,82.08,-0.222,0.7644,Declining,-0.6600000000000037,-2.6600000000000037,-4.060000000000002,-0.012890625000000072,-0.050000000000000065,-0.0743589743589744,11,58,7,1085,2,45,0,13,0,0,-1.0,-3.0,-4.0,7.0,9.0,-14.0,149.0,62.0,-402.0,2.0,4.0,1.0,0.0,0.0,0.0,-0.08333333333333333,-0.21428571428571427,-0.26666666666666666,0.13725490196078433,0.1836734693877551,-0.19444444444444445,0.15918803418803418,0.06060606060606061,-0.2703429724277068,0.4,1.3333333333333333,0.16666666666666666,0.0,0.0,0.0,0,0,0,2,1.0,0.0,0.0,0.0,0.0,3.0,24.5,1.0,0.0,0.0,0.0,0.0,3.0,24.5,2.0,0.0,0.0,0.0,0.0,3.5,53.1,0,0,0,1,CT017741,1,200000.0,600000.0,Three-year,True,225.0,870.0,0,0,0
C05288,2025-02-10,0,Telecommunications,North America,Mid-Market,1087,Direct Sales,27,0.07392197125256673,41.79,67.34,-0.17,0.9642,Declining,-3.009999999999998,-7.0,-9.230000000000004,-0.06718749999999996,-0.14347202295552366,-0.18090944727557828,43,229,7,4722,3,118,66,0,45,0,43.0,43.0,43.0,229.0,229.0,229.0,4722.0,4722.0,4722.0,7.0,7.0,7.0,3.0,3.0,3.0,,,,,,,,,,,,,,,,0,0,0,3,0.0,0.0,0.0,0.0,0.0,,,0.0,0.0,0.0,0.0,0.0,,,0.0,0.0,0.0,0.0,0.0,,,0,0,0,0,CT005288,1,1000000.0,1000000.0,Annual,True,27.0,338.0,0,0,0
C08441,2025-06-16,0,Manufacturing,Middle East,Mid-Market,1940,Enterprise Sales,124,0.3394934976043806,47.52,65.13,-0.0502,1.1665,Stable,-1.8699999999999974,-6.259999999999998,-7.0,-0.03786191536748324,-0.11640014875418367,-0.12839325018341893,143,888,5,17455,3,443,198,247,0,0,-22.0,-28.0,-35.0,-111.0,-109.0,-268.0,102.0,-3227.0,-4965.0,-1.0,0.0,-2.0,0.0,0.0,0.0,-0.13333333333333333,-0.16374269005847952,-0.19662921348314608,-0.1111111111111111,-0.10932798395185557,-0.23183391003460208,0.005877946176453639,-0.15602939754375786,-0.22145405887600356,-0.16666666666666666,0.0,-0.2857142857142857,0.0,0.0,0.0,0,0,0,3,1.0,0.0,0.0,0.0,0.0,4.0,135.92,1.0,0.0,0.0,0.0,0.0,4.0,135.92,2.0,0.0,0.0,0.0,0.0,4.0,86.57,0,0,0,1,CT008441,1,1197461.01,2394922.02,Two-year,True,124.0,606.0,0,0,0
C03952,2024-12-02,0,Financial Services,APAC,Enterprise,2406,Partner,21,0.057494866529774126,99.03,98.84,0.0634,0.6582,Stable,-0.09999999999999432,-0.9699999999999989,-0.9699999999999989,-0.0010087763542821983,-0.009699999999999988,-0.009699999999999988,859,7079,7,146757,4,3284,1658,0,1243,894,859.0,859.0,859.0,7079.0,7079.0,7079.0,146757.0,146757.0,146757.0,7.0,7.0,7.0,4.0,4.0,4.0,,,,,,,,,,,,,,,,0,0,0,4,0.0,0.0,0.0,0.0,0.0,,,0.0,0.0,0.0,0.0,0.0,,,0.0,0.0,0.0,0.0,0.0,,,0,0,0,0,CT003952,1,20819619.64,62458858.92,Three-year,False,21.0,1074.0,0,0,0
C15417,2024-08-19,0,Financial Services,Latin America,SMB,92,Inbound,140,0.38329911019849416,60.29,89.63,-0.3454,0.4785,Declining,-0.5600000000000023,-2.1199999999999974,-4.369999999999997,-0.009202958093673004,-0.0339689152379426,-0.06758428703990098,19,107,7,1878,2,70,37,0,0,0,-1.0,-3.0,-4.0,-2.0,11.0,-25.0,-110.0,-195.0,-561.0,0.0,3.0,1.0,0.0,0.0,0.0,-0.05,-0.13636363636363635,-0.17391304347826086,-0.01834862385321101,0.11458333333333333,-0.1893939393939394,-0.05533199195171026,-0.09406657018813314,-0.23001230012300122,0.0,0.75,0.16666666666666666,0.0,0.0,0.0,0,0,0,2,0.0,0.0,0.0,0.0,0.0,,,0.0,0.0,0.0,0.0,0.0,,,0.0,0.0,0.0,0.0,0.0,,,0,0,0,0,CT015417,1,1500000.0,1500000.0,Annual,True,140.0,225.0,0,0,0
C10441,2024-08-26,0,Healthcare,APAC,SMB,67,Referral,82,0.2245037645448323,70.14,81.2,-0.0473,0.519,Stable,-0.4399999999999977,-1.2900000000000063,-2.3400000000000034,-0.006234060640408015,-0.01805963880722394,-0.03228476821192058,12,75,6,1424,2,49,0,0,26,0,-1.0,-1.0,12.0,13.0,-10.0,75.0,329.0,-116.0,1424.0,0.0,-1.0,6.0,0.0,0.0,2.0,-0.07692307692307693,-0.07692307692307693,,0.20967741935483872,-0.11764705882352941,,0.3004566210045662,-0.07532467532467532,,0.0,-0.14285714285714285,,0.0,0.0,,0,0,0,2,0.0,0.0,0.0,0.0,0.0,,,1.0,0.0,0.0,0.0,0.0,4.0,46.02,1.0,0.0,0.0,0.0,0.0,4.0,46.02,0,0,0,0,CT010441,1,726283.48,726283.48,Annual,True,82.0,283.0,0,0,0
C09632,2025-03-10,0,Retail,North America,Enterprise,2573,Enterprise Sales,307,0.840520191649555,57.9,91.85,-0.3219,0.6125,Declining,-0.23000000000000398,-4.910000000000004,-4.350000000000001,-0.003956648890418097,-0.07817226556280853,-0.06987951807228918,376,2878,6,55080,4,1201,611,598,468,0,-30.0,-36.0,-4.0,-162.0,-334.0,11.0,-2471.0,-439.0,-257.0,0.0,0.0,1.0,0.0,0.0,0.0,-0.07389162561576355,-0.08737864077669903,-0.010526315789473684,-0.053289473684210525,-0.10398505603985056,0.0038367631670735963,-0.042935830828308805,-0.007907202939534213,-0.004644270560384553,0.0,0.0,0.2,0.0,0.0,0.0,0,0,0,4,4.0,1.0,0.0,0.0,3.0,4.166666666666667,17.08666666666667,8.0,2.0,2.0,1.0,4.0,4.333333333333333,22.450000000000003,10.0,3.0,2.0,2.0,4.0,4.214285714285714,28.627857142857145,1,1,0,0,CT009632,1,16684516.01,50053548.03,Three-year,False,307.0,788.0,0,0,0
C05775,2024-10-28,0,Education,North America,SMB,57,Enterprise Sales,263,0.7200547570157426,86.24,100.0,-0.1519,1.1669,Declining,-4.060000000000002,-3.660000000000011,-3.969999999999999,-0.044961240310077547,-0.040711902113459514,-0.04400842478660901,13,59,5,1200,2,31,28,0,0,0,0.0,0.0,0.0,-5.0,0.0,-12.0,-42.0,67.0,-128.0,1.0,-2.0,-2.0,0.0,0.0,0.0,0.0,0.0,0.0,-0.078125,0.0,-0.16901408450704225,-0.033816425120772944,0.05913503971756399,-0.0963855421686747,0.25,-0.2857142857142857,-0.2857142857142857,0.0,0.0,0.0,0,0,0,2,0.0,0.0,0.0,0.0,0.0,,,0.0,0.0,0.0,0.0,0.0,,,0.0,0.0,0.0,0.0,0.0,,,0,0,0,0,CT005775,1,565751.34,565751.34,Annual,True,263.0,102.0,0,0,1
C03548,2024-07-01,0,Education,North America,Enterprise,9279,Partner,67,0.1834360027378508,90.99,85.49,0.0411,1.0637,Stable,1.5,-1.8800000000000097,-0.7800000000000011,0.016761649346295676,-0.02024335092064186,-0.008499509643674416,3622,35517,7,633739,5,13243,6579,6892,4969,3834,-343.0,-146.0,3622.0,-2691.0,-1760.0,35517.0,-67896.0,-103069.0,633739.0,2.0,0.0,7.0,0.0,0.0,5.0,-0.08650693568726356,-0.038747346072186835,,-0.07043027638190955,-0.0472140998470907,,-0.09676826270069196,-0.13988583185850317,,0.4,0.0,,0.0,0.0,,0,0,0,5,1.0,0.0,0.0,0.0,1.0,5.0,28.16,4.0,0.0,0.0,0.0,3.0,4.5,36.84,4.0,0.0,0.0,0.0,3.0,4.5,36.84,0,0,0,0,CT003548,1,22406525.97,22406525.97,Annual,True,67.0,298.0,0,0,0
C01157,2025-08-04,0,Education,APAC,SMB,102,Direct Sales,257,0.70362765229295,71.99,75.01,-0.013,0.4945,Stable,0.0799999999999983,-0.14000000000000057,-0.5799999999999983,0.0011125017382839423,-0.0019409399694995228,-0.007992283312663613,14,61,4,1194,2,49,12,0,0,0,-1.0,-2.0,-2.0,-9.0,-26.0,-11.0,-85.0,-611.0,34.0,-1.0,-2.0,-1.0,0.0,0.0,0.0,-0.06666666666666667,-0.125,-0.125,-0.12857142857142856,-0.2988505747126437,-0.1527777777777778,-0.06645817044566067,-0.33850415512465376,0.029310344827586206,-0.2,-0.3333333333333333,-0.2,0.0,0.0,0.0,0,0,0,2,0.0,0.0,0.0,0.0,0.0,,,0.0,0.0,0.0,0.0,0.0,,,1.0,0.0,0.0,0.0,0.0,4.0,55.68,0,0,0,1,CT001157,1,1003944.77,1003944.77,Annual,True,257.0,108.0,0,0,1
C06785,2024-11-04,0,Technology,APAC,Mid-Market,568,Inbound,241,0.6598220396988365,73.82,71.34,0.0178,0.4353,Stable,-0.36000000000001364,0.4899999999999949,1.25,-0.004853060124022831,0.006682121914632413,0.017224748518671628,154,1262,7,22724,4,542,245,274,0,201,-1.0,0.0,10.0,107.0,67.0,240.0,957.0,-57.0,2594.0,0.0,2.0,1.0,0.0,0.0,0.0,-0.0064516129032258064,0.0,0.06944444444444445,0.09264069264069263,0.05606694560669456,0.23483365949119372,0.04396563605457803,-0.0025020850708924102,0.12886239443616493,0.0,0.4,0.16666666666666666,0.0,0.0,0.0,0,0,0,4,1.0,1.0,1.0,0.0,1.0,5.0,18.59,2.0,1.0,1.0,0.0,1.0,4.5,23.459999999999994,3.0,1.0,1.0,0.0,1.0,4.333333333333333,92.16666666666667,0,0,0,1,CT006785,1,6899117.91,6899117.91,Annual,True,241.0,124.0,0,0,1
C17364,2025-06-16,0,Logistics,North America,SMB,214,Partner,14,0.038329911019849415,76.17,81.17,-0.1489,1.1877,Declining,2.0799999999999983,-0.5,-0.4399999999999977,0.028073964097718965,-0.0065214555888874395,-0.005743375538441427,33,156,6,2913,2,128,0,0,0,28,33.0,33.0,33.0,156.0,156.0,156.0,2913.0,2913.0,2913.0,6.0,6.0,6.0,2.0,2.0,2.0,,,,,,,,,,,,,,,,0,0,0,2,0.0,0.0,0.0,0.0,0.0,,,0.0,0.0,0.0,0.0,0.0,,,0.0,0.0,0.0,0.0,0.0,,,0,0,0,0,CT017364,1,548603.62,548603.62,Annual,False,14.0,351.0,0,0,0
C09370,2024-12-23,0,Retail,APAC,Mid-Market,387,Partner,84,0.2299794661190965,74.98,87.79,-0.03,0.9042,Stable,0.46999999999999886,-0.39000000000000057,-2.239999999999995,0.006307878137162781,-0.005174472601830974,-0.029008029008028943,68,353,7,6590,3,199,0,92,0,62,0.0,-3.0,68.0,-73.0,-18.0,353.0,-971.0,384.0,6590.0,0.0,1.0,7.0,0.0,0.0,3.0,0.0,-0.04225352112676056,,-0.17136150234741784,-0.04851752021563342,,-0.12842216638010845,0.061875604253947794,,0.0,0.16666666666666666,,0.0,0.0,,0,0,0,3,3.0,0.0,1.0,0.0,1.0,4.0,23.7,3.0,0.0,1.0,0.0,1.0,4.0,23.7,3.0,0.0,1.0,0.0,1.0,4.0,23.7,0,0,0,0,CT009370,1,1315700.88,2631401.76,Two-year,False,84.0,646.0,0,0,0
C03405,2024-10-28,0,Technology,APAC,Enterprise,15587,Direct Sales,265,0.7255304585900069,19.55,59.84,-0.3884,0.4091,Rapidly Declining,-1.9100000000000001,-3.9899999999999984,-5.529999999999998,-0.08900279589934762,-0.16949872557349188,-0.22049441786283883,544,2769,7,50798,3,1426,637,706,0,0,-39.0,13.0,-50.0,-197.0,-38.0,-479.0,-10204.0,3660.0,-14362.0,0.0,0.0,1.0,0.0,0.0,0.0,-0.06689536878216124,0.02448210922787194,-0.08417508417508418,-0.06641942009440324,-0.013537584609903812,-0.14747536945812809,-0.16727320415724076,0.07764436335864908,-0.2204112952731737,0.0,0.0,0.16666666666666666,0.0,0.0,0.0,1,0,0,3,4.0,1.0,2.0,0.0,2.0,3.5,31.61,5.0,1.0,2.0,0.0,2.0,3.6,33.318,6.0,1.0,2.0,0.0,2.0,3.5,45.57166666666666,0,0,0,0,CT003405,1,7500000.0,15000000.0,Two-year,True,265.0,465.0,0,0,0
C12058,2024-10-14,0,Technology,Europe,Enterprise,4081,Referral,49,0.13415468856947296,44.52,73.18,-0.3382,1.052,Declining,-0.10999999999999943,-3.9199999999999946,-7.909999999999997,-0.00246470983643288,-0.08092485549132937,-0.15086782376501998,291,1787,7,34865,4,876,390,0,313,208,-34.0,291.0,291.0,-338.0,1787.0,1787.0,-7245.0,34865.0,34865.0,1.0,7.0,7.0,0.0,4.0,4.0,-0.10461538461538461,,,-0.15905882352941175,,,-0.17204939444312514,,,0.16666666666666666,,,0.0,,,1,0,0,4,1.0,0.0,1.0,0.0,0.0,4.0,103.74,2.0,0.0,1.0,0.0,1.0,4.0,60.015,2.0,0.0,1.0,0.0,1.0,4.0,60.015,0,0,0,1,CT012058,1,15680073.15,47040219.45,Three-year,True,49.0,1046.0,0,0,0
C04941,2025-03-17,0,Healthcare,Europe,Enterprise,4625,Referral,18,0.049281314168377825,90.52,78.71,-0.0173,1.1929,Stable,3.759999999999991,5.22999999999999,4.179999999999993,0.04333794375288141,0.061320201664907835,0.04841324994208933,1562,12657,7,217659,4,5813,0,2990,2198,1656,1562.0,1562.0,1562.0,12657.0,12657.0,12657.0,217659.0,217659.0,217659.0,7.0,7.0,7.0,4.0,4.0,4.0,,,,,,,,,,,,,,,,0,0,0,4,0.0,0.0,0.0,0.0,0.0,,,0.0,0.0,0.0,0.0,0.0,,,0.0,0.0,0.0,0.0,0.0,,,0,0,0,0,CT004941,1,26373543.23,26373543.23,Annual,True,18.0,347.0,0,0,0
C04308,2024-04-08,0,Financial Services,APAC,SMB,17,Inbound,19,0.05201916495550993,99.12,95.92,0.4051,0.9753,Improving,0.2400000000000091,-0.8799999999999955,-0.8799999999999955,0.0024271844660195096,-0.008799999999999954,-0.008799999999999954,6,32,7,613,2,26,0,0,6,0,6.0,6.0,6.0,32.0,32.0,32.0,613.0,613.0,613.0,7.0,7.0,7.0,2.0,2.0,2.0,,,,,,,,,,,,,,,,0,0,0,2,0.0,0.0,0.0,0.0,0.0,,,0.0,0.0,0.0,0.0,0.0,,,0.0,0.0,0.0,0.0,0.0,,,0,0,0,0,CT004308,1,512198.51,512198.51,Annual,True,19.0,346.0,0,0,0
C02341,2024-10-21,0,Manufacturing,North America,SMB,96,Referral,237,0.648870636550308,98.42,89.79,0.2564,1.1756,Improving,0.20000000000000284,-1.5799999999999983,-1.5799999999999983,0.0020362451639177647,-0.015799999999999984,-0.015799999999999984,20,152,7,2946,3,78,41,0,33,0,1.0,0.0,-1.0,12.0,10.0,13.0,565.0,443.0,933.0,0.0,2.0,0.0,0.0,0.0,0.0,0.05263157894736842,0.0,-0.047619047619047616,0.08571428571428572,0.07042253521126761,0.09352517985611511,0.2372952540949181,0.1769876148621654,0.46348733233979134,0.0,0.4,0.0,0.0,0.0,0.0,0,0,0,3,0.0,0.0,0.0,0.0,0.0,,,1.0,0.0,0.0,0.0,0.0,4.0,86.68,1.0,0.0,0.0,0.0,0.0,4.0,86.68,0,0,0,1,CT002341,1,233773.99,467547.98,Two-year,False,237.0,493.0,0,0,0
C07445,2025-01-27,0,Financial Services,North America,SMB,92,Referral,86,0.23545516769336072,54.88,73.91,0.0025,1.0863,Stable,-2.469999999999999,0.47000000000000597,-0.6899999999999977,-0.04306887532693982,0.0086381179930161,-0.012416771639373722,4,15,4,255,2,12,0,3,0,0,0.0,0.0,4.0,-10.0,-6.0,15.0,-210.0,-95.0,255.0,-1.0,-3.0,4.0,0.0,0.0,2.0,0.0,0.0,,-0.4,-0.2857142857142857,,-0.45161290322580644,-0.2714285714285714,,-0.2,-0.42857142857142855,,0.0,0.0,,1,0,0,2,0.0,0.0,0.0,0.0,0.0,,,1.0,0.0,0.0,0.0,0.0,4.0,30.66,2.0,0.0,0.0,0.0,0.0,4.0,38.74,0,0,0,0,CT007445,1,200000.0,200000.0,Annual,True,86.0,279.0,0,0,0
C03351,2025-01-13,0,Telecommunications,Latin America,SMB,116,Enterprise Sales,225,0.6160164271047228,74.3,75.65,-0.0106,0.4803,Stable,-1.5100000000000051,-0.3500000000000085,-0.3200000000000074,-0.01991821659411694,-0.004688546550569437,-0.00428839453229707,18,132,7,2458,3,76,36,0,20,0,2.0,1.0,2.0,-3.0,31.0,15.0,-140.0,610.0,418.0,1.0,2.0,0.0,0.0,0.0,0.0,0.125,0.058823529411764705,0.125,-0.022222222222222223,0.3069306930693069,0.1282051282051282,-0.05388760585065435,0.3300865800865801,0.20490196078431372,0.16666666666666666,0.4,0.0,0.0,0.0,0.0,0,0,0,3,0.0,0.0,0.0,0.0,0.0,,,1.0,0.0,0.0,0.0,0.0,4.0,20.2,1.0,0.0,0.0,0.0,0.0,4.0,20.2,0,0,0,0,CT003351,1,683026.09,1366052.18,Two-year,True,225.0,505.0,0,0,0
C19163,2024-10-21,0,Government,Latin America,SMB,20,Direct Sales,60,0.16427104722792607,99.3,98.56,0.0223,0.4146,Stable,-0.07000000000000739,-0.37000000000000455,-0.7000000000000028,-0.0007044379591426727,-0.0037122504264071893,-0.007000000000000029,5,25,7,521,2,11,14,0,0,0,0.0,5.0,5.0,2.0,25.0,25.0,21.0,521.0,521.0,0.0,7.0,7.0,0.0,2.0,2.0,0.0,,,0.08695652173913043,,,0.042,,,0.0,,,0.0,,,0,0,0,2,1.0,0.0,0.0,0.0,0.0,5.0,19.28,1.0,0.0,0.0,0.0,0.0,5.0,19.28,1.0,0.0,0.0,0.0,0.0,5.0,19.28,0,0,0,0,CT019163,1,277431.29,277431.29,Annual,False,60.0,305.0,0,0,0
C10365,2024-09-30,0,Professional Services,APAC,SMB,238,Referral,223,0.6105407255304586,63.91,62.8,-0.0158,0.6789,Stable,1.1899999999999977,3.989999999999995,4.43,0.01897321428571425,0.06658878504672888,0.07447881640887694,22,89,7,1656,2,46,0,43,0,0,2.0,3.0,1.0,-9.0,13.0,-27.0,-515.0,132.0,-473.0,0.0,1.0,1.0,0.0,0.0,0.0,0.1,0.15789473684210525,0.047619047619047616,-0.09183673469387756,0.17105263157894737,-0.23275862068965517,-0.23721787194841087,0.08661417322834646,-0.22217003287928605,0.0,0.16666666666666666,0.16666666666666666,0.0,0.0,0.0,1,0,0,2,2.0,1.0,0.0,0.0,1.0,3.5,28.365000000000006,3.0,1.0,0.0,0.0,1.0,3.6666666666666665,39.78333333333333,4.0,1.0,0.0,0.0,1.0,3.75,44.8675,0,0,0,0,CT010365,1,488041.56,976083.12,Two-year,True,223.0,507.0,0,0,0
C13153,2025-06-09,0,Professional Services,Europe,SMB,173,Referral,319,0.8733744010951403,73.44,67.65,0.0155,0.6025,Stable,0.8499999999999943,0.3299999999999983,1.3199999999999932,0.01170960187353622,0.004513746409519878,0.01830282861896829,37,188,6,3462,2,133,55,0,0,0,2.0,0.0,2.0,9.0,-51.0,14.0,-77.0,-1419.0,60.0,0.0,0.0,-1.0,0.0,0.0,0.0,0.05714285714285714,0.0,0.05714285714285714,0.05027932960893855,-0.21338912133891214,0.08045977011494253,-0.02175755863238203,-0.29071911493546404,0.01763668430335097,0.0,0.0,-0.14285714285714285,0.0,0.0,0.0,0,0,0,2,1.0,0.0,0.0,0.0,0.0,4.0,29.85,1.0,0.0,0.0,0.0,0.0,4.0,29.85,1.0,0.0,0.0,0.0,0.0,4.0,29.85,0,0,0,0,CT013153,1,676941.25,676941.25,Annual,True,319.0,46.0,0,1,1
C19305,2024-10-21,0,Telecommunications,North America,Enterprise,2392,Referral,140,0.38329911019849416,29.79,67.79,-0.1781,1.0635,Declining,-3.8299999999999983,-5.009999999999998,-9.259999999999998,-0.11392028554431882,-0.14396551724137926,-0.23713188220230472,116,735,7,13998,4,324,132,170,109,0,1.0,-1.0,-28.0,5.0,-65.0,-229.0,242.0,-146.0,-3643.0,0.0,2.0,2.0,0.0,0.0,0.0,0.008695652173913044,-0.008547008547008548,-0.19444444444444445,0.00684931506849315,-0.08125,-0.237551867219917,0.017592323349810993,-0.010322398190045249,-0.2065075675982087,0.0,0.4,0.4,0.0,0.0,0.0,0,0,0,4,2.0,0.0,1.0,0.0,0.0,4.0,29.125,4.0,0.0,1.0,0.0,1.0,3.6666666666666665,49.63166666666666,6.0,0.0,1.0,1.0,2.0,3.8,37.242999999999995,0,0,0,0,CT019305,1,12245888.59,12245888.59,Annual,True,140.0,225.0,0,0,0
C08520,2025-05-19,0,Telecommunications,North America,SMB,171,Enterprise Sales,501,1.3716632443531827,99.94,79.04,0.2807,1.0186,Improving,0.4399999999999977,2.989999999999995,2.3400000000000034,0.0044221105527637965,0.03084063950489938,0.02397540983606561,57,378,6,7434,3,197,0,123,0,58,-7.0,-1.0,-3.0,-36.0,6.0,-15.0,-1057.0,-1079.0,-853.0,1.0,1.0,0.0,0.0,0.0,0.0,-0.109375,-0.017241379310344827,-0.05,-0.08695652173913043,0.016129032258064516,-0.03816793893129771,-0.12448474855729597,-0.12674732761658639,-0.10293230360806081,0.2,0.2,0.0,0.0,0.0,0.0,0,0,0,3,0.0,0.0,0.0,0.0,0.0,,,2.0,1.0,0.0,0.0,1.0,4.0,24.8,2.0,1.0,0.0,0.0,1.0,4.0,24.8,0,0,0,0,CT008520,1,1324401.71,2648803.42,Two-year,True,501.0,229.0,0,0,0
C19952,2025-02-03,0,Professional Services,Middle East,Mid-Market,362,Direct Sales,61,0.16700889801505817,99.83,71.4,0.3167,0.9486,Improving,-0.1700000000000017,0.3499999999999943,-0.1700000000000017,-0.001700000000000017,0.003518295134700385,-0.001700000000000017,102,466,6,8603,2,369,0,0,0,97,-2.0,102.0,102.0,-59.0,466.0,466.0,-1456.0,8603.0,8603.0,-1.0,6.0,6.0,0.0,2.0,2.0,-0.019230769230769232,,,-0.11238095238095239,,,-0.14474599860821155,,,-0.14285714285714285,,,0.0,,,0,0,0,2,1.0,0.0,1.0,0.0,1.0,4.0,11.01,1.0,0.0,1.0,0.0,1.0,4.0,11.01,1.0,0.0,1.0,0.0,1.0,4.0,11.01,0,0,0,0,CT019952,1,2906272.05,2906272.05,Annual,True,61.0,304.0,0,0,0
C14871,2025-02-17,0,Education,North America,Mid-Market,977,Enterprise Sales,352,0.9637234770704997,50.96,55.91,-0.0244,0.7096,Stable,-0.6099999999999994,0.30000000000000426,1.3699999999999974,-0.01182858250921077,0.005921831819976397,0.027626537608388735,90,634,6,11752,4,292,144,0,112,86,-7.0,2.0,3.0,-1.0,81.0,35.0,-1301.0,1163.0,547.0,0.0,0.0,1.0,0.0,0.0,0.0,-0.07216494845360824,0.022727272727272728,0.034482758620689655,-0.0015748031496062992,0.14647377938517178,0.05843071786310518,-0.09967057381444878,0.10983095665313061,0.04881749219098617,0.0,0.0,0.2,0.0,0.0,0.0,0,0,0,4,3.0,1.0,1.0,0.0,0.0,4.0,18.7,6.0,1.0,1.0,0.0,0.0,4.0,25.455000000000002,7.0,2.0,1.0,0.0,0.0,3.75,63.19375,1,1,0,1,CT014871,1,2386475.57,7159426.71,Three-year,True,352.0,743.0,0,0,0
C14673,2024-02-05,0,Manufacturing,Middle East,SMB,60,Partner,0,0.0,67.88,65.83,-0.0209,0.8631,Stable,-0.5799999999999983,0.789999999999992,-0.39000000000000057,-0.00847210049664035,0.01177522730660295,-0.005712611688882387,0,0,0,0,0,0,0,0,0,0,0.0,0.0,0.0,0.0,0.0,0.0,0.0,0.0,0.0,0.0,0.0,0.0,0.0,0.0,0.0,,,,,,,,,,,,,,,,0,0,0,1,0.0,0.0,0.0,0.0,0.0,,,0.0,0.0,0.0,0.0,0.0,,,0.0,0.0,0.0,0.0,0.0,,,0,0,0,0,CT014673,1,1500000.0,1500000.0,Annual,True,0.0,365.0,0,0,0
C11567,2024-08-19,0,Manufacturing,Middle East,SMB,242,Partner,162,0.44353182751540043,75.63,76.89,0.0239,0.5273,Stable,-1.9000000000000057,-0.9399999999999977,-0.4300000000000068,-0.02450664258996525,-0.012276348439336527,-0.005653431501446316,45,227,6,3495,2,155,0,72,0,0,-2.0,3.0,3.0,-5.0,2.0,18.0,-1006.0,22.0,-416.0,-1.0,-1.0,-1.0,0.0,0.0,0.0,-0.0425531914893617,0.07142857142857142,0.07142857142857142,-0.021551724137931036,0.008888888888888889,0.0861244019138756,-0.22350588758053766,0.006334581053843939,-0.10636665814369727,-0.14285714285714285,-0.14285714285714285,-0.14285714285714285,0.0,0.0,0.0,1,0,0,2,0.0,0.0,0.0,0.0,0.0,,,1.0,1.0,0.0,0.0,0.0,4.0,24.09,4.0,1.0,0.0,0.0,1.0,4.166666666666667,49.63166666666667,0,0,0,1,CT011567,1,257012.43,257012.43,Annual,False,162.0,203.0,0,0,0
C09222,2025-05-26,0,Financial Services,North America,SMB,177,Direct Sales,123,0.33675564681724846,64.5,74.66,-0.0263,0.852,Stable,-0.9099999999999966,-1.269999999999996,-1.3599999999999994,-0.013912245833970289,-0.01930971567583999,-0.02064986334649255,14,67,6,1170,1,67,0,0,0,0,0.0,-1.0,-2.0,29.0,21.0,-1.0,284.0,286.0,3.0,1.0,3.0,0.0,0.0,0.0,0.0,0.0,-0.06666666666666667,-0.125,0.7631578947368421,0.45652173913043476,-0.014705882352941176,0.32054176072234764,0.3235294117647059,0.002570694087403599,0.2,1.0,0.0,0.0,0.0,0.0,0,0,0,1,0.0,0.0,0.0,0.0,0.0,,,1.0,0.0,0.0,0.0,0.0,4.0,17.62,1.0,0.0,0.0,0.0,0.0,4.0,17.62,0,0,0,0,CT009222,1,200000.0,200000.0,Annual,True,123.0,242.0,0,0,0
C18125,2025-02-17,0,Professional Services,Latin America,SMB,126,Direct Sales,8,0.02190280629705681,63.9,82.1,-0.2751,1.0007,Declining,0.4799999999999969,-0.6300000000000026,-0.060000000000002274,0.007568590350047254,-0.009762900976290137,-0.000938086303939998,34,196,7,4269,3,113,53,0,0,30,34.0,34.0,34.0,196.0,196.0,196.0,4269.0,4269.0,4269.0,7.0,7.0,7.0,3.0,3.0,3.0,,,,,,,,,,,,,,,,0,0,0,3,0.0,0.0,0.0,0.0,0.0,,,0.0,0.0,0.0,0.0,0.0,,,0.0,0.0,0.0,0.0,0.0,,,0,0,0,0,CT018125,1,1425304.92,1425304.92,Annual,True,8.0,357.0,0,0,0
C07026,2024-10-14,0,Retail,APAC,SMB,141,Partner,23,0.06297056810403832,100.0,89.92,0.0093,0.9217,Stable,0.5999999999999943,0.5699999999999932,2.730000000000004,0.00603621730382288,0.005732676254651445,0.02806620746376071,44,207,5,3627,2,150,0,0,57,0,44.0,44.0,44.0,207.0,207.0,207.0,3627.0,3627.0,3627.0,5.0,5.0,5.0,2.0,2.0,2.0,,,,,,,,,,,,,,,,0,0,0,2,1.0,0.0,0.0,0.0,0.0,4.0,34.84,1.0,0.0,0.0,0.0,0.0,4.0,34.84,1.0,0.0,0.0,0.0,0.0,4.0,34.84,0,0,0,0,CT007026,1,315961.04,315961.04,Annual,True,23.0,342.0,0,0,0
C19312,2024-04-15,0,Healthcare,Latin America,Mid-Market,970,Inbound,3,0.008213552361396304,99.09,88.64,0.3201,0.4976,Improving,-0.8900000000000006,-0.5799999999999983,-0.9099999999999966,-0.00890178035607122,-0.005819203371124695,-0.009099999999999966,0,0,0,0,0,0,0,0,0,0,0.0,0.0,0.0,0.0,0.0,0.0,0.0,0.0,0.0,0.0,0.0,0.0,0.0,0.0,0.0,,,,,,,,,,,,,,,,0,0,0,2,0.0,0.0,0.0,0.0,0.0,,,0.0,0.0,0.0,0.0,0.0,,,0.0,0.0,0.0,0.0,0.0,,,0,0,0,0,CT019312,1,1491630.57,1491630.57,Annual,True,3.0,362.0,0,0,0
C11238,2025-09-01,0,Logistics,North America,Mid-Market,1351,Partner,456,1.2484599589322383,56.75,65.04,-0.1096,1.033,Stable,-0.36999999999999744,-1.8500000000000014,-1.7199999999999989,-0.006477591036414521,-0.03156996587030719,-0.029416794937574806,185,1341,5,28902,4,610,262,327,0,142,-6.0,-9.0,-7.0,30.0,-64.0,-41.0,2246.0,-79.0,116.0,-2.0,-2.0,0.0,0.0,0.0,0.0,-0.031413612565445025,-0.04639175257731959,-0.036458333333333336,0.02288329519450801,-0.04555160142348755,-0.029667149059334298,0.08425870348139256,-0.002725923881163521,0.004029736677551588,-0.2857142857142857,-0.2857142857142857,0.0,0.0,0.0,0.0,0,0,0,4,3.0,1.0,0.0,0.0,0.0,4.5,71.69,6.0,3.0,1.0,0.0,1.0,4.0,55.238,7.0,3.0,2.0,0.0,1.0,4.166666666666667,52.44166666666666,1,1,0,1,CT011238,1,2651697.14,5303394.28,Two-year,False,456.0,274.0,0,0,0
C08742,2025-02-24,0,Healthcare,Europe,Mid-Market,343,Enterprise Sales,223,0.6105407255304586,98.85,75.08,0.3013,0.7996,Improving,-1.1500000000000057,-1.1500000000000057,-1.1500000000000057,-0.011500000000000057,-0.011500000000000057,-0.011500000000000057,102,516,7,9335,2,391,0,0,0,125,0.0,2.0,-2.0,14.0,82.0,-4.0,518.0,1396.0,223.0,2.0,0.0,1.0,0.0,0.0,0.0,0.0,0.02,-0.019230769230769232,0.027888446215139442,0.1889400921658986,-0.007692307692307693,0.058750141771577634,0.17584078599319813,0.024473222124670763,0.4,0.0,0.16666666666666666,0.0,0.0,0.0,0,0,0,2,1.0,0.0,0.0,0.0,0.0,4.0,25.81,3.0,0.0,0.0,0.0,0.0,4.0,37.910000000000004,3.0,0.0,0.0,0.0,0.0,4.0,37.910000000000004,0,0,0,0,CT008742,1,3056719.34,3056719.34,Annual,True,223.0,142.0,0,0,1
C10802,2024-07-15,0,Telecommunications,Europe,SMB,134,Referral,23,0.06297056810403832,72.05,69.44,0.0373,0.479,Stable,-0.20000000000000284,0.7800000000000011,1.3599999999999994,-0.0027681660899654373,0.010944296337870089,0.01923893054180223,25,112,7,2194,2,90,0,0,22,0,25.0,25.0,25.0,112.0,112.0,112.0,2194.0,2194.0,2194.0,7.0,7.0,7.0,2.0,2.0,2.0,,,,,,,,,,,,,,,,0,0,0,2,0.0,0.0,0.0,0.0,0.0,,,0.0,0.0,0.0,0.0,0.0,,,0.0,0.0,0.0,0.0,0.0,,,0,0,0,0,CT010802,1,744593.1,744593.1,Annual,True,23.0,342.0,0,0,0
C11393,2024-12-09,0,Logistics,Latin America,Mid-Market,291,Inbound,286,0.783025325119781,17.04,68.92,-0.5077,1.0521,Rapidly Declining,-1.4400000000000013,-5.470000000000002,-8.560000000000002,-0.07792207792207799,-0.24300310972900943,-0.3343750000000001,18,49,5,957,2,33,16,0,0,0,1.0,2.0,1.0,-15.0,-5.0,-25.0,-409.0,-36.0,-568.0,0.0,0.0,-1.0,0.0,0.0,0.0,0.058823529411764705,0.125,0.058823529411764705,-0.234375,-0.09259259259259259,-0.33783783783783783,-0.29941434846266474,-0.03625377643504532,-0.37245901639344264,0.0,0.0,-0.16666666666666666,0.0,0.0,0.0,1,1,0,2,2.0,0.0,0.0,0.0,0.0,3.0,31.854999999999997,4.0,0.0,0.0,0.0,0.0,3.0,34.0325,5.0,1.0,0.0,0.0,1.0,3.0,25.534999999999997,0,0,1,0,CT011393,1,6703104.91,20109314.73,Three-year,True,286.0,809.0,0,0,0
C09493,2024-08-05,0,Logistics,Latin America,Enterprise,4261,Inbound,82,0.2245037645448323,52.81,56.72,-0.0397,0.6454,Stable,-0.39000000000000057,-1.9099999999999966,-2.3299999999999983,-0.0073308270676691835,-0.034904970760233855,-0.042256075444323506,311,1745,6,33933,3,960,0,484,0,301,-20.0,-24.0,311.0,-110.0,-52.0,1745.0,-7315.0,-920.0,33933.0,0.0,0.0,6.0,0.0,0.0,3.0,-0.06042296072507553,-0.07164179104477612,,-0.05929919137466307,-0.028937117417918753,,-0.17734193173002327,-0.026396579921384097,,0.0,0.0,,0.0,0.0,,1,0,0,3,0.0,0.0,0.0,0.0,0.0,,,4.0,0.0,0.0,1.0,1.0,4.0,18.133333333333333,6.0,1.0,0.0,2.0,2.0,4.125,16.05875,0,0,0,0,CT009493,1,9132454.83,18264909.66,Two-year,True,82.0,648.0,0,0,0
C10170,2025-09-01,0,Government,Latin America,SMB,126,Referral,106,0.29021218343600275,72.83,71.56,-0.0164,0.7462,Stable,0.28999999999999204,0.5,0.539999999999992,0.003997794320374856,0.006912760956726116,0.007469912851016627,14,36,4,603,1,36,0,0,0,0,-1.0,-1.0,-1.0,-15.0,-17.0,-20.0,-433.0,-330.0,-438.0,-1.0,-3.0,-1.0,0.0,0.0,0.0,-0.06666666666666667,-0.06666666666666667,-0.06666666666666667,-0.29411764705882354,-0.32075471698113206,-0.35714285714285715,-0.41795366795366795,-0.3536977491961415,-0.4207492795389049,-0.2,-0.42857142857142855,-0.2,0.0,0.0,0.0,1,1,0,1,0.0,0.0,0.0,0.0,0.0,,,1.0,0.0,0.0,0.0,0.0,4.0,25.03,1.0,0.0,0.0,0.0,0.0,4.0,25.03,0,0,0,0,CT010170,1,492686.98,492686.98,Annual,True,106.0,259.0,0,0,0
C07129,2025-06-02,0,Financial Services,APAC,Enterprise,5040,Direct Sales,247,0.676249144421629,58.68,67.29,0.0017,1.1492,Stable,1.3900000000000006,1.0300000000000011,1.1499999999999986,0.024262524000698213,0.017866435385949717,0.019989570658786694,660,5477,6,119107,5,2057,1013,1088,792,527,37.0,14.0,-6.0,316.0,109.0,-156.0,13632.0,14547.0,1613.0,-1.0,0.0,-1.0,0.0,0.0,0.0,0.0593900481540931,0.021671826625386997,-0.009009009009009009,0.06122844409998062,0.020305514157973173,-0.0276939463873602,0.12924389665797584,0.13912586074980873,0.013728360597136875,-0.14285714285714285,0.0,-0.14285714285714285,0.0,0.0,0.0,0,0,0,5,3.0,0.0,0.0,0.0,2.0,4.666666666666667,30.500000000000004,5.0,0.0,0.0,0.0,2.0,4.6,45.556,5.0,0.0,0.0,0.0,2.0,4.6,45.556,0,0,0,0,CT007129,1,14862933.03,29725866.06,Two-year,True,247.0,483.0,0,0,0
C13446,2024-09-09,0,Technology,North America,SMB,75,Enterprise Sales,159,0.4353182751540041,96.76,84.15,-0.0534,0.9953,Stable,-0.8099999999999881,-1.9599999999999937,-1.5899999999999892,-0.008301732089781574,-0.01985413290113446,-0.016166751398068016,16,77,7,1423,2,56,0,21,0,0,0.0,-1.0,0.0,-7.0,-33.0,-20.0,-209.0,-576.0,-560.0,1.0,0.0,0.0,0.0,0.0,0.0,0.0,-0.058823529411764705,0.0,-0.08333333333333333,-0.3,-0.20618556701030927,-0.12806372549019607,-0.288144072036018,-0.28240040342914774,0.16666666666666666,0.0,0.0,0.0,0.0,0.0,0,0,0,2,0.0,0.0,0.0,0.0,0.0,,,1.0,0.0,0.0,0.0,0.0,4.0,13.56,1.0,0.0,0.0,0.0,0.0,4.0,13.56,0,0,0,0,CT013446,1,229186.79,458373.58,Two-year,True,159.0,571.0,0,0,0
C11413,2025-04-14,0,Education,North America,Mid-Market,773,Partner,129,0.3531827515400411,81.43,69.41,0.0683,0.9948,Stable,-0.9299999999999926,1.9100000000000108,1.690000000000012,-0.011291889266634198,0.02401911468812891,0.021193880110358818,370,3659,7,70155,5,1404,704,679,494,378,-5.0,10.0,4.0,85.0,250.0,198.0,-5279.0,3171.0,1593.0,1.0,1.0,2.0,0.0,0.0,0.0,-0.013333333333333334,0.027777777777777776,0.01092896174863388,0.02378287632904309,0.07333528894103843,0.05720889916209188,-0.06998170586207811,0.04733966320315299,0.02323444473615122,0.16666666666666666,0.16666666666666666,0.4,0.0,0.0,0.0,0,0,0,5,3.0,0.0,1.0,1.0,0.0,4.333333333333333,50.13999999999999,3.0,0.0,1.0,1.0,0.0,4.333333333333333,50.13999999999999,3.0,0.0,1.0,1.0,0.0,4.333333333333333,50.13999999999999,0,0,0,1,CT011413,1,8983526.75,8983526.75,Annual,True,129.0,236.0,0,0,0
C19960,2024-07-08,0,Logistics,Europe,Enterprise,7323,Partner,26,0.07118412046543464,96.0,96.04,-0.0123,0.6693,Stable,0.730000000000004,0.3400000000000034,0.6500000000000057,0.007662433084916595,0.0035542546518921537,0.006816990036706929,2140,19233,7,383093,4,8111,3961,4157,3004,0,2140.0,2140.0,2140.0,19233.0,19233.0,19233.0,383093.0,383093.0,383093.0,7.0,7.0,7.0,4.0,4.0,4.0,,,,,,,,,,,,,,,,0,0,0,4,0.0,0.0,0.0,0.0,0.0,,,0.0,0.0,0.0,0.0,0.0,,,0.0,0.0,0.0,0.0,0.0,,,0,0,0,0,CT019960,1,10528063.64,31584190.92,Three-year,True,26.0,1069.0,0,0,0
C09538,2024-05-27,0,Logistics,APAC,SMB,73,Partner,15,0.04106776180698152,44.58,81.44,-0.315,1.0472,Declining,-4.380000000000003,-6.18,-6.579999999999998,-0.08946078431372555,-0.12174940898345153,-0.1286161063330727,4,10,2,183,1,10,0,0,0,0,4.0,4.0,4.0,10.0,10.0,10.0,183.0,183.0,183.0,2.0,2.0,2.0,1.0,1.0,1.0,,,,,,,,,,,,,,,,0,0,0,1,0.0,0.0,0.0,0.0,0.0,,,0.0,0.0,0.0,0.0,0.0,,,0.0,0.0,0.0,0.0,0.0,,,0,0,0,0,CT009538,1,474146.33,474146.33,Annual,True,15.0,350.0,0,0,0
C08135,2024-06-24,0,Retail,APAC,SMB,76,Enterprise Sales,23,0.06297056810403832,86.27,81.45,0.0836,1.1993,Stable,0.2599999999999909,3.2099999999999937,4.700000000000003,0.003022904313451818,0.038646761377317526,0.057619222753463324,16,81,6,1288,2,63,0,18,0,0,16.0,16.0,16.0,81.0,81.0,81.0,1288.0,1288.0,1288.0,6.0,6.0,6.0,2.0,2.0,2.0,,,,,,,,,,,,,,,,0,0,0,2,0.0,0.0,0.0,0.0,0.0,,,0.0,0.0,0.0,0.0,0.0,,,0.0,0.0,0.0,0.0,0.0,,,0,0,0,0,CT008135,1,400207.28,800414.56,Two-year,True,23.0,707.0,0,0,0
C19874,2025-04-21,0,Logistics,North America,SMB,197,Direct Sales,277,0.758384668035592,99.15,80.02,0.2427,0.5885,Improving,-0.8499999999999943,-0.5799999999999983,0.4200000000000017,-0.008499999999999943,-0.005815702396470453,0.004254026131874827,57,366,6,8142,2,267,99,0,0,0,0.0,0.0,3.0,64.0,35.0,13.0,2657.0,900.0,1475.0,-1.0,-1.0,1.0,0.0,0.0,0.0,0.0,0.0,0.05555555555555555,0.2119205298013245,0.10574018126888217,0.036827195467422094,0.48441203281677303,0.12427506213753108,0.22123893805309736,-0.14285714285714285,-0.14285714285714285,0.2,0.0,0.0,0.0,0,0,0,2,0.0,0.0,0.0,0.0,0.0,,,0.0,0.0,0.0,0.0,0.0,,,0.0,0.0,0.0,0.0,0.0,,,0,0,0,0,CT019874,1,488500.76,488500.76,Annual,True,277.0,88.0,0,1,1
C01832,2024-11-25,0,Education,Europe,Enterprise,5193,Enterprise Sales,83,0.2272416153319644,100.0,75.57,0.3169,0.7084,Improving,1.1400000000000006,2.280000000000001,0.0,0.011531458628363347,0.023331968890708158,0.0,2001,17339,7,345998,4,7498,3776,3983,0,2082,70.0,-48.0,2001.0,526.0,-711.0,17339.0,28407.0,24374.0,345998.0,1.0,1.0,7.0,0.0,0.0,4.0,0.03625064733298809,-0.02342606149341142,,0.03128531493487183,-0.03939058171745152,,0.08944522987112355,0.07578414546178146,,0.16666666666666666,0.16666666666666666,,0.0,0.0,,0,0,0,4,0.0,0.0,0.0,0.0,0.0,,,1.0,0.0,0.0,0.0,0.0,5.0,18.98,2.0,0.0,0.0,0.0,0.0,5.0,63.64,0,0,0,1,CT001832,1,22020012.4,66060037.2,Three-year,False,83.0,1012.0,0,0,0
C11452,2024-07-01,0,Professional Services,APAC,Enterprise,4943,Inbound,16,0.04380561259411362,61.55,66.37,0.1367,0.6885,Improving,1.2399999999999949,0.3399999999999963,-1.2000000000000028,0.020560437738351763,0.005554647933344164,-0.01912350597609566,701,6219,7,109961,5,2299,1149,1263,890,618,701.0,701.0,701.0,6219.0,6219.0,6219.0,109961.0,109961.0,109961.0,7.0,7.0,7.0,5.0,5.0,5.0,,,,,,,,,,,,,,,,0,0,0,5,0.0,0.0,0.0,0.0,0.0,,,0.0,0.0,0.0,0.0,0.0,,,0.0,0.0,0.0,0.0,0.0,,,0,0,0,0,CT011452,1,13596261.85,27192523.7,Two-year,False,16.0,714.0,0,0,0
C02454,2025-01-27,0,Technology,Middle East,Mid-Market,1826,Enterprise Sales,309,0.8459958932238193,57.94,66.72,0.0152,0.9497,Stable,0.36999999999999744,3.309999999999995,1.0999999999999943,0.006426958485322172,0.060589419732747486,0.019352568613652258,148,746,6,14239,2,521,225,0,0,0,9.0,14.0,6.0,98.0,193.0,99.0,2337.0,4575.0,1723.0,-1.0,2.0,0.0,0.0,0.0,0.0,0.06474820143884892,0.1044776119402985,0.04225352112676056,0.15123456790123457,0.34900542495479203,0.15301391035548687,0.1963535540245337,0.47340645695364236,0.1376637903483541,-0.14285714285714285,0.5,0.0,0.0,0.0,0.0,0,0,0,2,3.0,1.0,0.0,0.0,2.0,4.25,20.642500000000002,3.0,1.0,0.0,0.0,2.0,4.25,20.642500000000002,3.0,1.0,0.0,0.0,2.0,4.25,20.642500000000002,0,0,0,0,CT002454,1,1000000.0,2000000.0,Two-year,True,309.0,421.0,0,0,0
C05114,2025-05-26,0,Professional Services,APAC,Enterprise,15766,Inbound,318,0.8706365503080082,69.6,82.95,-0.0348,1.0864,Stable,-6.190000000000012,-7.940000000000012,-11.830000000000013,-0.08167304393719503,-0.10239876192932694,-0.14527815301485952,2150,10867,7,200021,2,7376,3491,0,0,0,-114.0,-480.0,-470.0,-775.0,-2660.0,-3152.0,-34298.0,-65556.0,-33611.0,1.0,0.0,2.0,0.0,0.0,0.0,-0.05035335689045936,-0.18250950570342206,-0.17938931297709923,-0.06656931798660023,-0.19664374953796113,-0.22483772023682147,-0.1463731067476389,-0.24684366492580306,-0.143862998219422,0.16666666666666666,0.0,0.4,0.0,0.0,0.0,0,0,0,2,3.0,0.0,0.0,0.0,0.0,3.5,68.2675,3.0,0.0,0.0,0.0,0.0,3.5,68.26749999999998,4.0,0.0,0.0,0.0,0.0,4.0,57.35833333333332,0,0,0,1,CT005114,1,8556552.83,8556552.83,Annual,True,318.0,47.0,0,1,1
C03505,2024-09-02,0,Government,North America,Mid-Market,1020,Partner,238,0.6516084873374401,66.78,76.62,-0.0607,0.9632,Stable,-2.8299999999999983,0.09999999999999432,3.3800000000000026,-0.040655078293348634,0.001499700059987917,0.05331230283911676,197,1392,7,28471,4,648,340,0,243,161,-15.0,8.0,17.0,-110.0,57.0,121.0,379.0,2256.0,2781.0,3.0,0.0,1.0,0.0,0.0,0.0,-0.07075471698113207,0.042328042328042326,0.09444444444444444,-0.07323568575233022,0.04269662921348315,0.0952006294256491,0.013491385447814324,0.0860576006103376,0.10825223822499026,0.75,0.0,0.16666666666666666,0.0,0.0,0.0,0,0,0,4,2.0,0.0,0.0,0.0,1.0,3.5,54.33,3.0,0.0,0.0,0.0,1.0,3.75,37.225,4.0,0.0,0.0,0.0,1.0,3.8333333333333335,39.763333333333335,0,0,0,0,CT003505,1,3281344.97,3281344.97,Annual,True,238.0,127.0,0,0,1
C19579,2025-09-22,0,Professional Services,Latin America,SMB,182,Inbound,126,0.34496919917864477,89.85,83.82,0.0067,0.7897,Stable,1.309999999999988,-0.8200000000000074,0.28000000000000114,0.014795572622543347,-0.00904378515495762,0.0031260466674109763,38,190,7,3691,2,142,0,0,48,0,-1.0,-5.0,-3.0,-6.0,-23.0,-24.0,256.0,-87.0,-336.0,1.0,0.0,0.0,0.0,0.0,0.0,-0.02564102564102564,-0.11627906976744186,-0.07317073170731707,-0.030612244897959183,-0.107981220657277,-0.11214953271028037,0.0745269286754003,-0.023028057173107463,-0.08343680158927241,0.16666666666666666,0.0,0.0,0.0,0.0,0.0,0,0,0,2,0.0,0.0,0.0,0.0,0.0,,,1.0,0.0,0.0,0.0,0.0,4.0,29.65,1.0,0.0,0.0,0.0,0.0,4.0,29.65,0,0,0,0,CT019579,1,1042473.95,1042473.95,Annual,True,126.0,239.0,0,0,0
C00219,2025-06-30,0,Healthcare,Middle East,Enterprise,33066,Partner,115,0.31485284052019163,21.8,73.45,-0.3425,0.6689,Declining,-2.2799999999999976,-4.359999999999999,-6.620000000000001,-0.09468438538205971,-0.16666666666666666,-0.2329345531315975,1452,7517,6,150470,3,3729,1890,1898,0,0,-16.0,-25.0,32.0,-491.0,-525.0,-549.0,-21488.0,146.0,5695.0,0.0,0.0,0.0,0.0,0.0,0.0,-0.010899182561307902,-0.016926201760324982,0.022535211267605635,-0.06131368631368631,-0.0652822680925143,-0.06806347632035706,-0.12496074622873027,0.0009712354647295175,0.03933690208944914,0.0,0.0,0.0,0.0,0.0,0.0,0,0,0,3,4.0,2.0,0.0,1.0,1.0,3.6666666666666665,49.35,8.0,3.0,0.0,3.0,2.0,3.25,33.14083333333334,12.0,3.0,0.0,3.0,2.0,3.2142857142857144,35.264761904761905,1,1,0,0,CT000219,1,11894941.41,11894941.41,Annual,True,115.0,250.0,0,0,0
C18729,2025-05-05,0,Logistics,APAC,SMB,153,Referral,360,0.9856262833675564,51.12,76.93,-0.2119,0.6096,Declining,-2.1500000000000057,-2.230000000000004,-2.5900000000000034,-0.04036042800825991,-0.04179943767572641,-0.04822193260100546,23,58,5,1183,1,58,0,0,0,0,-2.0,-2.0,0.0,-21.0,-16.0,-26.0,-142.0,-84.0,-389.0,0.0,1.0,0.0,0.0,0.0,0.0,-0.08,-0.08,0.0,-0.26582278481012656,-0.21621621621621623,-0.30952380952380953,-0.10716981132075472,-0.06629834254143646,-0.2474554707379135,0.0,0.25,0.0,0.0,0.0,0.0,0,0,0,1,1.0,0.0,0.0,0.0,0.0,3.0,49.06,1.0,0.0,0.0,0.0,0.0,3.0,49.06,3.0,0.0,0.0,0.0,0.0,3.5,80.5125,0,0,0,1,CT018729,1,1500000.0,1500000.0,Annual,False,360.0,5.0,1,1,1
C11890,2024-12-16,0,Education,APAC,SMB,53,Inbound,318,0.8706365503080082,100.0,96.06,0.0387,0.6343,Stable,0.0,0.01999999999999602,0.0,0.0,0.0002000400080015605,0.0,7,40,6,848,2,22,18,0,0,0,0.0,0.0,0.0,7.0,-1.0,-13.0,131.0,-7.0,-135.0,-1.0,-1.0,0.0,0.0,0.0,0.0,0.0,0.0,0.0,0.21212121212121213,-0.024390243902439025,-0.24528301886792453,0.18270571827057183,-0.008187134502923977,-0.1373346897253306,-0.14285714285714285,-0.14285714285714285,0.0,0.0,0.0,0.0,0,0,0,2,0.0,0.0,0.0,0.0,0.0,,,0.0,0.0,0.0,0.0,0.0,,,0.0,0.0,0.0,0.0,0.0,,,0,0,0,0,CT011890,1,313083.87,626167.74,Two-year,True,318.0,412.0,0,0,0
C07519,2025-03-24,0,Healthcare,Europe,SMB,207,Direct Sales,267,0.731006160164271,81.05,79.34,0.027,0.9103,Stable,2.8400000000000034,1.4099999999999966,0.5099999999999909,0.03631249200869459,0.017704671019588104,0.006332257263471454,47,217,6,4124,2,170,0,0,0,47,0.0,1.0,-1.0,-3.0,18.0,22.0,91.0,509.0,793.0,1.0,1.0,2.0,0.0,0.0,0.0,0.0,0.021739130434782608,-0.020833333333333332,-0.013636363636363636,0.09045226130653267,0.11282051282051282,0.022563848251921648,0.14080221300138313,0.23806664665265687,0.2,0.2,0.5,0.0,0.0,0.0,0,0,0,2,0.0,0.0,0.0,0.0,0.0,,,2.0,0.0,0.0,0.0,0.0,4.0,42.585,2.0,0.0,0.0,0.0,0.0,4.0,42.585,0,0,0,0,CT007519,1,592066.9,1184133.8,Two-year,False,267.0,463.0,0,0,0
C05775,2024-07-01,0,Education,North America,SMB,57,Enterprise Sales,144,0.3942505133470226,91.03,100.0,-0.1519,1.1669,Declining,-1.5300000000000011,2.0,0.20000000000000284,-0.016529818496110644,0.022464337863641468,0.0022019156666299995,14,84,7,1706,2,51,33,0,0,0,1.0,1.0,0.0,1.0,10.0,-1.0,61.0,397.0,-66.0,1.0,1.0,0.0,0.0,0.0,0.0,0.07692307692307693,0.07692307692307693,0.0,0.012048192771084338,0.13513513513513514,-0.011764705882352941,0.03708206686930091,0.3032849503437739,-0.03724604966139955,0.16666666666666666,0.16666666666666666,0.0,0.0,0.0,0.0,0,0,0,2,0.0,0.0,0.0,0.0,0.0,,,0.0,0.0,0.0,0.0,0.0,,,0.0,0.0,0.0,0.0,0.0,,,0,0,0,0,CT005775,1,565751.34,565751.34,Annual,True,144.0,221.0,0,0,0
C06358,2024-04-08,0,Retail,APAC,Enterprise,2407,Direct Sales,6,0.01642710472279261,78.44,82.34,-0.0205,0.5461,Stable,1.2099999999999937,1.2000000000000028,-0.4000000000000057,0.015667486727955374,0.01553599171413779,-0.0050735667174024056,0,0,0,0,0,0,0,0,0,0,0.0,0.0,0.0,0.0,0.0,0.0,0.0,0.0,0.0,0.0,0.0,0.0,0.0,0.0,0.0,,,,,,,,,,,,,,,,0,0,0,5,0.0,0.0,0.0,0.0,0.0,,,0.0,0.0,0.0,0.0,0.0,,,0.0,0.0,0.0,0.0,0.0,,,0,0,0,0,CT006358,1,20468513.55,40937027.1,Two-year,True,6.0,724.0,0,0,0
C13636,2024-06-24,0,Telecommunications,North America,SMB,54,Referral,1,0.0027378507871321013,100.0,94.29,0.0035,0.5589,Stable,1.0799999999999983,0.5100000000000051,0.6400000000000006,0.01091791346542659,0.005126143330988091,0.006441223832528186,0,0,0,0,0,0,0,0,0,0,0.0,0.0,0.0,0.0,0.0,0.0,0.0,0.0,0.0,0.0,0.0,0.0,0.0,0.0,0.0,,,,,,,,,,,,,,,,0,0,0,1,0.0,0.0,0.0,0.0,0.0,,,0.0,0.0,0.0,0.0,0.0,,,0.0,0.0,0.0,0.0,0.0,,,0,0,0,0,CT013636,1,623282.69,1869848.07,Three-year,True,1.0,1094.0,0,0,0
C18286,2024-09-16,0,Professional Services,Latin America,SMB,47,Direct Sales,6,0.01642710472279261,42.47,85.22,-0.4907,0.6056,Rapidly Declining,-0.9500000000000028,-0.759999999999998,-5.200000000000003,-0.02187931828650398,-0.01758038399259769,-0.10908328088944834,0,0,0,0,0,0,0,0,0,0,0.0,0.0,0.0,0.0,0.0,0.0,0.0,0.0,0.0,0.0,0.0,0.0,0.0,0.0,0.0,,,,,,,,,,,,,,,,0,0,0,3,0.0,0.0,0.0,0.0,0.0,,,0.0,0.0,0.0,0.0,0.0,,,0.0,0.0,0.0,0.0,0.0,,,0,0,0,0,CT018286,1,1187407.33,3562221.99,Three-year,False,6.0,1089.0,0,0,0
C17959,2024-02-12,0,Healthcare,Latin America,Mid-Market,1747,Referral,32,0.08761122518822724,82.59,77.28,-0.0351,1.1845,Stable,-2.269999999999996,3.469999999999999,1.2700000000000102,-0.02674994107942489,0.04385743174924164,0.015617314313822066,697,6532,7,126737,5,2440,1162,1271,966,693,697.0,697.0,697.0,6532.0,6532.0,6532.0,126737.0,126737.0,126737.0,7.0,7.0,7.0,5.0,5.0,5.0,,,,,,,,,,,,,,,,0,0,0,5,0.0,0.0,0.0,0.0,0.0,,,0.0,0.0,0.0,0.0,0.0,,,0.0,0.0,0.0,0.0,0.0,,,0,0,0,0,CT017959,1,4152947.87,8305895.74,Two-year,True,32.0,698.0,0,0,0
C01708,2024-12-23,0,Retail,Europe,SMB,239,Partner,39,0.10677618069815195,62.25,77.6,-0.2276,0.6058,Declining,-1.8799999999999955,-3.2099999999999937,-5.780000000000001,-0.02931545298612187,-0.04903758020164977,-0.084962516536822,32,114,5,2000,1,114,0,0,0,0,0.0,32.0,32.0,23.0,114.0,114.0,486.0,2000.0,2000.0,2.0,5.0,5.0,0.0,1.0,1.0,0.0,,,0.25274725274725274,,,0.32100396301188905,,,0.6666666666666666,,,0.0,,,0,0,0,1,0.0,0.0,0.0,0.0,0.0,,,0.0,0.0,0.0,0.0,0.0,,,0.0,0.0,0.0,0.0,0.0,,,0,0,0,0,CT001708,1,491645.69,491645.69,Annual,False,39.0,326.0,0,0,0
C16629,2025-05-26,0,Professional Services,Europe,SMB,168,Inbound,152,0.4161533196440794,36.76,64.5,-0.391,0.7946,Declining,2.1299999999999955,0.8999999999999986,0.759999999999998,0.06150736355760887,0.02509760178471831,0.021111111111111056,8,23,6,407,2,16,0,0,0,7,0.0,1.0,1.0,7.0,-6.0,-14.0,147.0,-185.0,-177.0,4.0,0.0,1.0,1.0,0.0,0.0,0.0,0.14285714285714285,0.14285714285714285,0.4375,-0.20689655172413793,-0.3783783783783784,0.5653846153846154,-0.3125,-0.3030821917808219,2.0,0.0,0.2,1.0,0.0,0.0,0,1,0,2,3.0,1.0,0.0,0.0,3.0,3.3333333333333335,15.450000000000001,3.0,1.0,0.0,0.0,3.0,3.3333333333333335,15.450000000000001,3.0,1.0,0.0,0.0,3.0,3.3333333333333335,15.450000000000001,0,0,0,0,CT016629,1,865303.8,865303.8,Annual,False,152.0,213.0,0,0,0
C00396,2025-09-29,0,Manufacturing,Latin America,SMB,247,Direct Sales,196,0.5366187542778919,69.33,76.38,-0.0154,0.5281,Stable,0.769999999999996,0.4899999999999949,0.6899999999999977,0.011231038506417677,0.007117954677512999,0.010052447552447519,67,451,6,7469,3,222,0,111,118,0,0.0,-1.0,-3.0,67.0,66.0,-8.0,825.0,915.0,-2233.0,-1.0,-1.0,-1.0,0.0,0.0,0.0,0.0,-0.014705882352941176,-0.04285714285714286,0.17447916666666666,0.17142857142857143,-0.017429193899782137,0.12417218543046357,0.1396093988404028,-0.23015873015873015,-0.14285714285714285,-0.14285714285714285,-0.14285714285714285,0.0,0.0,0.0,0,0,0,3,0.0,0.0,0.0,0.0,0.0,,,0.0,0.0,0.0,0.0,0.0,,,0.0,0.0,0.0,0.0,0.0,,,0,0,0,0,CT000396,1,1270810.43,1270810.43,Annual,True,196.0,169.0,0,0,1
C05068,2025-06-02,0,Retail,Europe,SMB,115,Direct Sales,11,0.030116358658453114,97.17,83.91,0.3111,1.0332,Improving,-0.0799999999999983,0.6899999999999977,-2.6499999999999915,-0.0008226221079691341,0.007151741293532314,-0.026547786014826606,33,134,5,2626,1,134,0,0,0,0,33.0,33.0,33.0,134.0,134.0,134.0,2626.0,2626.0,2626.0,5.0,5.0,5.0,1.0,1.0,1.0,,,,,,,,,,,,,,,,0,0,0,1,0.0,0.0,0.0,0.0,0.0,,,0.0,0.0,0.0,0.0,0.0,,,0.0,0.0,0.0,0.0,0.0,,,0,0,0,0,CT005068,1,598504.46,598504.46,Annual,True,11.0,354.0,0,0,0
C19103,2025-08-25,0,Education,Middle East,Mid-Market,325,Referral,396,1.0841889117043122,65.35,69.94,-0.018,0.8804,Stable,0.4199999999999875,3.999999999999993,6.309999999999995,0.006468504543354188,0.06519967400162988,0.10687669376693759,75,509,6,8966,3,268,129,0,112,0,3.0,12.0,12.0,86.0,147.0,155.0,940.0,2674.0,2940.0,0.0,-1.0,-1.0,0.0,0.0,0.0,0.041666666666666664,0.19047619047619047,0.19047619047619047,0.2033096926713948,0.40607734806629836,0.4378531073446328,0.1171193620732619,0.4249841068022886,0.48788582807832725,0.0,-0.14285714285714285,-0.14285714285714285,0.0,0.0,0.0,0,0,0,3,0.0,0.0,0.0,0.0,0.0,,,1.0,0.0,0.0,0.0,1.0,5.0,18.95,2.0,0.0,0.0,0.0,2.0,4.0,21.86,0,0,0,0,CT019103,1,10000000.0,20000000.0,Two-year,True,396.0,334.0,0,0,0
C17144,2024-08-12,0,Professional Services,Europe,SMB,67,Enterprise Sales,151,0.4134154688569473,93.76,84.28,0.0882,0.6747,Stable,-0.9299999999999926,0.2400000000000091,-0.789999999999992,-0.00982152286408272,0.0025662959794697294,-0.008355367530407108,17,90,7,1693,2,70,20,0,0,0,-1.0,-1.0,-2.0,-7.0,-12.0,-8.0,151.0,-428.0,-366.0,1.0,1.0,1.0,0.0,0.0,0.0,-0.05555555555555555,-0.05555555555555555,-0.10526315789473684,-0.07216494845360824,-0.11764705882352941,-0.08163265306122448,0.09792477302204929,-0.20179160773220178,-0.17775619232637202,0.16666666666666666,0.16666666666666666,0.16666666666666666,0.0,0.0,0.0,0,0,0,2,0.0,0.0,0.0,0.0,0.0,,,0.0,0.0,0.0,0.0,0.0,,,0.0,0.0,0.0,0.0,0.0,,,0,0,0,0,CT017144,1,946883.85,946883.85,Annual,True,151.0,214.0,0,0,0
C10062,2025-05-26,0,Healthcare,Europe,SMB,50,Enterprise Sales,322,0.8815879534565366,92.05,66.99,-0.0069,1.123,Stable,3.489999999999995,6.420000000000002,4.109999999999999,0.039408310749774106,0.07497372416209275,0.046736411189447345,13,47,6,858,1,47,0,0,0,0,1.0,1.0,0.0,-13.0,-8.0,1.0,-311.0,-237.0,0.0,0.0,0.0,2.0,0.0,0.0,0.0,0.08333333333333333,0.08333333333333333,0.0,-0.21666666666666667,-0.14545454545454545,0.021739130434782608,-0.2660393498716852,-0.21643835616438356,0.0,0.0,0.0,0.5,0.0,0.0,0.0,1,0,0,1,0.0,0.0,0.0,0.0,0.0,,,1.0,0.0,0.0,0.0,0.0,4.0,38.87,2.0,0.0,0.0,0.0,0.0,4.0,57.35500000000001,0,0,0,1,CT010062,1,352180.58,352180.58,Annual,True,322.0,43.0,0,1,1
C03351,2025-08-18,0,Telecommunications,Latin America,SMB,116,Enterprise Sales,442,1.2101300479123889,79.87,75.65,-0.0106,0.4803,Stable,1.460000000000008,2.3400000000000034,3.030000000000001,0.01862007397015697,0.03018186508448347,0.03943258719416971,19,139,5,2409,3,69,36,0,34,0,2.0,2.0,1.0,39.0,13.0,17.0,491.0,91.0,18.0,-1.0,-2.0,-1.0,0.0,0.0,0.0,0.11764705882352941,0.11764705882352941,0.05555555555555555,0.39,0.10317460317460317,0.13934426229508196,0.25599582898852974,0.039257981018119066,0.0075282308657465494,-0.16666666666666666,-0.2857142857142857,-0.16666666666666666,0.0,0.0,0.0,0,0,0,3,0.0,0.0,0.0,0.0,0.0,,,1.0,1.0,0.0,1.0,0.0,4.0,4.33,1.0,1.0,0.0,1.0,0.0,4.0,4.33,0,0,0,0,CT003351,1,683026.09,1366052.18,Two-year,True,442.0,288.0,0,0,0
C05715,2024-12-30,0,Retail,Europe,SMB,134,Inbound,86,0.23545516769336072,64.87,59.92,-0.0197,0.7455,Stable,1.0600000000000023,-0.7999999999999972,-0.25,0.01661181632972892,-0.012182122734886511,-0.0038390663390663387,11,42,6,864,2,39,0,0,3,0,-1.0,-1.0,11.0,-20.0,-16.0,42.0,-394.0,-138.0,864.0,-1.0,0.0,6.0,0.0,0.0,2.0,-0.08333333333333333,-0.08333333333333333,,-0.3225806451612903,-0.27586206896551724,,-0.31319554848966613,-0.1377245508982036,,-0.14285714285714285,0.0,,0.0,0.0,,1,0,0,2,1.0,0.0,0.0,0.0,0.0,4.0,90.55,2.0,0.0,0.0,0.0,0.0,4.5,64.05,5.0,0.0,0.0,0.0,0.0,4.375,50.12875,0,0,0,1,CT005715,1,310059.72,310059.72,Annual,True,86.0,279.0,0,0,0
C16824,2024-09-09,1,Retail,Europe,Enterprise,2001,Partner,88,0.24093086926762491,55.19,61.05,-0.0298,0.9964,Stable,-1.1300000000000026,-0.45000000000000284,-1.8500000000000014,-0.0200639204545455,-0.008087706685837578,-0.032433380084151496,194,1149,7,21775,3,654,0,306,189,0,-11.0,-25.0,194.0,-75.0,-243.0,1149.0,180.0,-4308.0,21775.0,1.0,2.0,7.0,0.0,0.0,3.0,-0.05365853658536585,-0.1141552511415525,,-0.061274509803921566,-0.17456896551724138,,0.008335262792313036,-0.16516505003258827,,0.16666666666666666,0.4,,0.0,0.0,,0,0,0,3,2.0,0.0,0.0,0.0,0.0,4.5,34.69,4.0,1.0,0.0,0.0,2.0,4.5,25.695,7.0,2.0,1.0,1.0,3.0,4.416666666666667,23.9375,1,1,0,0,CT016824,1,15476180.1,15476180.1,Annual,True,88.0,277.0,0,0,0
C11880,2025-04-28,0,Financial Services,Middle East,Mid-Market,637,Referral,323,0.8843258042436687,83.29,75.41,-0.0046,0.4165,Stable,0.980000000000004,0.3300000000000125,-1.529999999999987,0.011906208237152277,0.003977820636451453,-0.018038198538080488,193,1494,7,27277,4,615,283,342,254,0,1.0,-5.0,-8.0,-62.0,-126.0,-259.0,-1912.0,-2300.0,-4922.0,4.0,0.0,2.0,0.0,0.0,0.0,0.005208333333333333,-0.025252525252525252,-0.03980099502487562,-0.03984575835475578,-0.07777777777777778,-0.1477467199087279,-0.06550412826749803,-0.07776312675389661,-0.1528618901208112,1.3333333333333333,0.0,0.4,0.0,0.0,0.0,0,0,0,4,0.0,0.0,0.0,0.0,0.0,,,0.0,0.0,0.0,0.0,0.0,,,0.0,0.0,0.0,0.0,0.0,,,0,0,0,0,CT011880,1,4224301.55,4224301.55,Annual,True,323.0,42.0,0,1,1
C02945,2025-06-30,0,Retail,Europe,SMB,151,Referral,52,0.14236824093086928,100.0,73.68,0.3561,1.0367,Improving,0.0,0.0,0.0,0.0,0.0,0.0,31,107,4,1863,1,107,0,0,0,0,0.0,31.0,31.0,2.0,107.0,107.0,-51.0,1863.0,1863.0,-1.0,4.0,4.0,0.0,1.0,1.0,0.0,,,0.01904761904761905,,,-0.02664576802507837,,,-0.2,,,0.0,,,0,0,0,1,0.0,0.0,0.0,0.0,0.0,,,0.0,0.0,0.0,0.0,0.0,,,0.0,0.0,0.0,0.0,0.0,,,0,0,0,0,CT002945,1,286683.49,286683.49,Annual,True,52.0,313.0,0,0,0
C09018,2025-05-12,0,Professional Services,APAC,SMB,242,Enterprise Sales,343,0.9390828199863107,64.97,75.72,-0.0908,0.4595,Stable,0.269999999999996,-0.269999999999996,-1.3299999999999983,0.004173106646058671,-0.00413856529736352,-0.02006033182503768,47,296,7,5489,3,173,93,0,0,30,-1.0,-4.0,-5.0,44.0,-16.0,-11.0,226.0,-993.0,51.0,0.0,2.0,0.0,0.0,0.0,0.0,-0.020833333333333332,-0.0784313725490196,-0.09615384615384616,0.1746031746031746,-0.05128205128205128,-0.035830618892508145,0.04294128823864716,-0.15319345880900956,0.009378447958808385,0.0,0.4,0.0,0.0,0.0,0.0,0,0,0,3,2.0,0.0,0.0,1.0,0.0,3.5,23.395,2.0,0.0,0.0,1.0,0.0,3.5,23.395,2.0,0.0,0.0,1.0,0.0,3.5,23.395,0,0,0,0,CT009018,1,715714.39,715714.39,Annual,False,343.0,22.0,1,1,1
C01820,2025-04-07,0,Education,APAC,Mid-Market,1547,Partner,378,1.0349075975359343,49.7,72.39,-0.1881,0.798,Declining,0.6000000000000014,-1.1899999999999977,-3.1699999999999946,0.012219959266802473,-0.02338376891334246,-0.059958388500094474,182,997,6,17674,3,499,0,285,213,0,-10.0,-12.0,-22.0,-137.0,-118.0,-170.0,-3223.0,-3039.0,-4493.0,-1.0,-1.0,-1.0,0.0,0.0,0.0,-0.052083333333333336,-0.061855670103092786,-0.10784313725490197,-0.12081128747795414,-0.10582959641255606,-0.1456726649528706,-0.15423266497583385,-0.14671945155216531,-0.20268868137321244,-0.14285714285714285,-0.14285714285714285,-0.14285714285714285,0.0,0.0,0.0,1,0,0,3,2.0,0.0,0.0,0.0,0.0,4.5,16.61,5.0,1.0,0.0,0.0,0.0,3.8,46.288,6.0,1.0,0.0,0.0,0.0,3.8333333333333335,41.048333333333325,0,0,0,0,CT001820,1,8134515.5,24403546.5,Three-year,False,378.0,717.0,0,0,0
C10084,2025-09-15,0,Financial Services,Europe,Enterprise,2949,Inbound,361,0.9883641341546886,80.93,76.31,0.0035,0.879,Stable,-0.6099999999999994,-1.8599999999999994,-2.3899999999999864,-0.007480990924699526,-0.02246648145911341,-0.02868458953432533,762,3359,6,72462,2,2636,0,0,0,723,-62.0,-16.0,-1.0,-342.0,-171.0,-91.0,6296.0,512.0,5753.0,-1.0,0.0,-1.0,0.0,0.0,0.0,-0.07524271844660194,-0.02056555269922879,-0.001310615989515072,-0.09240745744393407,-0.048441926345609065,-0.0263768115942029,0.09515461112958316,0.0071160528144544825,0.08624023744921974,-0.14285714285714285,0.0,-0.14285714285714285,0.0,0.0,0.0,0,0,0,2,2.0,0.0,0.0,0.0,1.0,4.5,20.64,4.0,0.0,0.0,0.0,1.0,4.166666666666667,28.370000000000005,6.0,0.0,0.0,0.0,2.0,4.3,23.416000000000004,0,0,0,0,CT010084,1,40544677.41,121634032.23,Three-year,True,361.0,734.0,0,0,0
C07399,2025-02-17,0,Professional Services,North America,Enterprise,5163,Referral,176,0.48186173853524983,87.14,67.36,-0.0425,0.774,Stable,1.7399999999999949,3.0,3.019999999999996,0.0203747072599531,0.03565486094604231,0.03590109367570133,1046,7250,4,129724,3,3801,0,2057,1392,0,-2.0,80.0,55.0,193.0,708.0,532.0,7948.0,15508.0,30165.0,-2.0,-3.0,-2.0,0.0,0.0,0.0,-0.0019083969465648854,0.08281573498964803,0.055499495459132187,0.027348731755703556,0.10822378477529808,0.07919023518904436,0.06526737616607542,0.1357778244729285,0.30298616900531344,-0.3333333333333333,-0.42857142857142855,-0.3333333333333333,0.0,0.0,0.0,0,0,0,3,1.0,0.0,0.0,0.0,1.0,5.0,18.08,3.0,0.0,0.0,0.0,2.0,4.333333333333333,60.919999999999995,4.0,1.0,0.0,0.0,3.0,4.0,51.355,0,0,0,1,CT007399,1,7500000.0,22500000.0,Three-year,True,176.0,919.0,0,0,0
C02180,2025-07-14,0,Technology,Middle East,Enterprise,4593,Enterprise Sales,117,0.3203285420944558,44.38,71.27,-0.002,1.1113,Stable,-0.269999999999996,-3.549999999999997,-1.4199999999999946,-0.006047032474803943,-0.07406634675568531,-0.031004366812226958,250,1063,6,22907,2,706,357,0,0,0,-31.0,-5.0,-13.0,-215.0,-51.0,-61.0,557.0,-1742.0,2402.0,1.0,1.0,0.0,0.0,0.0,0.0,-0.1103202846975089,-0.0196078431372549,-0.049429657794676805,-0.16823161189358374,-0.04578096947935368,-0.054270462633451956,0.024921700223713646,-0.07067223822467443,0.11714216044867105,0.2,0.2,0.0,0.0,0.0,0.0,0,0,0,2,2.0,0.0,0.0,0.0,0.0,4.0,32.09,5.0,1.0,0.0,0.0,1.0,4.166666666666667,40.43333333333333,8.0,1.0,0.0,0.0,2.0,4.2,32.201,1,0,0,0,CT002180,1,10492981.59,10492981.59,Annual,True,117.0,248.0,0,0,0
C01853,2025-06-30,0,Technology,North America,SMB,46,Partner,104,0.28473648186173856,71.27,72.01,-0.0064,0.7208,Stable,-0.2400000000000091,-1.2900000000000063,-2.3599999999999994,-0.0033561739616838077,-0.01777839029768476,-0.032052152655167726,7,40,6,770,2,32,0,0,0,8,0.0,0.0,-1.0,12.0,13.0,7.0,262.0,298.0,94.0,3.0,1.0,0.0,0.0,0.0,0.0,0.0,0.0,-0.125,0.42857142857142855,0.48148148148148145,0.21212121212121213,0.515748031496063,0.6313559322033898,0.1390532544378698,1.0,0.2,0.0,0.0,0.0,0.0,0,0,0,2,1.0,0.0,0.0,0.0,0.0,5.0,37.27,2.0,0.0,1.0,0.0,1.0,4.5,27.005000000000003,2.0,0.0,1.0,0.0,1.0,4.5,27.005000000000003,0,0,0,0,CT001853,1,239769.88,239769.88,Annual,True,104.0,261.0,0,0,0
C05640,2025-06-02,1,Retail,North America,Mid-Market,960,Partner,91,0.24914442162902123,20.2,80.85,-0.51,0.4112,Rapidly Declining,-1.9000000000000021,-3.330000000000002,-3.9299999999999997,-0.08597285067873313,-0.14152146196345097,-0.16286779941980936,35,185,6,3699,4,76,55,0,27,27,-2.0,-3.0,0.0,-32.0,-22.0,-8.0,-951.0,-388.0,-208.0,1.0,1.0,-1.0,0.0,0.0,0.0,-0.05405405405405406,-0.07894736842105263,0.0,-0.14746543778801843,-0.10628019323671498,-0.04145077720207254,-0.20451612903225808,-0.09493516026425251,-0.05323777834655746,0.2,0.2,-0.14285714285714285,0.0,0.0,0.0,1,0,0,4,3.0,1.0,0.0,0.0,1.0,3.5,49.925000000000004,5.0,1.0,0.0,0.0,2.0,3.6666666666666665,38.97666666666667,5.0,1.0,0.0,0.0,2.0,3.6666666666666665,38.97666666666667,0,0,0,0,CT005640,1,1000000.0,2000000.0,Two-year,True,91.0,639.0,0,0,0
C12684,2024-04-08,0,Government,Europe,SMB,144,Partner,70,0.19164955509924708,70.55,75.28,0.0454,0.5066,Stable,1.6700000000000017,2.219999999999999,1.0999999999999943,0.024245063879210247,0.032489389726328095,0.015838732901367808,18,65,4,1191,1,65,0,0,0,0,-1.0,0.0,18.0,-5.0,-11.0,65.0,-39.0,-106.0,1191.0,-2.0,-1.0,4.0,0.0,0.0,1.0,-0.05263157894736842,0.0,,-0.07142857142857142,-0.14473684210526316,,-0.03170731707317073,-0.08172706245181187,,-0.3333333333333333,-0.2,,0.0,0.0,,0,0,0,1,3.0,0.0,0.0,0.0,0.0,4.75,40.832499999999996,3.0,0.0,0.0,0.0,0.0,4.75,40.832499999999996,4.0,0.0,0.0,0.0,0.0,4.5,60.971666666666664,0,0,0,1,CT012684,1,713437.6,713437.6,Annual,True,70.0,295.0,0,0,0
C18899,2025-08-25,0,Healthcare,Europe,Enterprise,2175,Enterprise Sales,200,0.5475701574264202,67.37,58.24,0.0013,0.6145,Stable,2.0500000000000114,2.210000000000008,2.780000000000001,0.03138395590936944,0.033916513198281276,0.04304071837745783,338,2394,4,45248,4,1109,0,605,399,281,4.0,0.0,12.0,-10.0,-155.0,107.0,2990.0,890.0,2017.0,-2.0,-3.0,-2.0,0.0,0.0,0.0,0.011976047904191617,0.0,0.03680981595092025,-0.004159733777038269,-0.06080816006276971,0.04678618277219064,0.07075583321501254,0.02006402452770639,0.04665633457472647,-0.3333333333333333,-0.42857142857142855,-0.3333333333333333,0.0,0.0,0.0,0,0,0,4,1.0,1.0,0.0,0.0,0.0,3.0,47.64,6.0,3.0,1.0,0.0,2.0,3.75,33.6075,9.0,3.0,2.0,0.0,4.0,3.857142857142857,26.207142857142856,1,1,0,0,CT018899,1,12084282.71,24168565.42,Two-year,True,200.0,530.0,0,0,0
C11697,2024-07-08,0,Financial Services,APAC,Mid-Market,1511,Referral,53,0.14510609171800137,80.43,81.69,0.0087,0.7173,Stable,-0.6299999999999955,-1.1399999999999864,-0.5,-0.0077720207253885445,-0.0139757263699888,-0.00617817867292722,588,3867,5,67012,3,1973,0,1061,833,0,1.0,588.0,588.0,-93.0,3867.0,3867.0,-1329.0,67012.0,67012.0,-2.0,5.0,5.0,0.0,3.0,3.0,0.0017035775127768314,,,-0.023484848484848483,,,-0.01944659867429508,,,-0.2857142857142857,,,0.0,,,0,0,0,3,2.0,0.0,0.0,1.0,0.0,4.5,27.444999999999997,3.0,0.0,0.0,1.0,0.0,4.333333333333333,59.41333333333333,3.0,0.0,0.0,1.0,0.0,4.333333333333333,59.41333333333333,0,0,0,1,CT011697,1,10000000.0,10000000.0,Annual,False,53.0,312.0,0,0,0
C15446,2025-01-20,0,Professional Services,APAC,SMB,240,Referral,19,0.05201916495550993,58.57,68.08,-0.0058,0.7285,Stable,-0.38000000000000256,0.3100000000000023,2.280000000000001,-0.006446140797285878,0.005320974939924516,0.040504530111920435,29,90,6,1675,1,90,0,0,0,0,29.0,29.0,29.0,90.0,90.0,90.0,1675.0,1675.0,1675.0,6.0,6.0,6.0,1.0,1.0,1.0,,,,,,,,,,,,,,,,0,0,0,1,1.0,0.0,0.0,0.0,0.0,4.0,46.9,1.0,0.0,0.0,0.0,0.0,4.0,46.9,1.0,0.0,0.0,0.0,0.0,4.0,46.9,0,0,0,0,CT015446,1,731458.8,1462917.6,Two-year,False,19.0,711.0,0,0,0
C00187,2025-06-23,0,Healthcare,Europe,SMB,161,Referral,263,0.7200547570157426,77.46,76.83,-0.0231,0.4756,Stable,0.269999999999996,-1.25,-0.8800000000000097,0.0034978624174115303,-0.015881082454580104,-0.01123308654582601,20,58,3,1050,1,58,0,0,0,0,-1.0,-2.0,-2.0,-7.0,-1.0,-7.0,-182.0,29.0,-42.0,1.0,-2.0,-3.0,0.0,0.0,0.0,-0.047619047619047616,-0.09090909090909091,-0.09090909090909091,-0.1076923076923077,-0.01694915254237288,-0.1076923076923077,-0.14772727272727273,0.02840352595494613,-0.038461538461538464,0.5,-0.4,-0.5,0.0,0.0,0.0,0,0,0,1,0.0,0.0,0.0,0.0,0.0,,,0.0,0.0,0.0,0.0,0.0,,,2.0,0.0,1.0,0.0,1.0,4.0,37.34,0,0,0,0,CT000187,1,200000.0,600000.0,Three-year,True,263.0,832.0,0,0,0
C09392,2024-10-14,0,Government,North America,Mid-Market,1563,Enterprise Sales,181,0.49555099247091033,88.02,100.0,-0.1092,0.591,Stable,0.7399999999999949,1.009999999999991,0.7399999999999949,0.008478460128322582,0.011607861165383183,0.008478460128322582,389,2146,6,35709,2,1458,0,688,0,0,9.0,3.0,18.0,117.0,79.0,114.0,-11.0,-5939.0,-7142.0,1.0,0.0,-1.0,0.0,0.0,0.0,0.02368421052631579,0.007772020725388601,0.04851752021563342,0.05766387382947265,0.0382196419932269,0.05610236220472441,-0.00030795072788353863,-0.14259988474836727,-0.16667055611304288,0.2,0.0,-0.14285714285714285,0.0,0.0,0.0,0,0,0,2,3.0,0.0,0.0,0.0,1.0,4.75,53.96,4.0,1.0,0.0,0.0,2.0,4.166666666666667,46.18,4.0,1.0,0.0,0.0,2.0,4.166666666666667,46.18,0,0,0,0,CT009392,1,1982520.03,1982520.03,Annual,True,181.0,184.0,0,0,0
C09488,2025-01-06,0,Manufacturing,Latin America,SMB,154,Direct Sales,200,0.5475701574264202,99.4,65.42,0.2288,0.8369,Improving,-0.5999999999999943,-0.5799999999999983,-0.5999999999999943,-0.005999999999999943,-0.005801160232046392,-0.005999999999999943,74,284,6,4917,1,284,0,0,0,0,-3.0,-4.0,3.0,-9.0,-23.0,2.0,-232.0,-2265.0,836.0,0.0,1.0,1.0,0.0,0.0,0.0,-0.03896103896103896,-0.05128205128205128,0.04225352112676056,-0.030716723549488054,-0.0749185667752443,0.0070921985815602835,-0.04505729267818994,-0.3153717627401838,0.20485175202156333,0.0,0.2,0.2,0.0,0.0,0.0,0,0,0,1,1.0,0.0,0.0,0.0,0.0,5.0,30.27,1.0,0.0,0.0,0.0,0.0,5.0,30.27,1.0,0.0,0.0,0.0,0.0,5.0,30.27,0,0,0,0,CT009488,1,1500000.0,1500000.0,Annual,False,200.0,165.0,0,0,1
C18821,2025-06-23,0,Healthcare,North America,SMB,29,Direct Sales,82,0.2245037645448323,48.39,93.66,-0.3062,0.6585,Declining,-1.4799999999999969,-2.799999999999997,-4.369999999999997,-0.029677160617605714,-0.054698183238913796,-0.08282789992418495,2,14,7,281,2,6,8,0,0,0,0.0,0.0,2.0,10.0,9.0,14.0,216.0,174.0,281.0,4.0,3.0,7.0,1.0,0.0,2.0,0.0,0.0,,2.5,1.8,,3.3230769230769233,1.6261682242990654,,1.3333333333333333,0.75,,1.0,0.0,,0,0,0,2,1.0,0.0,0.0,0.0,0.0,4.0,29.39,1.0,0.0,0.0,0.0,0.0,4.0,29.39,2.0,0.0,0.0,0.0,1.0,4.0,19.34,0,0,0,0,CT018821,1,412222.9,412222.9,Annual,True,82.0,283.0,0,0,0
C03607,2025-06-02,0,Financial Services,Europe,SMB,222,Direct Sales,135,0.36960985626283366,33.47,58.52,-0.2529,0.4383,Declining,-1.1499999999999986,-3.4200000000000017,-3.990000000000002,-0.033217793183131096,-0.09270805096232046,-0.10651361452215702,10,36,5,710,2,17,0,19,0,0,1.0,-1.0,-1.0,-6.0,-16.0,-15.0,-143.0,-232.0,-162.0,0.0,1.0,0.0,0.0,0.0,0.0,0.1111111111111111,-0.09090909090909091,-0.09090909090909091,-0.14285714285714285,-0.3076923076923077,-0.29411764705882354,-0.16764361078546308,-0.24628450106157113,-0.18577981651376146,0.0,0.25,0.0,0.0,0.0,0.0,1,0,0,2,1.0,0.0,1.0,0.0,0.0,4.0,12.54,1.0,0.0,1.0,0.0,0.0,4.0,12.54,2.0,0.0,2.0,0.0,1.0,4.0,10.51,0,0,0,0,CT003607,1,814203.74,814203.74,Annual,True,135.0,230.0,0,0,0
C12879,2025-08-11,0,Government,Middle East,Mid-Market,1896,Direct Sales,546,1.4948665297741273,80.75,91.32,0.0189,0.8421,Stable,-2.9000000000000057,-3.8299999999999983,-4.469999999999999,-0.03466826060968327,-0.04528257271222509,-0.05245247594461393,304,1563,5,29806,2,1020,543,0,0,0,-44.0,-30.0,-59.0,-195.0,-217.0,-388.0,-4672.0,-7753.0,-5513.0,-2.0,-2.0,-1.0,0.0,0.0,0.0,-0.12643678160919541,-0.08982035928143713,-0.162534435261708,-0.11092150170648464,-0.12191011235955056,-0.19887237314197848,-0.13550669992458958,-0.2064218962166192,-0.15609162207310512,-0.2857142857142857,-0.2857142857142857,-0.16666666666666666,0.0,0.0,0.0,0,0,0,2,0.0,0.0,0.0,0.0,0.0,,,2.0,1.0,0.0,0.0,0.0,4.5,54.4,4.0,1.0,0.0,0.0,1.0,4.833333333333333,33.906666666666666,0,0,0,0,CT012879,1,1186850.53,2373701.06,Two-year,True,546.0,184.0,0,0,0
C04629,2024-10-07,0,Manufacturing,North America,SMB,38,Enterprise Sales,87,0.23819301848049282,97.78,68.02,0.3509,0.6572,Improving,1.7000000000000028,3.8100000000000023,6.299999999999997,0.017693588676103277,0.04054485474087477,0.0688675120244862,7,40,7,683,2,35,0,5,0,0,0.0,0.0,7.0,3.0,-1.0,40.0,58.0,-59.0,683.0,0.0,0.0,7.0,0.0,0.0,2.0,0.0,0.0,,0.08108108108108109,-0.024390243902439025,,0.0928,-0.07951482479784366,,0.0,0.0,,0.0,0.0,,0,0,0,2,0.0,0.0,0.0,0.0,0.0,,,0.0,0.0,0.0,0.0,0.0,,,0.0,0.0,0.0,0.0,0.0,,,0,0,0,0,CT004629,1,350893.44,350893.44,Annual,False,87.0,278.0,0,0,0
C03319,2025-02-24,0,Retail,Europe,SMB,212,Referral,197,0.5393566050650239,96.04,86.35,0.3064,0.9474,Improving,1.710000000000008,3.5700000000000074,7.310000000000002,0.018127849040602224,0.03860711582134754,0.08238476276343967,69,572,5,11590,4,218,122,134,98,0,8.0,13.0,14.0,60.0,116.0,78.0,1704.0,2882.0,3119.0,-2.0,0.0,-2.0,0.0,0.0,0.0,0.13114754098360656,0.23214285714285715,0.2545454545454545,0.1171875,0.2543859649122807,0.15789473684210525,0.17236496055027312,0.3309600367478181,0.3681973792940621,-0.2857142857142857,0.0,-0.2857142857142857,0.0,0.0,0.0,0,0,0,4,0.0,0.0,0.0,0.0,0.0,,,0.0,0.0,0.0,0.0,0.0,,,0.0,0.0,0.0,0.0,0.0,,,0,0,0,0,CT003319,1,696172.67,696172.67,Annual,True,197.0,168.0,0,0,1
C09191,2024-06-10,0,Healthcare,Europe,SMB,99,Referral,122,0.33401779603011633,60.43,69.56,-0.0207,1.1853,Stable,2.3699999999999974,-2.5700000000000003,-1.9299999999999997,0.040819841543231095,-0.0407936507936508,-0.0309493264913406,13,43,5,593,2,25,0,0,18,0,-1.0,-2.0,-3.0,-15.0,-28.0,-23.0,-611.0,-669.0,-528.0,-1.0,-1.0,0.0,0.0,0.0,0.0,-0.07142857142857142,-0.13333333333333333,-0.1875,-0.25862068965517243,-0.39436619718309857,-0.3484848484848485,-0.5074750830564784,-0.5301109350237718,-0.47100802854594115,-0.16666666666666666,-0.16666666666666666,0.0,0.0,0.0,0.0,1,1,0,2,1.0,0.0,0.0,0.0,0.0,5.0,38.03,2.0,0.0,0.0,0.0,0.0,4.5,70.775,2.0,0.0,0.0,0.0,0.0,4.5,70.77499999999998,0,0,0,1,CT009191,1,450014.89,900029.78,Two-year,True,122.0,608.0,0,0,0
C16649,2025-03-03,0,Education,North America,Mid-Market,694,Inbound,29,0.07939767282683094,99.6,78.85,0.2619,0.7523,Improving,-0.4000000000000057,0.9599999999999937,1.1699999999999875,-0.0040000000000000565,0.009732360097323537,0.011886619932947144,172,1002,7,23196,2,694,0,308,0,0,172.0,172.0,172.0,1002.0,1002.0,1002.0,23196.0,23196.0,23196.0,7.0,7.0,7.0,2.0,2.0,2.0,,,,,,,,,,,,,,,,0,0,0,2,0.0,0.0,0.0,0.0,0.0,,,0.0,0.0,0.0,0.0,0.0,,,0.0,0.0,0.0,0.0,0.0,,,0,0,0,0,CT016649,1,1005122.67,1005122.67,Annual,False,29.0,336.0,0,0,0
C03031,2024-11-11,0,Education,North America,Mid-Market,1779,Referral,134,0.3668720054757016,81.44,74.0,0.0095,0.5635,Stable,-0.8900000000000006,-0.769999999999996,0.5999999999999943,-0.010810154257257386,-0.009366257146332515,0.0074220682830281335,439,2292,7,54410,2,1508,784,0,0,0,3.0,-7.0,5.0,1.0,4.0,-64.0,8591.0,14688.0,16037.0,1.0,0.0,0.0,0.0,0.0,0.0,0.006880733944954129,-0.01569506726457399,0.01152073732718894,0.00043649061545176777,0.0017482517482517483,-0.027164685908319185,0.18749863593705668,0.3697699008106339,0.4179240611888567,0.16666666666666666,0.0,0.0,0.0,0.0,0.0,0,0,0,2,2.0,0.0,1.0,0.0,0.0,4.5,47.69,2.0,0.0,1.0,0.0,0.0,4.5,47.69,3.0,0.0,1.0,0.0,1.0,4.333333333333333,35.08,0,0,0,0,CT003031,1,3551242.42,10653727.26,Three-year,True,134.0,961.0,0,0,0
C02719,2025-09-15,0,Government,APAC,SMB,137,Enterprise Sales,571,1.5633127994524298,98.91,85.39,0.0319,1.1055,Stable,-0.5300000000000011,0.7800000000000011,2.739999999999995,-0.005329847144006448,0.007948639559767667,0.028491213476135955,19,68,6,1016,1,68,0,0,0,0,-1.0,1.0,0.0,-5.0,-2.0,2.0,46.0,-114.0,-95.0,0.0,-1.0,1.0,0.0,0.0,0.0,-0.05,0.05555555555555555,0.0,-0.0684931506849315,-0.02857142857142857,0.030303030303030304,0.04742268041237113,-0.10088495575221239,-0.0855085508550855,0.0,-0.14285714285714285,0.2,0.0,0.0,0.0,0,0,0,1,0.0,0.0,0.0,0.0,0.0,,,1.0,0.0,0.0,0.0,0.0,4.0,21.24,1.0,0.0,0.0,0.0,0.0,4.0,21.24,0,0,0,0,CT002719,1,342177.15,1026531.45,Three-year,True,571.0,524.0,0,0,0
C03447,2025-04-21,0,Logistics,APAC,Mid-Market,422,Partner,223,0.6105407255304586,52.48,70.79,-0.097,0.557,Stable,-0.5400000000000063,0.07000000000000028,1.3799999999999955,-0.010184835910977108,0.0013356229727151362,0.02700587084148719,42,195,5,4051,2,138,0,57,0,0,-1.0,-3.0,0.0,-12.0,-9.0,-7.0,160.0,123.0,646.0,-2.0,-1.0,-2.0,0.0,0.0,0.0,-0.023255813953488372,-0.06666666666666667,0.0,-0.057971014492753624,-0.04411764705882353,-0.034653465346534656,0.04112053456694937,0.03131364562118126,0.1897209985315712,-0.2857142857142857,-0.16666666666666666,-0.2857142857142857,0.0,0.0,0.0,0,0,0,2,0.0,0.0,0.0,0.0,0.0,,,1.0,1.0,0.0,0.0,1.0,4.0,16.68,2.0,1.0,0.0,0.0,1.0,4.5,17.345,0,0,0,0,CT003447,1,4260710.28,8521420.56,Two-year,False,223.0,507.0,0,0,0
C02460,2025-05-12,0,Professional Services,North America,SMB,58,Direct Sales,257,0.70362765229295,29.05,55.83,-0.2603,0.6532,Declining,-1.3299999999999983,-4.309999999999999,-5.470000000000002,-0.043778801843317915,-0.1291966426858513,-0.15845886442641952,5,20,6,345,4,13,0,2,4,1,0.0,0.0,0.0,-19.0,-17.0,-6.0,-491.0,-320.0,-166.0,-1.0,-1.0,0.0,0.0,0.0,0.0,0.0,0.0,0.0,-0.48717948717948717,-0.4594594594594595,-0.23076923076923078,-0.5873205741626795,-0.48120300751879697,-0.324853228962818,-0.14285714285714285,-0.14285714285714285,0.0,0.0,0.0,0.0,1,1,0,4,1.0,0.0,1.0,0.0,1.0,3.0,13.01,3.0,0.0,1.0,0.0,1.0,3.5,42.722500000000004,5.0,0.0,1.0,0.0,1.0,3.6666666666666665,44.275,0,0,0,0,CT002460,1,685645.72,685645.72,Annual,True,257.0,108.0,0,0,1
C06189,2025-08-04,0,Retail,Europe,Mid-Market,1587,Enterprise Sales,208,0.5694729637234771,59.1,92.14,-0.2362,0.4981,Declining,-0.21000000000000085,-1.3399999999999963,-2.1299999999999955,-0.003540718259989898,-0.02217074784910649,-0.034786869181773566,184,814,7,14245,2,560,0,254,0,0,0.0,-20.0,-18.0,-96.0,-167.0,-132.0,-1282.0,-4873.0,-3087.0,0.0,1.0,3.0,0.0,0.0,0.0,0.0,-0.09803921568627451,-0.0891089108910891,-0.1054945054945055,-0.17023445463812437,-0.13953488372093023,-0.08256585303020544,-0.25489067894131184,-0.1781098546042003,0.0,0.16666666666666666,0.75,0.0,0.0,0.0,0,0,0,2,5.0,2.0,0.0,1.0,2.0,4.0,17.921666666666667,5.0,2.0,0.0,1.0,2.0,4.0,17.921666666666667,5.0,2.0,0.0,1.0,2.0,4.0,17.921666666666667,0,1,0,0,CT006189,1,3467563.64,3467563.64,Annual,True,208.0,157.0,0,0,1
C13404,2025-04-28,0,Technology,Latin America,Mid-Market,1073,Partner,338,0.9253935660506503,59.0,72.78,-0.061,0.4997,Stable,-0.39000000000000057,-1.3599999999999994,-0.75,-0.0065667620811584535,-0.02253147779986745,-0.012552301255230125,146,763,7,15883,3,422,218,0,0,123,9.0,-4.0,0.0,-55.0,-144.0,-50.0,-989.0,-3652.0,-231.0,0.0,1.0,1.0,0.0,0.0,0.0,0.06569343065693431,-0.02666666666666667,0.0,-0.06723716381418093,-0.1587651598676957,-0.06150061500615006,-0.058617828354670456,-0.186946506270796,-0.014335360556038228,0.0,0.16666666666666666,0.16666666666666666,0.0,0.0,0.0,0,0,0,3,4.0,1.0,1.0,0.0,0.0,3.3333333333333335,29.171666666666667,6.0,1.0,1.0,0.0,0.0,3.6,36.325,8.0,1.0,1.0,0.0,0.0,3.75,38.525,1,0,0,0,CT013404,1,2831104.5,5662209.0,Two-year,False,338.0,392.0,0,0,0
C17158,2025-08-11,0,Education,North America,Enterprise,10993,Referral,299,0.8186173853524983,67.38,85.74,-0.0677,0.8139,Stable,-1.3200000000000074,-0.3100000000000023,1.7800000000000011,-0.019213973799126743,-0.004579701580735741,0.027134146341463435,2146,19454,6,382730,5,7210,3565,3844,2780,2055,27.0,-106.0,-5.0,742.0,-595.0,808.0,31070.0,-5198.0,3740.0,0.0,-1.0,0.0,0.0,0.0,0.0,0.012741859367626238,-0.04706927175843695,-0.0023245002324500234,0.03965369816160753,-0.029677290637937056,0.043333690872036895,0.08835238582721948,-0.013399393701924068,0.00986833425684055,0.0,-0.14285714285714285,0.0,0.0,0.0,0.0,0,0,0,5,1.0,1.0,0.0,1.0,0.0,4.0,2.97,3.0,1.0,0.0,1.0,2.0,4.666666666666667,8.066666666666665,5.0,2.0,0.0,1.0,3.0,4.4,10.666,0,1,0,0,CT017158,1,19870966.62,39741933.24,Two-year,True,299.0,431.0,0,0,0
C10521,2025-09-01,0,Education,North America,Enterprise,5010,Direct Sales,63,0.17248459958932238,100.0,76.52,0.1806,0.4971,Improving,0.0,0.0,0.0,0.0,0.0,0.0,1594,9234,7,176905,2,6202,3032,0,0,0,-37.0,101.0,1594.0,-18.0,786.0,9234.0,11062.0,-2859.0,176905.0,0.0,1.0,7.0,0.0,0.0,2.0,-0.022685469037400367,0.06764902880107167,,-0.0019455252918287938,0.09303977272727272,,0.06670163950242096,-0.01590418548763935,,0.0,0.16666666666666666,,0.0,0.0,,0,0,0,2,0.0,0.0,0.0,0.0,0.0,,,1.0,0.0,0.0,0.0,0.0,4.0,88.64,1.0,0.0,0.0,0.0,0.0,4.0,88.64,0,0,0,1,CT010521,1,31418271.97,31418271.97,Annual,True,63.0,302.0,0,0,0
C11721,2024-10-28,0,Manufacturing,APAC,SMB,239,Inbound,189,0.5174537987679672,59.69,62.88,-0.0306,0.401,Stable,2.489999999999995,1.9399999999999977,0.3499999999999943,0.04353146853146844,0.03359307359307356,0.00589821368385565,27,120,6,2530,2,96,0,0,0,24,2.0,1.0,-1.0,1.0,28.0,22.0,429.0,789.0,598.0,-1.0,3.0,3.0,0.0,0.0,0.0,0.08,0.038461538461538464,-0.03571428571428571,0.008403361344537815,0.30434782608695654,0.22448979591836735,0.20418848167539266,0.4531878230901781,0.30952380952380953,-0.14285714285714285,1.0,1.0,0.0,0.0,0.0,0,0,0,2,2.0,0.0,0.0,0.0,1.0,4.0,34.6,4.0,0.0,0.0,0.0,1.0,4.0,97.41333333333334,4.0,0.0,0.0,0.0,1.0,4.0,97.41333333333334,0,0,0,1,CT011721,1,1285998.03,2571996.06,Two-year,False,189.0,541.0,0,0,0
C00066,2024-12-02,0,Healthcare,North America,Mid-Market,1552,Inbound,68,0.1861738535249829,98.97,82.93,0.0575,1.1444,Stable,1.269999999999996,2.5600000000000023,1.4099999999999966,0.01299897645854653,0.026553262109739677,0.014452644526445228,303,1171,6,22554,1,1171,0,0,0,0,8.0,7.0,303.0,62.0,53.0,1171.0,-347.0,1685.0,22554.0,-1.0,-1.0,6.0,0.0,0.0,1.0,0.02711864406779661,0.02364864864864865,,0.05590622182146077,0.04740608228980322,,-0.015152176760840137,0.08074177008960659,,-0.14285714285714285,-0.14285714285714285,,0.0,0.0,,0,0,0,1,0.0,0.0,0.0,0.0,0.0,,,1.0,0.0,0.0,0.0,0.0,4.0,35.5,1.0,0.0,0.0,0.0,0.0,4.0,35.5,0,0,0,0,CT000066,1,1678554.36,1678554.36,Annual,True,68.0,297.0,0,0,0
C15611,2024-10-28,0,Manufacturing,Middle East,SMB,20,Partner,68,0.1861738535249829,69.34,64.54,-0.0257,0.6374,Stable,-0.3299999999999983,-0.3299999999999983,-1.1899999999999977,-0.004736615472943854,-0.004736615472943854,-0.01687225294201046,3,18,7,312,2,8,0,10,0,0,0.0,0.0,3.0,4.0,7.0,18.0,72.0,151.0,312.0,1.0,3.0,7.0,0.0,0.0,2.0,0.0,0.0,,0.2857142857142857,0.6363636363636364,,0.3,0.937888198757764,,0.16666666666666666,0.75,,0.0,0.0,,0,0,0,2,0.0,0.0,0.0,0.0,0.0,,,0.0,0.0,0.0,0.0,0.0,,,0.0,0.0,0.0,0.0,0.0,,,0,0,0,0,CT015611,1,410542.9,410542.9,Annual,False,68.0,297.0,0,0,0
C19760,2025-07-21,0,Government,Middle East,Mid-Market,1376,Referral,321,0.8788501026694046,63.82,71.05,-0.013,0.4894,Stable,0.46000000000000085,0.9699999999999989,-0.30000000000000426,0.007260101010101024,0.015433571996817802,-0.004678727386151033,189,1271,7,24260,4,631,269,0,186,185,16.0,9.0,-1.0,71.0,58.0,-132.0,1754.0,-874.0,-5741.0,0.0,0.0,1.0,0.0,0.0,0.0,0.09248554913294797,0.05,-0.005263157894736842,0.059166666666666666,0.04781533388293487,-0.09408410548823949,0.07793477294943571,-0.034773613432004455,-0.1913602879904003,0.0,0.0,0.16666666666666666,0.0,0.0,0.0,0,0,0,4,0.0,0.0,0.0,0.0,0.0,,,1.0,0.0,0.0,0.0,1.0,4.0,22.78,1.0,0.0,0.0,0.0,1.0,4.0,22.78,0,0,0,0,CT019760,1,1742521.02,1742521.02,Annual,False,321.0,44.0,0,1,1
C17901,2025-06-30,0,Education,Middle East,SMB,56,Direct Sales,243,0.6652977412731006,83.9,68.81,0.0404,0.7368,Stable,-1.7399999999999949,-3.9599999999999937,-3.9799999999999898,-0.020317608594114838,-0.045071704985203666,-0.04528903049613097,19,152,7,2825,3,76,34,42,0,0,-1.0,0.0,0.0,-2.0,17.0,13.0,-12.0,163.0,-173.0,1.0,0.0,0.0,0.0,0.0,0.0,-0.05,0.0,0.0,-0.012987012987012988,0.1259259259259259,0.09352517985611511,-0.0042298202326401125,0.06123215627347859,-0.05770513675783856,0.16666666666666666,0.0,0.0,0.0,0.0,0.0,0,0,0,3,1.0,0.0,0.0,0.0,0.0,5.0,91.36,1.0,0.0,0.0,0.0,0.0,5.0,91.36,1.0,0.0,0.0,0.0,0.0,5.0,91.36,0,0,0,1,CT017901,1,489397.06,978794.12,Two-year,True,243.0,487.0,0,0,0
C06394,2025-02-10,0,Education,APAC,SMB,167,Direct Sales,44,0.12046543463381246,41.36,74.9,-0.2669,0.9036,Declining,1.3100000000000023,-3.1899999999999977,-4.700000000000003,0.03270911360799007,-0.0716049382716049,-0.10204081632653067,6,15,5,237,1,15,0,0,0,0,0.0,6.0,6.0,-2.0,15.0,15.0,-22.0,237.0,237.0,2.0,5.0,5.0,0.0,1.0,1.0,0.0,,,-0.11764705882352941,,,-0.08494208494208494,,,0.6666666666666666,,,0.0,,,0,0,0,1,1.0,0.0,0.0,0.0,0.0,5.0,21.04,1.0,0.0,0.0,0.0,0.0,5.0,21.04,1.0,0.0,0.0,0.0,0.0,5.0,21.04,0,0,0,0,CT006394,1,370682.98,370682.98,Annual,True,44.0,321.0,0,0,0
C11704,2024-12-30,0,Financial Services,North America,SMB,81,Inbound,66,0.1806981519507187,100.0,81.86,0.2715,0.7261,Improving,1.0699999999999932,0.0,0.0,0.010815728292732165,0.0,0.0,34,257,7,5297,3,145,0,66,0,46,3.0,4.0,34.0,72.0,65.0,257.0,1889.0,1213.0,5297.0,0.0,0.0,7.0,0.0,0.0,3.0,0.0967741935483871,0.13333333333333333,,0.3891891891891892,0.3385416666666667,,0.5542840375586855,0.29701273261508326,,0.0,0.0,,0.0,0.0,,0,0,0,3,1.0,0.0,0.0,0.0,0.0,4.0,95.95,1.0,0.0,0.0,0.0,0.0,4.0,95.95,1.0,0.0,0.0,0.0,0.0,4.0,95.95,0,0,0,1,CT011704,1,548771.62,548771.62,Annual,True,66.0,299.0,0,0,0
C03786,2025-06-02,0,Telecommunications,APAC,Enterprise,12829,Inbound,423,1.158110882956879,40.22,62.84,-0.0841,1.1766,Stable,-6.5,-6.420000000000002,-6.8700000000000045,-0.13912671232876714,-0.13765008576329335,-0.1458908473136548,874,5585,6,103047,4,2645,1156,0,1021,763,-46.0,7.0,-64.0,-442.0,151.0,-297.0,-4923.0,1379.0,2384.0,-1.0,0.0,-1.0,0.0,0.0,0.0,-0.05,0.008073817762399077,-0.06823027718550106,-0.07333665173386428,0.027788001472212,-0.05049302958177491,-0.04559599888858016,0.013563756540897825,0.023682981830464023,-0.14285714285714285,0.0,-0.14285714285714285,0.0,0.0,0.0,0,0,0,4,3.0,0.0,0.0,0.0,2.0,4.0,25.206666666666667,6.0,1.0,0.0,0.0,3.0,3.9,24.766,9.0,3.0,0.0,0.0,5.0,3.6875,25.9625,1,1,0,0,CT003786,1,9868483.98,19736967.96,Two-year,True,423.0,307.0,0,0,0
C15804,2025-02-17,0,Retail,North America,Enterprise,2741,Enterprise Sales,213,0.5831622176591376,29.21,90.41,-0.5949,0.6179,Rapidly Declining,-3.5,-6.939999999999998,-9.699999999999996,-0.10700091715071844,-0.1919778699861687,-0.24929324081213047,165,918,7,19119,3,457,232,229,0,0,1.0,0.0,-9.0,45.0,-68.0,-34.0,2358.0,936.0,-906.0,1.0,0.0,4.0,0.0,0.0,0.0,0.006097560975609756,0.0,-0.05172413793103448,0.05154639175257732,-0.06896551724137931,-0.03571428571428571,0.1406837300877036,0.05147665401748886,-0.045243445692883896,0.16666666666666666,0.0,1.3333333333333333,0.0,0.0,0.0,0,0,0,3,3.0,1.0,1.0,0.0,1.0,3.5,26.42,6.0,2.0,2.0,1.0,1.0,3.5,31.18875,6.0,2.0,2.0,1.0,1.0,3.5,31.188750000000002,0,1,0,0,CT015804,1,29970680.2,29970680.2,Annual,True,213.0,152.0,0,0,1
C12718,2025-03-10,0,Logistics,Europe,Mid-Market,353,Enterprise Sales,209,0.5722108145106092,73.91,86.4,-0.0041,0.7983,Stable,0.8799999999999955,0.9099999999999966,1.7099999999999937,0.012049842530466868,0.012465753424657488,0.023684210526315704,102,696,7,13447,3,360,150,186,0,0,17.0,12.0,19.0,141.0,58.0,179.0,1606.0,-505.0,3221.0,1.0,0.0,0.0,0.0,0.0,0.0,0.2,0.13333333333333333,0.2289156626506024,0.25405405405405407,0.09090909090909091,0.34622823984526113,0.13563043661852883,-0.03619552752293578,0.31498141991003326,0.16666666666666666,0.0,0.0,0.0,0.0,0.0,0,0,0,3,1.0,0.0,0.0,0.0,1.0,4.0,15.68,1.0,0.0,0.0,0.0,1.0,4.0,15.68,2.0,0.0,0.0,0.0,2.0,4.5,12.035,0,0,0,0,CT012718,1,6492940.26,6492940.26,Annual,True,209.0,156.0,0,0,1
C12959,2024-09-02,0,Technology,Europe,Enterprise,4452,Inbound,11,0.030116358658453114,47.58,73.53,-0.224,1.1844,Declining,0.03999999999999915,-3.6000000000000014,-3.5900000000000034,0.0008413967185527797,-0.07033997655334118,-0.0701582958764902,480,3439,7,63303,4,1427,698,752,562,0,480.0,480.0,480.0,3439.0,3439.0,3439.0,63303.0,63303.0,63303.0,7.0,7.0,7.0,4.0,4.0,4.0,,,,,,,,,,,,,,,,0,0,0,4,0.0,0.0,0.0,0.0,0.0,,,0.0,0.0,0.0,0.0,0.0,,,0.0,0.0,0.0,0.0,0.0,,,0,0,0,0,CT012959,1,43314520.06,43314520.06,Annual,True,11.0,354.0,0,0,0
C06581,2025-07-14,0,Manufacturing,Europe,Mid-Market,1667,Inbound,454,1.242984257357974,43.7,55.51,-0.0786,0.4906,Stable,-0.5599999999999952,-0.35999999999999943,-1.6899999999999977,-0.012652507907817334,-0.008170676350431217,-0.03723287067636038,116,670,6,11635,3,381,0,167,122,0,-1.0,-13.0,-10.0,60.0,-76.0,-31.0,14.0,-2570.0,-1697.0,0.0,-1.0,-1.0,0.0,0.0,0.0,-0.008547008547008548,-0.10077519379844961,-0.07936507936507936,0.09836065573770492,-0.10187667560321716,-0.0442225392296719,0.001204715601067034,-0.18092221048926435,-0.12728772877287728,0.0,-0.14285714285714285,-0.14285714285714285,0.0,0.0,0.0,0,0,0,3,0.0,0.0,0.0,0.0,0.0,,,1.0,0.0,0.0,1.0,0.0,5.0,8.89,4.0,1.0,1.0,1.0,1.0,3.5,37.62666666666667,0,0,0,0,CT006581,1,2052174.37,4104348.74,Two-year,True,454.0,276.0,0,0,0
C08970,2025-04-21,0,Retail,Europe,SMB,65,Enterprise Sales,205,0.5612594113620808,12.37,63.7,-0.4961,0.8517,Rapidly Declining,-0.22000000000000064,-0.8000000000000007,-3.6000000000000014,-0.017474185861795128,-0.06074411541381934,-0.2254226675015655,3,9,5,144,2,6,0,0,3,0,0.0,0.0,0.0,0.0,2.0,-1.0,-37.0,27.0,-24.0,-1.0,2.0,0.0,1.0,1.0,0.0,0.0,0.0,0.0,0.0,0.2857142857142857,-0.1,-0.20441988950276244,0.23076923076923078,-0.14285714285714285,-0.16666666666666666,0.6666666666666666,0.0,1.0,1.0,0.0,1,0,0,2,1.0,0.0,0.0,0.0,0.0,3.0,58.69,1.0,0.0,0.0,0.0,0.0,3.0,58.69,1.0,0.0,0.0,0.0,0.0,3.0,58.69,0,0,1,1,CT008970,1,321740.97,321740.97,Annual,True,205.0,160.0,0,0,1
C17593,2025-04-14,0,Logistics,Europe,SMB,110,Enterprise Sales,375,1.0266940451745379,75.97,75.42,0.0132,1.0931,Stable,-0.14000000000000057,2.030000000000001,-1.0700000000000074,-0.001839442911575359,0.027454692994319733,-0.013888888888888984,18,67,6,1223,1,67,0,0,0,0,1.0,0.0,2.0,-17.0,26.0,4.0,-271.0,503.0,13.0,0.0,2.0,3.0,0.0,0.0,0.0,0.058823529411764705,0.0,0.125,-0.20238095238095238,0.6341463414634146,0.06349206349206349,-0.1813922356091031,0.6986111111111111,0.010743801652892562,0.0,0.5,1.0,0.0,0.0,0.0,1,0,0,1,1.0,0.0,0.0,0.0,0.0,4.0,54.04,1.0,0.0,0.0,0.0,0.0,4.0,54.04,1.0,0.0,0.0,0.0,0.0,4.0,54.04,0,0,0,1,CT017593,1,1269894.71,2539789.42,Two-year,True,375.0,355.0,0,0,0
C03483,2024-09-02,0,Logistics,Middle East,Mid-Market,279,Enterprise Sales,130,0.35592060232717315,76.86,84.75,-0.1838,1.1331,Declining,1.5600000000000023,2.5600000000000023,-0.37000000000000455,0.020717131474103617,0.03445491251682372,-0.0047908843713583395,46,235,6,4496,2,151,0,84,0,0,2.0,0.0,-7.0,11.0,-15.0,-43.0,126.0,386.0,-218.0,0.0,0.0,-1.0,0.0,0.0,0.0,0.045454545454545456,0.0,-0.1320754716981132,0.049107142857142856,-0.06,-0.15467625899280577,0.028832951945080093,0.09391727493917275,-0.04624522698345354,0.0,0.0,-0.14285714285714285,0.0,0.0,0.0,0,0,0,2,0.0,0.0,0.0,0.0,0.0,,,1.0,0.0,0.0,0.0,0.0,4.0,56.79,2.0,0.0,0.0,0.0,0.0,4.0,51.495,0,0,0,1,CT003483,1,1392357.19,4177071.57,Three-year,False,130.0,965.0,0,0,0
C14481,2024-12-23,0,Financial Services,APAC,Mid-Market,1993,Referral,250,0.6844626967830253,84.04,88.46,0.0677,1.0347,Stable,0.6099999999999994,-0.29999999999999716,1.3599999999999994,0.007311518638379472,-0.0035570310647379316,0.016448959845186253,618,5170,5,115902,4,2197,1146,1187,0,640,26.0,46.0,82.0,326.0,481.0,912.0,21307.0,19615.0,41333.0,-1.0,0.0,-2.0,0.0,0.0,0.0,0.04391891891891892,0.08041958041958042,0.15298507462686567,0.06729975227085054,0.10258050757091064,0.21418506341005167,0.2252444632380147,0.2037138969954407,0.5542919980152611,-0.16666666666666666,0.0,-0.2857142857142857,0.0,0.0,0.0,0,0,0,4,0.0,0.0,0.0,0.0,0.0,,,0.0,0.0,0.0,0.0,0.0,,,2.0,0.0,0.0,0.0,0.0,5.0,44.265,0,0,0,0,CT014481,1,2859189.55,2859189.55,Annual,True,250.0,115.0,0,0,1
C11960,2024-08-12,0,Logistics,North America,SMB,30,Referral,189,0.5174537987679672,75.58,76.56,0.0102,0.7313,Stable,-0.75,-2.6000000000000085,-2.4000000000000057,-0.009825756583256911,-0.03325658736249691,-0.03077712233906137,8,68,6,1412,3,46,0,17,5,0,0.0,0.0,-1.0,31.0,17.0,6.0,706.0,342.0,302.0,-1.0,-1.0,-1.0,0.0,0.0,0.0,0.0,0.0,-0.1111111111111111,0.8378378378378378,0.3333333333333333,0.0967741935483871,1.0,0.31962616822429907,0.27207207207207207,-0.14285714285714285,-0.14285714285714285,-0.14285714285714285,0.0,0.0,0.0,0,0,0,3,0.0,0.0,0.0,0.0,0.0,,,1.0,0.0,0.0,0.0,0.0,5.0,46.87,1.0,0.0,0.0,0.0,0.0,5.0,46.87,0,0,0,0,CT011960,1,1500000.0,1500000.0,Annual,True,189.0,176.0,0,0,1
C00097,2025-05-19,0,Healthcare,APAC,SMB,89,Direct Sales,236,0.6461327857631759,80.69,61.77,0.1778,0.6336,Improving,1.3499999999999943,3.200000000000003,4.509999999999991,0.0170153768590874,0.04129565105174865,0.059201890259910614,28,174,7,3420,3,107,37,0,30,0,-1.0,2.0,1.0,23.0,-10.0,1.0,639.0,124.0,66.0,0.0,3.0,0.0,0.0,0.0,0.0,-0.034482758620689655,0.07692307692307693,0.037037037037037035,0.152317880794702,-0.05434782608695652,0.005780346820809248,0.2297734627831715,0.03762135922330097,0.01967799642218247,0.0,0.75,0.0,0.0,0.0,0.0,0,0,0,3,1.0,0.0,0.0,0.0,0.0,5.0,38.41,3.0,1.0,1.0,0.0,1.0,4.333333333333333,33.22666666666667,4.0,1.0,1.0,0.0,1.0,4.5,32.87,0,0,0,0,CT000097,1,1124419.05,1124419.05,Annual,True,236.0,129.0,0,0,1
C00861,2025-07-21,0,Education,Europe,Mid-Market,1214,Referral,354,0.9691991786447639,68.89,65.18,0.0371,1.0781,Stable,-1.9599999999999937,2.6599999999999966,2.969999999999999,-0.027664079040225744,0.04016306809602894,0.04505461165048542,264,1262,6,17824,2,907,0,0,355,0,17.0,8.0,-8.0,187.0,87.0,58.0,1132.0,-1787.0,-2009.0,-1.0,-1.0,-1.0,0.0,0.0,0.0,0.06882591093117409,0.03125,-0.029411764705882353,0.173953488372093,0.07404255319148936,0.04817275747508306,0.06781691828420801,-0.0911223293049819,-0.10129582009781676,-0.14285714285714285,-0.14285714285714285,-0.14285714285714285,0.0,0.0,0.0,0,0,0,2,1.0,0.0,0.0,0.0,1.0,5.0,50.94,2.0,0.0,0.0,0.0,1.0,4.5,48.64,2.0,0.0,0.0,0.0,1.0,4.5,48.64,0,0,0,1,CT000861,1,7466155.46,14932310.92,Two-year,True,354.0,376.0,0,0,0
C17117,2024-04-01,0,Logistics,APAC,SMB,219,Enterprise Sales,1,0.0027378507871321013,83.85,78.16,0.0415,0.471,Stable,0.009999999999990905,0.6299999999999955,-0.9300000000000068,0.00011927480916019686,0.007570295602018691,-0.010969568294409138,0,0,0,0,0,0,0,0,0,0,0.0,0.0,0.0,0.0,0.0,0.0,0.0,0.0,0.0,0.0,0.0,0.0,0.0,0.0,0.0,,,,,,,,,,,,,,,,0,0,0,1,0.0,0.0,0.0,0.0,0.0,,,0.0,0.0,0.0,0.0,0.0,,,0.0,0.0,0.0,0.0,0.0,,,0,0,0,0,CT017117,1,871220.77,871220.77,Annual,False,1.0,364.0,0,0,0
C05322,2025-07-28,0,Manufacturing,North America,Mid-Market,781,Inbound,15,0.04106776180698152,17.27,59.73,-0.3073,0.466,Declining,-2.0700000000000003,-3.400000000000002,-4.800000000000001,-0.10703205791106517,-0.1644895984518627,-0.2174898051653829,33,125,6,2647,2,103,0,0,0,22,33.0,33.0,33.0,125.0,125.0,125.0,2647.0,2647.0,2647.0,6.0,6.0,6.0,2.0,2.0,2.0,,,,,,,,,,,,,,,,0,0,0,2,0.0,0.0,0.0,0.0,0.0,,,0.0,0.0,0.0,0.0,0.0,,,0.0,0.0,0.0,0.0,0.0,,,0,0,0,0,CT005322,1,2326952.05,2326952.05,Annual,True,15.0,350.0,0,0,0
C14132,2024-10-07,0,Retail,Latin America,Enterprise,4986,Direct Sales,158,0.432580424366872,64.51,73.17,0.0651,0.977,Stable,-0.10999999999999943,1.3000000000000043,4.290000000000006,-0.0017022593624264845,0.020566366081316314,0.07123879109930266,1065,8418,7,160470,4,3577,1670,1819,1352,0,42.0,45.0,105.0,532.0,581.0,1025.0,12442.0,16018.0,31712.0,0.0,0.0,0.0,0.0,0.0,0.0,0.04105571847507331,0.04411764705882353,0.109375,0.06746132386507735,0.07413551103738676,0.13864466387122953,0.08405166590104575,0.11088804585606292,0.2462914925674521,0.0,0.0,0.0,0.0,0.0,0.0,0,0,0,4,1.0,0.0,0.0,0.0,0.0,5.0,19.57,2.0,0.0,0.0,0.0,1.0,5.0,24.029999999999994,3.0,0.0,0.0,0.0,1.0,4.666666666666667,36.46333333333333,0,0,0,0,CT014132,1,48532782.68,145598348.04,Three-year,True,158.0,937.0,0,0,0
C16589,2025-08-25,0,Healthcare,APAC,Mid-Market,1825,Direct Sales,248,0.6789869952087612,74.11,79.05,0.011,0.5081,Stable,0.09999999999999432,-1.4899999999999949,-2.3599999999999994,0.0013511687609781692,-0.01970899470899464,-0.0308617758598143,294,1237,5,25575,2,974,0,0,0,263,-34.0,-17.0,-28.0,-188.0,-97.0,-120.0,-2127.0,1955.0,-2140.0,0.0,0.0,-2.0,0.0,0.0,0.0,-0.10365853658536585,-0.05466237942122187,-0.08695652173913043,-0.1319298245614035,-0.0727136431784108,-0.08843036109064112,-0.0767814598223955,0.0827688399661304,-0.07721450478080462,0.0,0.0,-0.2857142857142857,0.0,0.0,0.0,0,0,0,2,1.0,0.0,0.0,0.0,0.0,5.0,217.29,3.0,0.0,0.0,0.0,0.0,4.75,124.2475,4.0,0.0,0.0,0.0,0.0,4.5,100.89166666666667,0,0,0,1,CT016589,1,1772214.59,1772214.59,Annual,False,248.0,117.0,0,0,1
C01341,2024-12-02,0,Professional Services,Europe,SMB,209,Inbound,274,0.7501711156741958,51.0,67.02,0.0161,0.8827,Stable,-1.6199999999999974,-3.270000000000003,-4.450000000000003,-0.03078677309007977,-0.0602542841348812,-0.0802524797114518,14,53,5,983,2,36,0,0,17,0,-2.0,-2.0,-4.0,-17.0,-39.0,0.0,-368.0,-511.0,74.0,0.0,0.0,-1.0,0.0,0.0,0.0,-0.125,-0.125,-0.2222222222222222,-0.24285714285714285,-0.42391304347826086,0.0,-0.27239082161361955,-0.34203480589022756,0.0814081408140814,0.0,0.0,-0.16666666666666666,0.0,0.0,0.0,1,0,0,2,2.0,0.0,0.0,0.0,1.0,3.5,13.195,3.0,0.0,0.0,0.0,1.0,3.6666666666666665,57.35,3.0,0.0,0.0,0.0,1.0,3.6666666666666665,57.35,0,0,0,1,CT001341,1,638036.7,638036.7,Annual,True,274.0,91.0,0,0,1
C10715,2024-12-02,0,Manufacturing,North America,Mid-Market,1436,Enterprise Sales,297,0.813141683778234,99.92,80.86,0.3131,1.1843,Improving,1.2000000000000028,1.6200000000000045,5.570000000000007,0.012155591572123205,0.01648016276703972,0.059035506094329705,422,2194,7,39549,2,1625,0,0,569,0,-2.0,27.0,13.0,31.0,214.0,94.0,3200.0,9577.0,1795.0,0.0,0.0,1.0,0.0,0.0,0.0,-0.0047169811320754715,0.06835443037974684,0.03178484107579462,0.014331946370781322,0.10808080808080808,0.04476190476190476,0.08803543426229057,0.3195315627919391,0.04754463103247338,0.0,0.0,0.16666666666666666,0.0,0.0,0.0,0,0,0,2,1.0,0.0,0.0,0.0,1.0,4.0,9.5,1.0,0.0,0.0,0.0,1.0,4.0,9.5,1.0,0.0,0.0,0.0,1.0,4.0,9.5,0,0,0,0,CT010715,1,3471565.09,3471565.09,Annual,True,297.0,68.0,0,1,1
C13469,2024-07-29,0,Financial Services,Middle East,SMB,245,Direct Sales,55,0.15058179329226556,99.7,73.24,0.2869,0.4873,Improving,-0.29999999999999716,0.21000000000000796,0.8900000000000006,-0.0029999999999999714,0.002110764900995155,0.009007185507539728,68,357,7,5830,2,267,0,0,90,0,-1.0,68.0,68.0,7.0,357.0,357.0,418.0,5830.0,5830.0,0.0,7.0,7.0,0.0,2.0,2.0,-0.014492753623188406,,,0.02,,,0.07723577235772358,,,0.0,,,0.0,,,0,0,0,2,1.0,0.0,0.0,0.0,0.0,4.0,127.66,1.0,0.0,0.0,0.0,0.0,4.0,127.66,1.0,0.0,0.0,0.0,0.0,4.0,127.66,0,0,0,1,CT013469,1,746589.33,2239767.99,Three-year,True,55.0,1040.0,0,0,0
C17530,2024-10-28,0,Technology,North America,SMB,152,Direct Sales,115,0.31485284052019163,76.01,74.81,-0.0319,0.8898,Stable,0.6400000000000006,-1.019999999999996,-2.059999999999988,0.008491442218389286,-0.013241594184084072,-0.026386576149609174,34,118,4,2305,1,118,0,0,0,0,-3.0,-3.0,-8.0,-17.0,17.0,6.0,-312.0,545.0,146.0,-3.0,1.0,-1.0,0.0,0.0,0.0,-0.08108108108108109,-0.08108108108108109,-0.19047619047619047,-0.1259259259259259,0.16831683168316833,0.05357142857142857,-0.119220481467329,0.3096590909090909,0.06762389995368226,-0.42857142857142855,0.3333333333333333,-0.2,0.0,0.0,0.0,0,0,0,1,3.0,0.0,0.0,0.0,0.0,4.0,40.2475,5.0,0.0,0.0,0.0,0.0,4.0,47.47625,5.0,0.0,0.0,0.0,0.0,4.0,47.47625,0,0,0,0,CT017530,1,1500000.0,1500000.0,Annual,True,115.0,250.0,0,0,0
C00146,2024-11-18,0,Healthcare,North America,SMB,49,Direct Sales,258,0.7063655030800822,99.0,70.85,0.329,0.6818,Improving,-0.730000000000004,-0.7199999999999989,-1.0,-0.007319763361074942,-0.007220216606498184,-0.01,9,26,1,576,2,17,0,0,0,9,0.0,-1.0,0.0,-22.0,-5.0,-15.0,-243.0,20.0,-182.0,-5.0,-5.0,-6.0,0.0,0.0,0.0,0.0,-0.1,0.0,-0.4583333333333333,-0.16129032258064516,-0.36585365853658536,-0.2967032967032967,0.03597122302158273,-0.24010554089709762,-0.8333333333333334,-0.8333333333333334,-0.8571428571428571,0.0,0.0,0.0,1,0,0,2,0.0,0.0,0.0,0.0,0.0,,,0.0,0.0,0.0,0.0,0.0,,,0.0,0.0,0.0,0.0,0.0,,,0,0,0,0,CT000146,1,200000.0,200000.0,Annual,True,258.0,107.0,0,0,1
C12757,2024-12-02,0,Retail,North America,SMB,143,Referral,94,0.25735797399041754,96.29,89.09,0.1359,0.4801,Improving,-0.1699999999999875,-0.9499999999999886,-0.3999999999999915,-0.0017623885548412556,-0.009769642122583183,-0.004136932464577428,53,287,6,5818,2,199,88,0,0,0,-2.0,-3.0,0.0,-23.0,5.0,-25.0,260.0,434.0,-230.0,0.0,-1.0,0.0,0.0,0.0,0.0,-0.03636363636363636,-0.05357142857142857,0.0,-0.07419354838709677,0.01773049645390071,-0.08012820512820513,0.046779417056495146,0.08060921248142645,-0.03802910052910053,0.0,-0.14285714285714285,0.0,0.0,0.0,0.0,0,0,0,2,1.0,0.0,0.0,0.0,0.0,4.0,62.87,1.0,0.0,0.0,0.0,0.0,4.0,62.87,1.0,0.0,0.0,0.0,0.0,4.0,62.87,0,0,0,1,CT012757,1,1500000.0,1500000.0,Annual,False,94.0,271.0,0,0,0
C03449,2024-10-07,0,Manufacturing,North America,SMB,231,Referral,37,0.10130047912388775,68.28,69.62,0.0202,1.1527,Stable,-0.14000000000000057,0.6599999999999966,-0.1799999999999926,-0.0020461853259280995,0.009760425909494181,-0.002629272567922767,33,162,5,2698,2,101,61,0,0,0,-2.0,33.0,33.0,-10.0,162.0,162.0,-1105.0,2698.0,2698.0,-1.0,5.0,5.0,0.0,2.0,2.0,-0.05714285714285714,,,-0.05813953488372093,,,-0.2905600841440968,,,-0.16666666666666666,,,0.0,,,1,0,0,2,0.0,0.0,0.0,0.0,0.0,,,0.0,0.0,0.0,0.0,0.0,,,0.0,0.0,0.0,0.0,0.0,,,0,0,0,0,CT003449,1,420343.11,840686.22,Two-year,True,37.0,693.0,0,0,0
C03470,2025-09-15,0,Financial Services,Latin America,Enterprise,3547,Enterprise Sales,220,0.6023271731690623,86.97,84.36,-0.0411,0.9144,Stable,-0.8499999999999943,3.1599999999999966,2.3299999999999983,-0.009678888635845985,0.03770433122539072,0.027528355387523608,1072,6972,5,133169,3,3878,0,1981,0,1113,97.0,65.0,26.0,489.0,856.0,203.0,10077.0,9303.0,2304.0,-1.0,-2.0,-2.0,0.0,0.0,0.0,0.09948717948717949,0.06454816285998013,0.0248565965583174,0.07542804257288292,0.13996075866579463,0.02998965873836608,0.0818655964644331,0.07510535578770607,0.017605929774958926,-0.16666666666666666,-0.2857142857142857,-0.2857142857142857,0.0,0.0,0.0,0,0,0,3,0.0,0.0,0.0,0.0,0.0,,,0.0,0.0,0.0,0.0,0.0,,,0.0,0.0,0.0,0.0,0.0,,,0,0,0,0,CT003470,1,26233609.46,26233609.46,Annual,True,220.0,145.0,0,0,1
C03159,2025-03-17,0,Telecommunications,APAC,Enterprise,2001,Partner,125,0.34223134839151265,95.63,60.43,0.2681,0.8696,Improving,-0.6400000000000006,2.259999999999991,1.8599999999999994,-0.00664796925314221,0.024204776694869774,0.01983576836941452,910,9053,7,170648,5,3502,1646,1700,1325,880,13.0,88.0,78.0,368.0,1081.0,788.0,2848.0,3567.0,17809.0,0.0,0.0,0.0,0.0,0.0,0.0,0.014492753623188406,0.1070559610705596,0.09375,0.04237190558434082,0.13559959859508278,0.09534180278281912,0.01697258641239571,0.021348926568550582,0.11652130673453764,0.0,0.0,0.0,0.0,0.0,0.0,0,0,0,5,0.0,0.0,0.0,0.0,0.0,,,1.0,0.0,1.0,0.0,1.0,5.0,22.09,1.0,0.0,1.0,0.0,1.0,5.0,22.09,0,0,0,0,CT003159,1,28582823.98,57165647.96,Two-year,False,125.0,605.0,0,0,0
C12527,2025-03-10,0,Manufacturing,APAC,Mid-Market,1753,Enterprise Sales,293,0.8021902806297057,63.55,72.59,0.0159,0.6393,Stable,0.4899999999999949,-0.9399999999999977,-0.3500000000000014,0.007770377418331666,-0.014575903240812494,-0.005477308294209725,201,1394,5,30412,4,688,321,0,213,172,-5.0,3.0,5.0,-17.0,-38.0,0.0,2855.0,1928.0,3564.0,-1.0,-1.0,-1.0,0.0,0.0,0.0,-0.024271844660194174,0.015151515151515152,0.025510204081632654,-0.012048192771084338,-0.02653631284916201,0.0,0.1036034401422506,0.06768712259514113,0.13274731823599523,-0.16666666666666666,-0.16666666666666666,-0.16666666666666666,0.0,0.0,0.0,0,0,0,4,2.0,0.0,0.0,0.0,0.0,4.5,37.7,2.0,0.0,0.0,0.0,0.0,4.5,37.7,3.0,0.0,0.0,0.0,0.0,4.333333333333333,35.16,0,0,0,0,CT012527,1,1000000.0,2000000.0,Two-year,False,293.0,437.0,0,0,0
C13281,2025-05-26,1,Financial Services,North America,SMB,44,Partner,27,0.07392197125256673,9.68,69.56,-0.4562,0.46,Rapidly Declining,-1.620000000000001,-5.8100000000000005,-7.57,-0.14336283185840715,-0.37508069722401555,-0.43884057971014495,3,6,5,120,2,4,2,0,0,0,3.0,3.0,3.0,6.0,6.0,6.0,120.0,120.0,120.0,5.0,5.0,5.0,2.0,2.0,2.0,,,,,,,,,,,,,,,,0,0,0,2,0.0,0.0,0.0,0.0,0.0,,,0.0,0.0,0.0,0.0,0.0,,,0.0,0.0,0.0,0.0,0.0,,,0,0,0,0,CT013281,1,1500000.0,1500000.0,Annual,True,27.0,338.0,0,0,0
C08698,2025-08-11,0,Telecommunications,North America,SMB,195,Enterprise Sales,232,0.6351813826146475,75.33,71.69,0.0078,0.4763,Stable,0.01999999999999602,-1.5100000000000051,-2.3599999999999994,0.00026556898154290293,-0.019651223321186947,-0.030377139915046977,40,144,5,2299,1,144,0,0,0,0,-1.0,-2.0,-3.0,-18.0,-48.0,-6.0,-395.0,-1701.0,-735.0,-1.0,-1.0,0.0,0.0,0.0,0.0,-0.024390243902439025,-0.047619047619047616,-0.06976744186046512,-0.1111111111111111,-0.25,-0.04,-0.14662212323682258,-0.42525,-0.24225444957152273,-0.16666666666666666,-0.16666666666666666,0.0,0.0,0.0,0.0,0,0,0,1,0.0,0.0,0.0,0.0,0.0,,,0.0,0.0,0.0,0.0,0.0,,,0.0,0.0,0.0,0.0,0.0,,,0,0,0,0,CT008698,1,896640.25,1793280.5,Two-year,True,232.0,498.0,0,0,0
C14541,2025-05-19,0,Professional Services,Latin America,Mid-Market,1491,Enterprise Sales,155,0.4243668720054757,78.53,80.58,-0.0046,0.484,Stable,0.3100000000000023,-0.9099999999999966,-1.8299999999999983,0.003963180772181057,-0.01145518630412886,-0.022772523643603763,324,2740,5,51792,4,1164,600,563,413,0,-20.0,-18.0,-39.0,-175.0,-153.0,-320.0,-5083.0,-1865.0,-7695.0,-2.0,1.0,-1.0,0.0,0.0,0.0,-0.05813953488372093,-0.05263157894736842,-0.10743801652892562,-0.060034305317324184,-0.05288627722087798,-0.10457516339869281,-0.08937142857142857,-0.03475781351920532,-0.12935599374653287,-0.2857142857142857,0.25,-0.16666666666666666,0.0,0.0,0.0,0,0,0,4,0.0,0.0,0.0,0.0,0.0,,,0.0,0.0,0.0,0.0,0.0,,,2.0,1.0,0.0,0.0,1.0,3.5,18.125,0,0,0,0,CT014541,1,1306342.39,1306342.39,Annual,True,155.0,210.0,0,0,0
C15891,2025-02-03,0,Professional Services,Latin America,SMB,151,Enterprise Sales,43,0.11772758384668036,90.42,79.41,0.0154,0.8795,Stable,-1.1299999999999955,-3.469999999999999,-3.9399999999999977,-0.012342981977061665,-0.03695814250718925,-0.04175498092412037,56,296,7,5827,2,198,98,0,0,0,-1.0,56.0,56.0,-11.0,296.0,296.0,55.0,5827.0,5827.0,0.0,7.0,7.0,0.0,2.0,2.0,-0.017543859649122806,,,-0.035830618892508145,,,0.009528759528759529,,,0.0,,,0.0,,,0,0,0,2,0.0,0.0,0.0,0.0,0.0,,,0.0,0.0,0.0,0.0,0.0,,,0.0,0.0,0.0,0.0,0.0,,,0,0,0,0,CT015891,1,1157846.89,1157846.89,Annual,False,43.0,322.0,0,0,0
C11689,2025-06-16,0,Logistics,Europe,Mid-Market,1145,Enterprise Sales,60,0.16427104722792607,93.66,93.8,-0.0225,0.5229,Stable,0.6299999999999955,1.5999999999999943,0.18999999999999773,0.006772009029345324,0.017379969585053164,0.002032737776826765,295,2406,6,42974,4,994,553,557,0,302,7.0,295.0,295.0,-5.0,2406.0,2406.0,-4584.0,42974.0,42974.0,-1.0,6.0,6.0,0.0,4.0,4.0,0.024305555555555556,,,-0.002073828287017835,,,-0.09638756886328273,,,-0.14285714285714285,,,0.0,,,0,0,0,4,0.0,0.0,0.0,0.0,0.0,,,0.0,0.0,0.0,0.0,0.0,,,0.0,0.0,0.0,0.0,0.0,,,0,0,0,0,CT011689,1,1306130.04,1306130.04,Annual,True,60.0,305.0,0,0,0
C19450,2025-05-26,0,Technology,Middle East,Enterprise,13588,Direct Sales,61,0.16700889801505817,60.64,92.07,-0.2223,0.6107,Declining,-0.1700000000000017,0.07000000000000028,-1.3299999999999983,-0.002795592830126652,0.0011556876341423195,-0.021461997740842315,1741,10370,6,182984,3,5660,2654,0,2056,0,-65.0,1741.0,1741.0,-316.0,10370.0,10370.0,-17638.0,182984.0,182984.0,0.0,6.0,6.0,0.0,3.0,3.0,-0.03599114064230343,,,-0.029571401834175556,,,-0.08791657943794798,,,0.0,,,0.0,,,0,0,0,3,1.0,0.0,0.0,0.0,1.0,4.0,15.92,2.0,0.0,0.0,0.0,1.0,4.5,95.765,2.0,0.0,0.0,0.0,1.0,4.5,95.765,0,0,0,1,CT019450,1,15422721.44,15422721.44,Annual,True,61.0,304.0,0,0,0
C09086,2025-02-24,0,Professional Services,North America,SMB,185,Direct Sales,359,0.9828884325804244,22.81,78.44,-0.5695,0.7404,Rapidly Declining,-3.5,-6.850000000000001,-9.710000000000004,-0.1330292664386165,-0.23095077545515852,-0.29858548585485867,5,15,5,277,2,10,5,0,0,0,0.0,0.0,0.0,-12.0,-4.0,-9.0,-244.0,-166.0,-174.0,-2.0,0.0,-2.0,0.0,0.0,0.0,0.0,0.0,0.0,-0.4444444444444444,-0.21052631578947367,-0.375,-0.46833013435700577,-0.3747178329571106,-0.3858093126385809,-0.2857142857142857,0.0,-0.2857142857142857,0.0,0.0,0.0,1,1,0,2,0.0,0.0,0.0,0.0,0.0,,,2.0,0.0,0.0,0.0,1.0,4.0,17.174999999999997,4.0,0.0,0.0,0.0,1.0,3.75,21.3125,0,0,0,0,CT009086,1,249674.06,249674.06,Annual,True,359.0,6.0,1,1,1
C13013,2025-02-17,0,Technology,North America,Enterprise,5646,Enterprise Sales,146,0.3997262149212868,20.55,61.7,-0.3756,0.5198,Declining,-0.4299999999999997,-1.6400000000000006,-1.6600000000000001,-0.020495710200190642,-0.07390716538981526,-0.07474110760918505,346,2454,7,45822,5,879,460,509,330,276,22.0,43.0,25.0,229.0,195.0,158.0,2687.0,4829.0,4423.0,1.0,1.0,0.0,0.0,0.0,0.0,0.06790123456790123,0.1419141914191419,0.0778816199376947,0.10292134831460674,0.08632138114209828,0.06881533101045297,0.06229280166917816,0.11780060010245652,0.10683832942824706,0.16666666666666666,0.16666666666666666,0.0,0.0,0.0,0.0,0,0,0,5,4.0,0.0,0.0,0.0,2.0,4.0,51.98500000000003,5.0,0.0,0.0,1.0,2.0,4.0,36.34666666666667,7.0,0.0,0.0,1.0,2.0,3.6,87.534,1,0,0,1,CT013013,1,14491415.06,14491415.06,Annual,True,146.0,219.0,0,0,0
C11210,2025-03-31,0,Government,APAC,SMB,93,Inbound,58,0.15879534565366188,67.9,84.75,-0.0394,0.9434,Stable,-1.9199999999999875,-4.1299999999999955,-5.459999999999994,-0.027499283872815635,-0.05733722060252666,-0.07442748091603045,14,51,4,839,1,51,0,0,0,0,1.0,14.0,14.0,20.0,51.0,51.0,231.0,839.0,839.0,2.0,4.0,4.0,0.0,1.0,1.0,0.07692307692307693,,,0.6451612903225806,,,0.37993421052631576,,,1.0,,,0.0,,,0,0,0,1,1.0,0.0,0.0,0.0,0.0,4.0,30.71,1.0,0.0,0.0,0.0,0.0,4.0,30.71,1.0,0.0,0.0,0.0,0.0,4.0,30.71,0,0,0,0,CT011210,1,1093162.14,1093162.14,Annual,True,58.0,307.0,0,0,0
C16884,2024-12-30,0,Government,APAC,SMB,136,Referral,336,0.919917864476386,46.22,71.98,-0.0172,1.1231,Stable,1.9799999999999969,0.8399999999999963,-1.8100000000000023,0.044755877034357974,0.018510356985456066,-0.03768478034561737,8,24,4,423,1,24,0,0,0,0,0.0,-2.0,-2.0,-9.0,-3.0,-8.0,-101.0,-36.0,-49.0,-1.0,-1.0,2.0,0.0,0.0,0.0,0.0,-0.2,-0.2,-0.2727272727272727,-0.1111111111111111,-0.25,-0.19274809160305342,-0.0784313725490196,-0.1038135593220339,-0.2,-0.2,1.0,0.0,0.0,0.0,1,0,0,1,1.0,0.0,0.0,1.0,0.0,4.0,11.21,2.0,0.0,0.0,1.0,0.0,4.0,39.599999999999994,2.0,0.0,0.0,1.0,0.0,4.0,39.599999999999994,0,0,0,0,CT016884,1,796558.92,796558.92,Annual,False,336.0,29.0,1,1,1
C17373,2025-03-31,0,Retail,North America,Mid-Market,279,Referral,359,0.9828884325804244,36.95,75.16,-0.2371,0.5962,Declining,-1.7199999999999989,-3.1299999999999955,-3.9099999999999966,-0.044478924230669736,-0.07809381237524939,-0.09569260890846785,22,112,6,1996,3,61,0,25,26,0,-2.0,-4.0,-7.0,-31.0,-18.0,-61.0,-629.0,-76.0,-1158.0,-1.0,0.0,-1.0,0.0,0.0,0.0,-0.08333333333333333,-0.15384615384615385,-0.2413793103448276,-0.21678321678321677,-0.13846153846153847,-0.35260115606936415,-0.23961904761904762,-0.03667953667953668,-0.36715282181357006,-0.14285714285714285,0.0,-0.14285714285714285,0.0,0.0,0.0,1,1,0,3,3.0,0.0,1.0,0.0,1.0,4.0,26.637499999999996,3.0,0.0,1.0,0.0,1.0,4.0,26.637499999999996,4.0,0.0,1.0,0.0,2.0,4.0,22.325,0,0,0,0,CT017373,1,9245507.64,27736522.92,Three-year,True,359.0,736.0,0,0,0
C09989,2024-07-29,0,Government,Middle East,SMB,96,Enterprise Sales,62,0.1697467488021903,83.26,82.24,0.017,0.9398,Stable,-1.2099999999999937,-2.6299999999999955,-3.319999999999993,-0.014324612288386336,-0.030620561182908318,-0.038346038346038266,17,59,6,1122,1,59,0,0,0,0,-1.0,17.0,17.0,1.0,59.0,59.0,135.0,1122.0,1122.0,0.0,6.0,6.0,0.0,1.0,1.0,-0.05555555555555555,,,0.017241379310344827,,,0.13677811550151975,,,0.0,,,0.0,,,0,0,0,1,0.0,0.0,0.0,0.0,0.0,,,0.0,0.0,0.0,0.0,0.0,,,0.0,0.0,0.0,0.0,0.0,,,0,0,0,0,CT009989,1,344153.38,344153.38,Annual,False,62.0,303.0,0,0,0
C05035,2025-01-20,0,Retail,Middle East,Mid-Market,1461,Direct Sales,32,0.08761122518822724,53.12,85.14,-0.2209,1.0605,Declining,-2.740000000000002,-4.68,-9.940000000000005,-0.049051199427139314,-0.0809688581314879,-0.15762765620044408,152,688,6,12404,2,400,288,0,0,0,152.0,152.0,152.0,688.0,688.0,688.0,12404.0,12404.0,12404.0,6.0,6.0,6.0,2.0,2.0,2.0,,,,,,,,,,,,,,,,0,0,0,2,3.0,0.0,1.0,0.0,2.0,3.75,16.675,3.0,0.0,1.0,0.0,2.0,3.75,16.675,3.0,0.0,1.0,0.0,2.0,3.75,16.675,0,0,0,0,CT005035,1,5358578.26,5358578.26,Annual,True,32.0,333.0,0,0,0
C06932,2025-03-31,0,Telecommunications,North America,Mid-Market,1984,Direct Sales,131,0.3586584531143053,85.46,83.13,-0.1499,1.152,Declining,1.7299999999999898,2.569999999999993,1.0799999999999983,0.020661650543413228,0.031004946314392486,0.012799241526428045,366,2449,7,43134,3,1130,632,687,0,0,-63.0,-28.0,-32.0,-593.0,-393.0,-383.0,-11762.0,-10092.0,-19191.0,1.0,0.0,0.0,0.0,0.0,0.0,-0.14685314685314685,-0.07106598984771574,-0.08040201005025126,-0.19493754109138725,-0.1382828993666432,-0.1352401129943503,-0.21425969105217138,-0.18960658324878818,-0.3079181708784597,0.16666666666666666,0.0,0.0,0.0,0.0,0.0,1,1,0,3,0.0,0.0,0.0,0.0,0.0,,,0.0,0.0,0.0,0.0,0.0,,,0.0,0.0,0.0,0.0,0.0,,,0,0,0,0,CT006932,1,1083118.38,1083118.38,Annual,True,131.0,234.0,0,0,0
C14205,2024-08-05,0,Telecommunications,Middle East,Enterprise,25768,Referral,81,0.22176591375770022,53.3,60.27,0.006,0.5565,Stable,-0.2700000000000031,-1.2800000000000011,0.35999999999999943,-0.005040134403584154,-0.023451813851227576,0.0068001511144692,2579,18494,7,400846,4,8085,3872,4318,0,2219,28.0,-58.0,2579.0,570.0,-217.0,18494.0,44113.0,64314.0,400846.0,0.0,0.0,7.0,0.0,0.0,4.0,0.01097608780870247,-0.021994690936670457,,0.03180093729078331,-0.011597456041900486,,0.12365831027687374,0.1911081264188844,,0.0,0.0,,0.0,0.0,,0,0,0,4,1.0,0.0,0.0,0.0,0.0,5.0,20.63,2.0,0.0,0.0,0.0,0.0,4.0,76.87499999999999,6.0,1.0,0.0,0.0,1.0,3.8,49.977999999999994,0,0,0,1,CT014205,1,14744310.68,29488621.36,Two-year,True,81.0,649.0,0,0,0
C15090,2024-11-18,1,Telecommunications,North America,SMB,94,Inbound,11,0.030116358658453114,53.05,75.9,-0.2822,0.779,Declining,-3.3800000000000026,-5.900000000000006,-5.859999999999999,-0.05989721779195468,-0.10008481764206964,-0.09947377355287727,13,47,6,824,2,41,0,0,0,6,13.0,13.0,13.0,47.0,47.0,47.0,824.0,824.0,824.0,6.0,6.0,6.0,2.0,2.0,2.0,,,,,,,,,,,,,,,,0,0,0,2,0.0,0.0,0.0,0.0,0.0,,,0.0,0.0,0.0,0.0,0.0,,,0.0,0.0,0.0,0.0,0.0,,,0,0,0,0,CT015090,1,883239.51,883239.51,Annual,False,11.0,354.0,0,0,0
C09958,2024-09-02,0,Financial Services,Latin America,SMB,146,Partner,177,0.48459958932238195,99.55,99.61,-0.05,0.5029,Stable,0.28000000000000114,-0.21000000000000796,-0.45000000000000284,0.0028205903092575917,-0.0021050521251003203,-0.004500000000000028,37,218,7,4312,2,144,0,74,0,0,1.0,1.0,1.0,17.0,16.0,20.0,104.0,80.0,732.0,1.0,1.0,0.0,0.0,0.0,0.0,0.027777777777777776,0.027777777777777776,0.027777777777777776,0.0845771144278607,0.07920792079207921,0.10101010101010101,0.024714828897338403,0.01890359168241966,0.20446927374301677,0.16666666666666666,0.16666666666666666,0.0,0.0,0.0,0.0,0,0,0,2,0.0,0.0,0.0,0.0,0.0,,,0.0,0.0,0.0,0.0,0.0,,,0.0,0.0,0.0,0.0,0.0,,,0,0,0,0,CT009958,1,561802.53,561802.53,Annual,True,177.0,188.0,0,0,0
C11648,2024-07-15,0,Education,North America,SMB,15,Enterprise Sales,108,0.29568788501026694,69.7,62.84,-0.0045,0.461,Stable,0.01999999999999602,-1.0799999999999983,-0.8699999999999903,0.0002870264064293344,-0.01525854761231984,-0.012328184781068306,3,19,6,346,2,12,7,0,0,0,0.0,0.0,0.0,4.0,-1.0,-9.0,80.0,-42.0,-154.0,1.0,0.0,0.0,0.0,0.0,0.0,0.0,0.0,0.0,0.26666666666666666,-0.05,-0.32142857142857145,0.3007518796992481,-0.10824742268041238,-0.308,0.2,0.0,0.0,0.0,0.0,0.0,0,1,0,2,0.0,0.0,0.0,0.0,0.0,,,1.0,0.0,0.0,0.0,0.0,3.0,52.4,1.0,0.0,0.0,0.0,0.0,3.0,52.4,0,0,1,1,CT011648,1,562694.91,562694.91,Annual,True,108.0,257.0,0,0,0
C10457,2025-06-16,0,Technology,Europe,SMB,205,Inbound,302,0.8268309377138946,57.6,84.25,-0.2143,0.9444,Declining,-2.8200000000000003,-2.3599999999999994,-8.380000000000003,-0.04667328699106257,-0.03935957304869912,-0.12700818429827224,23,112,6,2128,2,70,0,42,0,0,-2.0,-5.0,-6.0,8.0,-16.0,-1.0,-134.0,-70.0,109.0,0.0,-1.0,0.0,0.0,0.0,0.0,-0.08,-0.17857142857142858,-0.20689655172413793,0.07692307692307693,-0.125,-0.008849557522123894,-0.0592396109637489,-0.03184713375796178,0.05398712233779099,0.0,-0.14285714285714285,0.0,0.0,0.0,0.0,0,0,0,2,0.0,0.0,0.0,0.0,0.0,,,0.0,0.0,0.0,0.0,0.0,,,1.0,0.0,1.0,0.0,1.0,4.0,12.08,0,0,0,0,CT010457,1,204579.76,204579.76,Annual,True,302.0,63.0,0,1,1
C06016,2024-08-26,0,Logistics,North America,SMB,247,Enterprise Sales,139,0.3805612594113621,45.01,65.21,-0.0483,1.1168,Stable,1.9600000000000009,0.19999999999999574,0.759999999999998,0.04552845528455287,0.004463289444320369,0.017175141242937807,16,126,6,2088,4,50,33,30,13,0,0.0,0.0,-2.0,20.0,24.0,-5.0,-64.0,291.0,-358.0,0.0,0.0,-1.0,0.0,0.0,0.0,0.0,0.0,-0.1111111111111111,0.18867924528301888,0.23529411764705882,-0.03816793893129771,-0.02973977695167286,0.16193656093489148,-0.1463614063777596,0.0,0.0,-0.14285714285714285,0.0,0.0,0.0,0,0,0,4,0.0,0.0,0.0,0.0,0.0,,,0.0,0.0,0.0,0.0,0.0,,,0.0,0.0,0.0,0.0,0.0,,,0,0,0,0,CT006016,1,776630.86,776630.86,Annual,True,139.0,226.0,0,0,0
C08969,2025-04-28,0,Professional Services,North America,Enterprise,33389,Inbound,103,0.28199863107460643,68.9,78.59,-0.2366,1.0035,Declining,-1.9199999999999875,-0.9399999999999977,-0.6699999999999875,-0.027110985597288726,-0.013459335624284044,-0.009630587897081896,4367,26241,7,537889,3,14816,0,7345,0,4080,-357.0,50.0,-34.0,-2447.0,618.0,332.0,-27516.0,72545.0,32513.0,0.0,1.0,0.0,0.0,0.0,0.0,-0.07557154953429297,0.011582117211026175,-0.007725516927970915,-0.08529698828778583,0.02411895562580494,0.012814080049403683,-0.048666000477533805,0.15589542360060515,0.0643342778446147,0.0,0.16666666666666666,0.0,0.0,0.0,0.0,0,0,0,3,2.0,0.0,0.0,0.0,0.0,3.5,23.255,3.0,0.0,0.0,0.0,0.0,3.6666666666666665,30.903333333333336,3.0,0.0,0.0,0.0,0.0,3.6666666666666665,30.903333333333336,0,0,0,0,CT008969,1,8281662.66,8281662.66,Annual,True,103.0,262.0,0,0,0
C01213,2025-07-14,0,Retail,Latin America,Mid-Market,789,Direct Sales,279,0.7638603696098563,81.34,73.14,-0.0393,0.488,Stable,-1.3400000000000034,-1.0600000000000023,-0.35999999999999943,-0.016207063376874737,-0.012864077669902938,-0.004406364749082,173,874,6,17917,2,600,274,0,0,0,-3.0,-2.0,-13.0,-53.0,-51.0,-179.0,1442.0,1176.0,-4443.0,-1.0,0.0,-1.0,0.0,0.0,0.0,-0.017045454545454544,-0.011428571428571429,-0.06989247311827956,-0.05717367853290183,-0.055135135135135134,-0.16999050332383667,0.08752655538694992,0.07024669971925214,-0.19870304114490162,-0.14285714285714285,0.0,-0.14285714285714285,0.0,0.0,0.0,0,0,0,2,2.0,0.0,0.0,1.0,1.0,4.5,7.104999999999996,3.0,0.0,0.0,2.0,1.0,4.333333333333333,7.376666666666668,4.0,0.0,0.0,2.0,1.0,4.25,16.182499999999997,0,0,0,0,CT001213,1,4537329.49,4537329.49,Annual,True,279.0,86.0,0,1,1
C10173,2025-03-24,0,Healthcare,North America,Enterprise,8224,Enterprise Sales,11,0.030116358658453114,78.62,70.53,0.0461,0.4032,Stable,-0.3299999999999983,-0.37999999999999545,-0.03999999999999204,-0.0041798606713109344,-0.004810126582278423,-0.0005085176709889658,1525,14068,6,261322,5,5350,2650,2731,1922,1415,1525.0,1525.0,1525.0,14068.0,14068.0,14068.0,261322.0,261322.0,261322.0,6.0,6.0,6.0,5.0,5.0,5.0,,,,,,,,,,,,,,,,0,0,0,5,0.0,0.0,0.0,0.0,0.0,,,0.0,0.0,0.0,0.0,0.0,,,0.0,0.0,0.0,0.0,0.0,,,0,0,0,0,CT010173,1,7500000.0,22500000.0,Three-year,True,11.0,1084.0,0,0,0
C04617,2024-09-23,0,Education,North America,SMB,176,Enterprise Sales,78,0.2135523613963039,48.03,46.88,0.0336,0.6046,Stable,-1.6899999999999977,-0.759999999999998,-0.4399999999999977,-0.03399034593724855,-0.015576962492313958,-0.009077780070146436,12,25,2,358,1,25,0,0,0,0,-1.0,-1.0,12.0,12.0,-14.0,25.0,98.0,-437.0,358.0,0.0,-2.0,2.0,0.0,0.0,1.0,-0.07692307692307693,-0.07692307692307693,,0.9230769230769231,-0.358974358974359,,0.3769230769230769,-0.549685534591195,,0.0,-0.5,,0.0,0.0,,0,0,0,1,2.0,0.0,2.0,0.0,1.0,4.0,33.38,2.0,0.0,2.0,0.0,1.0,4.0,33.38,2.0,0.0,2.0,0.0,1.0,4.0,33.38,0,0,0,0,CT004617,1,1500000.0,1500000.0,Annual,True,78.0,287.0,0,0,0
C08074,2024-02-05,0,Manufacturing,Latin America,SMB,117,Enterprise Sales,4,0.010951403148528405,76.88,76.97,0.0333,0.4495,Stable,0.20999999999999375,-0.3400000000000034,0.3499999999999943,0.002739011347332643,-0.004403004403004447,0.0045733699202926215,0,0,0,0,0,0,0,0,0,0,0.0,0.0,0.0,0.0,0.0,0.0,0.0,0.0,0.0,0.0,0.0,0.0,0.0,0.0,0.0,,,,,,,,,,,,,,,,0,0,0,2,0.0,0.0,0.0,0.0,0.0,,,0.0,0.0,0.0,0.0,0.0,,,0.0,0.0,0.0,0.0,0.0,,,0,0,0,0,CT008074,1,238291.56,238291.56,Annual,False,4.0,361.0,0,0,0
C09502,2025-06-23,0,Technology,North America,Mid-Market,1350,Inbound,287,0.785763175906913,74.9,67.45,0.0145,0.4004,Stable,-0.5499999999999972,-0.5999999999999943,-1.6999999999999886,-0.0072895957587806115,-0.007947019867549594,-0.022193211488250507,184,882,6,15941,2,579,0,303,0,0,-4.0,-19.0,-5.0,-76.0,-114.0,-139.0,-961.0,-6184.0,-2274.0,2.0,-1.0,-1.0,0.0,0.0,0.0,-0.02127659574468085,-0.09359605911330049,-0.026455026455026454,-0.07933194154488518,-0.1144578313253012,-0.13614103819784526,-0.05685717666548337,-0.27950282485875705,-0.12484216305242932,0.5,-0.14285714285714285,-0.14285714285714285,0.0,0.0,0.0,0,0,0,2,0.0,0.0,0.0,0.0,0.0,,,0.0,0.0,0.0,0.0,0.0,,,2.0,0.0,0.0,0.0,0.0,5.0,16.0,0,0,0,0,CT009502,1,1193996.29,2387992.58,Two-year,False,287.0,443.0,0,0,0
C04570,2025-04-21,0,Financial Services,North America,Mid-Market,956,Referral,336,0.919917864476386,14.1,79.46,-0.4882,0.4931,Rapidly Declining,-2.92,-5.750000000000002,-8.389999999999999,-0.17156286721504113,-0.2896725440806046,-0.3730546909737661,38,207,7,3615,4,104,35,42,26,0,0.0,0.0,1.0,30.0,9.0,9.0,-22.0,8.0,157.0,0.0,1.0,0.0,0.0,0.0,0.0,0.0,0.0,0.02702702702702703,0.1694915254237288,0.045454545454545456,0.045454545454545456,-0.006048941435248831,0.0022179096201829776,0.045401966454598035,0.0,0.16666666666666666,0.0,0.0,0.0,0.0,0,0,0,4,6.0,1.0,1.0,0.0,2.0,3.6666666666666665,36.74,7.0,1.0,1.0,0.0,2.0,3.5,39.77,8.0,1.0,1.0,0.0,2.0,3.8,43.286,1,0,0,0,CT004570,1,1019396.58,2038793.16,Two-year,True,336.0,394.0,0,0,0
C17910,2024-07-15,0,Logistics,Europe,Enterprise,2001,Partner,116,0.31759069130732376,89.25,92.46,-0.0266,0.9746,Stable,-3.5400000000000063,-3.760000000000005,-4.680000000000007,-0.038150662786938315,-0.04042576067089566,-0.04982433727243699,675,6511,7,134196,5,2459,1133,1273,924,722,-59.0,-43.0,-99.0,-795.0,-566.0,-1100.0,3366.0,-2808.0,-4258.0,1.0,3.0,1.0,0.0,0.0,0.0,-0.08038147138964577,-0.05988857938718663,-0.12790697674418605,-0.10881467287161237,-0.07997739155009184,-0.14452765733806333,0.025728044026599405,-0.020495751948848208,-0.030753896601037167,0.16666666666666666,0.75,0.16666666666666666,0.0,0.0,0.0,0,0,0,5,0.0,0.0,0.0,0.0,0.0,,,1.0,0.0,1.0,0.0,0.0,4.0,18.54,1.0,0.0,1.0,0.0,0.0,4.0,18.54,0,0,0,0,CT017910,1,15461306.62,46383919.86,Three-year,True,116.0,979.0,0,0,0
C14534,2024-09-16,1,Manufacturing,Europe,SMB,90,Enterprise Sales,234,0.6406570841889117,66.68,98.25,-0.3066,0.82,Declining,-0.6999999999999886,-2.8899999999999864,-8.039999999999992,-0.010388839418224825,-0.04154089406353294,-0.1076017130620984,13,51,5,910,2,42,0,0,0,9,-2.0,-3.0,-4.0,2.0,-7.0,-31.0,17.0,-210.0,-630.0,1.0,-1.0,-2.0,0.0,0.0,0.0,-0.13333333333333333,-0.1875,-0.23529411764705882,0.04081632653061224,-0.1206896551724138,-0.3780487804878049,0.019036954087346025,-0.1875,-0.4090909090909091,0.25,-0.16666666666666666,-0.2857142857142857,0.0,0.0,0.0,0,1,0,2,0.0,0.0,0.0,0.0,0.0,,,0.0,0.0,0.0,0.0,0.0,,,1.0,1.0,0.0,0.0,0.0,4.0,27.91,0,0,0,0,CT014534,1,649705.17,649705.17,Annual,True,234.0,131.0,0,0,1
C08324,2025-03-17,0,Government,Latin America,Enterprise,2001,Enterprise Sales,116,0.31759069130732376,90.18,81.75,-0.023,1.0497,Stable,-0.18999999999999773,-1.2199999999999989,-1.9899999999999949,-0.0021024676330640446,-0.01334792122538292,-0.02159053922100461,713,6222,7,116047,4,2597,1346,1337,942,0,0.0,42.0,26.0,-46.0,224.0,65.0,-25212.0,6262.0,5322.0,0.0,0.0,0.0,0.0,0.0,0.0,0.0,0.06259314456035768,0.03784570596797671,-0.007338864071474154,0.037345781927309106,0.010557089491635537,-0.17848066317898328,0.05703875757161725,0.04806502596522917,0.0,0.0,0.0,0.0,0.0,0.0,1,0,0,4,1.0,0.0,1.0,0.0,1.0,5.0,15.79,1.0,0.0,1.0,0.0,1.0,5.0,15.79,1.0,0.0,1.0,0.0,1.0,5.0,15.79,0,0,0,0,CT008324,1,20115278.38,40230556.76,Two-year,True,116.0,614.0,0,0,0
C14152,2025-01-20,0,Technology,North America,SMB,192,Enterprise Sales,197,0.5393566050650239,33.76,42.75,-0.0658,0.4595,Stable,-0.28000000000000114,-1.9699999999999989,-1.6000000000000014,-0.008225616921269129,-0.05513574027427929,-0.04524886877828058,11,35,3,547,1,35,0,0,0,0,0.0,0.0,0.0,-3.0,6.0,5.0,-250.0,86.0,22.0,0.0,-2.0,0.0,0.0,0.0,0.0,0.0,0.0,0.0,-0.07894736842105263,0.20689655172413793,0.16666666666666666,-0.3136762860727729,0.18655097613882862,0.0419047619047619,0.0,-0.4,0.0,0.0,0.0,0.0,1,0,0,1,0.0,0.0,0.0,0.0,0.0,,,0.0,0.0,0.0,0.0,0.0,,,1.0,0.0,0.0,0.0,0.0,3.0,68.69,0,0,1,1,CT014152,1,993993.8,993993.8,Annual,True,197.0,168.0,0,0,1
C15067,2025-08-25,0,Manufacturing,APAC,Mid-Market,1955,Enterprise Sales,306,0.837782340862423,79.05,85.52,-0.0329,0.9618,Stable,0.0,1.7199999999999989,4.86999999999999,0.0,0.022242338031811703,0.0656511188999729,255,873,7,15088,1,873,0,0,0,0,8.0,21.0,11.0,-15.0,9.0,74.0,110.0,-92.0,554.0,3.0,3.0,4.0,0.0,0.0,0.0,0.032388663967611336,0.08974358974358974,0.045081967213114756,-0.016891891891891893,0.010416666666666666,0.09261576971214018,0.007344104686874082,-0.006060606060606061,0.03811751754506674,0.75,0.75,1.3333333333333333,0.0,0.0,0.0,0,0,0,1,0.0,0.0,0.0,0.0,0.0,,,0.0,0.0,0.0,0.0,0.0,,,1.0,0.0,0.0,1.0,0.0,4.0,6.34,0,0,0,0,CT015067,1,1000000.0,1000000.0,Annual,True,306.0,59.0,0,1,1
C02329,2025-03-03,0,Financial Services,Europe,Mid-Market,1005,Enterprise Sales,188,0.5147159479808351,66.11,76.69,-0.064,1.1073,Stable,-4.790000000000006,-0.6099999999999994,0.12999999999999545,-0.06755994358251066,-0.009142685851318937,0.001970294028493414,134,430,6,7949,1,430,0,0,0,0,-5.0,12.0,6.0,-80.0,-14.0,-17.0,-717.0,-1217.0,-56.0,1.0,0.0,3.0,0.0,0.0,0.0,-0.03597122302158273,0.09836065573770492,0.046875,-0.1568627450980392,-0.03153153153153153,-0.03803131991051454,-0.08273713362566351,-0.13277329260309842,-0.006995627732667083,0.2,0.0,1.0,0.0,0.0,0.0,0,0,0,1,3.0,0.0,0.0,1.0,1.0,3.75,13.732500000000002,3.0,0.0,0.0,1.0,1.0,3.75,13.732500000000009,3.0,0.0,0.0,1.0,1.0,3.75,13.732500000000009,0,0,0,0,CT002329,1,3718044.9,3718044.9,Annual,True,188.0,177.0,0,0,1
C00099,2025-09-29,0,Manufacturing,North America,SMB,93,Referral,275,0.7529089664613279,74.08,79.0,-0.0549,1.1373,Stable,0.1599999999999966,0.480000000000004,-0.9699999999999989,0.002164502164502118,0.006521739130434837,-0.012924716855429699,14,70,4,1217,2,54,0,0,16,0,1.0,-1.0,-2.0,10.0,-4.0,-21.0,127.0,-70.0,-98.0,-1.0,-2.0,-2.0,0.0,0.0,0.0,0.07692307692307693,-0.06666666666666667,-0.125,0.16666666666666666,-0.05405405405405406,-0.23076923076923078,0.11651376146788991,-0.05439005439005439,-0.07452471482889733,-0.2,-0.3333333333333333,-0.3333333333333333,0.0,0.0,0.0,0,0,0,2,0.0,0.0,0.0,0.0,0.0,,,0.0,0.0,0.0,0.0,0.0,,,2.0,0.0,0.0,0.0,1.0,4.0,28.19,0,0,0,0,CT000099,1,847945.23,847945.23,Annual,True,275.0,90.0,0,1,1
C04579,2025-01-13,0,Logistics,North America,SMB,198,Referral,27,0.07392197125256673,81.77,70.23,0.0419,0.746,Stable,1.039999999999992,2.1700000000000017,3.25,0.012882447665056262,0.02726130653266334,0.041390728476821195,52,225,4,5345,2,189,0,0,0,36,52.0,52.0,52.0,225.0,225.0,225.0,5345.0,5345.0,5345.0,4.0,4.0,4.0,2.0,2.0,2.0,,,,,,,,,,,,,,,,0,0,0,2,0.0,0.0,0.0,0.0,0.0,,,0.0,0.0,0.0,0.0,0.0,,,0.0,0.0,0.0,0.0,0.0,,,0,0,0,0,CT004579,1,417554.66,417554.66,Annual,True,27.0,338.0,0,0,0
C03113,2025-06-16,0,Financial Services,APAC,Mid-Market,430,Enterprise Sales,126,0.34496919917864477,99.09,91.16,0.0209,0.7247,Stable,-0.9099999999999966,-0.7000000000000028,-0.9099999999999966,-0.009099999999999966,-0.0070147309349634515,-0.009099999999999966,134,545,3,7886,1,545,0,0,0,0,-14.0,-5.0,-24.0,-8.0,13.0,-61.0,-933.0,326.0,-2805.0,-1.0,-3.0,-4.0,0.0,0.0,0.0,-0.0945945945945946,-0.03597122302158273,-0.1518987341772152,-0.014466546112115732,0.02443609022556391,-0.10066006600660066,-0.10579430774464225,0.04312169312169312,-0.2623702179403236,-0.25,-0.5,-0.5714285714285714,0.0,0.0,0.0,0,0,0,1,0.0,0.0,0.0,0.0,0.0,,,1.0,0.0,0.0,0.0,0.0,4.0,29.33,1.0,0.0,0.0,0.0,0.0,4.0,29.33,0,0,0,0,CT003113,1,6872931.01,20618793.03,Three-year,True,126.0,969.0,0,0,0
C17078,2024-02-12,0,Financial Services,North America,Mid-Market,642,Referral,24,0.06570841889117043,86.39,86.12,-0.0135,1.1718,Stable,2.2099999999999937,1.6400000000000006,2.280000000000001,0.026253266809218266,0.01935103244837759,0.027107359410296055,263,1761,6,33246,3,891,0,474,396,0,263.0,263.0,263.0,1761.0,1761.0,1761.0,33246.0,33246.0,33246.0,6.0,6.0,6.0,3.0,3.0,3.0,,,,,,,,,,,,,,,,0,0,0,3,0.0,0.0,0.0,0.0,0.0,,,0.0,0.0,0.0,0.0,0.0,,,0.0,0.0,0.0,0.0,0.0,,,0,0,0,0,CT017078,1,9839131.59,9839131.59,Annual,True,24.0,341.0,0,0,0
C12655,2025-03-31,0,Government,APAC,SMB,125,Direct Sales,323,0.8843258042436687,93.79,80.72,-0.011,0.6211,Stable,1.1000000000000085,0.6900000000000119,0.980000000000004,0.011867515373826826,0.007411385606874457,0.010559206982006292,16,50,3,845,1,50,0,0,0,0,0.0,1.0,1.0,7.0,-9.0,3.0,15.0,-325.0,-23.0,0.0,-1.0,-1.0,0.0,0.0,0.0,0.0,0.06666666666666667,0.06666666666666667,0.16279069767441862,-0.15254237288135594,0.06382978723404255,0.018072289156626505,-0.2777777777777778,-0.026497695852534562,0.0,-0.25,-0.25,0.0,0.0,0.0,0,0,0,1,1.0,0.0,0.0,0.0,0.0,4.0,132.96,1.0,0.0,0.0,0.0,0.0,4.0,132.96,1.0,0.0,0.0,0.0,0.0,4.0,132.96,0,0,0,1,CT012655,1,200000.0,200000.0,Annual,True,323.0,42.0,0,1,1
C13037,2024-10-07,1,Retail,APAC,Enterprise,4658,Referral,90,0.2464065708418891,14.88,57.75,-0.3111,0.5845,Declining,-1.6500000000000004,-3.389999999999999,-5.089999999999998,-0.09981851179673323,-0.18555008210180618,-0.25488232348522777,186,803,5,15815,3,454,226,0,0,123,-6.0,-2.0,186.0,-74.0,-77.0,803.0,-1302.0,-756.0,15815.0,-1.0,-2.0,5.0,0.0,0.0,3.0,-0.03125,-0.010638297872340425,,-0.08437856328392246,-0.0875,,-0.07606473096921189,-0.04562186953110856,,-0.16666666666666666,-0.2857142857142857,,0.0,0.0,,0,0,0,3,5.0,0.0,0.0,0.0,1.0,3.25,51.86375000000001,8.0,0.0,0.0,0.0,2.0,3.3333333333333335,40.45250000000001,8.0,0.0,0.0,0.0,2.0,3.3333333333333335,40.45250000000001,1,0,0,0,CT013037,1,10347171.55,31041514.65,Three-year,True,90.0,1005.0,0,0,0
C16902,2025-05-26,0,Telecommunications,North America,SMB,151,Enterprise Sales,45,0.12320328542094455,72.99,74.32,0.0212,0.7275,Stable,2.0999999999999943,2.269999999999996,4.549999999999997,0.029623360135420995,0.0320984162895927,0.06648158971361773,27,139,6,2661,3,87,26,0,26,0,-1.0,27.0,27.0,-34.0,139.0,139.0,-383.0,2661.0,2661.0,0.0,6.0,6.0,0.0,3.0,3.0,-0.03571428571428571,,,-0.19653179190751446,,,-0.12582128777923784,,,0.0,,,0.0,,,0,0,0,3,2.0,0.0,0.0,0.0,1.0,4.5,41.585,2.0,0.0,0.0,0.0,1.0,4.5,41.585,2.0,0.0,0.0,0.0,1.0,4.5,41.585,0,0,0,0,CT016902,1,1500000.0,3000000.0,Two-year,True,45.0,685.0,0,0,0
C13580,2024-09-16,0,Government,Latin America,SMB,185,Direct Sales,170,0.4654346338124572,74.79,65.86,-0.0358,1.163,Stable,-0.5,0.35999999999999943,0.7600000000000051,-0.006640988179041041,0.004836759371221274,0.010266108334459073,29,100,6,2160,1,100,0,0,0,0,4.0,3.0,5.0,14.0,22.0,15.0,358.0,801.0,749.0,2.0,3.0,3.0,0.0,0.0,0.0,0.16,0.11538461538461539,0.20833333333333334,0.16279069767441862,0.28205128205128205,0.17647058823529413,0.19866814650388456,0.5894039735099338,0.5308291991495393,0.5,1.0,1.0,0.0,0.0,0.0,0,0,0,1,1.0,1.0,0.0,0.0,0.0,4.0,29.46,2.0,1.0,0.0,0.0,0.0,4.0,26.095,2.0,1.0,0.0,0.0,0.0,4.0,26.095,0,0,0,0,CT013580,1,375697.95,751395.9,Two-year,False,170.0,560.0,0,0,0
C19357,2025-03-24,0,Technology,North America,SMB,179,Enterprise Sales,269,0.7364818617385352,72.97,75.83,-0.0229,1.156,Stable,2.9599999999999937,3.519999999999996,3.6400000000000006,0.04227967433223816,0.05068394528437719,0.052502524159815385,27,79,3,1411,1,79,0,0,0,0,2.0,2.0,5.0,-9.0,-10.0,11.0,-245.0,-279.0,217.0,0.0,-3.0,-3.0,0.0,0.0,0.0,0.08,0.08,0.22727272727272727,-0.10227272727272728,-0.11235955056179775,0.16176470588235295,-0.14794685990338163,-0.1650887573964497,0.18174204355108878,0.0,-0.5,-0.5,0.0,0.0,0.0,0,0,0,1,0.0,0.0,0.0,0.0,0.0,,,0.0,0.0,0.0,0.0,0.0,,,1.0,0.0,0.0,0.0,0.0,4.0,147.03,0,0,0,1,CT019357,1,609139.44,609139.44,Annual,True,269.0,96.0,0,0,1
C18356,2024-08-05,0,Financial Services,APAC,SMB,217,Partner,142,0.3887748117727584,67.06,79.29,-0.0719,0.6987,Stable,-0.75,-2.5600000000000023,-5.349999999999994,-0.011060315587671435,-0.036771042803792044,-0.07388482253832336,20,127,4,2253,2,68,0,59,0,0,0.0,-2.0,-4.0,25.0,12.0,12.0,510.0,-117.0,341.0,-3.0,-3.0,-2.0,0.0,0.0,0.0,0.0,-0.09090909090909091,-0.16666666666666666,0.24509803921568626,0.10434782608695652,0.10434782608695652,0.29259896729776247,-0.049367088607594936,0.17834728033472802,-0.42857142857142855,-0.42857142857142855,-0.3333333333333333,0.0,0.0,0.0,0,0,0,2,1.0,1.0,0.0,0.0,0.0,4.0,40.81,1.0,1.0,0.0,0.0,0.0,4.0,40.81,1.0,1.0,0.0,0.0,0.0,4.0,40.81,0,0,0,0,CT018356,1,495566.03,495566.03,Annual,False,142.0,223.0,0,0,0
C18798,2025-05-12,0,Education,Europe,SMB,19,Enterprise Sales,82,0.2245037645448323,31.44,78.36,-0.2845,0.7778,Declining,-2.139999999999997,-5.23,-8.400000000000002,-0.06372840976771879,-0.14262339787292064,-0.21084337349397594,1,7,6,117,2,6,0,0,1,0,0.0,0.0,1.0,0.0,2.0,7.0,-22.0,46.0,117.0,0.0,0.0,6.0,0.0,0.0,2.0,0.0,0.0,,0.0,0.4,,-0.15827338129496402,0.647887323943662,,0.0,0.0,,0.0,0.0,,1,0,0,3,0.0,0.0,0.0,0.0,0.0,,,0.0,0.0,0.0,0.0,0.0,,,0.0,0.0,0.0,0.0,0.0,,,0,0,0,0,CT018798,1,605622.26,605622.26,Annual,True,82.0,283.0,0,0,0
C08560,2025-07-21,0,Government,North America,Enterprise,6784,Partner,57,0.15605749486652978,76.36,70.07,0.0292,1.0185,Stable,0.8199999999999932,6.150000000000006,8.019999999999996,0.010855176065660487,0.08759435977780952,0.11735440444834644,1292,10772,5,195270,4,4655,2173,2241,1703,0,262.0,1292.0,1292.0,2459.0,10772.0,10772.0,32460.0,195270.0,195270.0,-1.0,5.0,5.0,0.0,4.0,4.0,0.2543689320388349,,,0.2958017562853362,,,0.19937350285608993,,,-0.16666666666666666,,,0.0,,,0,0,0,4,0.0,0.0,0.0,0.0,0.0,,,1.0,1.0,0.0,0.0,1.0,4.0,13.92,1.0,1.0,0.0,0.0,1.0,4.0,13.92,0,0,0,0,CT008560,1,13363746.55,26727493.1,Two-year,True,57.0,673.0,0,0,0
C00533,2025-05-12,0,Technology,Latin America,SMB,210,Direct Sales,59,0.16153319644079397,58.17,70.51,-0.0608,0.9413,Stable,0.03999999999999915,-3.299999999999997,-2.289999999999999,0.0006881128505074685,-0.05368472425573446,-0.037876281839232535,31,114,6,2031,1,114,0,0,0,0,-1.0,31.0,31.0,-13.0,114.0,114.0,-329.0,2031.0,2031.0,2.0,6.0,6.0,0.0,1.0,1.0,-0.03125,,,-0.10236220472440945,,,-0.13940677966101694,,,0.5,,,0.0,,,0,0,0,1,0.0,0.0,0.0,0.0,0.0,,,2.0,0.0,0.0,0.0,0.0,4.0,80.885,2.0,0.0,0.0,0.0,0.0,4.0,80.885,0,0,0,1,CT000533,1,1178479.71,1178479.71,Annual,True,59.0,306.0,0,0,0
C03792,2025-06-09,0,Logistics,APAC,SMB,109,Inbound,22,0.06023271731690623,88.34,90.49,0.0292,1.097,Stable,0.45000000000000284,1.7800000000000011,-1.25,0.005120036409147831,0.020563770794824413,-0.01395245005022882,24,117,6,1913,2,87,0,0,30,0,24.0,24.0,24.0,117.0,117.0,117.0,1913.0,1913.0,1913.0,6.0,6.0,6.0,2.0,2.0,2.0,,,,,,,,,,,,,,,,0,0,0,2,0.0,0.0,0.0,0.0,0.0,,,0.0,0.0,0.0,0.0,0.0,,,0.0,0.0,0.0,0.0,0.0,,,0,0,0,0,CT003792,1,268541.76,268541.76,Annual,True,22.0,343.0,0,0,0
C03406,2024-11-25,0,Technology,North America,Mid-Market,759,Direct Sales,170,0.4654346338124572,41.23,62.52,-0.2484,0.971,Declining,-2.3200000000000003,-5.0,-8.220000000000006,-0.05327210103329507,-0.10815487778498811,-0.1662285136501518,54,266,7,5366,4,112,0,66,51,37,-9.0,-14.0,-15.0,-112.0,-178.0,-131.0,-2452.0,-3206.0,-1911.0,0.0,0.0,0.0,0.0,0.0,0.0,-0.14285714285714285,-0.20588235294117646,-0.21739130434782608,-0.2962962962962963,-0.4009009009009009,-0.32997481108312343,-0.31363520081862367,-0.37400839944003733,-0.2626082176721176,0.0,0.0,0.0,0.0,0.0,0.0,1,0,0,4,0.0,0.0,0.0,0.0,0.0,,,0.0,0.0,0.0,0.0,0.0,,,1.0,0.0,0.0,0.0,1.0,4.0,17.96,0,0,0,0,CT003406,1,1749924.41,1749924.41,Annual,True,170.0,195.0,0,0,0
C17009,2025-10-06,0,Education,Middle East,Mid-Market,838,Inbound,582,1.593429158110883,46.15,91.13,-0.0226,1.068,Stable,-0.9400000000000048,-2.969999999999999,-3.5700000000000003,-0.019961775323848054,-0.06046416938110747,-0.07180209171359614,44,254,7,4723,3,134,0,69,51,0,-6.0,-5.0,-8.0,-63.0,-35.0,-13.0,-1573.0,185.0,154.0,2.0,0.0,0.0,0.0,0.0,0.0,-0.12,-0.10204081632653061,-0.15384615384615385,-0.19873817034700317,-0.12110726643598616,-0.04868913857677903,-0.24984116899618805,0.040766857646540325,0.033705405996935875,0.4,0.0,0.0,0.0,0.0,0.0,1,0,0,3,1.0,0.0,0.0,0.0,0.0,4.0,53.97,2.0,0.0,0.0,0.0,0.0,3.5,53.97,2.0,0.0,0.0,0.0,0.0,3.5,53.97,0,0,0,1,CT017009,1,1000000.0,2000000.0,Two-year,True,582.0,148.0,0,0,1
C12869,2025-03-31,0,Manufacturing,Latin America,SMB,44,Inbound,112,0.3066392881587953,77.26,74.5,-0.0239,0.4193,Stable,-0.09999999999999432,-0.5799999999999983,0.14000000000000057,-0.0012926577042398437,-0.007451181911613544,0.001815352697095443,6,19,5,316,1,19,0,0,0,0,0.0,0.0,0.0,3.0,3.0,0.0,35.0,-26.0,1.0,3.0,0.0,-2.0,0.0,0.0,0.0,0.0,0.0,0.0,0.1875,0.1875,0.0,0.12455516014234876,-0.07602339181286549,0.0031746031746031746,1.5,0.0,-0.2857142857142857,0.0,0.0,0.0,0,0,0,1,1.0,0.0,0.0,0.0,0.0,4.0,76.57,1.0,0.0,0.0,0.0,0.0,4.0,76.57,1.0,0.0,0.0,0.0,0.0,4.0,76.57,0,0,0,1,CT012869,1,616052.91,616052.91,Annual,True,112.0,253.0,0,0,0
C19171,2025-05-19,0,Retail,Europe,Mid-Market,484,Inbound,14,0.038329911019849415,55.9,66.44,-0.0608,0.6694,Stable,-0.8599999999999994,-0.10999999999999943,-0.259999999999998,-0.015151515151515142,-0.0019639350116050606,-0.004629629629629595,51,205,5,3880,2,126,0,79,0,0,51.0,51.0,51.0,205.0,205.0,205.0,3880.0,3880.0,3880.0,5.0,5.0,5.0,2.0,2.0,2.0,,,,,,,,,,,,,,,,0,0,0,2,0.0,0.0,0.0,0.0,0.0,,,0.0,0.0,0.0,0.0,0.0,,,0.0,0.0,0.0,0.0,0.0,,,0,0,0,0,CT019171,1,2111823.43,2111823.43,Annual,True,14.0,351.0,0,0,0
C16894,2025-09-01,0,Financial Services,Middle East,SMB,52,Inbound,358,0.9801505817932923,98.75,91.46,0.0486,1.0829,Stable,1.269999999999996,0.14000000000000057,-1.25,0.013028313500205129,0.0014197343068654352,-0.0125,19,118,6,2318,2,88,0,30,0,0,1.0,1.0,1.0,-16.0,35.0,18.0,-341.0,827.0,353.0,-1.0,1.0,-1.0,0.0,0.0,0.0,0.05555555555555555,0.05555555555555555,0.05555555555555555,-0.11940298507462686,0.42168674698795183,0.18,-0.1282437006393381,0.5546613011401744,0.17964376590330788,-0.14285714285714285,0.2,-0.14285714285714285,0.0,0.0,0.0,0,0,0,2,0.0,0.0,0.0,0.0,0.0,,,0.0,0.0,0.0,0.0,0.0,,,0.0,0.0,0.0,0.0,0.0,,,0,0,0,0,CT016894,1,1500000.0,3000000.0,Two-year,True,358.0,372.0,0,0,0
C17761,2025-03-31,0,Manufacturing,Middle East,Mid-Market,301,Direct Sales,55,0.15058179329226556,76.63,81.55,-0.0278,0.858,Stable,-2.700000000000003,-2.8299999999999983,-4.189999999999998,-0.034035043489222275,-0.03561540397684368,-0.051843603068547364,56,308,7,7203,2,206,102,0,0,0,-5.0,56.0,56.0,-52.0,308.0,308.0,60.0,7203.0,7203.0,0.0,7.0,7.0,0.0,2.0,2.0,-0.08196721311475409,,,-0.14444444444444443,,,0.008399832003359933,,,0.0,,,0.0,,,0,0,0,2,1.0,0.0,0.0,0.0,0.0,5.0,40.35,2.0,0.0,0.0,0.0,0.0,4.5,38.375,2.0,0.0,0.0,0.0,0.0,4.5,38.375,0,0,0,0,CT017761,1,2585542.35,2585542.35,Annual,True,55.0,310.0,0,0,0
C14628,2025-08-04,0,Professional Services,North America,Mid-Market,884,Enterprise Sales,56,0.15331964407939766,100.0,96.33,0.3217,0.9526,Improving,1.1700000000000017,0.0,0.29999999999999716,0.011838510573712453,0.0,0.003009027081243703,187,1300,6,22516,3,665,0,361,274,0,-3.0,187.0,187.0,21.0,1300.0,1300.0,-880.0,22516.0,22516.0,-1.0,6.0,6.0,0.0,3.0,3.0,-0.015789473684210527,,,0.01641907740422205,,,-0.0376132672251667,,,-0.14285714285714285,,,0.0,,,0,0,0,3,1.0,0.0,0.0,0.0,1.0,5.0,17.16,1.0,0.0,0.0,0.0,1.0,5.0,17.16,1.0,0.0,0.0,0.0,1.0,5.0,17.16,0,0,0,0,CT014628,1,1000000.0,1000000.0,Annual,False,56.0,309.0,0,0,0
C04619,2024-12-23,0,Professional Services,North America,SMB,58,Enterprise Sales,347,0.9500342231348392,58.09,100.0,-0.2891,0.9089,Declining,-3.269999999999996,-3.1799999999999997,-4.169999999999995,-0.05329204693611467,-0.05190141994450791,-0.06697719241888844,7,58,7,1209,3,39,0,12,0,7,-1.0,-1.0,-1.0,11.0,12.0,13.0,294.0,266.0,326.0,0.0,1.0,2.0,0.0,0.0,0.0,-0.125,-0.125,-0.125,0.23404255319148937,0.2608695652173913,0.28888888888888886,0.32131147540983607,0.28207847295864263,0.36919592298980747,0.0,0.16666666666666666,0.4,0.0,0.0,0.0,0,0,0,3,0.0,0.0,0.0,0.0,0.0,,,1.0,0.0,0.0,0.0,0.0,5.0,239.31,1.0,0.0,0.0,0.0,0.0,5.0,239.31,0,0,0,1,CT004619,1,300344.08,300344.08,Annual,True,347.0,18.0,1,1,1
C09468,2025-09-22,0,Professional Services,North America,Mid-Market,874,Inbound,504,1.379876796714579,35.2,60.94,-0.287,0.631,Declining,1.8700000000000045,0.12000000000000455,-0.5999999999999943,0.05610561056105624,0.003420752565564554,-0.016759776536312693,47,308,7,6085,4,127,72,70,39,0,2.0,-2.0,-3.0,26.0,-9.0,-55.0,915.0,-264.0,-342.0,1.0,2.0,1.0,0.0,0.0,0.0,0.044444444444444446,-0.04081632653061224,-0.06,0.09219858156028368,-0.028391167192429023,-0.15151515151515152,0.1769825918762089,-0.0415813513939203,-0.05321300762408589,0.16666666666666666,0.4,0.16666666666666666,0.0,0.0,0.0,0,0,0,4,1.0,0.0,0.0,0.0,0.0,4.0,26.73,2.0,0.0,0.0,0.0,0.0,4.0,31.669999999999995,4.0,0.0,0.0,0.0,1.0,3.75,29.859999999999996,0,0,0,0,CT009468,1,2884643.15,8653929.45,Three-year,True,504.0,591.0,0,0,0
C13118,2024-08-19,0,Government,North America,Enterprise,2902,Inbound,163,0.4462696783025325,81.74,54.04,0.2653,1.0434,Improving,0.030000000000001137,0.5699999999999932,-0.18000000000000682,0.00036715212336312737,0.00702229887889606,-0.0021972656250000833,716,5063,7,103943,3,2473,1286,1304,0,0,38.0,24.0,-21.0,337.0,123.0,-91.0,4498.0,5641.0,10800.0,0.0,0.0,2.0,0.0,0.0,0.0,0.05604719764011799,0.03468208092485549,-0.028493894165535955,0.07130765975454931,0.024898785425101214,-0.01765618936748157,0.04523103222887023,0.0573843868893817,0.1159507424068368,0.0,0.0,0.4,0.0,0.0,0.0,0,0,0,3,2.0,0.0,0.0,0.0,1.0,4.0,38.849999999999994,3.0,0.0,0.0,0.0,1.0,4.0,41.71666666666667,3.0,0.0,0.0,0.0,1.0,4.0,41.71666666666667,0,0,0,0,CT013118,1,18441759.03,55325277.09,Three-year,True,163.0,932.0,0,0,0
C16293,2024-07-15,0,Healthcare,APAC,SMB,206,Partner,192,0.5256673511293635,79.42,80.05,-0.149,0.8983,Declining,1.1700000000000017,1.3900000000000006,1.8900000000000006,0.014952076677316316,0.017813661412277335,0.02437766026054431,46,236,7,3718,2,175,0,0,61,0,1.0,2.0,4.0,-2.0,-2.0,55.0,-375.0,-71.0,956.0,1.0,2.0,1.0,0.0,0.0,0.0,0.022222222222222223,0.045454545454545456,0.09523809523809523,-0.008403361344537815,-0.008403361344537815,0.30386740331491713,-0.0916198387490838,-0.018738453417788334,0.3461259956553222,0.16666666666666666,0.4,0.16666666666666666,0.0,0.0,0.0,0,0,0,2,0.0,0.0,0.0,0.0,0.0,,,0.0,0.0,0.0,0.0,0.0,,,1.0,0.0,0.0,0.0,0.0,5.0,23.59,0,0,0,0,CT016293,1,592296.27,592296.27,Annual,True,192.0,173.0,0,0,1
C18216,2024-05-20,0,Retail,Middle East,Enterprise,7617,Partner,5,0.013689253935660506,97.25,83.52,0.0109,0.587,Stable,-0.5300000000000011,1.6500000000000057,1.7600000000000051,-0.005420331356105554,0.01725941422594148,0.01843124934548126,0,0,0,0,0,0,0,0,0,0,0.0,0.0,0.0,0.0,0.0,0.0,0.0,0.0,0.0,0.0,0.0,0.0,0.0,0.0,0.0,,,,,,,,,,,,,,,,0,0,0,2,0.0,0.0,0.0,0.0,0.0,,,0.0,0.0,0.0,0.0,0.0,,,0.0,0.0,0.0,0.0,0.0,,,0,0,0,0,CT018216,1,11497801.41,34493404.23,Three-year,True,5.0,1090.0,0,0,0
C12716,2024-05-20,0,Technology,Europe,SMB,222,Direct Sales,86,0.23545516769336072,79.32,66.4,0.2386,0.5334,Improving,-1.0,0.8999999999999915,2.1599999999999966,-0.012450199203187252,0.011476664116296754,0.027993779160186583,34,190,7,3288,2,132,58,0,0,0,-2.0,3.0,34.0,4.0,41.0,190.0,-284.0,950.0,3288.0,0.0,1.0,7.0,0.0,0.0,2.0,-0.05555555555555555,0.0967741935483871,,0.021505376344086023,0.2751677852348993,,-0.07950727883538634,0.40633019674935844,,0.0,0.16666666666666666,,0.0,0.0,,0,0,0,2,0.0,0.0,0.0,0.0,0.0,,,1.0,0.0,0.0,0.0,0.0,4.0,52.66,1.0,0.0,0.0,0.0,0.0,4.0,52.66,0,0,0,1,CT012716,1,221181.15,663543.45,Three-year,True,86.0,1009.0,0,0,0
C15823,2025-08-18,0,Telecommunications,Europe,SMB,190,Inbound,239,0.6543463381245722,99.72,75.12,0.3273,0.8743,Improving,0.980000000000004,-0.28000000000000114,-0.28000000000000114,0.009925055701843266,-0.0028000000000000112,-0.0028000000000000112,60,350,6,7123,2,209,141,0,0,0,3.0,0.0,-1.0,45.0,-5.0,5.0,242.0,924.0,476.0,0.0,-1.0,-1.0,0.0,0.0,0.0,0.05263157894736842,0.0,-0.01639344262295082,0.14754098360655737,-0.014084507042253521,0.014492753623188406,0.035169306786804244,0.14905629940312953,0.07161125319693094,0.0,-0.14285714285714285,-0.14285714285714285,0.0,0.0,0.0,0,0,0,2,0.0,0.0,0.0,0.0,0.0,,,0.0,0.0,0.0,0.0,0.0,,,1.0,0.0,0.0,0.0,0.0,5.0,32.73,0,0,0,0,CT015823,1,264515.96,264515.96,Annual,False,239.0,126.0,0,0,1
C03330,2025-06-09,0,Education,APAC,SMB,109,Enterprise Sales,143,0.3915126625598905,86.21,72.39,0.0386,0.9094,Stable,-1.470000000000013,-2.8100000000000023,-1.8100000000000023,-0.016765510948905257,-0.03156594023814876,-0.02056350829356967,24,142,7,3151,2,94,0,48,0,0,1.0,0.0,1.0,27.0,12.0,44.0,1072.0,831.0,1224.0,0.0,0.0,2.0,0.0,0.0,0.0,0.043478260869565216,0.0,0.043478260869565216,0.23478260869565218,0.09230769230769231,0.4489795918367347,0.5156325156325157,0.3581896551724138,0.6351842241826674,0.0,0.0,0.4,0.0,0.0,0.0,0,0,0,2,0.0,0.0,0.0,0.0,0.0,,,1.0,0.0,0.0,0.0,0.0,5.0,142.81,1.0,0.0,0.0,0.0,0.0,5.0,142.81,0,0,0,1,CT003330,1,389582.85,389582.85,Annual,True,143.0,222.0,0,0,0
C09665,2025-03-24,0,Financial Services,Europe,SMB,106,Partner,120,0.32854209445585214,94.15,69.53,0.1873,0.4198,Improving,1.3000000000000114,1.6800000000000068,4.730000000000004,0.014001077005923656,0.018168054504163585,0.05289644374860215,19,88,6,1521,2,69,0,0,19,0,1.0,1.0,3.0,-29.0,2.0,20.0,-240.0,154.0,253.0,-1.0,0.0,1.0,0.0,0.0,0.0,0.05555555555555555,0.05555555555555555,0.1875,-0.24786324786324787,0.023255813953488372,0.29411764705882354,-0.1362862010221465,0.11265544989027067,0.1995268138801262,-0.14285714285714285,0.0,0.2,0.0,0.0,0.0,0,0,0,2,0.0,0.0,0.0,0.0,0.0,,,0.0,0.0,0.0,0.0,0.0,,,0.0,0.0,0.0,0.0,0.0,,,0,0,0,0,CT009665,1,273566.25,547132.5,Two-year,True,120.0,610.0,0,0,0
C18506,2024-09-30,0,Professional Services,Europe,Mid-Market,347,Direct Sales,193,0.5284052019164955,45.87,58.96,0.0378,0.696,Stable,1.6299999999999955,0.509999999999998,-0.25,0.036844484629294655,0.0112433862433862,-0.005420641803989592,40,255,6,4545,4,120,0,62,40,33,1.0,0.0,-4.0,-29.0,44.0,-19.0,-729.0,603.0,-61.0,0.0,-1.0,-1.0,0.0,0.0,0.0,0.02564102564102564,0.0,-0.09090909090909091,-0.10211267605633803,0.20853080568720378,-0.06934306569343066,-0.13822525597269625,0.15296803652968036,-0.013243595310464611,0.0,-0.14285714285714285,-0.14285714285714285,0.0,0.0,0.0,0,0,0,4,3.0,0.0,0.0,0.0,1.0,4.0,70.1525,5.0,0.0,0.0,0.0,1.0,3.75,94.05125,6.0,0.0,0.0,0.0,2.0,3.6,79.479,0,0,0,1,CT018506,1,9324271.52,27972814.56,Three-year,True,193.0,902.0,0,0,0
C16816,2025-07-21,0,Healthcare,APAC,Mid-Market,331,Direct Sales,376,1.0294318959616702,30.03,66.19,-0.2539,0.7959,Declining,1.0100000000000016,-1.129999999999999,-0.9100000000000001,0.034803583735354984,-0.036264441591784304,-0.029411764705882356,15,102,6,1757,4,53,14,29,0,6,0.0,-1.0,-2.0,18.0,15.0,-16.0,-12.0,193.0,-553.0,-1.0,-1.0,-1.0,0.0,0.0,0.0,0.0,-0.0625,-0.11764705882352941,0.21428571428571427,0.1724137931034483,-0.13559322033898305,-0.006783493499152063,0.12340153452685422,-0.23939393939393938,-0.14285714285714285,-0.14285714285714285,-0.14285714285714285,0.0,0.0,0.0,0,0,0,4,2.0,1.0,0.0,0.0,0.0,3.5,55.334999999999994,3.0,2.0,0.0,0.0,0.0,3.3333333333333335,51.82,7.0,2.0,0.0,0.0,0.0,3.3,45.471,1,1,0,0,CT016816,1,1603450.19,4810350.57,Three-year,True,376.0,719.0,0,0,0
C16034,2025-09-01,0,Logistics,Europe,SMB,82,Referral,259,0.7091033538672142,84.77,95.21,-0.0066,0.5522,Stable,-1.0400000000000063,-3.75,-5.090000000000003,-0.012119799557161243,-0.04236330772706733,-0.056643667927887865,23,107,4,2147,2,74,0,33,0,0,-3.0,-5.0,-4.0,-28.0,-46.0,-38.0,-371.0,-856.0,-645.0,-3.0,-1.0,-3.0,0.0,0.0,0.0,-0.11538461538461539,-0.17857142857142858,-0.14814814814814814,-0.2074074074074074,-0.3006535947712418,-0.2620689655172414,-0.14733915806195394,-0.28504828504828505,-0.23101719197707737,-0.42857142857142855,-0.2,-0.42857142857142855,0.0,0.0,0.0,0,0,0,2,0.0,0.0,0.0,0.0,0.0,,,0.0,0.0,0.0,0.0,0.0,,,0.0,0.0,0.0,0.0,0.0,,,0,0,0,0,CT016034,1,923693.04,1847386.08,Two-year,True,259.0,471.0,0,0,0
C13890,2025-05-19,0,Education,North America,SMB,134,Direct Sales,427,1.1690622861054072,40.31,84.31,-0.3051,1.1588,Declining,-2.789999999999999,-2.8399999999999963,-3.5,-0.06473317865429232,-0.06581691772885276,-0.07989043597352202,6,39,5,801,3,15,13,11,0,0,0.0,0.0,0.0,9.0,-1.0,8.0,233.0,65.0,187.0,-2.0,-1.0,-1.0,0.0,0.0,0.0,0.0,0.0,0.0,0.3,-0.025,0.25806451612903225,0.4102112676056338,0.08831521739130435,0.30456026058631924,-0.2857142857142857,-0.16666666666666666,-0.16666666666666666,0.0,0.0,0.0,0,0,0,3,3.0,0.0,2.0,0.0,0.0,4.0,50.8275,3.0,0.0,2.0,0.0,0.0,4.0,50.8275,3.0,0.0,2.0,0.0,0.0,4.0,50.8275,0,0,0,1,CT013890,1,203877.81,407755.62,Two-year,True,427.0,303.0,0,0,0
C00066,2025-09-01,0,Healthcare,North America,Mid-Market,1552,Inbound,341,0.9336071184120466,96.06,82.93,0.0575,1.1444,Stable,-1.0499999999999972,-0.25,1.2800000000000011,-0.010812480691998735,-0.0025957844460595993,0.01350495885207851,288,1133,7,17735,1,1133,0,0,0,0,6.0,-17.0,-19.0,38.0,40.0,-42.0,-842.0,-2415.0,-2767.0,3.0,2.0,0.0,0.0,0.0,0.0,0.02127659574468085,-0.05573770491803279,-0.06188925081433225,0.034703196347031964,0.036596523330283626,-0.03574468085106383,-0.04532486407923777,-0.11985111662531017,-0.1349624426885182,0.75,0.4,0.0,0.0,0.0,0.0,0,0,0,1,0.0,0.0,0.0,0.0,0.0,,,1.0,0.0,0.0,0.0,0.0,4.0,60.85,2.0,0.0,0.0,0.0,1.0,4.5,42.385000000000005,0,0,0,0,CT000066,1,1678554.36,1678554.36,Annual,True,341.0,24.0,1,1,1
C10868,2025-01-20,0,Education,North America,SMB,200,Inbound,24,0.06570841889117043,86.11,46.22,0.3192,0.8761,Improving,4.310000000000002,3.780000000000001,4.3700000000000045,0.05268948655256726,0.04591278999149764,0.05346219721066803,32,196,6,3336,2,117,0,79,0,0,32.0,32.0,32.0,196.0,196.0,196.0,3336.0,3336.0,3336.0,6.0,6.0,6.0,2.0,2.0,2.0,,,,,,,,,,,,,,,,0,0,0,2,0.0,0.0,0.0,0.0,0.0,,,0.0,0.0,0.0,0.0,0.0,,,0.0,0.0,0.0,0.0,0.0,,,0,0,0,0,CT010868,1,602879.83,602879.83,Annual,True,24.0,341.0,0,0,0
C11683,2024-06-10,0,Financial Services,Europe,Enterprise,3945,Direct Sales,94,0.25735797399041754,78.7,62.29,0.0632,1.06,Stable,-0.14999999999999147,2.5400000000000063,1.710000000000008,-0.0019023462270132084,0.033350840336134537,0.02221067671126131,982,5622,7,101949,3,3382,0,0,1324,916,13.0,-8.0,-52.0,-33.0,-71.0,-424.0,769.0,5388.0,-1680.0,1.0,0.0,0.0,0.0,0.0,0.0,0.013415892672858616,-0.00808080808080808,-0.05029013539651837,-0.005835543766578249,-0.012471456174249078,-0.0701290109163083,0.007600316268037161,0.05579892503184516,-0.016211678198187765,0.16666666666666666,0.0,0.0,0.0,0.0,0.0,0,0,0,3,1.0,0.0,1.0,0.0,0.0,3.0,53.8,2.0,0.0,1.0,0.0,0.0,3.5,48.155,3.0,0.0,1.0,0.0,0.0,3.6666666666666665,38.20666666666667,0,0,0,0,CT011683,1,33927189.88,33927189.88,Annual,True,94.0,271.0,0,0,0
C07485,2024-11-04,0,Telecommunications,North America,SMB,110,Direct Sales,207,0.5667351129363449,62.78,71.08,-0.0264,0.9821,Stable,2.5500000000000043,3.210000000000001,3.5900000000000034,0.04233770546239423,0.053886184320966944,0.06065213718533542,15,47,4,860,2,36,0,0,11,0,2.0,2.0,0.0,-16.0,-15.0,-18.0,-289.0,-184.0,-386.0,-2.0,-2.0,-2.0,0.0,0.0,0.0,0.15384615384615385,0.15384615384615385,0.0,-0.25396825396825395,-0.24193548387096775,-0.27692307692307694,-0.2515230635335074,-0.17624521072796934,-0.3097913322632424,-0.3333333333333333,-0.3333333333333333,-0.3333333333333333,0.0,0.0,0.0,1,1,0,2,0.0,0.0,0.0,0.0,0.0,,,1.0,0.0,0.0,0.0,0.0,4.0,138.05,4.0,0.0,0.0,0.0,0.0,4.0,62.3075,0,0,0,1,CT007485,1,705808.4,705808.4,Annual,False,207.0,158.0,0,0,1
C08698,2025-09-29,0,Telecommunications,North America,SMB,195,Enterprise Sales,281,0.7693360711841205,73.33,71.69,0.0078,0.4763,Stable,-1.5300000000000011,-2.6500000000000057,-2.6299999999999955,-0.020438151215602475,-0.03487759936825488,-0.034623486045286936,35,117,5,1778,1,117,0,0,0,0,-2.0,-4.0,-6.0,-11.0,-27.0,-15.0,-236.0,-712.0,-736.0,-2.0,-1.0,2.0,0.0,0.0,0.0,-0.05405405405405406,-0.10256410256410256,-0.14634146341463414,-0.0859375,-0.1875,-0.11363636363636363,-0.11717974180734857,-0.2859437751004016,-0.29276054097056486,-0.2857142857142857,-0.16666666666666666,0.6666666666666666,0.0,0.0,0.0,0,0,0,1,0.0,0.0,0.0,0.0,0.0,,,0.0,0.0,0.0,0.0,0.0,,,0.0,0.0,0.0,0.0,0.0,,,0,0,0,0,CT008698,1,896640.25,1793280.5,Two-year,True,281.0,449.0,0,0,0
C03363,2025-02-03,1,Logistics,North America,Mid-Market,1053,Inbound,216,0.5913757700205339,100.0,77.16,0.2998,0.5683,Improving,1.2800000000000011,0.09999999999999432,0.0,0.012965964343598067,0.001001001001000944,0.0,360,3231,5,58161,4,1392,630,687,522,0,-7.0,4.0,7.0,-62.0,-51.0,133.0,-6625.0,-7409.0,2620.0,-2.0,0.0,-2.0,0.0,0.0,0.0,-0.01907356948228883,0.011235955056179775,0.019830028328611898,-0.01882781658062557,-0.015539305301645339,0.04293092317624274,-0.1022597474763066,-0.11299374714046058,0.04717235915809942,-0.2857142857142857,0.0,-0.2857142857142857,0.0,0.0,0.0,0,0,0,4,0.0,0.0,0.0,0.0,0.0,,,1.0,0.0,0.0,0.0,0.0,4.0,96.21,1.0,0.0,0.0,0.0,0.0,4.0,96.21,0,0,0,1,CT003363,1,3111730.55,3111730.55,Annual,True,216.0,149.0,0,0,1
C00507,2025-10-06,0,Manufacturing,North America,SMB,190,Direct Sales,126,0.34496919917864477,69.13,99.2,-0.2528,0.483,Declining,-0.39000000000000057,-1.1400000000000006,-1.3100000000000023,-0.005609896432681252,-0.016223139319766624,-0.018597387847813774,39,203,5,4286,2,128,75,0,0,0,1.0,-1.0,-6.0,-27.0,0.0,-27.0,-14.0,352.0,398.0,0.0,-2.0,-1.0,0.0,0.0,0.0,0.02631578947368421,-0.025,-0.13333333333333333,-0.11739130434782609,0.0,-0.11739130434782609,-0.0032558139534883722,0.08947635993899339,0.10236625514403293,0.0,-0.2857142857142857,-0.16666666666666666,0.0,0.0,0.0,0,0,0,2,1.0,0.0,0.0,0.0,1.0,4.0,17.41,1.0,0.0,0.0,0.0,1.0,4.0,17.41,2.0,0.0,0.0,0.0,1.0,4.5,40.175,0,0,0,0,CT000507,1,1301536.41,1301536.41,Annual,True,126.0,239.0,0,0,0
C04771,2025-02-03,0,Professional Services,North America,Mid-Market,752,Referral,61,0.16700889801505817,81.05,77.0,-0.0238,0.5747,Stable,0.6099999999999994,-1.1300000000000097,0.7000000000000028,0.007583291894579804,-0.013750304210270256,0.008711885500933452,180,913,7,18361,2,570,343,0,0,0,-4.0,180.0,180.0,-50.0,913.0,913.0,-2692.0,18361.0,18361.0,0.0,7.0,7.0,0.0,2.0,2.0,-0.021739130434782608,,,-0.05192107995846314,,,-0.1278677623141595,,,0.0,,,0.0,,,0,0,0,2,2.0,0.0,0.0,0.0,1.0,4.0,56.66,3.0,0.0,0.0,0.0,1.0,4.0,48.02,3.0,0.0,0.0,0.0,1.0,4.0,48.02,0,0,0,1,CT004771,1,5642560.83,11285121.66,Two-year,True,61.0,669.0,0,0,0
C01613,2025-03-17,0,Technology,North America,Mid-Market,1728,Enterprise Sales,1,0.0027378507871321013,73.88,74.57,0.0094,0.882,Stable,2.589999999999989,3.299999999999997,3.7099999999999937,0.03633048113339864,0.046755454803060315,0.05287159754880994,0,0,0,0,0,0,0,0,0,0,0.0,0.0,0.0,0.0,0.0,0.0,0.0,0.0,0.0,0.0,0.0,0.0,0.0,0.0,0.0,,,,,,,,,,,,,,,,0,0,0,2,0.0,0.0,0.0,0.0,0.0,,,0.0,0.0,0.0,0.0,0.0,,,0.0,0.0,0.0,0.0,0.0,,,0,0,0,0,CT001613,1,10000000.0,30000000.0,Three-year,True,1.0,1094.0,0,0,0
C16329,2024-10-07,0,Technology,Europe,SMB,189,Direct Sales,65,0.17796030116358658,68.63,75.22,0.0029,0.611,Stable,-2.6099999999999994,-3.740000000000009,-4.680000000000007,-0.036636720943290284,-0.05167887246096461,-0.06383849406629391,23,101,7,1783,2,80,21,0,0,0,-3.0,-1.0,23.0,-43.0,-21.0,101.0,-833.0,-479.0,1783.0,0.0,0.0,7.0,0.0,0.0,2.0,-0.11538461538461539,-0.041666666666666664,,-0.2986111111111111,-0.1721311475409836,,-0.3184250764525994,-0.21175950486295314,,0.0,0.0,,0.0,0.0,,1,0,0,2,0.0,0.0,0.0,0.0,0.0,,,0.0,0.0,0.0,0.0,0.0,,,1.0,1.0,0.0,1.0,0.0,4.0,4.32,0,0,0,0,CT016329,1,552773.36,552773.36,Annual,True,65.0,300.0,0,0,0
C16423,2025-05-12,1,Retail,Europe,Mid-Market,634,Enterprise Sales,449,1.2292950034223136,67.11,77.86,-0.1792,0.9335,Declining,-0.3400000000000034,0.6700000000000017,1.5600000000000023,-0.005040770941438152,0.010084286574352825,0.023798627002288367,84,661,7,13202,4,302,143,133,0,83,7.0,3.0,4.0,80.0,56.0,57.0,1162.0,1422.0,2389.0,1.0,0.0,0.0,0.0,0.0,0.0,0.09090909090909091,0.037037037037037035,0.05,0.13769363166953527,0.09256198347107437,0.09437086092715231,0.09651162790697675,0.12071307300509337,0.22093776010357902,0.16666666666666666,0.0,0.0,0.0,0.0,0.0,0,0,0,4,1.0,0.0,0.0,0.0,1.0,5.0,14.33,3.0,0.0,0.0,0.0,1.0,4.666666666666667,28.976666666666656,6.0,1.0,0.0,1.0,1.0,4.333333333333333,35.85166666666667,0,0,0,0,CT016423,1,1000000.0,3000000.0,Three-year,True,449.0,646.0,0,0,0
C11267,2024-09-16,0,Education,APAC,Mid-Market,826,Inbound,154,0.4216290212183436,52.95,57.95,-0.0214,0.9712,Stable,-2.8499999999999943,-3.0899999999999963,-4.829999999999998,-0.0510752688172042,-0.05513918629550315,-0.08359293873312562,95,574,7,10983,3,257,138,179,0,0,-13.0,-11.0,-6.0,-94.0,-91.0,-8.0,-1457.0,-2113.0,-1432.0,0.0,1.0,0.0,0.0,0.0,0.0,-0.12037037037037036,-0.10377358490566038,-0.0594059405940594,-0.1407185628742515,-0.1368421052631579,-0.013745704467353952,-0.11712218649517685,-0.16134697617593158,-0.115344341522352,0.0,0.16666666666666666,0.0,0.0,0.0,0.0,0,0,0,3,2.0,0.0,0.0,0.0,1.0,4.0,35.215,3.0,0.0,0.0,0.0,1.0,4.0,30.24333333333333,4.0,0.0,0.0,0.0,1.0,4.0,25.6625,0,0,0,0,CT011267,1,5075077.31,5075077.31,Annual,True,154.0,211.0,0,0,0
C14427,2025-08-04,0,Professional Services,North America,SMB,242,Enterprise Sales,322,0.8815879534565366,51.57,60.87,-0.0411,0.7996,Stable,-1.1199999999999974,-2.1799999999999997,-4.119999999999997,-0.021256405390017035,-0.040558139534883714,-0.0739809660621296,17,62,5,1248,2,49,13,0,0,0,0.0,-2.0,-1.0,-36.0,-17.0,-16.0,-559.0,-103.0,-224.0,-1.0,0.0,-1.0,0.0,0.0,0.0,0.0,-0.10526315789473684,-0.05555555555555555,-0.3673469387755102,-0.21518987341772153,-0.20512820512820512,-0.30935251798561153,-0.07623982235381199,-0.15217391304347827,-0.16666666666666666,0.0,-0.16666666666666666,0.0,0.0,0.0,1,0,0,2,1.0,0.0,0.0,1.0,0.0,4.0,4.1,2.0,0.0,0.0,1.0,0.0,4.0,14.780000000000001,3.0,1.0,0.0,1.0,1.0,4.0,14.153333333333334,0,0,0,0,CT014427,1,518622.77,1037245.54,Two-year,False,322.0,408.0,0,0,0
C07741,2025-03-24,0,Education,APAC,SMB,183,Referral,300,0.8213552361396304,66.52,69.01,-0.0199,0.5454,Stable,-0.0799999999999983,0.39000000000000057,1.009999999999991,-0.0012012012012011758,0.0058974746711023835,0.015417493512440709,29,97,6,2033,1,97,0,0,0,0,0.0,2.0,1.0,-15.0,4.0,17.0,-200.0,474.0,383.0,0.0,-1.0,1.0,0.0,0.0,0.0,0.0,0.07407407407407407,0.03571428571428571,-0.13392857142857142,0.043010752688172046,0.2125,-0.08956560680698612,0.3040410519563823,0.23212121212121212,0.0,-0.14285714285714285,0.2,0.0,0.0,0.0,0,0,0,1,2.0,0.0,0.0,0.0,0.0,4.0,46.995,4.0,0.0,0.0,1.0,0.0,4.0,32.745,4.0,0.0,0.0,1.0,0.0,4.0,32.745,0,0,0,0,CT007741,1,401235.13,401235.13,Annual,True,300.0,65.0,0,1,1
C04641,2025-08-18,0,Logistics,North America,SMB,73,Partner,163,0.4462696783025325,95.79,90.2,0.0559,1.055,Stable,2.6099999999999994,7.359999999999999,6.570000000000007,0.028010302640051506,0.08322967318783217,0.07363819771351723,19,93,7,1867,2,66,0,0,27,0,2.0,2.0,1.0,-11.0,3.0,-3.0,-11.0,348.0,173.0,0.0,0.0,1.0,0.0,0.0,0.0,0.11764705882352941,0.11764705882352941,0.05555555555555555,-0.10576923076923077,0.03333333333333333,-0.03125,-0.005857294994675187,0.22909809084924293,0.10212514757969303,0.0,0.0,0.16666666666666666,0.0,0.0,0.0,0,0,0,2,0.0,0.0,0.0,0.0,0.0,,,0.0,0.0,0.0,0.0,0.0,,,0.0,0.0,0.0,0.0,0.0,,,0,0,0,0,CT004641,1,785137.14,1570274.28,Two-year,True,163.0,567.0,0,0,0
C16191,2024-11-18,0,Education,APAC,SMB,105,Inbound,34,0.09308692676249145,80.97,68.33,0.033,1.0923,Stable,0.3199999999999932,3.5,4.739999999999995,0.003967761934283858,0.04517877888214793,0.06218024399842575,22,81,5,1472,1,81,0,0,0,0,22.0,22.0,22.0,81.0,81.0,81.0,1472.0,1472.0,1472.0,5.0,5.0,5.0,1.0,1.0,1.0,,,,,,,,,,,,,,,,0,0,0,1,1.0,0.0,1.0,0.0,1.0,4.0,75.95,1.0,0.0,1.0,0.0,1.0,4.0,75.95,1.0,0.0,1.0,0.0,1.0,4.0,75.95,0,0,0,1,CT016191,1,841398.28,1682796.56,Two-year,True,34.0,696.0,0,0,0
C03864,2025-09-22,0,Financial Services,North America,SMB,179,Direct Sales,279,0.7638603696098563,100.0,91.43,0.3399,0.6574,Improving,0.0,0.0,0.0,0.0,0.0,0.0,70,386,6,6924,2,280,0,0,106,0,0.0,-2.0,-5.0,13.0,17.0,-25.0,393.0,795.0,32.0,-1.0,-1.0,0.0,0.0,0.0,0.0,0.0,-0.027777777777777776,-0.06666666666666667,0.03485254691689008,0.04607046070460705,-0.06082725060827251,0.060174552135966924,0.12971120900636318,0.0046430644225188625,-0.14285714285714285,-0.14285714285714285,0.0,0.0,0.0,0.0,0,0,0,2,0.0,0.0,0.0,0.0,0.0,,,0.0,0.0,0.0,0.0,0.0,,,1.0,0.0,0.0,0.0,0.0,5.0,17.69,0,0,0,0,CT003864,1,1228654.44,1228654.44,Annual,False,279.0,86.0,0,1,1
C10990,2025-01-06,0,Technology,North America,Enterprise,3157,Inbound,153,0.4188911704312115,53.21,65.19,-0.1213,0.7143,Stable,0.3999999999999986,-1.009999999999998,-0.509999999999998,0.007574323044877837,-0.01862781261527108,-0.009493670886075913,325,1949,6,36474,3,1101,452,0,396,0,-9.0,-7.0,-21.0,86.0,98.0,33.0,3000.0,4235.0,2865.0,0.0,-1.0,-1.0,0.0,0.0,0.0,-0.02694610778443114,-0.02108433734939759,-0.06069364161849711,0.04616210413311862,0.05294435440302539,0.01722338204592902,0.08962179602079226,0.13136263531747264,0.08524502365437829,0.0,-0.14285714285714285,-0.14285714285714285,0.0,0.0,0.0,0,0,0,3,2.0,1.0,0.0,1.0,1.0,4.0,13.77,4.0,1.0,0.0,1.0,2.0,4.0,29.373333333333335,6.0,1.0,0.0,1.0,2.0,4.199999999999999,64.736,0,0,0,1,CT010990,1,22440388.89,44880777.78,Two-year,True,153.0,577.0,0,0,0
C15289,2025-05-19,0,Technology,Europe,Mid-Market,1280,Partner,93,0.2546201232032854,0.0,57.51,-0.2833,1.0748,Declining,-1.25,-2.68,-4.23,-1.0,-1.0,-1.0,54,170,4,2940,2,110,60,0,0,0,0.0,1.0,2.0,-14.0,0.0,-39.0,204.0,-130.0,-502.0,-3.0,-1.0,-1.0,0.0,0.0,0.0,0.0,0.018867924528301886,0.038461538461538464,-0.07608695652173914,0.0,-0.18660287081339713,0.07456140350877193,-0.04234527687296417,-0.14584543869843114,-0.42857142857142855,-0.2,-0.2,0.0,0.0,0.0,0,0,0,2,2.0,1.0,0.0,0.0,2.0,3.0,31.975,4.0,1.0,0.0,0.0,3.0,3.5,52.5,6.0,1.0,1.0,1.0,3.0,3.6666666666666665,42.13333333333333,0,0,0,0,CT015289,1,1660474.57,1660474.57,Annual,True,93.0,272.0,0,0,0
C06130,2024-10-28,0,Technology,North America,SMB,150,Inbound,27,0.07392197125256673,13.87,72.89,-0.6015,0.5597,Rapidly Declining,-2.380000000000001,-4.779999999999999,-7.160000000000002,-0.1464615384615385,-0.25630026809651474,-0.3404660009510224,4,21,7,462,2,16,5,0,0,0,4.0,4.0,4.0,21.0,21.0,21.0,462.0,462.0,462.0,7.0,7.0,7.0,2.0,2.0,2.0,,,,,,,,,,,,,,,,0,0,0,2,1.0,0.0,0.0,0.0,1.0,4.0,18.55,1.0,0.0,0.0,0.0,1.0,4.0,18.55,1.0,0.0,0.0,0.0,1.0,4.0,18.55,0,0,0,0,CT006130,1,343071.03,343071.03,Annual,True,27.0,338.0,0,0,0
C13170,2024-12-09,0,Financial Services,Latin America,SMB,150,Direct Sales,225,0.6160164271047228,82.16,90.73,0.0041,1.0276,Stable,-0.8299999999999983,-3.430000000000007,-4.38000000000001,-0.010001204964453529,-0.04007477509054804,-0.05061243355673688,28,122,7,2324,1,122,0,0,0,0,-1.0,-2.0,-3.0,13.0,-3.0,7.0,51.0,71.0,176.0,1.0,4.0,2.0,0.0,0.0,0.0,-0.034482758620689655,-0.06666666666666667,-0.0967741935483871,0.11926605504587157,-0.024,0.06086956521739131,0.02243730752309723,0.03151353750554816,0.08193668528864059,0.16666666666666666,1.3333333333333333,0.4,0.0,0.0,0.0,0,0,0,1,0.0,0.0,0.0,0.0,0.0,,,0.0,0.0,0.0,0.0,0.0,,,0.0,0.0,0.0,0.0,0.0,,,0,0,0,0,CT013170,1,675358.17,675358.17,Annual,True,225.0,140.0,0,0,1
C05418,2025-02-10,0,Logistics,North America,Enterprise,4155,Inbound,100,0.2737850787132101,9.49,84.59,-0.647,0.4765,Rapidly Declining,-3.0600000000000005,-4.59,-5.93,-0.24382470119521915,-0.3259943181818182,-0.38456549935149154,236,1053,6,22117,3,552,312,0,189,0,13.0,14.0,29.0,-4.0,63.0,23.0,78.0,3132.0,3514.0,-1.0,0.0,0.0,0.0,0.0,0.0,0.05829596412556054,0.06306306306306306,0.14009661835748793,-0.003784295175023652,0.06363636363636363,0.02233009708737864,0.003539180543581832,0.1649723465894127,0.1888942643659625,-0.14285714285714285,0.0,0.0,0.0,0.0,0.0,0,0,0,3,3.0,0.0,1.0,0.0,1.0,3.25,37.8325,9.0,0.0,2.0,1.0,2.0,3.8,40.809333333333335,12.0,0.0,2.0,3.0,3.0,3.75,29.514583333333334,1,0,0,0,CT005418,1,22577269.32,22577269.32,Annual,True,100.0,265.0,0,0,0
C14866,2025-09-15,0,Government,APAC,SMB,20,Enterprise Sales,0,0.0,37.48,82.65,-0.3271,0.6035,Declining,-0.6000000000000014,-2.8300000000000054,-2.220000000000006,-0.01575630252100844,-0.07020590424212367,-0.05591939546599511,0,0,0,0,0,0,0,0,0,0,0.0,0.0,0.0,0.0,0.0,0.0,0.0,0.0,0.0,0.0,0.0,0.0,0.0,0.0,0.0,,,,,,,,,,,,,,,,0,0,0,2,0.0,0.0,0.0,0.0,0.0,,,0.0,0.0,0.0,0.0,0.0,,,0.0,0.0,0.0,0.0,0.0,,,0,0,0,0,CT014866,1,771392.47,771392.47,Annual,True,0.0,365.0,0,0,0
C01186,2024-02-05,0,Manufacturing,Europe,Mid-Market,1222,Direct Sales,12,0.03285420944558522,78.3,61.24,0.2208,0.4604,Improving,2.8299999999999983,4.340000000000003,6.939999999999998,0.037498343712733515,0.05868036776636024,0.09725336322869953,248,1305,7,22129,2,845,0,460,0,0,248.0,248.0,248.0,1305.0,1305.0,1305.0,22129.0,22129.0,22129.0,7.0,7.0,7.0,2.0,2.0,2.0,,,,,,,,,,,,,,,,0,0,0,2,0.0,0.0,0.0,0.0,0.0,,,0.0,0.0,0.0,0.0,0.0,,,0.0,0.0,0.0,0.0,0.0,,,0,0,0,0,CT001186,1,2400166.1,2400166.1,Annual,True,12.0,353.0,0,0,0
C18804,2024-12-09,0,Manufacturing,Latin America,SMB,175,Inbound,169,0.46269678302532513,56.9,70.93,-0.0055,0.9904,Stable,1.0300000000000011,2.3399999999999963,1.4200000000000017,0.018435654197243623,0.0428885630498533,0.02559480894015865,13,55,7,1212,2,22,33,0,0,0,0.0,0.0,0.0,21.0,-4.0,-20.0,544.0,121.0,-304.0,1.0,1.0,0.0,0.0,0.0,0.0,0.0,0.0,0.0,0.6176470588235294,-0.06779661016949153,-0.26666666666666666,0.8143712574850299,0.11090742438130156,-0.20052770448548812,0.16666666666666666,0.16666666666666666,0.0,0.0,0.0,0.0,0,0,0,2,0.0,0.0,0.0,0.0,0.0,,,1.0,0.0,0.0,0.0,0.0,3.0,63.91,2.0,0.0,0.0,0.0,0.0,3.0,38.230000000000004,0,0,1,0,CT018804,1,200000.0,200000.0,Annual,True,169.0,196.0,0,0,0
C07557,2024-12-16,0,Manufacturing,North America,SMB,206,Enterprise Sales,142,0.3887748117727584,88.02,72.8,-0.049,0.9478,Stable,1.519999999999996,1.8799999999999955,1.789999999999992,0.01757225433526007,0.0218249361504527,0.02075843673895387,60,440,7,8953,3,212,108,120,0,0,4.0,4.0,3.0,15.0,45.0,30.0,1144.0,1405.0,1604.0,0.0,0.0,0.0,0.0,0.0,0.0,0.07142857142857142,0.07142857142857142,0.05263157894736842,0.03529411764705882,0.11392405063291139,0.07317073170731707,0.14649763093866053,0.1861420243773185,0.2182609878895088,0.0,0.0,0.0,0.0,0.0,0.0,0,0,0,3,0.0,0.0,0.0,0.0,0.0,,,0.0,0.0,0.0,0.0,0.0,,,0.0,0.0,0.0,0.0,0.0,,,0,0,0,0,CT007557,1,617976.87,617976.87,Annual,True,142.0,223.0,0,0,0
C13441,2025-04-07,0,Logistics,Europe,Mid-Market,906,Direct Sales,118,0.32306639288158795,90.22,89.96,0.0445,0.4398,Stable,-1.0,0.6400000000000006,1.4200000000000017,-0.010962508221881167,0.007144451886581833,0.01599099099099101,276,2371,7,48099,4,995,485,510,381,0,7.0,11.0,34.0,-86.0,109.0,318.0,-12.0,7721.0,9298.0,0.0,1.0,0.0,0.0,0.0,0.0,0.026022304832713755,0.04150943396226415,0.14049586776859505,-0.035002035002035005,0.048187444739168875,0.15489527520701413,-0.0002494232088295816,0.1912179899945515,0.23963299914950645,0.0,0.16666666666666666,0.0,0.0,0.0,0.0,0,0,0,4,0.0,0.0,0.0,0.0,0.0,,,2.0,0.0,0.0,0.0,0.0,4.5,36.585,2.0,0.0,0.0,0.0,0.0,4.5,36.585,0,0,0,0,CT013441,1,1290421.49,1290421.49,Annual,False,118.0,247.0,0,0,0
C11512,2025-02-17,0,Healthcare,North America,Enterprise,2001,Direct Sales,261,0.7145790554414785,74.66,88.09,-0.2804,1.0541,Declining,-2.8100000000000023,0.5099999999999909,-2.0900000000000034,-0.03627210533109594,0.0068779501011462015,-0.027231270358306234,614,5116,6,93125,4,2124,1085,1122,785,0,21.0,51.0,31.0,303.0,538.0,247.0,-1852.0,8648.0,9613.0,0.0,1.0,0.0,0.0,0.0,0.0,0.03541315345699832,0.0905861456483126,0.05317324185248713,0.06295449823394972,0.11751856705985146,0.05072910248510988,-0.01949945776345852,0.10237105957834677,0.11510920586263051,0.0,0.2,0.0,0.0,0.0,0.0,0,0,0,4,0.0,0.0,0.0,0.0,0.0,,,2.0,0.0,0.0,0.0,1.0,4.5,41.935,4.0,0.0,0.0,0.0,2.0,4.25,60.3425,0,0,0,1,CT011512,1,34548706.49,69097412.98,Two-year,True,261.0,469.0,0,0,0
C16290,2025-04-14,1,Healthcare,North America,SMB,230,Enterprise Sales,400,1.0951403148528405,38.97,64.6,-0.2304,1.1786,Declining,-1.009999999999998,-0.9299999999999997,-0.38000000000000256,-0.025262631315657782,-0.023308270676691722,-0.009656925031766265,13,98,7,2014,3,46,25,27,0,0,0.0,1.0,-1.0,27.0,38.0,1.0,712.0,798.0,82.0,1.0,2.0,1.0,0.0,0.0,0.0,0.0,0.08333333333333333,-0.07142857142857142,0.38028169014084506,0.6333333333333333,0.010309278350515464,0.5468509984639017,0.65625,0.042443064182194616,0.16666666666666666,0.4,0.16666666666666666,0.0,0.0,0.0,0,0,0,3,2.0,0.0,0.0,0.0,1.0,4.0,21.039999999999996,3.0,0.0,0.0,0.0,1.0,3.6666666666666665,34.60666666666667,5.0,0.0,0.0,0.0,1.0,3.8,31.274,0,0,0,0,CT016290,1,200000.0,600000.0,Three-year,True,400.0,695.0,0,0,0
C16268,2025-07-21,0,Telecommunications,North America,SMB,46,Direct Sales,324,0.8870636550308009,91.55,86.97,0.0283,1.0019,Stable,0.3499999999999943,-0.9300000000000068,-0.0799999999999983,0.0038377192982455514,-0.010056228373702495,-0.0008730765033285856,15,80,6,1475,2,63,17,0,0,0,-1.0,-1.0,0.0,11.0,-15.0,-2.0,217.0,-372.0,-35.0,0.0,-1.0,0.0,0.0,0.0,0.0,-0.0625,-0.0625,0.0,0.15942028985507245,-0.15789473684210525,-0.024390243902439025,0.1724960254372019,-0.2014076881429345,-0.023178807947019868,0.0,-0.14285714285714285,0.0,0.0,0.0,0.0,0,0,0,2,0.0,0.0,0.0,0.0,0.0,,,0.0,0.0,0.0,0.0,0.0,,,0.0,0.0,0.0,0.0,0.0,,,0,0,0,0,CT016268,1,1500000.0,1500000.0,Annual,True,324.0,41.0,0,1,1
C16247,2024-10-14,0,Logistics,Latin America,SMB,36,Partner,171,0.4681724845995893,57.22,71.49,-0.1898,1.0269,Declining,-0.17999999999999972,1.259999999999998,2.0700000000000003,-0.0031358885017421555,0.0225160829163688,0.03753399818676338,4,17,5,306,1,17,0,0,0,0,0.0,0.0,0.0,7.0,1.0,-1.0,141.0,-2.0,-14.0,3.0,0.0,-2.0,0.0,0.0,0.0,0.0,0.0,0.0,0.7,0.0625,-0.05555555555555555,0.8545454545454545,-0.006493506493506494,-0.04375,1.5,0.0,-0.2857142857142857,0.0,0.0,0.0,0,0,0,1,0.0,0.0,0.0,0.0,0.0,,,0.0,0.0,0.0,0.0,0.0,,,0.0,0.0,0.0,0.0,0.0,,,0,0,0,0,CT016247,1,576950.83,576950.83,Annual,True,171.0,194.0,0,0,0
C07496,2024-09-23,0,Manufacturing,Latin America,Mid-Market,318,Referral,52,0.14236824093086928,79.08,90.09,-0.0382,0.9786,Stable,1.6700000000000017,1.8700000000000045,3.719999999999999,0.02157344012401501,0.024219660665716937,0.049363057324840746,77,289,7,4644,2,223,0,0,0,66,7.0,77.0,77.0,-63.0,289.0,289.0,-1599.0,4644.0,4644.0,1.0,7.0,7.0,0.0,2.0,2.0,0.1,,,-0.17897727272727273,,,-0.2561268620855358,,,0.16666666666666666,,,0.0,,,1,0,0,2,0.0,0.0,0.0,0.0,0.0,,,0.0,0.0,0.0,0.0,0.0,,,0.0,0.0,0.0,0.0,0.0,,,0,0,0,0,CT007496,1,4780862.28,4780862.28,Annual,True,52.0,313.0,0,0,0
C19333,2025-05-12,0,Professional Services,Middle East,Mid-Market,1247,Inbound,213,0.5831622176591376,46.07,72.72,-0.2025,0.9383,Declining,-1.7199999999999989,-1.9500000000000028,-3.6499999999999986,-0.03599079305293992,-0.04060807996668061,-0.0734111021721641,120,1001,6,18751,5,393,171,198,128,111,3.0,-2.0,-14.0,50.0,-33.0,-104.0,1645.0,-1173.0,-1682.0,-1.0,-1.0,-1.0,0.0,0.0,0.0,0.02564102564102564,-0.01639344262295082,-0.1044776119402985,0.052576235541535225,-0.031914893617021274,-0.09411764705882353,0.09616508827312054,-0.05887372013651877,-0.08231781921401654,-0.14285714285714285,-0.14285714285714285,-0.14285714285714285,0.0,0.0,0.0,0,0,0,5,2.0,0.0,2.0,0.0,2.0,4.0,18.155,3.0,0.0,3.0,0.0,2.0,4.0,21.02,3.0,0.0,3.0,0.0,2.0,4.0,21.02,0,0,0,0,CT019333,1,1825280.58,5475841.74,Three-year,True,213.0,882.0,0,0,0
C11591,2025-06-23,0,Telecommunications,Europe,SMB,27,Partner,354,0.9691991786447639,99.27,86.95,0.2429,0.4714,Improving,-0.10999999999999943,-0.730000000000004,-0.730000000000004,-0.0011068625477963316,-0.00730000000000004,-0.00730000000000004,12,65,6,1126,2,46,19,0,0,0,1.0,1.0,1.0,11.0,-14.0,-7.0,-36.0,-302.0,-66.0,0.0,-1.0,0.0,0.0,0.0,0.0,0.09090909090909091,0.09090909090909091,0.09090909090909091,0.2037037037037037,-0.17721518987341772,-0.09722222222222222,-0.03098106712564544,-0.211484593837535,-0.05536912751677853,0.0,-0.14285714285714285,0.0,0.0,0.0,0.0,0,0,0,2,1.0,0.0,0.0,0.0,0.0,4.0,96.65,1.0,0.0,0.0,0.0,0.0,4.0,96.65,1.0,0.0,0.0,0.0,0.0,4.0,96.65,0,0,0,1,CT011591,1,843045.82,843045.82,Annual,True,354.0,11.0,1,1,1
C06221,2025-02-17,0,Education,North America,SMB,238,Enterprise Sales,363,0.9938398357289527,86.29,89.85,-0.0004,0.9538,Stable,0.18000000000000682,-1.7999999999999972,2.1200000000000045,0.002090349552897536,-0.02043364740606195,0.025187121302126702,60,419,6,7853,3,203,0,119,97,0,-4.0,-1.0,1.0,2.0,7.0,3.0,842.0,-510.0,-1250.0,-1.0,0.0,1.0,0.0,0.0,0.0,-0.0625,-0.01639344262295082,0.01694915254237288,0.004796163069544364,0.01699029126213592,0.007211538461538462,0.12009699044358865,-0.0609829008728925,-0.13731736790069207,-0.14285714285714285,0.0,0.2,0.0,0.0,0.0,0,0,0,3,0.0,0.0,0.0,0.0,0.0,,,0.0,0.0,0.0,0.0,0.0,,,0.0,0.0,0.0,0.0,0.0,,,0,0,0,0,CT006221,1,247289.68,247289.68,Annual,False,363.0,2.0,1,1,1
C06979,2025-02-10,0,Retail,Middle East,Mid-Market,1805,Partner,137,0.3750855578370979,90.02,94.69,0.0057,0.5979,Stable,-0.3200000000000074,0.7099999999999937,0.8199999999999932,-0.0035421740092982886,0.007949837644160717,0.009192825112107547,362,1773,6,34001,2,1340,0,0,0,433,30.0,38.0,31.0,195.0,297.0,216.0,7924.0,3706.0,2937.0,-1.0,0.0,-1.0,0.0,0.0,0.0,0.09036144578313253,0.11728395061728394,0.09365558912386707,0.12357414448669202,0.20121951219512196,0.13872832369942195,0.30386931012002916,0.12233041756065358,0.09454674220963173,-0.14285714285714285,0.0,-0.14285714285714285,0.0,0.0,0.0,0,0,0,2,0.0,0.0,0.0,0.0,0.0,,,1.0,0.0,0.0,0.0,0.0,4.0,22.33,1.0,0.0,0.0,0.0,0.0,4.0,22.33,0,0,0,0,CT006979,1,1000000.0,1000000.0,Annual,False,137.0,228.0,0,0,0
C06167,2025-10-06,0,Healthcare,Europe,Mid-Market,1961,Enterprise Sales,78,0.2135523613963039,11.01,81.7,-0.5731,0.5225,Rapidly Declining,-1.6099999999999994,-2.8200000000000003,-4.4399999999999995,-0.12757527733755938,-0.20390455531453364,-0.287378640776699,67,157,3,2594,1,157,0,0,0,0,-1.0,2.0,67.0,3.0,-53.0,157.0,286.0,-1202.0,2594.0,-2.0,0.0,3.0,0.0,0.0,1.0,-0.014705882352941176,0.03076923076923077,,0.01948051948051948,-0.2523809523809524,,0.12391681109185441,-0.3166491043203372,,-0.4,0.0,,0.0,0.0,,0,0,0,1,4.0,3.0,1.0,1.0,1.0,2.8333333333333335,43.653333333333336,5.0,3.0,1.0,1.0,1.0,2.875,47.2175,10.0,3.0,1.0,1.0,2.0,3.0416666666666665,49.70916666666667,1,1,0,1,CT006167,1,2101843.26,2101843.26,Annual,True,78.0,287.0,0,0,0
C19234,2025-07-07,0,Professional Services,North America,Enterprise,2256,Direct Sales,305,0.8350444900752909,72.56,81.8,-0.0287,1.0548,Stable,3.1200000000000045,7.780000000000001,5.490000000000009,0.044930875576036935,0.12009879592466813,0.08185477858953347,331,1762,6,31820,2,1186,576,0,0,0,10.0,37.0,14.0,143.0,265.0,158.0,-216.0,4555.0,929.0,0.0,-1.0,-1.0,0.0,0.0,0.0,0.03115264797507788,0.12585034013605442,0.04416403785488959,0.08832612723903645,0.17702070808283232,0.09850374064837905,-0.006742414783368711,0.16706400146708233,0.03007348418633259,0.0,-0.14285714285714285,-0.14285714285714285,0.0,0.0,0.0,0,0,0,2,1.0,0.0,0.0,0.0,1.0,4.0,12.68,3.0,0.0,0.0,0.0,1.0,4.0,15.476666666666667,3.0,0.0,0.0,0.0,1.0,4.0,15.476666666666667,0,0,0,0,CT019234,1,18336187.46,36672374.92,Two-year,True,305.0,425.0,0,0,0
C07270,2025-07-14,0,Healthcare,Europe,SMB,43,Referral,100,0.2737850787132101,86.2,79.72,-0.0504,1.0294,Stable,2.5900000000000034,1.4200000000000017,0.5100000000000051,0.0309771558426026,0.016749233309742883,0.005951686311121545,11,79,6,1671,4,38,14,21,0,6,0.0,-1.0,0.0,-6.0,-39.0,-33.0,-196.0,-597.0,-653.0,1.0,1.0,0.0,0.0,0.0,0.0,0.0,-0.08333333333333333,0.0,-0.07058823529411765,-0.3305084745762712,-0.29464285714285715,-0.1049812533476165,-0.26322751322751325,-0.2809810671256454,0.2,0.2,0.0,0.0,0.0,0.0,0,0,0,4,0.0,0.0,0.0,0.0,0.0,,,0.0,0.0,0.0,0.0,0.0,,,0.0,0.0,0.0,0.0,0.0,,,0,0,0,0,CT007270,1,373766.78,373766.78,Annual,True,100.0,265.0,0,0,0
C10699,2025-09-22,0,Education,North America,Enterprise,2001,Partner,286,0.783025325119781,94.46,82.5,-0.0072,0.8661,Stable,2.4799999999999898,2.6099999999999994,2.039999999999992,0.026962383126766576,0.02841589548176374,0.022073144341051634,459,3224,4,57447,3,1713,0,841,670,0,0.0,-16.0,-29.0,23.0,-80.0,-102.0,380.0,577.0,-4623.0,-2.0,-1.0,-3.0,0.0,0.0,0.0,0.0,-0.03368421052631579,-0.05942622950819672,0.00718525460793502,-0.024213075060532687,-0.030667468430547205,0.00665883960958172,0.010145946896430455,-0.07448042532624456,-0.3333333333333333,-0.2,-0.42857142857142855,0.0,0.0,0.0,0,0,0,3,2.0,0.0,0.0,0.0,2.0,4.5,7.154999999999999,3.0,0.0,1.0,0.0,3.0,4.666666666666667,9.9,5.0,2.0,1.0,0.0,3.0,4.4,21.738,0,1,0,0,CT010699,1,11348107.02,11348107.02,Annual,True,286.0,79.0,0,1,1
C11521,2024-09-23,0,Professional Services,North America,SMB,94,Referral,164,0.4490075290896646,70.19,74.9,0.0022,0.4424,Stable,-1.2199999999999989,-1.1599999999999966,-1.8599999999999994,-0.017084441954908262,-0.016257883672039196,-0.02581540596807772,13,50,4,941,2,38,12,0,0,0,-1.0,-2.0,-2.0,-30.0,-23.0,-19.0,-509.0,-426.0,-290.0,-2.0,-2.0,-1.0,0.0,0.0,0.0,-0.07142857142857142,-0.13333333333333333,-0.13333333333333333,-0.375,-0.3150684931506849,-0.2753623188405797,-0.3510344827586207,-0.31163130943672274,-0.2355808285946385,-0.3333333333333333,-0.3333333333333333,-0.2,0.0,0.0,0.0,1,0,0,2,0.0,0.0,0.0,0.0,0.0,,,0.0,0.0,0.0,0.0,0.0,,,0.0,0.0,0.0,0.0,0.0,,,0,0,0,0,CT011521,1,297169.6,297169.6,Annual,True,164.0,201.0,0,0,0
C08973,2025-06-30,0,Retail,Europe,Mid-Market,474,Referral,445,1.218343600273785,62.11,74.29,-0.0286,0.5256,Stable,0.5,-1.1400000000000006,-2.180000000000007,0.008115565654926148,-0.01802371541501977,-0.03390885052107648,59,344,5,7834,3,199,0,79,0,66,-2.0,-4.0,-4.0,0.0,10.0,-27.0,1977.0,1369.0,-151.0,-2.0,-1.0,2.0,0.0,0.0,0.0,-0.03278688524590164,-0.06349206349206349,-0.06349206349206349,0.0,0.029940119760479042,-0.07277628032345014,0.3375448181662967,0.2117556071152359,-0.018910457107075767,-0.2857142857142857,-0.16666666666666666,0.6666666666666666,0.0,0.0,0.0,0,0,0,3,1.0,0.0,0.0,0.0,1.0,5.0,14.68,2.0,0.0,0.0,0.0,1.0,5.0,43.849999999999994,3.0,0.0,0.0,0.0,1.0,5.0,36.79666666666666,0,0,0,0,CT008973,1,1242239.74,2484479.48,Two-year,True,445.0,285.0,0,0,0
