ticket_id,customer_id,created_at,resolved_at,issue_category,priority,channel,resolution_hours,reopened,csat_score,escalated
TKT00021783,C03663,2024-12-31 13:00:00,2025-01-01 19:05:24.000000000,Performance,Medium,Chat,30.09,False,4,False
TKT00038443,C06570,2025-12-26 17:02:00,2025-12-27 11:43:24.000000000,Performance,Medium,Chat,18.69,False,4,False
TKT00045109,C07791,2025-03-30 17:29:00,2025-03-31 13:08:00.000000000,Performance,High,Chat,19.65,False,4,False
TKT00034352,C05813,2024-08-21 15:11:00,2024-08-21 20:48:12.000000000,Training / Onboarding,Critical,Email,5.62,False,4,True
TKT00032940,C05612,2024-08-26 09:37:00,2024-08-27 04:10:36.000000000,Account Management,Low,Chat,18.56,False,4,False
TKT00102045,C17709,2025-02-11 09:53:00,2025-02-13 03:09:12.000000000,Performance,Medium,Email,41.27,False,4,False
TKT00085480,C14780,2025-04-27 13:41:00,2025-04-28 04:02:36.000000000,Technical Issue,High,Email,14.36,False,4,True
TKT00012884,C02146,2025-10-02 18:54:00,2025-10-03 10:15:36.000000000,Product Bug,High,Email,15.36,True,3,False
TKT00054744,C09438,2025-09-12 15:08:00,2025-09-15 02:06:12.000000000,Technical Issue,Low,Email,58.97,False,4,False
TKT00090826,C15715,2025-01-22 15:32:00,2025-01-23 12:48:12.000000000,Technical Issue,High,Email,21.27,False,4,False
TKT00015895,C02688,2025-03-14 17:50:00,2025-03-18 12:33:48.000000000,Technical Issue,Low,Phone,90.73,False,3,False
TKT00018540,C03150,2024-08-22 16:18:00,2024-08-24 17:11:24.000000000,Technical Issue,Low,Chat,48.89,False,4,False
TKT00075844,C13109,2024-08-20 09:38:00,2024-08-20 14:53:36.000000000,Technical Issue,Critical,Chat,5.26,False,4,False
TKT00042028,C07235,2024-04-04 13:24:00,2024-04-04 17:17:24.000000000,Technical Issue,Critical,Email,3.89,False,4,True
TKT00062414,C10801,2024-07-13 09:52:00,2024-07-14 03:35:48.000000000,Integration,High,Support Portal,17.73,True,4,False
TKT00103934,C18014,2025-09-09 12:54:00,2025-09-11 21:56:24.000000000,Product Bug,Low,Support Portal,57.04,False,3,False
TKT00033036,C05624,2025-08-03 08:39:00,2025-08-03 18:27:00.000000000,Integration,Critical,Support Portal,9.8,False,4,False
TKT00025389,C04292,2024-03-23 13:39:00,2024-03-25 05:02:24.000000000,Technical Issue,Medium,Support Portal,39.39,False,3,False
TKT00112169,C19556,2025-11-20 14:14:00,2025-11-22 06:31:24.000000000,Performance,Medium,Chat,40.29,False,5,False
TKT00026028,C04395,2025-04-30 15:12:00,2025-05-01 15:55:12.000000000,Billing,Low,Chat,24.72,False,5,False
TKT00108036,C18827,2024-11-07 16:40:00,2024-11-09 18:37:36.000000000,Integration,Medium,Email,49.96,False,3,False
TKT00053591,C09231,2025-11-03 13:10:00,2025-11-04 00:24:24.000000000,Training / Onboarding,High,Support Portal,11.24,False,5,False
TKT00031394,C05356,2025-02-22 16:42:00,2025-02-23 01:37:12.000000000,Product Bug,High,Support Portal,8.92,False,4,False
TKT00052936,C09132,2025-12-16 09:49:00,2025-12-18 10:44:12.000000000,Integration,Medium,Email,48.92,False,4,False
TKT00079478,C13813,2025-07-02 09:43:00,2025-07-02 21:41:12.000000000,Billing,Medium,Chat,11.97,False,4,False
TKT00036863,C06286,2025-08-14 17:44:00,2025-08-15 10:37:59.999999999,Technical Issue,High,Chat,16.9,False,4,False
TKT00062044,C10753,2024-11-26 15:46:00,2024-11-28 15:29:48.000000000,Training / Onboarding,Medium,Chat,47.73,False,4,False
TKT00069706,C12014,2025-06-16 17:32:00,2025-06-18 12:21:12.000000000,Performance,Medium,Phone,42.82,False,3,False
TKT00044878,C07756,2025-12-07 10:01:00,2025-12-08 18:54:24.000000000,Technical Issue,Medium,Email,32.89,True,3,False
TKT00088277,C15270,2024-12-24 09:45:00,2024-12-26 00:42:36.000000000,Technical Issue,Medium,Support Portal,38.96,True,4,False
TKT00091038,C15751,2025-07-25 12:22:00,2025-07-28 09:00:24.000000000,Technical Issue,Low,Phone,68.64,False,3,True
TKT00088263,C15267,2024-02-18 11:59:00,2024-02-19 21:27:47.999999999,Performance,Medium,Phone,33.48,True,4,False
TKT00110936,C19340,2025-06-05 17:58:00,2025-06-06 05:48:24.000000000,Technical Issue,High,Chat,11.84,False,5,False
TKT00049336,C08551,2025-05-01 14:46:00,2025-05-03 05:38:48.000000000,Billing,Low,Chat,38.88,False,4,False
TKT00037439,C06399,2024-08-02 09:23:00,2024-08-03 12:27:48.000000000,Technical Issue,High,Phone,27.08,False,4,False
TKT00060018,C10370,2025-12-22 14:28:00,2025-12-23 23:39:23.999999999,Integration,Medium,Chat,33.19,False,4,False
TKT00063609,C10990,2024-08-21 17:13:00,2024-08-22 16:43:36.000000000,Product Bug,High,Email,23.51,False,4,False
TKT00085408,C14759,2025-09-24 09:52:00,2025-09-29 04:32:48.000000000,Integration,Low,Chat,114.68,False,5,False
TKT00101352,C17591,2024-04-13 12:52:00,2024-04-15 02:04:36.000000000,Product Bug,Medium,Support Portal,37.21,False,2,False
TKT00079324,C13782,2025-07-26 17:25:00,2025-07-28 00:27:24.000000000,Product Bug,Medium,Chat,31.04,False,4,False
TKT00035564,C06021,2024-11-23 17:21:00,2024-11-24 06:29:24.000000000,Product Bug,High,Phone,13.14,False,4,False
TKT00045863,C07936,2025-07-16 08:54:00,2025-07-18 20:11:24.000000000,Training / Onboarding,Medium,Support Portal,59.29,False,3,False
TKT00079755,C13862,2025-05-03 09:46:00,2025-05-04 10:28:00.000000000,Feature Request,High,Email,24.7,False,4,False
TKT00059794,C10329,2024-09-04 09:38:00,2024-09-05 05:26:36.000000000,Product Bug,Medium,Chat,19.81,False,3,False
TKT00011839,C01979,2025-08-28 15:28:00,2025-09-01 13:14:48.000000000,Product Bug,Medium,Email,93.78,False,4,False
TKT00061057,C10581,2024-12-16 18:04:00,2024-12-17 13:22:00.000000000,Billing,Medium,Phone,19.3,False,5,False
TKT00088503,C15314,2025-08-09 08:48:00,2025-08-12 17:21:00.000000000,Performance,Medium,Email,80.55,True,3,False
TKT00064135,C11078,2024-09-18 09:20:00,2024-09-19 13:48:48.000000000,Technical Issue,Low,Email,28.48,False,4,False
TKT00003805,C00599,2025-03-20 16:23:00,2025-03-22 10:54:12.000000000,Integration,Medium,Chat,42.52,False,4,False
TKT00073075,C12596,2024-11-30 09:21:00,2024-11-30 22:45:36.000000000,Account Management,Medium,Email,13.41,False,5,False
TKT00096843,C16766,2025-04-15 12:38:00,2025-04-17 14:36:48.000000000,Integration,Medium,Email,49.98,False,4,False
TKT00082367,C14279,2025-04-02 14:38:00,2025-04-03 00:56:00.000000000,Training / Onboarding,Medium,Phone,10.3,False,4,True
TKT00100235,C17367,2025-10-30 13:35:00,2025-11-01 22:53:36.000000000,Billing,Low,Chat,57.31,False,4,False
TKT00021190,C03579,2025-09-19 16:13:00,2025-09-20 20:02:48.000000000,Product Bug,Medium,Support Portal,27.83,False,3,True
TKT00022080,C03716,2025-10-07 09:10:00,2025-10-08 10:45:24.000000000,Integration,High,Support Portal,25.59,False,5,False
TKT00037096,C06334,2024-09-29 10:25:00,2024-10-01 05:26:12.000000000,Technical Issue,Low,Support Portal,43.02,True,3,False
TKT00105149,C18262,2024-09-18 15:23:00,2024-09-19 03:07:24.000000000,Technical Issue,High,Phone,11.74,False,4,False
TKT00065295,C11268,2025-07-31 09:14:00,2025-07-31 23:20:36.000000000,Product Bug,Medium,Phone,14.11,False,4,False
TKT00056652,C09755,2025-04-14 10:24:00,2025-04-15 13:56:24.000000000,Product Bug,Medium,Email,27.54,False,3,False
TKT00079101,C13740,2025-07-31 16:34:00,2025-08-01 15:15:24.000000000,Technical Issue,Medium,Phone,22.69,False,5,False
TKT00101716,C17642,2025-04-28 16:32:00,2025-04-29 22:35:36.000000000,Technical Issue,Medium,Email,30.06,False,4,False
TKT00060747,C10510,2025-02-10 09:51:00,2025-02-12 00:04:48.000000000,Technical Issue,Medium,Chat,38.23,False,5,False
TKT00077239,C13353,2025-09-15 18:46:00,2025-09-15 22:18:24.000000000,Product Bug,Critical,Chat,3.54,True,4,False
TKT00000128,C00012,2025-02-20 14:55:00,2025-02-24 05:36:24.000000000,Technical Issue,Low,Chat,86.69,False,3,False
TKT00025770,C04357,2024-05-20 12:24:00,2024-05-22 07:39:00.000000000,Product Bug,Medium,Chat,43.25,False,3,False
TKT00047052,C08153,2025-02-21 12:45:00,2025-02-21 23:43:48.000000000,Technical Issue,High,Chat,10.98,False,4,False
TKT00007034,C01172,2024-02-27 08:49:00,2024-03-05 01:02:48.000000000,Performance,Low,Chat,160.23,False,4,False
TKT00012388,C02054,2024-10-20 10:20:00,2024-10-21 03:34:23.999999999,Technical Issue,High,Phone,17.24,False,4,False
TKT00040782,C06974,2025-08-30 17:46:00,2025-09-01 12:50:48.000000000,Product Bug,High,Email,43.08,False,4,False
TKT00034291,C05805,2025-12-25 09:43:00,2025-12-27 07:16:36.000000000,Billing,Low,Email,45.56,False,4,False
TKT00054884,C09479,2025-10-14 12:38:00,2025-10-15 10:39:48.000000000,Technical Issue,Low,Support Portal,22.03,False,4,False
TKT00037964,C06503,2024-11-29 09:24:00,2024-11-30 06:15:00.000000000,Training / Onboarding,Medium,Email,20.85,False,5,False
TKT00110108,C19204,2025-10-29 10:01:00,2025-10-30 01:22:00.000000000,Integration,High,Chat,15.35,False,4,False
TKT00059886,C10346,2024-12-13 18:03:00,2024-12-16 09:00:36.000000000,Feature Request,Medium,Chat,62.96,False,5,False
TKT00040016,C06849,2026-01-10 17:35:00,2026-01-12 11:14:00.000000000,Product Bug,Medium,Chat,41.65,False,3,False
TKT00045272,C07830,2025-02-25 11:49:00,2025-02-25 22:38:48.000000000,Technical Issue,High,Support Portal,10.83,False,4,False
TKT00090800,C15709,2024-09-22 11:17:00,2024-09-23 09:53:36.000000000,Technical Issue,Medium,Email,22.61,False,4,False
TKT00075768,C13090,2024-12-09 18:59:00,2024-12-10 06:47:00.000000000,Integration,High,Email,11.8,False,4,True
TKT00049260,C08539,2025-09-03 14:47:00,2025-09-06 12:17:00.000000000,Integration,Medium,Chat,69.5,False,4,False
TKT00019219,C03276,2025-08-18 09:16:00,2025-08-18 17:31:36.000000000,Technical Issue,High,Email,8.26,False,4,False
TKT00031119,C05297,2025-04-15 10:41:00,2025-04-15 19:57:48.000000000,Technical Issue,High,Phone,9.28,False,4,False
TKT00096022,C16615,2025-12-26 08:50:00,2025-12-28 10:53:36.000000000,Training / Onboarding,Low,Phone,50.06,False,4,False
TKT00065976,C11375,2024-10-04 11:25:00,2024-10-05 22:44:12.000000000,Product Bug,Medium,Phone,35.32,False,3,False
TKT00074696,C12880,2025-10-11 17:18:00,2025-10-12 17:30:36.000000000,Technical Issue,Medium,Email,24.21,False,5,False
TKT00109002,C18992,2025-02-27 09:11:00,2025-02-28 11:42:12.000000000,Account Management,Low,Email,26.52,False,5,False
TKT00111175,C19387,2025-10-01 09:00:00,2025-10-02 03:01:48.000000000,Performance,High,Phone,18.03,False,4,False
TKT00004051,C00630,2025-04-03 09:48:00,2025-04-04 21:34:12.000000000,Integration,Medium,Support Portal,35.77,False,4,False
TKT00083587,C14480,2025-10-03 18:00:00,2025-10-06 17:39:36.000000000,Performance,Low,Phone,71.66,False,4,False
TKT00041123,C07038,2025-04-26 11:46:00,2025-04-28 09:20:12.000000000,Performance,Medium,Email,45.57,False,3,False
TKT00087743,C15159,2025-05-20 08:51:00,2025-05-21 21:34:48.000000000,Technical Issue,Medium,Chat,36.73,False,5,False
TKT00027099,C04585,2025-12-12 08:47:00,2025-12-14 00:08:36.000000000,Billing,Medium,Email,39.36,False,5,False
TKT00079534,C13821,2025-10-04 13:03:00,2025-10-08 09:19:48.000000000,Training / Onboarding,Low,Chat,92.28,False,4,False
TKT00073477,C12667,2024-03-12 09:58:00,2024-03-13 06:29:48.000000000,Technical Issue,Medium,Email,20.53,False,4,False
TKT00057856,C10016,2025-10-15 09:11:00,2025-10-17 03:54:48.000000000,Technical Issue,Medium,Phone,42.73,False,4,False
TKT00008589,C01417,2024-09-28 08:28:00,2024-09-29 22:25:36.000000000,Billing,Low,Chat,37.96,False,4,False
TKT00041519,C07120,2025-11-18 10:58:00,2025-11-19 04:13:00.000000000,Account Management,High,Chat,17.25,True,4,False
TKT00016774,C02826,2025-06-06 09:40:00,2025-06-07 08:34:36.000000000,Technical Issue,Medium,Chat,22.91,False,4,False
TKT00039898,C06833,2024-08-17 10:48:00,2024-08-20 20:40:12.000000000,Product Bug,Low,Email,81.87,False,4,False
TKT00071000,C12222,2024-05-22 13:52:00,2024-05-24 04:43:00.000000000,Integration,Medium,Email,38.85,False,5,False
TKT00032170,C05480,2024-12-10 11:29:00,2024-12-11 05:20:36.000000000,Product Bug,High,Support Portal,17.86,False,5,False
TKT00042641,C07338,2025-08-15 10:39:00,2025-08-15 15:10:11.999999999,Technical Issue,Critical,Chat,4.52,False,4,True
TKT00082089,C14231,2025-07-10 18:47:00,2025-07-16 12:26:36.000000000,Integration,Low,Chat,137.66,False,4,False
TKT00088245,C15262,2025-11-08 11:29:00,2025-11-09 03:32:00.000000000,Account Management,Medium,Phone,16.05,False,5,False
TKT00066074,C11393,2025-08-12 09:04:00,2025-08-12 16:01:36.000000000,Training / Onboarding,High,Chat,6.96,False,3,False
TKT00082312,C14275,2025-07-30 17:07:00,2025-08-02 01:49:36.000000000,Product Bug,Low,Phone,56.71,False,4,False
TKT00108933,C18977,2025-09-12 10:52:00,2025-09-13 05:58:36.000000000,Billing,High,Phone,19.11,True,5,False
TKT00059327,C10260,2024-10-31 13:10:00,2024-10-31 15:11:47.999999999,Account Management,Critical,Support Portal,2.03,False,4,False
TKT00009710,C01606,2025-09-27 15:32:00,2025-09-28 15:26:00.000000000,Account Management,Medium,Email,23.9,False,4,False
TKT00082222,C14260,2024-08-13 08:32:00,2024-08-14 22:03:12.000000000,Performance,Medium,Support Portal,37.52,False,4,False
TKT00022963,C03865,2025-11-27 15:30:00,2025-11-29 03:06:36.000000000,Account Management,Low,Support Portal,35.61,False,4,False
TKT00022567,C03786,2025-10-09 17:15:00,2025-10-11 11:24:36.000000000,Technical Issue,Medium,Email,42.16,False,4,False
TKT00048942,C08489,2024-06-10 09:36:00,2024-06-11 10:03:36.000000000,Performance,Medium,Support Portal,24.46,False,4,False
TKT00073373,C12642,2025-01-10 16:44:00,2025-01-11 18:01:24.000000000,Product Bug,High,Email,25.29,False,4,False
TKT00006368,C01044,2025-01-27 13:06:00,2025-02-15 23:43:48.000000000,Feature Request,Low,Email,466.63,False,4,False
TKT00060055,C10382,2025-07-07 11:38:00,2025-07-10 04:41:36.000000000,Performance,Low,Chat,65.06,False,5,False
TKT00020748,C03502,2024-11-16 15:00:00,2024-11-17 10:22:12.000000000,Training / Onboarding,High,Support Portal,19.37,False,4,False
TKT00112888,C19700,2025-07-05 13:24:00,2025-07-06 13:39:36.000000000,Training / Onboarding,Medium,Chat,24.26,False,5,False
TKT00050400,C08727,2025-12-16 09:22:00,2025-12-16 21:26:48.000000000,Technical Issue,High,Email,12.08,False,2,True
TKT00095803,C16582,2025-07-08 10:51:00,2025-07-09 10:18:00.000000000,Product Bug,High,Chat,23.45,False,4,True
TKT00065363,C11275,2026-01-05 17:30:00,2026-01-09 08:37:48.000000000,Performance,Low,Email,87.13,False,4,False
TKT00102262,C17745,2025-10-07 10:55:00,2025-10-07 19:23:12.000000000,Technical Issue,High,Chat,8.47,False,3,False
TKT00085423,C14770,2025-08-12 16:30:00,2025-08-15 07:26:24.000000000,Product Bug,Low,Support Portal,62.94,False,3,False
TKT00087483,C15114,2025-06-20 08:49:00,2025-06-21 19:37:36.000000000,Integration,Medium,Chat,34.81,False,4,False
TKT00076847,C13283,2025-07-06 18:54:00,2025-07-09 00:24:36.000000000,Performance,Medium,Email,53.51,False,4,False
TKT00104911,C18216,2024-08-27 13:01:00,2024-08-28 02:02:12.000000000,Account Management,High,Support Portal,13.02,False,4,False
TKT00098914,C17147,2025-03-01 13:35:00,2025-03-06 00:49:24.000000000,Product Bug,Low,Phone,107.24,False,3,False
TKT00058442,C10101,2025-01-30 09:05:00,2025-01-31 19:31:23.999999999,Product Bug,High,Email,34.44,False,3,True
TKT00109605,C19124,2025-08-07 10:37:00,2025-08-09 01:10:36.000000000,Training / Onboarding,Medium,Support Portal,38.56,False,4,False
TKT00036616,C06237,2025-08-03 12:48:00,2025-08-04 10:49:12.000000000,Performance,Medium,Chat,22.02,False,5,False
TKT00033334,C05664,2024-10-06 13:56:00,2024-10-07 16:57:48.000000000,Technical Issue,Medium,Support Portal,27.03,False,5,False
TKT00038422,C06570,2025-07-16 11:02:00,2025-07-16 18:44:00.000000000,Account Management,High,Email,7.7,False,5,False
TKT00092963,C16118,2024-04-13 17:04:00,2024-04-14 22:35:48.000000000,Integration,Medium,Phone,29.53,True,3,False
TKT00029728,C05056,2025-03-23 15:43:00,2025-03-24 15:21:24.000000000,Performance,High,Chat,23.64,False,3,False
TKT00064846,C11195,2025-07-07 17:11:00,2025-07-07 23:30:12.000000000,Product Bug,High,Email,6.32,False,4,False
TKT00053729,C09258,2025-10-18 15:11:00,2025-10-20 03:00:48.000000000,Account Management,High,Email,35.83,False,5,False
TKT00034441,C05831,2024-12-21 10:28:00,2024-12-22 15:01:36.000000000,Product Bug,Medium,Email,28.56,False,4,False
TKT00028451,C04831,2025-05-14 14:54:00,2025-05-15 10:32:24.000000000,Technical Issue,High,Email,19.64,False,3,False
TKT00081275,C14117,2025-06-18 09:37:00,2025-06-18 22:38:12.000000000,Billing,High,Phone,13.02,False,4,True
TKT00039086,C06690,2025-10-14 17:27:00,2025-10-15 06:11:24.000000000,Billing,High,Phone,12.74,False,5,False
TKT00092763,C16076,2025-04-14 13:56:00,2025-04-17 04:51:12.000000000,Integration,Low,Email,62.92,False,4,False
TKT00042498,C07317,2025-03-28 09:31:00,2025-03-29 11:11:48.000000000,Product Bug,Medium,Chat,25.68,False,4,False
TKT00066454,C11463,2024-08-26 16:55:00,2024-08-27 03:12:24.000000000,Billing,Medium,Phone,10.29,False,4,False
TKT00060155,C10401,2025-02-23 18:58:00,2025-02-24 03:44:12.000000000,Training / Onboarding,High,Phone,8.77,False,4,True
TKT00107524,C18710,2025-09-13 10:33:00,2025-09-14 16:03:36.000000000,Account Management,Medium,Phone,29.51,False,5,False
TKT00003510,C00546,2024-09-24 15:20:00,2024-09-29 01:11:00.000000000,Integration,Low,Chat,105.85,False,3,False
TKT00089887,C15549,2025-06-25 10:53:00,2025-06-25 23:36:48.000000000,Technical Issue,Medium,Chat,12.73,False,4,False
TKT00024211,C04083,2025-10-13 18:09:00,2025-10-14 05:12:36.000000000,Training / Onboarding,High,Support Portal,11.06,False,3,True
TKT00040247,C06890,2025-09-04 14:21:00,2025-09-05 21:15:36.000000000,Product Bug,Medium,Chat,30.91,False,5,False
TKT00079957,C13894,2024-05-06 16:22:00,2024-05-08 01:26:12.000000000,Account Management,Low,Support Portal,33.07,False,4,False
TKT00090563,C15670,2026-01-07 09:53:00,2026-01-08 13:18:48.000000000,Technical Issue,Medium,Email,27.43,False,4,False
TKT00097386,C16849,2025-11-26 10:11:00,2025-11-28 03:35:00.000000000,Account Management,Medium,Email,41.4,False,4,False
TKT00076523,C13232,2024-09-10 15:32:00,2024-09-13 19:59:00.000000000,Feature Request,Medium,Chat,76.45,False,3,False
TKT00097529,C16878,2026-01-01 08:35:00,2026-01-02 13:08:36.000000000,Technical Issue,Medium,Chat,28.56,False,4,False
TKT00047422,C08217,2024-06-23 10:01:00,2024-06-24 15:49:36.000000000,Integration,Medium,Support Portal,29.81,False,5,False
TKT00052549,C09080,2025-09-04 10:33:00,2025-09-05 11:34:12.000000000,Account Management,Medium,Support Portal,25.02,False,5,False
TKT00021288,C03595,2025-01-18 16:27:00,2025-01-19 15:09:36.000000000,Product Bug,High,Support Portal,22.71,True,5,False
TKT00034508,C05837,2025-12-19 18:42:00,2025-12-20 02:10:12.000000000,Performance,Critical,Chat,7.47,False,5,False
TKT00048159,C08347,2025-03-11 14:10:00,2025-03-13 12:19:36.000000000,Product Bug,High,Email,46.16,True,4,False
TKT00015880,C02687,2024-03-22 14:32:00,2024-03-23 23:29:36.000000000,Account Management,Medium,Support Portal,32.96,False,4,False
TKT00023723,C03994,2025-01-26 18:20:00,2025-01-30 09:56:00.000000000,Integration,Medium,Email,87.6,False,4,False
TKT00105625,C18359,2025-05-30 15:49:00,2025-06-01 15:52:36.000000000,Performance,Low,Phone,48.06,False,5,False
TKT00040251,C06891,2025-01-31 09:45:00,2025-02-01 00:23:24.000000000,Account Management,High,Chat,14.64,False,4,False
TKT00043037,C07430,2024-11-04 14:39:00,2024-11-05 10:51:36.000000000,Technical Issue,High,Chat,20.21,False,5,False
TKT00023524,C03955,2025-04-16 12:56:00,2025-04-17 19:24:12.000000000,Product Bug,Medium,Support Portal,30.47,False,4,False
TKT00055118,C09505,2025-09-17 18:02:00,2025-09-20 03:54:12.000000000,Technical Issue,Low,Support Portal,57.87,False,4,False
TKT00113644,C19827,2025-11-27 12:43:00,2025-11-28 09:50:12.000000000,Technical Issue,Medium,Chat,21.12,False,4,False
TKT00014274,C02387,2025-08-16 14:16:00,2025-08-17 13:20:48.000000000,Performance,Medium,Chat,23.08,False,4,False
TKT00089550,C15487,2025-02-25 14:26:00,2025-02-26 16:13:24.000000000,Integration,Medium,Chat,25.79,False,5,False
TKT00057605,C09953,2025-04-13 10:19:00,2025-04-14 01:54:24.000000000,Product Bug,Medium,Support Portal,15.59,False,4,False
TKT00041701,C07163,2024-01-22 12:33:00,2024-01-25 09:35:24.000000000,Technical Issue,Medium,Chat,69.04,False,4,False
TKT00046713,C08076,2025-05-01 08:55:00,2025-05-01 15:21:24.000000000,Performance,Critical,Support Portal,6.44,False,4,True
TKT00054534,C09398,2025-09-27 15:57:00,2025-09-28 17:11:24.000000000,Product Bug,Medium,Phone,25.24,False,4,True
TKT00100618,C17453,2025-12-27 08:26:00,2025-12-29 00:23:00.000000000,Performance,Medium,Email,39.95,False,4,False
TKT00013397,C02225,2025-07-08 18:55:00,2025-07-09 02:10:00.000000000,Technical Issue,High,Email,7.25,False,4,False
TKT00016959,C02859,2025-05-17 08:15:00,2025-05-20 00:34:11.999999999,Performance,Low,Email,64.32,False,5,False
TKT00049082,C08510,2025-02-28 14:12:00,2025-02-28 22:29:23.999999999,Technical Issue,High,Chat,8.29,False,3,False
TKT00113209,C19755,2025-07-01 16:37:00,2025-07-02 13:56:12.000000000,Training / Onboarding,Medium,Chat,21.32,False,4,False
TKT00021352,C03599,2025-12-02 09:02:00,2025-12-03 03:10:59.999999999,Technical Issue,Medium,Chat,18.15,True,4,False
TKT00061668,C10685,2025-03-02 15:13:00,2025-03-03 12:28:36.000000000,Technical Issue,Medium,Phone,21.26,False,3,False
TKT00096135,C16638,2025-08-21 18:57:00,2025-08-22 04:09:36.000000000,Product Bug,High,Email,9.21,False,4,False
TKT00001842,C00320,2024-11-23 13:56:00,2024-11-24 10:32:36.000000000,Account Management,Medium,Support Portal,20.61,True,3,False
TKT00029407,C05004,2025-05-02 16:12:00,2025-05-04 03:25:47.999999999,Integration,Medium,Chat,35.23,False,5,False
TKT00067953,C11720,2026-01-05 17:17:00,2026-01-06 17:24:48.000000000,Technical Issue,Medium,Phone,24.13,False,2,True
TKT00093352,C16180,2025-08-26 11:51:00,2025-08-26 18:55:48.000000000,Billing,High,Support Portal,7.08,False,4,False
TKT00054874,C09473,2025-10-24 16:38:00,2025-10-25 13:30:12.000000000,Billing,Medium,Email,20.87,False,4,False
TKT00078334,C13565,2025-03-29 08:06:00,2025-04-03 05:07:48.000000000,Integration,Low,Chat,117.03,False,4,False
TKT00074841,C12906,2025-10-16 15:33:00,2025-10-17 16:24:36.000000000,Integration,High,Chat,24.86,False,3,True
TKT00020859,C03521,2025-01-03 11:07:00,2025-01-05 06:14:12.000000000,Billing,Low,Support Portal,43.12,False,4,False
TKT00046051,C07968,2025-12-02 11:01:00,2025-12-02 20:37:00.000000000,Billing,Medium,Email,9.6,False,5,True
TKT00017352,C02952,2024-07-26 12:16:00,2024-07-27 13:07:00.000000000,Technical Issue,Medium,Chat,24.85,False,4,False
TKT00100054,C17327,2025-02-27 12:39:00,2025-02-28 18:36:36.000000000,Training / Onboarding,Low,Chat,29.96,False,3,True
TKT00084025,C14536,2024-10-09 09:34:00,2024-10-12 04:13:36.000000000,Technical Issue,Medium,Chat,66.66,False,2,False
TKT00076414,C13204,2025-08-06 17:49:00,2025-08-10 14:58:36.000000000,Technical Issue,Low,Chat,93.16,False,4,False
TKT00021570,C03629,2024-12-26 12:49:00,2024-12-27 12:33:24.000000000,Product Bug,Medium,Support Portal,23.74,False,4,False
TKT00091351,C15816,2025-05-08 10:01:00,2025-05-09 04:23:48.000000000,Technical Issue,Medium,Email,18.38,False,5,False
TKT00051879,C08979,2025-11-27 16:28:00,2025-11-28 15:32:48.000000000,Technical Issue,Medium,Email,23.08,False,3,False
TKT00003735,C00591,2025-12-06 15:41:00,2025-12-07 13:13:24.000000000,Performance,Medium,Chat,21.54,False,4,False
TKT00003496,C00543,2024-04-24 14:54:00,2024-04-25 07:52:11.999999999,Billing,High,Chat,16.97,False,5,True
TKT00061943,C10729,2024-05-04 11:14:00,2024-05-07 07:22:24.000000000,Integration,Medium,Phone,68.14,False,5,False
TKT00037609,C06434,2025-10-25 09:13:00,2025-10-26 01:46:35.999999999,Product Bug,High,Chat,16.56,False,5,False
TKT00004218,C00674,2024-10-22 16:19:00,2024-10-22 18:45:24.000000000,Account Management,Critical,Phone,2.44,False,4,True
TKT00046735,C08078,2025-12-10 15:04:00,2025-12-13 18:55:36.000000000,Technical Issue,Low,Chat,75.86,False,3,False
TKT00046891,C08123,2025-12-31 11:08:00,2025-12-31 14:51:48.000000000,Product Bug,Critical,Phone,3.73,True,3,False
TKT00059582,C10301,2024-01-22 10:23:00,2024-01-23 09:35:36.000000000,Account Management,Medium,Support Portal,23.21,False,5,False
TKT00103859,C17998,2024-11-19 11:09:00,2024-11-20 18:55:12.000000000,Product Bug,Medium,Chat,31.77,False,5,False
TKT00101773,C17657,2024-11-08 14:54:00,2024-11-11 01:45:36.000000000,Integration,Medium,Phone,58.86,False,4,False
TKT00059704,C10314,2025-07-21 12:48:00,2025-07-22 18:59:24.000000000,Technical Issue,Medium,Support Portal,30.19,False,4,False
TKT00098560,C17095,2025-02-26 13:33:00,2025-03-02 00:45:00.000000000,Technical Issue,Low,Phone,83.2,False,3,False
TKT00049473,C08570,2025-12-11 11:09:00,2025-12-12 07:34:48.000000000,Account Management,Medium,Support Portal,20.43,False,4,False
TKT00042568,C07329,2025-02-03 17:08:00,2025-02-05 03:47:00.000000000,Performance,Medium,Email,34.65,False,4,False
TKT00109424,C19080,2025-03-21 16:30:00,2025-03-22 23:45:36.000000000,Product Bug,Medium,Chat,31.26,False,5,False
TKT00049130,C08519,2025-09-02 09:07:00,2025-09-02 12:10:36.000000000,Technical Issue,Critical,Phone,3.06,False,4,False
TKT00018338,C03099,2025-07-06 09:53:00,2025-07-06 18:45:48.000000000,Technical Issue,High,Chat,8.88,False,5,False
TKT00061125,C10595,2025-09-07 18:45:00,2025-09-08 11:13:11.999999999,Performance,High,Phone,16.47,False,4,False
TKT00065169,C11254,2025-08-26 16:15:00,2025-08-29 22:25:12.000000000,Integration,Low,Email,78.17,False,4,False
TKT00010103,C01672,2026-01-08 10:55:00,2026-01-08 21:25:00.000000000,Integration,High,Support Portal,10.5,False,5,False
TKT00106247,C18479,2025-03-28 17:56:00,2025-03-29 20:42:48.000000000,Product Bug,Low,Support Portal,26.78,False,3,False
TKT00020173,C03411,2024-08-19 14:48:00,2024-08-20 21:13:12.000000000,Technical Issue,High,Email,30.42,False,4,False
TKT00082230,C14260,2025-03-17 16:52:00,2025-03-19 10:22:36.000000000,Integration,Medium,Phone,41.51,False,4,False
TKT00002745,C00442,2025-12-17 13:33:00,2025-12-18 00:31:48.000000000,Technical Issue,High,Email,10.98,False,4,False
TKT00024019,C04051,2025-02-21 16:16:00,2025-02-23 01:01:00.000000000,Billing,Medium,Phone,32.75,False,4,False
TKT00111062,C19357,2025-06-08 18:36:00,2025-06-09 16:32:24.000000000,Integration,Medium,Email,21.94,False,4,False
TKT00085386,C14756,2024-12-21 11:47:00,2024-12-26 00:48:48.000000000,Feature Request,Medium,Chat,109.03,False,3,False
TKT00087308,C15095,2025-10-04 09:54:00,2025-10-05 08:01:48.000000000,Billing,Low,Chat,22.13,False,5,False
TKT00049673,C08607,2025-11-04 08:19:00,2025-11-04 17:15:59.999999999,Feature Request,Critical,Email,8.95,False,4,False
TKT00067020,C11552,2025-08-24 14:05:00,2025-08-25 00:14:00.000000000,Product Bug,High,Email,10.15,False,4,False
TKT00065258,C11267,2024-06-05 18:17:00,2024-06-07 19:47:36.000000000,Product Bug,Medium,Chat,49.51,False,4,False
TKT00023662,C03976,2025-07-18 08:40:00,2025-07-25 12:50:12.000000000,Technical Issue,Low,Phone,172.17,False,3,False
TKT00036267,C06167,2025-10-06 13:36:00,2025-10-07 08:41:24.000000000,Integration,High,Email,19.09,False,4,False
TKT00036876,C06288,2026-01-09 09:55:00,2026-01-09 21:13:36.000000000,Training / Onboarding,High,Email,11.31,False,4,False
TKT00081229,C14110,2025-12-28 17:05:00,2025-12-30 01:38:36.000000000,Technical Issue,Medium,Email,32.56,False,3,False
TKT00006696,C01094,2026-01-11 08:35:00,2026-01-14 16:38:00.000000000,Training / Onboarding,Low,Chat,80.05,False,4,False
TKT00085101,C14724,2025-04-25 15:21:00,2025-04-26 06:23:24.000000000,Technical Issue,Medium,Support Portal,15.04,False,4,False
TKT00038848,C06635,2025-11-11 17:11:00,2025-11-11 21:53:36.000000000,Technical Issue,Critical,Email,4.71,False,3,True
TKT00010724,C01784,2025-05-02 08:04:00,2025-05-02 16:52:00.000000000,Technical Issue,High,Phone,8.8,False,3,False
TKT00099382,C17218,2024-08-14 10:36:00,2024-08-15 09:19:48.000000000,Integration,High,Email,22.73,False,4,False
TKT00076190,C13171,2025-05-24 15:50:00,2025-05-25 03:25:24.000000000,Performance,High,Chat,11.59,False,4,True
TKT00011193,C01867,2024-12-23 08:58:00,2024-12-24 08:17:12.000000000,Technical Issue,High,Email,23.32,False,4,False
TKT00014138,C02360,2025-06-26 12:04:00,2025-06-27 13:04:00.000000000,Billing,Medium,Chat,25.0,False,3,False
TKT00083752,C14504,2025-02-18 18:48:00,2025-02-19 07:54:36.000000000,Account Management,High,Support Portal,13.11,True,4,False
TKT00095131,C16442,2025-01-04 12:00:00,2025-01-06 17:07:48.000000000,Technical Issue,Low,Phone,53.13,False,3,False
TKT00111253,C19402,2024-11-29 11:58:00,2024-12-01 03:28:00.000000000,Performance,Medium,Support Portal,39.5,False,4,False
TKT00095065,C16438,2024-03-13 14:21:00,2024-03-15 02:57:00.000000000,Technical Issue,Low,Chat,36.6,False,3,False
TKT00105412,C18311,2025-05-02 16:22:00,2025-05-15 12:38:12.000000000,Feature Request,Low,Phone,308.27,False,4,False
TKT00020623,C03493,2025-01-18 18:06:00,2025-01-19 05:12:00.000000000,Billing,High,Support Portal,11.1,False,5,False
TKT00012749,C02116,2025-07-19 16:47:00,2025-07-20 04:06:48.000000000,Product Bug,High,Chat,11.33,False,4,True
TKT00097438,C16861,2025-03-06 15:23:00,2025-03-08 07:10:24.000000000,Integration,Medium,Phone,39.79,False,4,False
TKT00062297,C10785,2024-11-05 17:35:00,2024-11-06 19:09:48.000000000,Product Bug,Medium,Email,25.58,False,5,False
TKT00001220,C00204,2025-06-27 16:59:00,2025-07-01 06:53:00.000000000,Product Bug,Low,Chat,85.9,False,4,False
TKT00055065,C09499,2025-03-27 08:20:00,2025-03-28 10:32:36.000000000,Training / Onboarding,High,Chat,26.21,False,5,False
TKT00078613,C13613,2024-06-03 16:34:00,2024-06-03 23:08:48.000000000,Account Management,High,Phone,6.58,True,4,False
TKT00044948,C07764,2025-01-25 11:03:00,2025-01-26 19:10:11.999999999,Integration,Low,Email,32.12,False,4,False
TKT00014187,C02375,2024-11-18 10:36:00,2024-11-27 04:27:36.000000000,Product Bug,Low,Email,209.86,False,3,False
TKT00052724,C09109,2024-04-05 15:32:00,2024-04-07 01:32:36.000000000,Feature Request,High,Email,34.01,False,4,True
TKT00104038,C18049,2025-12-03 18:43:00,2025-12-05 12:16:00.000000000,Product Bug,Low,Email,41.55,False,4,False
TKT00009987,C01662,2024-08-28 14:38:00,2024-08-29 11:42:48.000000000,Billing,Low,Support Portal,21.08,False,4,False
TKT00081794,C14182,2025-12-12 11:24:00,2025-12-14 09:01:12.000000000,Performance,Medium,Email,45.62,False,4,False
TKT00074904,C12916,2024-10-07 18:19:00,2024-10-12 01:37:00.000000000,Product Bug,Low,Chat,103.3,False,4,False
TKT00058588,C10131,2025-03-15 09:45:00,2025-03-15 18:44:24.000000000,Account Management,High,Phone,8.99,False,4,False
TKT00091060,C15759,2025-07-31 13:34:00,2025-08-02 06:39:24.000000000,Technical Issue,High,Email,41.09,False,3,True
TKT00089795,C15526,2025-01-13 17:10:00,2025-01-13 21:44:12.000000000,Technical Issue,Critical,Email,4.57,False,4,False
TKT00100246,C17368,2025-06-18 08:01:00,2025-06-18 20:35:12.000000000,Integration,Medium,Email,12.57,False,5,False
TKT00041056,C07026,2025-08-08 16:31:00,2025-08-10 20:32:12.000000000,Product Bug,Medium,Support Portal,52.02,False,5,False
TKT00059829,C10334,2025-09-12 17:00:00,2025-09-15 02:10:48.000000000,Performance,Medium,Support Portal,57.18,False,3,False
TKT00015088,C02526,2024-05-11 11:31:00,2024-05-14 02:56:12.000000000,Integration,Low,Chat,63.42,False,3,False
TKT00110547,C19276,2025-04-27 08:33:00,2025-04-28 08:32:24.000000000,Product Bug,Medium,Support Portal,23.99,False,4,False
TKT00020946,C03529,2025-12-08 12:36:00,2025-12-09 07:40:12.000000000,Account Management,High,Chat,19.07,False,3,False
TKT00026281,C04437,2025-11-21 12:18:00,2025-11-23 02:44:24.000000000,Account Management,Low,Support Portal,38.44,False,4,False
TKT00035957,C06102,2025-02-26 13:04:00,2025-03-04 22:49:00.000000000,Feature Request,Low,Chat,153.75,False,4,False
TKT00051589,C08940,2024-08-28 12:22:00,2024-08-29 06:28:36.000000000,Technical Issue,High,Support Portal,18.11,False,3,True
TKT00111159,C19380,2025-10-27 15:16:00,2025-10-28 00:42:24.000000000,Account Management,High,Phone,9.44,True,4,False
TKT00101477,C17613,2025-08-18 18:34:00,2025-08-19 14:36:24.000000000,Technical Issue,Medium,Email,20.04,False,4,False
TKT00002440,C00398,2025-07-29 12:02:00,2025-07-31 08:13:24.000000000,Integration,High,Email,44.19,False,5,False
TKT00062879,C10880,2025-04-19 17:10:00,2025-04-21 04:58:36.000000000,Technical Issue,Medium,Chat,35.81,False,4,False
TKT00001816,C00318,2024-10-24 17:20:00,2024-10-25 16:58:24.000000000,Performance,High,Support Portal,23.64,False,4,False
TKT00061037,C10579,2025-04-23 10:12:00,2025-04-25 09:47:24.000000000,Product Bug,Medium,Email,47.59,False,3,False
TKT00037802,C06470,2024-12-01 08:21:00,2024-12-02 07:36:00.000000000,Performance,High,Support Portal,23.25,True,5,False
TKT00106155,C18465,2024-10-09 11:36:00,2024-10-10 16:02:24.000000000,Account Management,High,Support Portal,28.44,False,4,False
TKT00034141,C05779,2024-11-18 14:14:00,2024-11-19 03:51:12.000000000,Training / Onboarding,Medium,Chat,13.62,False,4,True
TKT00041609,C07143,2025-06-12 14:39:00,2025-06-13 17:33:36.000000000,Technical Issue,Medium,Phone,26.91,False,4,False
TKT00077031,C13315,2024-09-13 08:41:00,2024-09-21 15:56:36.000000000,Integration,Low,Chat,199.26,False,3,True
TKT00014107,C02348,2025-02-05 10:40:00,2025-02-05 19:48:24.000000000,Training / Onboarding,Critical,Support Portal,9.14,True,4,False
TKT00055126,C09507,2025-09-17 17:04:00,2025-09-18 08:21:24.000000000,Account Management,Medium,Phone,15.29,False,3,False
TKT00063620,C10990,2024-11-26 17:49:00,2024-11-27 17:25:00.000000000,Billing,High,Phone,23.6,False,4,False
TKT00080160,C13938,2024-11-30 15:23:00,2024-12-02 09:57:12.000000000,Feature Request,Medium,Phone,42.57,False,5,False
TKT00067857,C11700,2024-06-29 17:48:00,2024-06-30 16:08:24.000000000,Technical Issue,Medium,Chat,22.34,False,4,False
TKT00077207,C13350,2025-08-26 11:11:00,2025-08-27 20:57:12.000000000,Account Management,Low,Phone,33.77,False,3,False
TKT00048712,C08447,2025-04-19 08:59:00,2025-04-21 04:27:12.000000000,Integration,Medium,Support Portal,43.47,False,4,False
TKT00041268,C07074,2024-04-23 15:40:00,2024-04-25 12:15:24.000000000,Billing,Low,Email,44.59,False,3,False
TKT00062166,C10764,2025-08-06 16:45:00,2025-08-07 01:45:36.000000000,Account Management,Medium,Phone,9.01,False,3,False
TKT00032930,C05607,2024-12-29 08:45:00,2024-12-29 13:29:24.000000000,Technical Issue,Critical,Phone,4.74,False,3,True
TKT00041319,C07089,2025-03-23 13:27:00,2025-03-24 05:57:00.000000000,Integration,Medium,Support Portal,16.5,False,3,False
TKT00039403,C06745,2025-03-16 12:40:00,2025-03-18 01:19:00.000000000,Feature Request,High,Support Portal,36.65,False,5,False
TKT00026262,C04434,2024-05-24 09:50:00,2024-05-27 02:27:47.999999999,Account Management,Low,Email,64.63,False,4,False
TKT00074810,C12906,2024-08-16 13:08:00,2024-08-16 21:12:48.000000000,Technical Issue,High,Email,8.08,False,4,False
TKT00091880,C15926,2025-12-24 09:30:00,2025-12-25 21:09:35.999999999,Account Management,Low,Chat,35.66,False,4,False
TKT00053698,C09257,2025-01-25 14:27:00,2025-01-26 21:07:12.000000000,Billing,Low,Chat,30.67,False,3,False
TKT00082131,C14233,2025-10-13 14:22:00,2025-10-15 16:40:00.000000000,Technical Issue,Medium,Support Portal,50.3,False,4,False
TKT00071337,C12265,2025-07-03 17:29:00,2025-07-05 19:31:24.000000000,Integration,Medium,Chat,50.04,False,3,False
TKT00094851,C16407,2024-09-22 08:42:00,2024-09-25 02:23:24.000000000,Performance,Medium,Chat,65.69,False,4,False
TKT00009701,C01604,2025-07-05 17:13:00,2025-07-06 22:41:12.000000000,Product Bug,Medium,Chat,29.47,False,4,False
TKT00094657,C16379,2024-12-17 16:04:00,2024-12-20 18:54:24.000000000,Technical Issue,Low,Phone,74.84,False,5,False
TKT00015628,C02639,2025-05-11 15:06:00,2025-05-12 20:43:48.000000000,Technical Issue,Medium,Email,29.63,False,4,False
TKT00047986,C08312,2025-08-07 18:33:00,2025-08-08 21:36:36.000000000,Training / Onboarding,Medium,Phone,27.06,False,4,False
TKT00100322,C17379,2024-10-14 09:32:00,2024-10-14 21:30:48.000000000,Integration,High,Support Portal,11.98,False,4,False
TKT00085222,C14743,2025-02-09 15:01:00,2025-02-11 19:14:48.000000000,Technical Issue,Medium,Phone,52.23,False,3,False
TKT00093958,C16272,2025-05-02 16:13:00,2025-05-04 01:28:00.000000000,Training / Onboarding,Low,Phone,33.25,False,5,False
TKT00098059,C16979,2025-08-06 15:03:00,2025-08-12 23:42:36.000000000,Feature Request,Low,Chat,152.66,False,4,False
TKT00049658,C08605,2025-03-20 11:15:00,2025-03-23 21:00:00.000000000,Product Bug,Low,Phone,81.75,False,5,False
TKT00008971,C01494,2024-03-20 15:13:00,2024-03-22 02:28:00.000000000,Integration,Medium,Email,35.25,False,4,False
TKT00088856,C15371,2024-09-14 10:40:00,2024-09-14 14:13:36.000000000,Technical Issue,Critical,Chat,3.56,False,4,True
TKT00004233,C00676,2024-12-11 16:58:00,2024-12-14 16:23:48.000000000,Integration,Low,Chat,71.43,False,3,False
TKT00091867,C15924,2025-08-08 13:45:00,2025-08-09 09:18:00.000000000,Product Bug,High,Phone,19.55,False,3,False
TKT00071300,C12261,2025-08-17 15:48:00,2025-08-18 23:37:12.000000000,Technical Issue,Medium,Phone,31.82,False,4,False
TKT00022307,C03751,2024-10-24 12:16:00,2024-10-25 12:01:36.000000000,Performance,Medium,Support Portal,23.76,False,4,False
TKT00028013,C04769,2025-09-13 14:57:00,2025-09-13 23:30:36.000000000,Billing,High,Chat,8.56,False,5,False
TKT00070114,C12068,2025-01-03 09:21:00,2025-01-03 23:05:24.000000000,Account Management,Medium,Email,13.74,False,4,False
TKT00079326,C13782,2025-08-02 13:16:00,2025-08-03 15:17:48.000000000,Performance,High,Phone,26.03,False,4,False
TKT00015935,C02696,2025-02-04 12:25:00,2025-02-05 05:27:24.000000000,Performance,High,Support Portal,17.04,True,3,False
TKT00002232,C00362,2025-06-10 18:57:00,2025-06-12 02:35:24.000000000,Technical Issue,Low,Email,31.64,False,5,False
TKT00037974,C06505,2025-12-25 15:07:00,2025-12-26 16:44:48.000000000,Integration,Medium,Chat,25.63,False,5,False
TKT00099755,C17283,2025-03-21 15:26:00,2025-03-22 02:47:36.000000000,Billing,Medium,Email,11.36,True,4,False
TKT00083480,C14459,2024-10-06 18:42:00,2024-10-08 08:40:12.000000000,Technical Issue,Low,Email,37.97,False,4,False
TKT00026474,C04472,2025-10-14 13:10:00,2025-10-16 08:07:36.000000000,Billing,Medium,Chat,42.96,False,4,False
TKT00069675,C12013,2025-01-17 10:31:00,2025-01-18 02:41:48.000000000,Training / Onboarding,High,Phone,16.18,False,5,False
TKT00061828,C10707,2025-10-25 18:42:00,2025-10-27 06:38:23.999999999,Performance,Medium,Phone,35.94,False,5,False
TKT00079164,C13751,2025-11-27 12:46:00,2025-11-30 09:44:12.000000000,Feature Request,Medium,Phone,68.97,False,3,False
TKT00020809,C03509,2025-04-29 17:58:00,2025-04-29 22:45:24.000000000,Integration,Critical,Chat,4.79,True,2,True
TKT00032395,C05519,2025-05-06 15:39:00,2025-05-10 21:31:12.000000000,Product Bug,Medium,Chat,101.87,False,3,False
TKT00033505,C05676,2025-08-11 16:16:00,2025-08-17 06:40:36.000000000,Feature Request,Low,Email,134.41,False,3,False
TKT00018063,C03058,2025-01-23 10:55:00,2025-01-26 05:35:48.000000000,Feature Request,Medium,Support Portal,66.68,False,4,False
TKT00111969,C19508,2024-09-08 18:37:00,2024-09-09 15:07:00.000000000,Product Bug,High,Phone,20.5,False,5,False
TKT00043645,C07551,2025-05-11 18:13:00,2025-05-14 23:59:12.000000000,Feature Request,High,Email,77.77,True,3,False
TKT00072488,C12478,2024-12-25 15:34:00,2024-12-26 20:59:12.000000000,Product Bug,Medium,Email,29.42,False,4,False
TKT00104487,C18115,2026-01-09 12:41:00,2026-01-19 20:57:48.000000000,Integration,Low,Chat,248.28,False,4,False
TKT00099528,C17244,2025-11-02 18:05:00,2025-11-04 05:23:36.000000000,Performance,Medium,Support Portal,35.31,False,4,False
TKT00010050,C01666,2025-10-26 11:33:00,2025-10-26 23:10:48.000000000,Technical Issue,High,Chat,11.63,False,4,False
TKT00073201,C12608,2024-07-24 18:07:00,2024-07-27 06:13:36.000000000,Product Bug,Medium,Support Portal,60.11,False,4,False
TKT00088012,C15213,2025-08-04 10:10:00,2025-08-05 11:19:36.000000000,Product Bug,Medium,Chat,25.16,False,4,False
TKT00054348,C09370,2024-12-20 17:13:00,2024-12-21 04:38:12.000000000,Account Management,High,Email,11.42,True,4,False
TKT00010759,C01788,2025-12-22 15:47:00,2025-12-23 01:11:00.000000000,Billing,High,Email,9.4,True,3,True
TKT00088656,C15339,2024-12-19 17:43:00,2024-12-20 11:51:59.999999999,Technical Issue,Medium,Support Portal,18.15,False,3,False
TKT00015273,C02563,2025-11-15 11:10:00,2025-11-15 22:11:48.000000000,Product Bug,Critical,Chat,11.03,False,4,False
TKT00093703,C16236,2025-08-19 15:11:00,2025-08-22 04:00:12.000000000,Technical Issue,Low,Email,60.82,False,4,False
TKT00025489,C04310,2025-02-10 14:57:00,2025-02-12 05:20:24.000000000,Billing,Medium,Email,38.39,False,4,False
TKT00082718,C14343,2025-08-10 17:39:00,2025-08-11 06:37:48.000000000,Technical Issue,High,Email,12.98,False,3,False
TKT00020205,C03417,2025-02-20 16:58:00,2025-02-21 15:30:24.000000000,Integration,High,Phone,22.54,False,5,False
TKT00045403,C07862,2024-01-17 17:28:00,2024-01-19 09:25:36.000000000,Integration,Medium,Email,39.96,False,4,False
TKT00072764,C12528,2025-06-22 11:14:00,2025-06-25 10:53:00.000000000,Integration,Low,Phone,71.65,False,5,False
TKT00062915,C10884,2024-09-26 11:44:00,2024-09-27 00:08:36.000000000,Performance,High,Phone,12.41,True,3,True
TKT00024805,C04185,2025-09-03 17:57:00,2025-09-04 09:57:36.000000000,Billing,Medium,Email,16.01,False,5,False
TKT00011266,C01875,2025-12-18 10:28:00,2025-12-18 12:52:36.000000000,Technical Issue,Critical,Phone,2.41,True,4,False
TKT00068366,C11795,2026-01-10 12:29:00,2026-01-10 23:27:12.000000000,Account Management,High,Email,10.97,False,5,False
TKT00049733,C08616,2025-08-10 14:15:00,2025-08-12 03:24:00.000000000,Performance,Medium,Chat,37.15,False,4,False
TKT00041672,C07154,2025-12-09 11:02:00,2025-12-12 23:20:36.000000000,Product Bug,Low,Email,84.31,True,4,False
TKT00074133,C12777,2025-02-16 17:18:00,2025-02-18 06:01:12.000000000,Product Bug,Medium,Email,36.72,False,4,False
TKT00097615,C16895,2025-05-06 15:47:00,2025-05-10 05:50:36.000000000,Product Bug,Low,Support Portal,86.06,False,3,False
TKT00091021,C15745,2025-09-08 18:14:00,2025-09-11 06:44:36.000000000,Technical Issue,Medium,Phone,60.51,True,3,False
TKT00002321,C00386,2025-03-28 11:51:00,2025-03-30 05:35:24.000000000,Technical Issue,Low,Phone,41.74,False,4,False
TKT00067653,C11667,2025-08-01 18:29:00,2025-08-03 20:48:48.000000000,Performance,Medium,Chat,50.33,False,4,False
TKT00071561,C12296,2024-11-22 13:38:00,2024-11-25 00:12:12.000000000,Integration,Low,Support Portal,58.57,False,4,False
TKT00033443,C05672,2025-10-05 12:52:00,2025-10-05 19:12:24.000000000,Performance,Critical,Email,6.34,False,3,True
TKT00051519,C08925,2026-01-04 17:02:00,2026-01-05 21:18:48.000000000,Product Bug,High,Phone,28.28,False,3,False
TKT00027889,C04737,2025-12-17 14:10:00,2025-12-18 03:08:48.000000000,Account Management,High,Chat,12.98,False,4,True
TKT00018912,C03223,2025-01-18 18:00:00,2025-01-19 12:15:00.000000000,Performance,High,Chat,18.25,True,3,False
TKT00113517,C19812,2025-12-31 09:31:00,2026-01-01 03:31:00.000000000,Training / Onboarding,High,Phone,18.0,False,4,False
TKT00104303,C18081,2025-08-22 15:39:00,2025-08-23 05:27:00.000000000,Product Bug,High,Support Portal,13.8,False,4,False
TKT00035055,C05922,2025-09-21 10:47:00,2025-09-22 13:45:48.000000000,Technical Issue,Medium,Support Portal,26.98,False,4,False
TKT00114715,C19992,2025-08-17 14:05:00,2025-08-19 15:05:36.000000000,Product Bug,Low,Support Portal,49.01,False,3,False
TKT00085774,C14819,2025-06-13 18:14:00,2025-06-14 19:21:48.000000000,Account Management,Low,Phone,25.13,False,3,False
TKT00021565,C03627,2025-10-13 11:10:00,2025-10-17 13:58:36.000000000,Product Bug,Low,Email,98.81,False,4,False
TKT00046864,C08117,2025-08-12 18:18:00,2025-08-14 20:20:24.000000000,Feature Request,High,Email,50.04,True,3,False
TKT00062763,C10857,2025-10-16 18:08:00,2025-10-20 09:51:48.000000000,Performance,Low,Chat,87.73,False,4,False
TKT00102650,C17813,2024-12-07 12:19:00,2024-12-09 05:45:24.000000000,Integration,High,Email,41.44,False,4,False
TKT00112141,C19547,2025-11-17 18:41:00,2025-11-18 05:36:12.000000000,Billing,High,Chat,10.92,False,3,True
TKT00110152,C19213,2025-02-01 18:06:00,2025-02-02 10:04:48.000000000,Training / Onboarding,High,Phone,15.98,False,4,False
TKT00039572,C06784,2025-12-19 18:53:00,2025-12-21 04:25:59.999999999,Performance,Medium,Email,33.55,False,5,False
TKT00027817,C04712,2025-04-21 09:54:00,2025-04-23 14:54:36.000000000,Performance,Medium,Email,53.01,False,5,False
TKT00007547,C01243,2025-09-18 08:42:00,2025-09-18 22:49:12.000000000,Billing,Low,Phone,14.12,False,4,False
TKT00064777,C11187,2025-03-26 17:54:00,2025-03-27 22:07:12.000000000,Integration,Medium,Email,28.22,False,5,False
TKT00018079,C03059,2025-09-27 09:22:00,2025-09-30 01:06:24.000000000,Technical Issue,Low,Chat,63.74,False,4,False
TKT00100980,C17532,2024-03-03 14:05:00,2024-03-04 07:27:12.000000000,Technical Issue,Medium,Email,17.37,True,4,False
TKT00078845,C13680,2024-08-01 11:15:00,2024-08-02 19:39:00.000000000,Account Management,Medium,Chat,32.4,False,3,False
TKT00024383,C04121,2025-09-16 16:42:00,2025-09-19 19:39:36.000000000,Integration,Low,Chat,74.96,False,3,True
TKT00046411,C08029,2025-05-25 17:04:00,2025-05-26 03:47:12.000000000,Technical Issue,High,Email,10.72,False,3,False
TKT00045835,C07931,2025-03-04 09:53:00,2025-03-05 03:45:12.000000000,Performance,Medium,Phone,17.87,False,5,False
TKT00098762,C17128,2025-11-29 12:30:00,2025-11-30 18:18:00.000000000,Training / Onboarding,Medium,Chat,29.8,False,5,False
TKT00050156,C08678,2024-12-01 17:43:00,2024-12-04 12:16:36.000000000,Product Bug,Low,Support Portal,66.56,True,2,False
TKT00094392,C16329,2025-05-15 18:34:00,2025-05-17 11:20:48.000000000,Performance,Medium,Support Portal,40.78,False,4,True
TKT00043933,C07602,2025-04-08 13:08:00,2025-04-09 09:09:48.000000000,Integration,Medium,Chat,20.03,False,4,False
TKT00043334,C07492,2024-08-05 11:54:00,2024-08-09 19:22:48.000000000,Performance,Medium,Email,103.48,False,3,False
TKT00009421,C01561,2025-05-16 14:41:00,2025-05-20 09:16:24.000000000,Product Bug,Low,Email,90.59,False,4,False
TKT00099907,C17309,2025-01-09 16:13:00,2025-01-11 23:08:48.000000000,Performance,Low,Chat,54.93,False,3,False
TKT00109360,C19069,2024-12-06 16:14:00,2024-12-07 08:42:48.000000000,Performance,Medium,Email,16.48,False,5,False
TKT00035424,C05993,2025-11-02 15:25:00,2025-11-04 03:08:47.999999999,Performance,Medium,Email,35.73,False,5,False
TKT00041053,C07026,2025-05-25 12:53:00,2025-05-26 02:53:36.000000000,Technical Issue,High,Chat,14.01,False,5,True
TKT00041352,C07095,2024-12-23 17:34:00,2024-12-26 20:37:36.000000000,Integration,Low,Support Portal,75.06,False,4,False
TKT00068187,C11756,2025-09-11 14:08:00,2025-09-14 00:21:12.000000000,Integration,Medium,Email,58.22,False,4,False
TKT00075952,C13126,2025-10-27 11:22:00,2025-10-28 00:28:00.000000000,Billing,High,Support Portal,13.1,False,3,False
TKT00106387,C18500,2025-10-23 11:31:00,2025-10-25 03:41:12.000000000,Performance,Medium,Email,40.17,False,4,False
TKT00071814,C12349,2024-05-25 17:21:00,2024-05-26 19:57:36.000000000,Integration,Medium,Support Portal,26.61,True,3,False
TKT00104170,C18064,2025-11-06 09:23:00,2025-11-11 13:45:12.000000000,Integration,Low,Chat,124.37,False,4,False
TKT00061847,C10709,2024-09-06 13:34:00,2024-09-07 23:14:48.000000000,Product Bug,Medium,Phone,33.68,True,4,False
TKT00095527,C16517,2025-05-19 15:19:00,2025-05-20 19:40:36.000000000,Technical Issue,Medium,Email,28.36,False,4,False
TKT00000857,C00152,2025-10-14 08:20:00,2025-10-16 17:00:48.000000000,Product Bug,Medium,Email,56.68,False,3,False
TKT00037630,C06438,2025-11-17 09:04:00,2025-11-20 20:00:24.000000000,Product Bug,Low,Email,82.94,False,2,False
TKT00097343,C16840,2024-11-21 12:30:00,2024-11-22 10:43:48.000000000,Billing,Medium,Phone,22.23,False,4,False
TKT00077323,C13370,2025-11-06 13:26:00,2025-11-11 02:47:00.000000000,Product Bug,Medium,Email,109.35,False,3,False
TKT00072423,C12460,2025-07-19 18:48:00,2025-07-20 04:55:48.000000000,Product Bug,High,Chat,10.13,False,5,False
TKT00106306,C18492,2025-08-20 09:57:00,2025-08-21 06:56:24.000000000,Technical Issue,Medium,Email,20.99,False,3,False
TKT00066820,C11522,2024-09-21 13:30:00,2024-09-22 08:30:36.000000000,Product Bug,High,Support Portal,19.01,False,4,False
TKT00028972,C04921,2025-11-28 14:26:00,2025-11-29 03:03:12.000000000,Performance,High,Chat,12.62,True,2,False
TKT00013809,C02291,2026-01-03 09:24:00,2026-01-04 19:41:24.000000000,Feature Request,High,Chat,34.29,False,4,False
TKT00058659,C10144,2025-12-16 11:38:00,2025-12-17 06:00:48.000000000,Product Bug,High,Phone,18.38,True,4,False
TKT00056086,C09662,2024-05-07 09:57:00,2024-05-07 18:36:00.000000000,Performance,High,Chat,8.65,False,4,False
TKT00054389,C09372,2025-05-01 10:02:00,2025-05-04 11:44:36.000000000,Product Bug,Low,Email,73.71,False,4,False
TKT00087814,C15168,2025-12-17 14:20:00,2025-12-18 00:40:24.000000000,Product Bug,High,Support Portal,10.34,False,4,False
TKT00062748,C10857,2024-08-19 15:12:00,2024-08-21 17:31:12.000000000,Integration,Medium,Chat,50.32,False,3,False
TKT00066496,C11469,2025-11-17 09:43:00,2025-11-18 18:25:36.000000000,Product Bug,Medium,Phone,32.71,False,3,False
TKT00012283,C02037,2025-07-04 18:02:00,2025-07-05 02:30:48.000000000,Account Management,High,Email,8.48,False,5,False
TKT00047558,C08232,2025-04-03 11:07:00,2025-04-04 00:04:36.000000000,Technical Issue,Medium,Support Portal,12.96,False,3,False
TKT00066430,C11455,2025-10-08 08:28:00,2025-10-08 21:49:36.000000000,Product Bug,High,Phone,13.36,False,4,False
TKT00105326,C18295,2025-12-18 08:29:00,2025-12-23 00:23:00.000000000,Feature Request,Medium,Chat,111.9,False,4,False
TKT00069228,C11931,2025-11-16 13:36:00,2025-11-17 04:29:24.000000000,Performance,High,Phone,14.89,True,4,False
TKT00090628,C15679,2025-09-14 10:33:00,2025-09-17 03:25:12.000000000,Product Bug,Medium,Support Portal,64.87,False,4,False
TKT00006049,C00976,2025-07-11 12:23:00,2025-07-17 06:04:59.999999999,Technical Issue,Low,Chat,137.7,True,2,False
TKT00063788,C11010,2025-09-07 14:40:00,2025-09-07 17:01:36.000000000,Product Bug,Critical,Support Portal,2.36,False,4,False
TKT00069061,C11911,2025-08-12 14:24:00,2025-08-13 09:27:00.000000000,Performance,High,Email,19.05,False,4,False
TKT00019965,C03387,2025-04-24 18:54:00,2025-04-25 02:54:00.000000000,Technical Issue,High,Support Portal,8.0,True,4,False
TKT00079702,C13856,2024-08-09 18:16:00,2024-08-11 15:05:48.000000000,Technical Issue,Medium,Email,44.83,False,4,False
TKT00058762,C10167,2024-09-25 10:50:00,2024-09-25 22:48:48.000000000,Performance,High,Email,11.98,False,4,False
TKT00042140,C07249,2025-05-09 09:07:00,2025-05-10 04:45:24.000000000,Account Management,Medium,Chat,19.64,False,4,False
TKT00020922,C03528,2025-03-30 11:05:00,2025-03-31 08:02:36.000000000,Billing,Medium,Chat,20.96,False,4,False
TKT00081884,C14199,2024-07-28 10:19:00,2024-07-28 13:01:00.000000000,Account Management,Critical,Support Portal,2.7,False,4,True
TKT00055769,C09613,2025-03-24 18:26:00,2025-03-25 19:06:48.000000000,Technical Issue,Low,Phone,24.68,False,5,False
TKT00033091,C05640,2025-08-16 14:09:00,2025-08-17 00:27:36.000000000,Performance,High,Email,10.31,True,4,True
TKT00009482,C01575,2026-01-06 10:00:00,2026-01-06 19:46:12.000000000,Technical Issue,High,Support Portal,9.77,False,4,False
TKT00008779,C01461,2025-12-23 14:53:00,2025-12-23 19:17:36.000000000,Technical Issue,Critical,Email,4.41,False,4,False
TKT00057589,C09952,2025-10-31 14:24:00,2025-11-02 20:52:48.000000000,Product Bug,Low,Support Portal,54.48,False,3,False
TKT00086462,C14979,2025-07-10 15:03:00,2025-07-12 05:48:00.000000000,Account Management,Medium,Chat,38.75,False,4,False
TKT00056445,C09730,2025-12-12 16:54:00,2025-12-13 01:07:48.000000000,Integration,Critical,Support Portal,8.23,False,5,False
TKT00075556,C13037,2025-10-12 12:17:00,2025-10-12 21:24:12.000000000,Integration,High,Support Portal,9.12,False,3,True
TKT00011217,C01871,2025-10-27 11:59:00,2025-10-28 22:36:11.999999999,Performance,Medium,Phone,34.62,False,3,True
TKT00102065,C17710,2025-04-30 09:55:00,2025-05-08 17:23:12.000000000,Feature Request,Low,Email,199.47,False,4,False
TKT00062796,C10860,2024-05-28 09:55:00,2024-05-29 05:29:12.000000000,Account Management,Medium,Email,19.57,True,4,False
TKT00074958,C12925,2024-09-26 18:19:00,2024-09-27 14:41:48.000000000,Product Bug,High,Email,20.38,False,3,False
TKT00007302,C01195,2025-12-21 11:16:00,2025-12-21 16:47:12.000000000,Integration,Critical,Chat,5.52,False,3,True
TKT00085028,C14701,2025-09-14 10:56:00,2025-09-19 19:33:48.000000000,Product Bug,Medium,Phone,128.63,False,3,False
TKT00075905,C13120,2024-04-21 08:00:00,2024-04-21 14:21:36.000000000,Performance,High,Phone,6.36,True,4,False
TKT00011644,C01944,2024-06-29 12:39:00,2024-07-01 18:07:48.000000000,Product Bug,Low,Email,53.48,False,3,False
TKT00054631,C09419,2024-09-08 12:44:00,2024-09-09 15:42:12.000000000,Training / Onboarding,Medium,Support Portal,26.97,False,5,False
TKT00060486,C10462,2024-07-18 18:30:00,2024-07-19 21:06:00.000000000,Billing,Medium,Chat,26.6,False,4,False
TKT00072027,C12386,2025-08-05 18:43:00,2025-08-06 11:59:12.000000000,Performance,High,Email,17.27,False,4,False
TKT00034177,C05786,2024-07-04 15:21:00,2024-07-05 21:41:24.000000000,Performance,Medium,Email,30.34,False,4,False
TKT00076979,C13303,2025-11-26 17:00:00,2025-11-27 10:08:59.999999999,Product Bug,High,Email,17.15,False,5,False
TKT00069425,C11973,2024-11-28 16:24:00,2024-11-28 22:12:36.000000000,Billing,High,Chat,5.81,False,4,False
TKT00017563,C02978,2025-12-24 09:59:00,2025-12-25 10:35:00.000000000,Product Bug,Medium,Phone,24.6,True,4,False
TKT00110473,C19256,2025-01-16 09:38:00,2025-01-17 17:29:00.000000000,Technical Issue,High,Support Portal,31.85,False,4,False
TKT00069261,C11938,2025-08-20 15:14:00,2025-08-21 07:05:00.000000000,Technical Issue,High,Phone,15.85,False,4,False
TKT00056991,C09826,2025-12-23 12:33:00,2025-12-24 23:25:11.999999999,Billing,Low,Phone,34.87,False,5,False
TKT00049401,C08560,2025-09-07 13:03:00,2025-09-08 13:31:48.000000000,Product Bug,Medium,Phone,24.48,False,5,False
TKT00092145,C15974,2025-12-08 12:11:00,2025-12-09 17:26:00.000000000,Technical Issue,Medium,Support Portal,29.25,False,4,False
TKT00088661,C15339,2025-02-11 18:15:00,2025-02-12 09:58:48.000000000,Product Bug,High,Phone,15.73,True,4,False
TKT00058683,C10152,2025-04-25 18:27:00,2025-04-26 09:18:36.000000000,Product Bug,High,Chat,14.86,False,4,False
TKT00005099,C00823,2025-12-06 11:37:00,2025-12-07 06:38:12.000000000,Billing,Medium,Support Portal,19.02,False,4,False
TKT00019709,C03364,2025-01-15 15:38:00,2025-01-16 18:56:00.000000000,Performance,High,Support Portal,27.3,False,4,False
TKT00057765,C09996,2025-08-11 08:20:00,2025-08-12 11:47:36.000000000,Technical Issue,Medium,Support Portal,27.46,False,4,False
TKT00045949,C07947,2024-09-12 18:43:00,2024-09-16 02:13:00.000000000,Feature Request,Medium,Chat,79.5,False,4,False
TKT00057686,C09975,2025-12-16 10:11:00,2025-12-17 06:43:24.000000000,Technical Issue,Medium,Phone,20.54,False,5,False
TKT00103021,C17877,2024-07-18 12:48:00,2024-07-28 05:27:00.000000000,Feature Request,Low,Chat,232.65,False,4,False
TKT00109450,C19093,2025-02-23 11:53:00,2025-02-24 09:24:48.000000000,Product Bug,Medium,Phone,21.53,False,5,False
TKT00062270,C10780,2026-01-02 09:05:00,2026-01-03 10:16:24.000000000,Product Bug,Medium,Chat,25.19,False,4,False
TKT00000652,C00107,2024-12-24 08:21:00,2024-12-27 21:33:00.000000000,Product Bug,Medium,Support Portal,85.2,False,3,True
TKT00040726,C06966,2025-11-14 18:19:00,2025-11-16 16:38:48.000000000,Product Bug,Medium,Email,46.33,True,4,False
TKT00110983,C19344,2025-04-06 18:10:00,2025-04-07 21:08:48.000000000,Performance,Medium,Chat,26.98,False,4,False
TKT00034022,C05759,2024-05-08 08:17:00,2024-05-09 10:17:00.000000000,Technical Issue,Medium,Chat,26.0,False,4,False
TKT00003338,C00527,2025-09-10 08:50:00,2025-09-14 10:22:24.000000000,Feature Request,Medium,Phone,97.54,False,4,False
TKT00033657,C05704,2025-02-16 17:29:00,2025-02-20 04:50:36.000000000,Technical Issue,Low,Phone,83.36,True,5,False
TKT00072390,C12456,2025-01-01 17:40:00,2025-01-03 18:37:00.000000000,Integration,Medium,Email,48.95,False,5,False
TKT00014632,C02454,2025-04-19 16:16:00,2025-04-20 10:53:12.000000000,Billing,High,Chat,18.62,True,4,False
TKT00002686,C00441,2024-07-24 09:11:00,2024-07-29 20:26:35.999999999,Product Bug,Low,Chat,131.26,False,3,False
TKT00093503,C16193,2025-10-25 13:12:00,2025-10-25 22:19:48.000000000,Integration,Critical,Chat,9.13,False,3,False
TKT00046123,C07979,2025-01-28 18:32:00,2025-01-29 17:38:00.000000000,Technical Issue,High,Support Portal,23.1,False,4,False
TKT00023874,C04021,2025-03-30 10:10:00,2025-04-01 07:49:36.000000000,Account Management,Low,Email,45.66,False,4,False
TKT00081002,C14086,2025-01-12 08:08:00,2025-01-14 19:38:00.000000000,Product Bug,Medium,Email,59.5,False,5,False
TKT00048713,C08447,2025-04-21 09:07:00,2025-04-22 03:17:48.000000000,Technical Issue,Medium,Phone,18.18,False,3,False
TKT00056312,C09714,2025-12-31 09:47:00,2026-01-02 02:33:12.000000000,Technical Issue,Medium,Phone,40.77,False,4,False
TKT00048673,C08441,2025-03-07 12:43:00,2025-03-09 00:25:00.000000000,Technical Issue,Medium,Email,35.7,False,4,False
TKT00069396,C11968,2024-12-16 18:46:00,2024-12-17 18:50:12.000000000,Billing,Medium,Phone,24.07,False,5,False
TKT00049688,C08611,2025-02-26 16:15:00,2025-02-28 20:34:48.000000000,Billing,Low,Support Portal,52.33,False,4,False
TKT00101171,C17568,2025-02-06 18:50:00,2025-02-08 10:44:00.000000000,Training / Onboarding,Medium,Chat,39.9,True,4,False
TKT00020971,C03536,2025-10-08 11:45:00,2025-10-10 09:07:12.000000000,Technical Issue,Low,Chat,45.37,False,4,False
TKT00026081,C04404,2025-03-07 10:05:00,2025-03-09 11:41:00.000000000,Feature Request,High,Email,49.6,False,4,False
TKT00067858,C11700,2024-07-11 12:43:00,2024-07-13 15:43:00.000000000,Product Bug,Medium,Email,51.0,False,4,False
TKT00011637,C01943,2025-04-14 11:57:00,2025-04-15 14:01:48.000000000,Account Management,Medium,Email,26.08,False,5,False
TKT00107963,C18809,2025-07-06 09:46:00,2025-07-06 12:13:00.000000000,Performance,Critical,Chat,2.45,False,2,True
TKT00065476,C11298,2025-01-25 10:07:00,2025-01-29 22:39:24.000000000,Account Management,Low,Phone,108.54,False,5,False
TKT00079743,C13858,2025-10-15 08:14:00,2025-10-19 01:35:36.000000000,Integration,Low,Email,89.36,False,4,False
TKT00080017,C13899,2025-01-19 16:06:00,2025-01-21 22:25:12.000000000,Performance,Low,Chat,54.32,False,4,False
TKT00012890,C02149,2025-07-07 08:37:00,2025-07-09 06:29:12.000000000,Performance,Medium,Email,45.87,False,4,False
TKT00030829,C05255,2025-05-26 13:41:00,2025-05-29 19:09:12.000000000,Technical Issue,Medium,Email,77.47,False,3,False
TKT00065684,C11338,2024-05-21 12:01:00,2024-05-23 19:34:36.000000000,Product Bug,Medium,Chat,55.56,False,4,False
TKT00082780,C14351,2026-01-05 09:30:00,2026-01-06 15:05:24.000000000,Training / Onboarding,Medium,Support Portal,29.59,False,4,False
TKT00111441,C19429,2025-04-10 11:49:00,2025-04-13 01:25:00.000000000,Performance,Medium,Email,61.6,False,3,False
TKT00011598,C01934,2025-02-04 10:26:00,2025-02-04 23:26:00.000000000,Technical Issue,High,Chat,13.0,False,4,False
TKT00007165,C01181,2025-04-27 09:19:00,2025-05-01 13:58:00.000000000,Feature Request,Medium,Email,100.65,False,4,False
TKT00072670,C12513,2025-02-23 11:15:00,2025-02-26 01:28:12.000000000,Technical Issue,Low,Support Portal,62.22,False,4,False
TKT00029638,C05039,2025-07-02 18:22:00,2025-07-09 08:39:24.000000000,Integration,Low,Support Portal,158.29,False,4,False
TKT00041045,C07022,2025-11-26 12:14:00,2025-11-26 16:41:00.000000000,Performance,Critical,Email,4.45,False,3,True
TKT00025536,C04326,2024-07-04 10:40:00,2024-07-07 13:08:12.000000000,Product Bug,Low,Phone,74.47,False,3,False
TKT00008914,C01483,2025-07-09 14:34:00,2025-07-09 22:46:36.000000000,Product Bug,High,Email,8.21,False,4,False
TKT00084016,C14531,2025-09-21 14:07:00,2025-09-22 10:35:48.000000000,Performance,Medium,Chat,20.48,True,4,False
TKT00044396,C07682,2025-11-07 10:56:00,2025-11-08 18:23:00.000000000,Feature Request,High,Chat,31.45,False,4,False
TKT00006937,C01150,2024-06-04 10:15:00,2024-06-09 15:56:24.000000000,Feature Request,Medium,Chat,125.69,False,4,False
TKT00006118,C00990,2025-12-04 17:59:00,2025-12-05 10:09:48.000000000,Billing,Medium,Phone,16.18,False,2,False
TKT00021048,C03552,2025-04-05 17:10:00,2025-04-08 18:05:48.000000000,Account Management,Low,Support Portal,72.93,False,5,False
TKT00088007,C15213,2025-05-05 18:41:00,2025-05-07 01:50:00.000000000,Product Bug,Medium,Phone,31.15,False,4,False
TKT00113960,C19867,2025-09-02 17:22:00,2025-09-07 19:24:24.000000000,Integration,Medium,Chat,122.04,False,4,False
TKT00087381,C15099,2024-07-12 12:24:00,2024-07-13 15:22:48.000000000,Product Bug,High,Chat,26.98,False,5,False
TKT00027919,C04746,2024-12-27 13:05:00,2024-12-28 05:17:00.000000000,Technical Issue,Medium,Email,16.2,False,4,False
TKT00110744,C19314,2024-11-07 09:13:00,2024-11-09 17:26:12.000000000,Performance,Low,Chat,56.22,False,4,False
TKT00033880,C05739,2024-12-08 08:44:00,2024-12-09 02:18:47.999999999,Training / Onboarding,Medium,Chat,17.58,False,4,False
TKT00084349,C14591,2025-08-13 11:37:00,2025-08-14 00:08:48.000000000,Product Bug,Medium,Support Portal,12.53,False,5,False
TKT00099581,C17252,2024-03-18 08:49:00,2024-03-25 08:31:36.000000000,Integration,Low,Phone,167.71,False,5,False
TKT00050964,C08830,2025-11-09 08:27:00,2025-11-10 17:57:36.000000000,Performance,Medium,Chat,33.51,False,4,False
TKT00087432,C15106,2025-03-22 14:15:00,2025-03-23 14:03:00.000000000,Technical Issue,Medium,Chat,23.8,False,3,False
TKT00053934,C09275,2024-10-28 13:01:00,2024-10-28 16:59:48.000000000,Training / Onboarding,Critical,Chat,3.98,False,5,False
TKT00114387,C19937,2024-09-30 14:53:00,2024-10-01 16:44:00.000000000,Training / Onboarding,Medium,Chat,25.85,False,4,True
TKT00099552,C17245,2025-06-14 15:23:00,2025-06-15 07:15:48.000000000,Technical Issue,High,Support Portal,15.88,False,3,False
TKT00013134,C02180,2025-05-18 10:26:00,2025-05-18 17:05:36.000000000,Technical Issue,High,Chat,6.66,False,4,False
TKT00112605,C19632,2025-01-09 14:37:00,2025-01-10 04:25:36.000000000,Performance,High,Chat,13.81,False,4,False
TKT00035273,C05980,2024-04-23 15:46:00,2024-04-24 06:20:12.000000000,Performance,High,Phone,14.57,False,5,False
TKT00069372,C11957,2025-11-02 11:34:00,2025-11-03 06:49:36.000000000,Integration,Medium,Chat,19.26,False,4,False
TKT00070288,C12100,2025-07-14 14:00:00,2025-07-17 16:26:24.000000000,Feature Request,Medium,Email,74.44,False,3,False
TKT00071531,C12292,2026-01-08 08:39:00,2026-01-10 12:30:36.000000000,Account Management,Low,Chat,51.86,True,2,False
TKT00047731,C08265,2026-01-11 12:25:00,2026-01-12 08:47:12.000000000,Integration,High,Email,20.37,False,5,False
TKT00052129,C09019,2025-11-25 08:26:00,2025-12-02 13:23:00.000000000,Performance,Low,Email,172.95,False,4,False
TKT00007356,C01203,2025-06-17 12:57:00,2025-06-18 11:12:36.000000000,Billing,Medium,Support Portal,22.26,False,4,False
TKT00064836,C11195,2025-02-18 16:46:00,2025-02-19 01:02:12.000000000,Performance,Critical,Email,8.27,False,4,False
TKT00035328,C05983,2024-11-04 17:59:00,2024-11-06 03:13:24.000000000,Performance,Medium,Email,33.24,False,4,False
TKT00007714,C01262,2024-11-05 13:08:00,2024-11-09 05:12:48.000000000,Account Management,Low,Email,88.08,False,5,False
TKT00029007,C04931,2025-09-30 18:34:00,2025-10-01 07:00:24.000000000,Technical Issue,High,Email,12.44,False,4,True
TKT00097299,C16833,2025-05-21 08:36:00,2025-05-22 15:34:12.000000000,Performance,Medium,Phone,30.97,False,3,False
TKT00054003,C09287,2025-06-22 15:32:00,2025-06-23 06:39:12.000000000,Technical Issue,High,Phone,15.12,False,4,False
TKT00013241,C02202,2024-12-15 18:56:00,2024-12-16 16:57:48.000000000,Integration,High,Email,22.03,False,5,False
TKT00095416,C16490,2025-02-15 15:09:00,2025-02-16 09:25:48.000000000,Technical Issue,Medium,Support Portal,18.28,True,4,False
TKT00000805,C00142,2024-07-24 14:52:00,2024-07-25 16:40:00.000000000,Training / Onboarding,High,Phone,25.8,False,3,False
TKT00013601,C02257,2025-02-13 17:53:00,2025-02-16 03:56:36.000000000,Performance,Low,Email,58.06,False,4,False
TKT00025784,C04357,2024-11-30 15:26:00,2024-11-30 22:26:36.000000000,Billing,High,Email,7.01,False,4,False
TKT00031923,C05439,2025-06-26 18:35:00,2025-06-28 12:28:24.000000000,Training / Onboarding,Medium,Email,41.89,False,5,False
TKT00107022,C18612,2025-11-28 14:17:00,2025-11-29 17:19:24.000000000,Feature Request,Critical,Support Portal,27.04,False,4,False
TKT00061619,C10676,2024-11-08 16:12:00,2024-11-09 04:34:48.000000000,Technical Issue,Medium,Chat,12.38,False,4,False
TKT00037736,C06460,2025-10-08 17:18:00,2025-10-09 09:18:36.000000000,Technical Issue,High,Chat,16.01,False,4,True
TKT00037331,C06381,2025-06-07 14:42:00,2025-06-13 01:50:23.999999999,Performance,Low,Support Portal,131.14,False,4,False
TKT00029621,C05037,2025-08-04 18:12:00,2025-08-05 08:44:24.000000000,Technical Issue,High,Support Portal,14.54,False,5,False
TKT00008684,C01441,2026-01-11 13:43:00,2026-01-12 14:55:36.000000000,Technical Issue,Medium,Chat,25.21,False,3,True
TKT00055803,C09624,2025-05-14 15:36:00,2025-05-15 16:10:48.000000000,Product Bug,High,Email,24.58,False,5,False
TKT00073650,C12698,2025-08-01 18:36:00,2025-08-01 22:46:47.999999999,Account Management,High,Email,4.18,False,3,True
TKT00069800,C12028,2025-02-25 17:06:00,2025-02-27 05:22:48.000000000,Technical Issue,Low,Chat,36.28,False,3,False
TKT00101079,C17557,2025-04-28 10:34:00,2025-04-30 09:20:48.000000000,Performance,Medium,Chat,46.78,False,3,False
TKT00036909,C06290,2025-06-13 11:14:00,2025-06-16 12:51:48.000000000,Performance,Medium,Phone,73.63,False,3,True
TKT00067113,C11568,2025-06-03 14:09:00,2025-06-04 22:40:48.000000000,Technical Issue,Medium,Email,32.53,False,4,False
TKT00064766,C11184,2025-11-03 09:48:00,2025-11-04 06:21:36.000000000,Integration,High,Email,20.56,False,4,False
TKT00012039,C02003,2025-12-04 17:06:00,2025-12-06 19:39:00.000000000,Product Bug,Medium,Chat,50.55,False,3,True
TKT00031862,C05427,2025-09-20 08:08:00,2025-09-20 15:29:00.000000000,Technical Issue,High,Email,7.35,False,4,False
TKT00058630,C10134,2025-07-07 10:24:00,2025-07-07 20:15:36.000000000,Technical Issue,High,Chat,9.86,False,5,False
TKT00013024,C02160,2025-05-22 09:39:00,2025-05-23 06:22:12.000000000,Technical Issue,Medium,Support Portal,20.72,False,4,False
TKT00012025,C02003,2025-07-25 10:00:00,2025-07-25 14:42:36.000000000,Technical Issue,Critical,Chat,4.71,True,3,True
TKT00000887,C00156,2024-10-09 17:55:00,2024-10-10 05:08:48.000000000,Billing,High,Chat,11.23,False,3,True
TKT00086035,C14871,2025-12-18 11:36:00,2025-12-19 23:44:24.000000000,Integration,Medium,Phone,36.14,False,4,False
TKT00023240,C03915,2025-05-30 10:40:00,2025-05-30 20:23:12.000000000,Technical Issue,High,Email,9.72,False,5,False
TKT00079017,C13716,2025-04-13 17:57:00,2025-04-15 06:22:12.000000000,Training / Onboarding,Low,Chat,36.42,False,4,False
TKT00079823,C13870,2025-11-22 11:27:00,2025-11-22 18:19:48.000000000,Integration,Critical,Support Portal,6.88,False,4,True
TKT00106899,C18598,2024-12-26 15:22:00,2024-12-27 03:10:00.000000000,Billing,High,Chat,11.8,False,4,False
TKT00040607,C06941,2025-09-09 15:20:00,2025-09-10 12:42:48.000000000,Product Bug,High,Chat,21.38,False,4,True
TKT00002038,C00338,2025-01-28 13:34:00,2025-01-29 14:25:36.000000000,Technical Issue,Medium,Chat,24.86,False,5,False
TKT00001003,C00166,2025-09-15 10:47:00,2025-09-17 19:29:36.000000000,Integration,Medium,Chat,56.71,False,4,True
TKT00021070,C03556,2025-02-10 18:22:00,2025-02-17 03:23:12.000000000,Technical Issue,Low,Support Portal,153.02,False,4,False
TKT00093618,C16224,2025-03-13 18:18:00,2025-03-15 00:05:24.000000000,Feature Request,Medium,Support Portal,29.79,False,4,False
TKT00021987,C03710,2025-12-05 17:44:00,2025-12-06 18:26:00.000000000,Technical Issue,Medium,Chat,24.7,False,4,False
TKT00067393,C11625,2025-11-08 11:40:00,2025-11-08 21:58:36.000000000,Training / Onboarding,High,Email,10.31,False,4,False
TKT00073071,C12596,2024-07-22 14:11:00,2024-07-24 10:47:36.000000000,Billing,Low,Chat,44.61,False,3,False
TKT00078457,C13578,2025-11-17 14:07:00,2025-11-18 00:55:36.000000000,Technical Issue,High,Phone,10.81,False,5,False
TKT00055167,C09511,2024-09-07 18:11:00,2024-09-09 18:50:00.000000000,Product Bug,Medium,Support Portal,48.65,False,4,False
TKT00078862,C13682,2025-10-31 16:31:00,2025-11-01 08:06:24.000000000,Performance,High,Support Portal,15.59,False,5,False
TKT00052191,C09031,2024-03-03 11:52:00,2024-03-08 06:29:12.000000000,Product Bug,Low,Email,114.62,False,4,False
TKT00059365,C10261,2025-10-16 16:36:00,2025-10-18 07:51:00.000000000,Technical Issue,Medium,Phone,39.25,False,5,False
TKT00070840,C12195,2024-09-22 10:50:00,2024-09-24 06:28:24.000000000,Integration,Low,Email,43.64,False,4,False
TKT00068075,C11738,2024-10-22 17:42:00,2024-10-25 02:57:00.000000000,Performance,Medium,Chat,57.25,True,3,True
TKT00070513,C12135,2025-12-20 16:34:00,2025-12-21 19:44:48.000000000,Feature Request,High,Phone,27.18,False,4,True
TKT00021983,C03710,2025-08-26 11:57:00,2025-08-29 02:42:36.000000000,Feature Request,Medium,Support Portal,62.76,False,2,False
TKT00114373,C19931,2025-09-30 16:36:00,2025-10-15 16:42:36.000000000,Feature Request,Low,Email,360.11,True,4,False
TKT00036750,C06261,2025-05-25 18:57:00,2025-05-29 17:51:36.000000000,Integration,Medium,Email,94.91,False,4,False
TKT00092146,C15974,2025-12-27 08:11:00,2025-12-29 02:44:36.000000000,Performance,Medium,Email,42.56,False,5,False
TKT00110376,C19237,2025-12-20 11:34:00,2025-12-21 08:05:12.000000000,Performance,Medium,Chat,20.52,False,3,False
TKT00012602,C02083,2025-11-21 08:31:00,2025-11-22 01:29:11.999999999,Training / Onboarding,High,Chat,16.97,False,3,False
TKT00022930,C03865,2024-09-06 10:19:00,2024-09-07 00:22:00.000000000,Account Management,High,Email,14.05,True,4,False
TKT00108934,C18978,2024-10-14 10:24:00,2024-10-14 18:40:12.000000000,Product Bug,Critical,Chat,8.27,True,3,False
TKT00038278,C06551,2024-07-30 15:33:00,2024-07-31 16:03:36.000000000,Integration,High,Chat,24.51,True,4,False
TKT00048434,C08399,2025-12-30 13:57:00,2025-12-31 13:28:48.000000000,Training / Onboarding,Low,Chat,23.53,False,4,False
TKT00039050,C06682,2025-08-04 17:49:00,2025-08-06 22:59:12.000000000,Training / Onboarding,Low,Support Portal,53.17,False,5,False
TKT00030571,C05196,2025-10-03 10:10:00,2025-10-04 10:11:48.000000000,Integration,Medium,Support Portal,24.03,False,4,False
TKT00107186,C18649,2025-02-26 09:18:00,2025-02-28 07:15:00.000000000,Training / Onboarding,Low,Support Portal,45.95,False,3,False
TKT00006139,C00995,2025-03-25 13:40:00,2025-03-27 02:25:36.000000000,Account Management,Medium,Chat,36.76,False,4,True
TKT00098013,C16962,2025-01-10 16:33:00,2025-01-11 06:22:12.000000000,Account Management,Medium,Chat,13.82,False,4,False
TKT00021794,C03663,2025-08-05 12:58:00,2025-08-06 15:49:00.000000000,Integration,Medium,Phone,26.85,True,5,False
TKT00000271,C00027,2025-05-12 10:51:00,2025-05-14 06:01:48.000000000,Performance,Medium,Email,43.18,False,3,False
TKT00005617,C00909,2025-12-11 13:34:00,2025-12-12 14:56:48.000000000,Product Bug,High,Chat,25.38,False,3,True
TKT00084343,C14591,2025-05-28 14:40:00,2025-05-28 22:38:12.000000000,Technical Issue,High,Support Portal,7.97,False,3,True
TKT00099427,C17228,2025-06-17 13:10:00,2025-06-18 16:16:00.000000000,Product Bug,Medium,Phone,27.1,False,4,False
TKT00082205,C14252,2025-11-21 09:02:00,2025-11-22 14:17:00.000000000,Technical Issue,Medium,Support Portal,29.25,False,5,False
TKT00069488,C11979,2025-06-25 15:38:00,2025-06-26 13:52:24.000000000,Technical Issue,Low,Chat,22.24,False,4,False
TKT00017360,C02952,2025-09-08 18:39:00,2025-09-08 21:39:36.000000000,Account Management,High,Support Portal,3.01,False,4,False
TKT00033694,C05715,2024-10-20 18:34:00,2024-10-22 10:31:00.000000000,Integration,Medium,Email,39.95,False,5,False
TKT00063797,C11012,2025-05-12 10:30:00,2025-05-12 23:42:00.000000000,Billing,Medium,Email,13.2,False,5,False
TKT00104309,C18082,2024-11-22 08:10:00,2024-11-25 03:34:00.000000000,Technical Issue,Medium,Support Portal,67.4,False,4,False
TKT00068062,C11736,2025-08-14 08:30:00,2025-08-15 22:09:36.000000000,Technical Issue,Medium,Email,37.66,False,4,False
TKT00107812,C18768,2025-10-11 14:34:00,2025-10-12 16:47:48.000000000,Training / Onboarding,Medium,Phone,26.23,True,2,True
TKT00049282,C08544,2025-10-18 14:09:00,2025-10-25 00:42:00.000000000,Integration,Low,Chat,154.55,False,4,False
TKT00068663,C11857,2025-10-11 16:33:00,2025-10-12 07:01:12.000000000,Technical Issue,Low,Phone,14.47,False,4,False
TKT00064509,C11135,2025-07-19 17:25:00,2025-07-23 11:17:12.000000000,Performance,Medium,Support Portal,89.87,False,4,False
TKT00081430,C14132,2025-12-09 14:59:00,2025-12-10 00:34:24.000000000,Integration,High,Email,9.59,False,4,False
TKT00018087,C03060,2025-09-18 14:15:00,2025-09-20 23:55:48.000000000,Integration,Medium,Email,57.68,False,3,False
TKT00085903,C14845,2024-11-30 11:46:00,2024-12-03 10:49:36.000000000,Product Bug,Low,Email,71.06,False,4,False
TKT00009150,C01527,2025-07-21 17:06:00,2025-07-26 17:03:36.000000000,Feature Request,Low,Chat,119.96,False,3,False
TKT00058748,C10166,2024-10-19 08:17:00,2024-10-20 08:21:48.000000000,Performance,Medium,Chat,24.08,False,5,False
TKT00002041,C00338,2025-03-24 16:41:00,2025-03-25 14:14:36.000000000,Integration,Medium,Support Portal,21.56,False,3,True
TKT00086596,C14998,2025-11-20 10:24:00,2025-11-21 04:59:24.000000000,Billing,Medium,Email,18.59,False,5,False
TKT00022252,C03741,2025-06-12 18:04:00,2025-06-13 16:49:36.000000000,Account Management,Medium,Support Portal,22.76,False,3,False
TKT00010502,C01745,2024-08-27 09:29:00,2024-08-28 05:38:00.000000000,Performance,High,Phone,20.15,False,4,False
TKT00065300,C11270,2025-01-25 17:57:00,2025-01-28 14:35:24.000000000,Technical Issue,Low,Support Portal,68.64,False,5,False
TKT00083548,C14473,2025-09-15 15:23:00,2025-09-20 16:35:00.000000000,Product Bug,Low,Email,121.2,False,3,False
TKT00044075,C07617,2025-03-08 16:57:00,2025-03-19 02:04:48.000000000,Feature Request,Low,Phone,249.13,False,3,False
TKT00059434,C10275,2025-08-22 11:42:00,2025-08-23 04:43:48.000000000,Billing,Medium,Support Portal,17.03,False,5,False
TKT00061556,C10664,2025-09-20 17:03:00,2025-09-22 10:48:00.000000000,Feature Request,High,Phone,41.75,False,4,False
TKT00063211,C10937,2025-03-02 08:23:00,2025-03-03 08:44:00.000000000,Feature Request,High,Email,24.35,True,4,False
TKT00063971,C11047,2025-02-15 08:39:00,2025-02-16 09:41:24.000000000,Feature Request,High,Phone,25.04,False,3,False
TKT00030511,C05195,2025-07-23 14:35:00,2025-07-25 10:00:48.000000000,Technical Issue,Medium,Support Portal,43.43,False,4,False
TKT00037365,C06389,2025-06-29 12:05:00,2025-07-01 15:18:48.000000000,Integration,Low,Email,51.23,False,5,False
TKT00081643,C14162,2024-08-07 17:50:00,2024-08-08 12:31:24.000000000,Billing,Medium,Chat,18.69,True,4,False
TKT00052207,C09035,2025-05-09 09:47:00,2025-05-10 09:46:24.000000000,Performance,Medium,Phone,23.99,False,4,False
TKT00042391,C07299,2025-01-10 16:37:00,2025-01-13 01:19:00.000000000,Integration,Medium,Email,56.7,False,4,False
TKT00025681,C04346,2024-08-07 14:58:00,2024-08-08 22:20:48.000000000,Product Bug,High,Email,31.38,False,3,False
TKT00034039,C05762,2025-03-12 16:11:00,2025-03-13 02:36:12.000000000,Technical Issue,High,Chat,10.42,False,4,True
TKT00081184,C14105,2025-08-05 11:01:00,2025-08-11 21:59:48.000000000,Product Bug,Low,Support Portal,154.98,False,5,False
TKT00023415,C03932,2025-07-21 18:53:00,2025-07-24 00:41:00.000000000,Product Bug,Medium,Chat,53.8,False,3,True
TKT00036586,C06225,2025-12-30 17:03:00,2025-12-31 13:55:12.000000000,Technical Issue,Medium,Support Portal,20.87,True,3,False
TKT00106598,C18531,2025-11-02 10:23:00,2025-11-03 07:22:24.000000000,Performance,High,Support Portal,20.99,False,3,True
TKT00075117,C12949,2025-05-02 09:11:00,2025-05-02 22:51:48.000000000,Performance,High,Chat,13.68,False,4,True
TKT00104462,C18102,2025-11-16 11:29:00,2025-11-17 20:05:00.000000000,Integration,Medium,Email,32.6,False,4,False
TKT00088712,C15342,2024-03-26 10:17:00,2024-03-27 05:23:00.000000000,Integration,High,Chat,19.1,False,5,True
TKT00027653,C04684,2025-02-08 10:35:00,2025-02-12 02:30:48.000000000,Integration,Low,Support Portal,87.93,False,3,False
TKT00000116,C00009,2025-04-29 12:26:00,2025-05-05 11:37:24.000000000,Integration,Low,Chat,143.19,False,4,True
TKT00068433,C11823,2025-10-18 15:41:00,2025-10-20 14:44:00.000000000,Integration,Medium,Email,47.05,False,4,False
TKT00005959,C00965,2024-04-27 08:10:00,2024-04-29 09:08:48.000000000,Product Bug,Low,Support Portal,48.98,False,3,False
TKT00058342,C10089,2025-09-04 09:01:00,2025-09-04 19:30:24.000000000,Account Management,Medium,Chat,10.49,False,4,False
TKT00031632,C05399,2025-10-04 14:14:00,2025-10-05 12:03:48.000000000,Technical Issue,Medium,Email,21.83,False,3,False
TKT00108483,C18909,2025-11-01 16:36:00,2025-11-02 14:44:24.000000000,Account Management,Medium,Chat,22.14,False,4,False
TKT00098905,C17147,2024-08-01 11:54:00,2024-08-03 08:34:12.000000000,Integration,High,Chat,44.67,False,4,True
TKT00046772,C08088,2025-12-13 17:20:00,2025-12-14 08:53:00.000000000,Performance,High,Phone,15.55,False,5,False
TKT00066264,C11429,2025-03-26 17:56:00,2025-04-01 23:47:00.000000000,Integration,Medium,Phone,149.85,False,3,True
TKT00044109,C07628,2024-11-11 17:14:00,2024-11-11 23:11:00.000000000,Billing,High,Phone,5.95,False,4,False
TKT00042427,C07305,2024-08-28 08:21:00,2024-08-29 02:41:24.000000000,Technical Issue,High,Chat,18.34,False,5,False
TKT00021649,C03644,2024-05-29 12:31:00,2024-06-06 14:39:24.000000000,Integration,Low,Chat,194.14,False,3,False
TKT00096722,C16744,2024-04-20 12:42:00,2024-04-21 07:42:36.000000000,Account Management,Medium,Phone,19.01,False,3,False
TKT00070257,C12092,2025-06-09 14:54:00,2025-06-11 17:04:12.000000000,Technical Issue,Medium,Chat,50.17,False,5,False
TKT00036006,C06109,2025-08-24 13:13:00,2025-08-25 08:41:48.000000000,Account Management,High,Phone,19.48,False,4,False
TKT00024474,C04130,2024-10-28 12:11:00,2024-10-30 09:39:12.000000000,Performance,Medium,Chat,45.47,False,4,False
TKT00005407,C00866,2025-09-09 15:11:00,2025-09-10 01:26:36.000000000,Training / Onboarding,High,Chat,10.26,True,3,False
TKT00017912,C03037,2024-10-19 12:15:00,2024-10-21 09:52:12.000000000,Training / Onboarding,Medium,Chat,45.62,False,4,False
TKT00064363,C11120,2026-01-02 16:18:00,2026-01-03 14:47:24.000000000,Product Bug,Medium,Chat,22.49,False,4,False
TKT00052988,C09138,2025-10-12 12:32:00,2025-10-16 04:02:36.000000000,Feature Request,Medium,Email,87.51,False,3,False
TKT00111666,C19473,2024-02-12 11:19:00,2024-02-15 00:47:48.000000000,Technical Issue,Medium,Chat,61.48,True,4,False
TKT00068016,C11729,2025-12-28 18:57:00,2025-12-29 15:07:12.000000000,Account Management,Medium,Phone,20.17,False,3,True
TKT00084808,C14675,2024-12-04 14:39:00,2024-12-05 21:01:12.000000000,Billing,Medium,Email,30.37,False,4,False
TKT00100813,C17500,2025-03-01 11:26:00,2025-03-02 03:49:59.999999999,Integration,High,Phone,16.4,False,4,False
TKT00058967,C10196,2025-07-16 17:26:00,2025-07-17 22:12:12.000000000,Product Bug,Medium,Chat,28.77,False,3,False
TKT00035245,C05967,2025-11-28 14:47:00,2025-11-30 04:50:36.000000000,Performance,Medium,Chat,38.06,True,4,False
TKT00048287,C08369,2024-03-20 09:58:00,2024-03-20 19:22:36.000000000,Account Management,Medium,Chat,9.41,False,5,False
TKT00101365,C17591,2025-01-09 16:21:00,2025-01-10 09:55:12.000000000,Technical Issue,High,Chat,17.57,False,5,False
TKT00041273,C07074,2024-07-11 13:59:00,2024-07-12 17:51:12.000000000,Feature Request,Medium,Chat,27.87,False,4,False
TKT00077593,C13404,2024-06-11 15:24:00,2024-06-14 17:28:12.000000000,Integration,Medium,Chat,74.07,False,3,True
TKT00080752,C14039,2025-07-22 15:31:00,2025-07-23 06:55:36.000000000,Technical Issue,Medium,Email,15.41,False,4,False
TKT00104548,C18138,2025-03-03 16:09:00,2025-03-05 23:39:36.000000000,Technical Issue,Low,Chat,55.51,False,5,False
TKT00029295,C04979,2025-05-19 14:20:00,2025-05-22 02:55:24.000000000,Feature Request,Medium,Support Portal,60.59,False,4,False
TKT00103912,C18012,2025-09-06 18:01:00,2025-09-07 10:01:36.000000000,Product Bug,Critical,Email,16.01,False,4,False
TKT00084948,C14690,2025-10-28 09:54:00,2025-10-28 14:34:48.000000000,Billing,Critical,Chat,4.68,False,5,False
TKT00032063,C05459,2024-08-01 10:34:00,2024-08-03 13:13:00.000000000,Product Bug,Medium,Email,50.65,False,5,False
TKT00051651,C08947,2024-10-13 11:53:00,2024-10-16 01:30:48.000000000,Product Bug,Low,Chat,61.63,False,4,False
TKT00112692,C19640,2025-11-08 10:14:00,2025-11-09 07:50:00.000000000,Technical Issue,High,Phone,21.6,False,4,False
TKT00055323,C09535,2025-11-25 14:05:00,2025-11-25 20:53:36.000000000,Technical Issue,Critical,Support Portal,6.81,False,5,False
TKT00098594,C17099,2025-05-22 18:26:00,2025-05-24 03:28:59.999999999,Account Management,Medium,Chat,33.05,False,4,False
TKT00095467,C16501,2024-05-20 16:19:00,2024-05-21 19:29:48.000000000,Billing,Medium,Chat,27.18,False,5,False
TKT00089680,C15507,2025-11-15 09:36:00,2025-11-18 00:37:12.000000000,Product Bug,Low,Email,63.02,False,4,False
TKT00073005,C12583,2025-05-19 09:37:00,2025-05-21 04:24:24.000000000,Performance,Medium,Chat,42.79,False,4,False
TKT00076132,C13160,2025-08-10 08:13:00,2025-08-12 17:12:24.000000000,Performance,Low,Email,56.99,False,3,False
TKT00053114,C09162,2025-11-24 13:59:00,2025-11-25 20:13:24.000000000,Account Management,Medium,Email,30.24,False,5,False
TKT00025968,C04389,2024-09-10 12:31:00,2024-09-13 04:35:48.000000000,Integration,Low,Chat,64.08,False,2,False
TKT00025613,C04330,2024-10-29 08:07:00,2024-10-30 00:25:35.999999999,Performance,High,Support Portal,16.31,True,3,True
TKT00073389,C12649,2025-11-21 14:03:00,2025-11-23 04:09:36.000000000,Technical Issue,Medium,Support Portal,38.11,False,4,True
TKT00080342,C13966,2025-08-22 14:32:00,2025-08-23 02:48:12.000000000,Technical Issue,High,Phone,12.27,False,4,False
TKT00108953,C18978,2025-10-25 12:53:00,2025-10-26 09:02:00.000000000,Performance,High,Email,20.15,False,5,False
TKT00060298,C10435,2024-10-21 16:23:00,2024-10-22 00:15:12.000000000,Training / Onboarding,High,Email,7.87,False,3,False
TKT00093820,C16251,2024-11-10 12:14:00,2024-11-11 00:59:00.000000000,Product Bug,Medium,Email,12.75,False,5,False
TKT00086957,C15045,2025-05-17 10:11:00,2025-05-18 13:15:48.000000000,Account Management,Low,Chat,27.08,False,4,False
TKT00050668,C08788,2025-05-11 08:24:00,2025-05-11 17:07:48.000000000,Billing,High,Email,8.73,False,4,False
TKT00087920,C15203,2025-07-01 09:41:00,2025-07-02 19:17:36.000000000,Product Bug,Medium,Chat,33.61,False,4,False
TKT00043386,C07493,2025-11-17 15:39:00,2025-11-18 11:14:24.000000000,Performance,Medium,Email,19.59,False,4,False
TKT00061142,C10596,2025-06-22 08:00:00,2025-06-23 06:24:00.000000000,Feature Request,High,Phone,22.4,False,4,True
TKT00000617,C00101,2025-09-14 08:55:00,2025-09-14 16:04:00.000000000,Product Bug,High,Chat,7.15,False,4,False
TKT00058781,C10169,2025-01-23 09:19:00,2025-01-25 13:25:36.000000000,Product Bug,Medium,Chat,52.11,False,4,False
TKT00082154,C14237,2025-10-03 12:39:00,2025-10-11 01:09:36.000000000,Integration,Low,Chat,180.51,False,5,False
TKT00026463,C04469,2025-10-16 17:52:00,2025-10-16 23:28:36.000000000,Training / Onboarding,High,Phone,5.61,False,4,True
TKT00067474,C11630,2025-06-21 15:44:00,2025-06-24 08:30:48.000000000,Feature Request,Medium,Support Portal,64.78,False,5,False
TKT00073253,C12615,2025-04-21 10:44:00,2025-04-21 13:27:48.000000000,Billing,Critical,Support Portal,2.73,False,5,False
TKT00024311,C04103,2024-09-22 16:27:00,2024-09-23 11:12:36.000000000,Feature Request,High,Phone,18.76,False,5,False
TKT00097055,C16795,2025-08-18 11:02:00,2025-08-19 10:26:36.000000000,Technical Issue,Medium,Phone,23.41,False,5,False
TKT00106436,C18506,2025-07-12 11:54:00,2025-07-14 20:44:24.000000000,Billing,Low,Email,56.84,False,4,False
TKT00006581,C01074,2025-09-22 14:47:00,2025-09-23 15:14:36.000000000,Performance,Medium,Email,24.46,False,4,False
TKT00006291,C01031,2025-09-20 17:04:00,2025-09-21 12:20:48.000000000,Product Bug,Medium,Phone,19.28,False,4,False
TKT00002539,C00410,2025-06-29 17:58:00,2025-06-30 04:12:24.000000000,Billing,Medium,Chat,10.24,False,4,False
TKT00074115,C12770,2025-02-26 16:19:00,2025-02-27 19:21:24.000000000,Integration,High,Chat,27.04,False,4,False
TKT00083462,C14456,2024-11-14 14:48:00,2024-11-16 06:27:36.000000000,Training / Onboarding,Low,Chat,39.66,False,5,False
TKT00113056,C19734,2025-03-02 13:46:00,2025-03-03 05:17:48.000000000,Product Bug,High,Chat,15.53,False,4,False
TKT00093800,C16249,2025-10-15 11:48:00,2025-10-16 17:00:00.000000000,Performance,Medium,Chat,29.2,False,4,False
TKT00064604,C11150,2025-09-28 08:54:00,2025-09-29 12:30:36.000000000,Technical Issue,Medium,Email,27.61,False,3,False
TKT00103627,C17966,2025-04-22 08:10:00,2025-04-23 06:23:12.000000000,Account Management,Medium,Chat,22.22,False,4,True
TKT00067046,C11557,2024-05-22 17:14:00,2024-05-22 23:47:00.000000000,Feature Request,Critical,Email,6.55,False,4,False
TKT00090734,C15697,2024-10-07 16:36:00,2024-10-08 22:40:48.000000000,Technical Issue,Medium,Chat,30.08,False,4,False
TKT00019578,C03346,2024-03-07 09:22:00,2024-03-09 10:48:24.000000000,Performance,High,Email,49.44,False,3,False
TKT00008601,C01422,2025-03-20 13:28:00,2025-03-20 15:59:48.000000000,Billing,Critical,Chat,2.53,True,4,True
TKT00004546,C00720,2025-06-04 10:13:00,2025-06-10 11:58:36.000000000,Product Bug,Low,Chat,145.76,False,4,False
TKT00107622,C18730,2025-07-28 08:33:00,2025-07-31 00:21:36.000000000,Integration,Medium,Email,63.81,False,4,False
TKT00001117,C00181,2025-08-10 08:22:00,2025-08-10 12:47:47.999999999,Account Management,Critical,Phone,4.43,False,3,True
TKT00038928,C06657,2026-01-03 11:39:00,2026-01-04 01:51:00.000000000,Performance,High,Support Portal,14.2,False,3,True
TKT00074323,C12811,2025-07-01 17:15:00,2025-07-04 23:12:00.000000000,Technical Issue,Low,Support Portal,77.95,False,3,False
TKT00012559,C02077,2025-09-07 09:31:00,2025-09-09 00:46:36.000000000,Technical Issue,Medium,Phone,39.26,False,4,False
TKT00108663,C18932,2024-09-26 11:24:00,2024-09-26 21:53:24.000000000,Performance,High,Support Portal,10.49,False,4,False
TKT00021418,C03612,2025-07-12 10:28:00,2025-07-13 16:54:24.000000000,Account Management,Medium,Chat,30.44,False,4,False
TKT00045119,C07796,2025-05-16 14:43:00,2025-05-21 00:29:12.000000000,Integration,Low,Chat,105.77,False,4,False
TKT00021873,C03680,2025-11-05 14:17:00,2025-11-07 08:43:24.000000000,Training / Onboarding,Low,Support Portal,42.44,False,4,False
TKT00005780,C00939,2025-07-10 11:07:00,2025-07-13 22:54:24.000000000,Feature Request,Medium,Support Portal,83.79,False,4,False
TKT00030627,C05211,2024-05-25 09:34:00,2024-05-25 20:00:24.000000000,Account Management,High,Chat,10.44,False,4,False
TKT00068876,C11879,2025-10-13 15:47:00,2025-10-15 17:35:36.000000000,Performance,Medium,Email,49.81,False,4,False
TKT00083954,C14527,2024-10-15 16:11:00,2024-10-16 13:48:48.000000000,Billing,Medium,Support Portal,21.63,False,4,False
TKT00078933,C13692,2025-12-02 09:53:00,2025-12-02 23:18:12.000000000,Performance,Critical,Chat,13.42,False,3,True
TKT00054560,C09407,2025-08-01 11:42:00,2025-08-08 04:57:36.000000000,Product Bug,Low,Phone,161.26,False,4,False
TKT00017786,C03019,2024-03-22 12:03:00,2024-03-29 12:48:36.000000000,Performance,Low,Support Portal,168.76,False,5,False
TKT00016232,C02730,2025-08-16 17:59:00,2025-08-17 11:21:12.000000000,Performance,High,Chat,17.37,False,4,False
TKT00107187,C18649,2025-04-19 17:20:00,2025-04-22 17:08:00.000000000,Product Bug,Low,Email,71.8,False,3,False
TKT00075666,C13063,2025-05-09 14:28:00,2025-05-10 13:04:00.000000000,Technical Issue,High,Support Portal,22.6,False,4,False
TKT00073977,C12751,2024-10-25 16:13:00,2024-10-27 06:38:48.000000000,Product Bug,Medium,Email,38.43,False,5,False
TKT00029610,C05036,2025-02-13 18:17:00,2025-02-16 01:56:36.000000000,Product Bug,Medium,Chat,55.66,False,5,False
TKT00035460,C06003,2025-12-22 14:06:00,2025-12-22 21:54:36.000000000,Billing,High,Chat,7.81,False,4,False
TKT00037848,C06481,2024-11-16 15:30:00,2024-11-17 04:46:12.000000000,Technical Issue,High,Email,13.27,True,4,False
TKT00018279,C03092,2025-10-31 10:14:00,2025-11-05 18:40:59.999999999,Product Bug,Medium,Email,128.45,False,4,False
TKT00025321,C04286,2025-07-14 13:23:00,2025-07-16 03:02:36.000000000,Billing,Low,Chat,37.66,False,4,False
TKT00112515,C19618,2025-10-13 10:24:00,2025-10-14 14:52:12.000000000,Technical Issue,Medium,Email,28.47,True,4,False
TKT00000088,C00006,2025-08-12 11:46:00,2025-08-14 00:13:36.000000000,Performance,Medium,Chat,36.46,False,5,False
TKT00016823,C02834,2025-03-30 09:27:00,2025-04-04 15:09:36.000000000,Account Management,Low,Phone,125.71,False,4,False
TKT00103703,C17976,2025-12-08 12:59:00,2025-12-10 16:17:00.000000000,Integration,Low,Email,51.3,False,4,False
TKT00005767,C00937,2025-02-15 18:32:00,2025-02-16 16:56:36.000000000,Training / Onboarding,Low,Chat,22.41,False,4,False
TKT00042379,C07299,2024-10-27 08:05:00,2024-10-28 15:04:24.000000000,Technical Issue,Medium,Chat,30.99,False,4,False
TKT00033539,C05684,2025-08-12 10:14:00,2025-08-13 16:47:00.000000000,Product Bug,Medium,Support Portal,30.55,False,4,False
TKT00084306,C14588,2024-02-07 17:39:00,2024-02-10 06:46:48.000000000,Performance,Low,Chat,61.13,False,4,False
TKT00099241,C17201,2025-05-03 11:56:00,2025-05-04 03:09:12.000000000,Product Bug,High,Support Portal,15.22,False,5,False
TKT00052076,C09012,2025-11-15 18:36:00,2025-11-16 23:24:00.000000000,Feature Request,Medium,Email,28.8,False,4,False
TKT00044982,C07770,2025-10-29 08:04:00,2025-10-30 06:10:00.000000000,Technical Issue,Medium,Email,22.1,False,4,False
TKT00069874,C12043,2024-11-28 15:46:00,2024-11-28 23:56:12.000000000,Billing,Critical,Chat,8.17,False,5,False
TKT00113923,C19865,2025-10-23 13:36:00,2025-10-24 21:27:36.000000000,Performance,Medium,Chat,31.86,False,4,False
TKT00080248,C13948,2025-12-21 16:14:00,2025-12-25 04:20:00.000000000,Product Bug,Low,Chat,84.1,False,4,False
TKT00080523,C14001,2025-02-01 10:14:00,2025-02-06 06:02:00.000000000,Performance,Low,Chat,115.8,False,5,False
TKT00012169,C02018,2025-02-01 13:57:00,2025-02-02 20:22:48.000000000,Performance,High,Email,30.43,False,4,True
TKT00096994,C16782,2026-01-03 11:25:00,2026-01-03 19:21:24.000000000,Account Management,High,Phone,7.94,False,4,False
TKT00103023,C17877,2025-01-16 16:17:00,2025-01-18 15:50:36.000000000,Product Bug,Medium,Chat,47.56,False,4,True
TKT00103393,C17924,2024-05-05 17:07:00,2024-05-07 14:01:00.000000000,Product Bug,Medium,Phone,44.9,False,4,False
TKT00071800,C12344,2025-11-26 11:36:00,2025-11-26 18:54:00.000000000,Performance,Critical,Chat,7.3,False,4,True
TKT00038854,C06637,2025-01-09 10:18:00,2025-01-10 08:58:48.000000000,Performance,Medium,Chat,22.68,False,3,True
TKT00026389,C04461,2024-12-03 15:03:00,2024-12-08 10:38:24.000000000,Product Bug,Low,Chat,115.59,False,4,False
TKT00039604,C06792,2025-03-26 13:00:00,2025-03-27 13:50:24.000000000,Training / Onboarding,Medium,Email,24.84,False,5,False
TKT00074208,C12787,2025-07-28 15:35:00,2025-07-30 06:14:36.000000000,Integration,Medium,Chat,38.66,False,3,True
TKT00015821,C02674,2025-11-14 15:10:00,2025-11-16 23:53:48.000000000,Product Bug,Medium,Chat,56.73,False,5,False
TKT00048784,C08460,2025-01-13 10:01:00,2025-01-18 06:26:12.000000000,Product Bug,Low,Chat,116.42,False,5,False
TKT00036805,C06273,2025-01-02 09:05:00,2025-01-06 00:41:00.000000000,Performance,Low,Chat,87.6,False,5,False
TKT00026749,C04524,2025-05-13 09:41:00,2025-05-14 11:28:24.000000000,Technical Issue,Medium,Email,25.79,False,4,False
TKT00032258,C05488,2025-06-27 18:33:00,2025-06-29 08:16:48.000000000,Technical Issue,Medium,Support Portal,37.73,False,5,False
TKT00109998,C19180,2025-08-02 14:14:00,2025-08-02 22:32:36.000000000,Billing,High,Chat,8.31,True,4,False
TKT00078310,C13561,2025-06-09 16:36:00,2025-06-10 01:59:24.000000000,Product Bug,High,Chat,9.39,False,4,False
TKT00042868,C07399,2024-11-05 17:58:00,2024-11-06 02:08:12.000000000,Billing,High,Phone,8.17,False,4,False
TKT00043166,C07450,2024-12-25 17:37:00,2024-12-28 05:02:48.000000000,Feature Request,Medium,Support Portal,59.43,False,4,False
TKT00114265,C19919,2024-10-31 18:25:00,2024-11-04 02:37:00.000000000,Feature Request,Medium,Phone,80.2,False,4,False
TKT00080940,C14069,2025-11-11 12:24:00,2025-11-13 15:36:00.000000000,Technical Issue,Medium,Email,51.2,False,3,False
TKT00064848,C11195,2025-08-20 14:54:00,2025-08-21 00:05:24.000000000,Technical Issue,High,Email,9.19,False,4,False
TKT00110541,C19275,2025-04-09 09:12:00,2025-04-12 08:28:48.000000000,Technical Issue,Low,Chat,71.28,False,5,False
TKT00108040,C18827,2025-11-04 11:47:00,2025-11-05 11:56:36.000000000,Training / Onboarding,Medium,Support Portal,24.16,False,5,False
TKT00049205,C08530,2025-05-26 08:32:00,2025-05-26 21:36:12.000000000,Account Management,High,Phone,13.07,False,3,True
TKT00028839,C04903,2024-12-01 08:35:00,2024-12-03 09:30:12.000000000,Integration,Medium,Chat,48.92,False,5,False
TKT00059204,C10225,2024-11-25 09:19:00,2024-11-26 03:59:12.000000000,Product Bug,High,Support Portal,18.67,True,3,False
TKT00061940,C10729,2024-02-22 14:09:00,2024-02-24 03:07:48.000000000,Training / Onboarding,Low,Chat,36.98,False,5,False
TKT00083559,C14476,2025-04-12 12:35:00,2025-04-13 04:40:24.000000000,Account Management,High,Phone,16.09,False,5,False
TKT00100252,C17370,2025-11-03 13:17:00,2025-11-05 10:40:24.000000000,Technical Issue,Low,Phone,45.39,False,5,False
TKT00103037,C17878,2025-05-05 14:43:00,2025-05-07 06:24:24.000000000,Product Bug,Medium,Support Portal,39.69,False,5,False
TKT00073611,C12692,2025-12-02 10:09:00,2025-12-03 07:15:36.000000000,Performance,Medium,Phone,21.11,False,4,False
TKT00110065,C19195,2025-11-22 09:03:00,2025-11-24 07:18:36.000000000,Training / Onboarding,Low,Phone,46.26,False,4,False
TKT00098831,C17136,2025-09-10 09:48:00,2025-09-10 13:26:24.000000000,Technical Issue,Critical,Email,3.64,True,2,False
TKT00104827,C18188,2025-10-18 18:11:00,2025-10-19 13:51:48.000000000,Product Bug,Medium,Email,19.68,False,5,False
TKT00099414,C17225,2025-08-12 08:51:00,2025-08-12 17:27:00.000000000,Billing,High,Email,8.6,False,3,True
TKT00091855,C15924,2024-11-28 09:17:00,2024-11-29 22:38:00.000000000,Integration,Medium,Phone,37.35,False,4,False
TKT00006816,C01123,2025-12-31 13:24:00,2026-01-01 19:39:36.000000000,Technical Issue,Medium,Phone,30.26,False,3,False
TKT00064983,C11227,2025-10-10 16:36:00,2025-10-11 16:28:48.000000000,Account Management,Medium,Email,23.88,False,4,True
TKT00002584,C00422,2025-11-27 10:27:00,2025-11-29 18:33:00.000000000,Billing,Low,Phone,56.1,False,4,False
TKT00050965,C08830,2025-12-29 10:09:00,2025-12-30 16:28:12.000000000,Technical Issue,High,Phone,30.32,False,4,False
TKT00038771,C06626,2025-12-08 11:29:00,2025-12-09 10:21:48.000000000,Performance,High,Support Portal,22.88,False,4,False
TKT00074759,C12889,2025-05-25 13:22:00,2025-05-27 15:34:00.000000000,Feature Request,Medium,Support Portal,50.2,False,5,False
TKT00077019,C13314,2025-01-26 16:59:00,2025-01-29 07:58:24.000000000,Product Bug,Low,Chat,62.99,False,5,False
TKT00044608,C07726,2025-05-06 17:09:00,2025-05-07 12:40:12.000000000,Technical Issue,Medium,Phone,19.52,False,3,False
TKT00113791,C19845,2025-07-11 11:58:00,2025-07-12 14:22:00.000000000,Billing,Medium,Email,26.4,False,4,False
TKT00016817,C02834,2025-01-13 12:25:00,2025-01-14 08:37:00.000000000,Product Bug,High,Email,20.2,False,4,False
TKT00087395,C15105,2025-01-17 15:39:00,2025-01-19 07:39:36.000000000,Product Bug,Medium,Chat,40.01,False,4,False
TKT00101672,C17632,2025-11-30 11:02:00,2025-12-05 08:58:24.000000000,Technical Issue,Low,Chat,117.94,False,4,False
TKT00027094,C04585,2025-07-26 14:35:00,2025-07-27 01:10:24.000000000,Billing,High,Phone,10.59,False,5,False
TKT00114704,C19992,2025-02-24 11:37:00,2025-02-26 01:20:48.000000000,Integration,High,Phone,37.73,False,3,False
TKT00083283,C14435,2025-04-19 13:08:00,2025-04-21 01:33:48.000000000,Product Bug,Medium,Support Portal,36.43,False,4,False
TKT00086610,C15003,2025-04-25 17:47:00,2025-04-28 23:53:00.000000000,Integration,Medium,Support Portal,78.1,False,4,False
TKT00032808,C05585,2025-04-21 13:05:00,2025-04-21 17:59:00.000000000,Billing,Critical,Chat,4.9,False,4,True
TKT00045699,C07911,2025-08-26 09:03:00,2025-09-03 14:39:00.000000000,Feature Request,Low,Chat,197.6,False,5,False
TKT00013631,C02267,2025-07-02 11:16:00,2025-07-05 05:02:48.000000000,Performance,Medium,Phone,65.78,False,4,False
TKT00026203,C04423,2025-12-06 14:29:00,2025-12-07 17:44:00.000000000,Training / Onboarding,Medium,Email,27.25,False,4,True
TKT00068602,C11847,2025-09-24 08:34:00,2025-09-29 11:29:48.000000000,Product Bug,Low,Email,122.93,False,3,False
TKT00096156,C16647,2024-11-28 18:24:00,2024-11-30 01:25:48.000000000,Technical Issue,Medium,Support Portal,31.03,False,4,False
TKT00074425,C12828,2025-09-30 18:19:00,2025-10-03 03:11:48.000000000,Integration,Low,Chat,56.88,False,4,False
TKT00027071,C04581,2025-08-13 12:36:00,2025-08-14 22:33:36.000000000,Feature Request,High,Support Portal,33.96,True,5,False
TKT00111182,C19387,2025-12-10 08:17:00,2025-12-11 11:36:48.000000000,Performance,High,Phone,27.33,False,3,True
TKT00019697,C03363,2025-05-16 13:45:00,2025-05-17 15:22:12.000000000,Product Bug,Medium,Chat,25.62,False,4,False
TKT00048853,C08472,2025-07-12 17:37:00,2025-07-15 01:25:00.000000000,Product Bug,Low,Email,55.8,False,4,False
TKT00104368,C18092,2024-03-11 13:57:00,2024-03-12 16:34:12.000000000,Technical Issue,Low,Phone,26.62,False,4,False
TKT00075632,C13056,2025-01-31 15:26:00,2025-02-01 14:02:36.000000000,Technical Issue,High,Email,22.61,False,4,False
TKT00083436,C14454,2025-02-14 10:37:00,2025-02-16 17:01:36.000000000,Account Management,Low,Chat,54.41,False,4,False
TKT00000129,C00012,2025-03-01 14:09:00,2025-03-03 11:21:36.000000000,Billing,Low,Chat,45.21,False,4,False
TKT00069537,C11982,2025-06-01 15:21:00,2025-06-05 11:24:36.000000000,Feature Request,Low,Support Portal,92.06,False,4,False
TKT00028175,C04790,2024-09-15 10:08:00,2024-09-15 18:42:12.000000000,Performance,High,Support Portal,8.57,False,4,False
TKT00001575,C00262,2025-10-13 12:36:00,2025-10-14 02:42:36.000000000,Training / Onboarding,Medium,Email,14.11,False,4,False
TKT00098043,C16974,2024-10-02 16:04:00,2024-10-02 17:54:24.000000000,Account Management,High,Support Portal,1.84,True,4,False
TKT00068523,C11839,2026-01-01 09:37:00,2026-01-01 14:46:36.000000000,Technical Issue,Critical,Chat,5.16,False,4,True
TKT00096012,C16615,2025-01-03 12:59:00,2025-01-05 05:36:12.000000000,Account Management,Low,Chat,40.62,False,4,False
TKT00108412,C18892,2024-02-08 16:05:00,2024-02-09 09:04:23.999999999,Training / Onboarding,High,Phone,16.99,True,2,False
TKT00063023,C10909,2025-11-07 11:56:00,2025-11-09 20:02:36.000000000,Product Bug,Medium,Chat,56.11,False,3,False
TKT00051439,C08907,2025-02-23 18:12:00,2025-02-25 05:18:36.000000000,Billing,Medium,Email,35.11,False,4,False
TKT00081174,C14105,2025-04-07 11:19:00,2025-04-08 14:36:24.000000000,Feature Request,High,Email,27.29,False,4,False
TKT00083511,C14463,2025-05-21 18:40:00,2025-05-22 05:32:12.000000000,Product Bug,Critical,Email,10.87,True,5,False
TKT00100154,C17349,2025-09-06 14:25:00,2025-09-07 23:40:36.000000000,Technical Issue,Low,Support Portal,33.26,False,4,False
TKT00101734,C17645,2025-05-29 18:04:00,2025-05-29 23:27:24.000000000,Technical Issue,Critical,Email,5.39,False,4,False
TKT00011981,C02001,2025-02-22 17:00:00,2025-02-26 17:44:24.000000000,Product Bug,Medium,Phone,96.74,False,4,False
TKT00045426,C07868,2025-06-13 18:57:00,2025-06-21 23:41:24.000000000,Integration,Low,Email,196.74,False,4,False
TKT00107929,C18804,2024-10-29 11:53:00,2024-11-01 03:47:36.000000000,Integration,Medium,Phone,63.91,False,3,False
TKT00049948,C08653,2025-09-06 08:17:00,2025-09-07 19:24:11.999999999,Product Bug,Medium,Email,35.12,False,3,False
TKT00021579,C03633,2024-12-10 17:03:00,2024-12-10 23:37:48.000000000,Technical Issue,Critical,Phone,6.58,False,4,True
TKT00018665,C03175,2025-12-28 17:40:00,2025-12-29 07:37:00.000000000,Account Management,High,Support Portal,13.95,False,4,True
TKT00002743,C00441,2026-01-01 10:09:00,2026-01-02 19:21:36.000000000,Product Bug,Medium,Chat,33.21,False,4,False
TKT00032825,C05590,2025-08-26 08:15:00,2025-08-28 05:31:12.000000000,Integration,Medium,Chat,45.27,False,5,False
TKT00085486,C14781,2025-10-23 12:54:00,2025-10-23 17:41:24.000000000,Account Management,Critical,Support Portal,4.79,True,4,False
TKT00074611,C12864,2024-06-07 17:24:00,2024-06-12 05:08:24.000000000,Performance,Low,Email,107.74,True,2,False
TKT00030924,C05264,2025-12-23 09:21:00,2025-12-23 21:28:48.000000000,Performance,High,Phone,12.13,False,5,False
TKT00090916,C15728,2025-11-05 18:47:00,2025-11-06 04:30:48.000000000,Technical Issue,High,Support Portal,9.73,False,4,False
TKT00037399,C06392,2025-02-07 17:29:00,2025-02-08 15:23:36.000000000,Account Management,Medium,Email,21.91,False,5,False
TKT00035669,C06049,2024-08-16 08:26:00,2024-08-17 15:11:36.000000000,Performance,Medium,Phone,30.76,False,4,False
TKT00071226,C12253,2025-03-27 11:45:00,2025-03-28 05:59:24.000000000,Technical Issue,Medium,Support Portal,18.24,False,3,False
TKT00025451,C04307,2025-07-15 16:57:00,2025-07-16 21:49:48.000000000,Product Bug,Medium,Email,28.88,False,4,False
TKT00032990,C05618,2024-06-06 11:02:00,2024-06-08 05:49:24.000000000,Technical Issue,Medium,Phone,42.79,False,3,False
TKT00016211,C02730,2025-01-11 11:02:00,2025-01-12 04:44:00.000000000,Product Bug,Medium,Support Portal,17.7,False,4,False
TKT00022231,C03740,2024-10-14 09:25:00,2024-10-16 08:38:12.000000000,Account Management,Low,Support Portal,47.22,False,4,False
TKT00113164,C19747,2026-01-04 12:09:00,2026-01-05 18:32:24.000000000,Technical Issue,Medium,Chat,30.39,False,4,False
TKT00067885,C11703,2025-05-20 18:52:00,2025-05-22 15:57:24.000000000,Account Management,Low,Email,45.09,False,4,False
TKT00023123,C03898,2025-07-12 17:08:00,2025-07-13 23:57:12.000000000,Account Management,Medium,Chat,30.82,False,5,False
TKT00081206,C14110,2024-11-26 15:56:00,2024-12-01 06:18:48.000000000,Product Bug,Low,Chat,110.38,False,4,False
TKT00086142,C14891,2024-08-03 15:36:00,2024-08-04 08:22:48.000000000,Feature Request,Critical,Email,16.78,False,5,False
TKT00105686,C18367,2024-12-30 14:40:00,2024-12-30 20:56:48.000000000,Performance,High,Support Portal,6.28,False,4,False
TKT00047020,C08145,2024-07-12 15:25:00,2024-07-13 04:13:00.000000000,Performance,High,Email,12.8,False,4,False
TKT00077440,C13390,2024-05-12 11:04:00,2024-05-13 13:28:00.000000000,Performance,Medium,Email,26.4,False,4,False
TKT00094682,C16383,2024-09-17 15:00:00,2024-09-18 14:15:36.000000000,Training / Onboarding,Medium,Email,23.26,False,4,False
TKT00017318,C02939,2025-10-02 16:38:00,2025-10-05 02:29:36.000000000,Technical Issue,Low,Phone,57.86,False,3,False
TKT00006149,C00995,2025-08-09 16:45:00,2025-08-10 20:54:36.000000000,Performance,Medium,Email,28.16,False,3,True
TKT00041887,C07209,2025-12-06 12:35:00,2025-12-08 12:44:36.000000000,Product Bug,Low,Support Portal,48.16,False,3,False
TKT00045584,C07895,2025-02-13 18:13:00,2025-02-15 21:28:00.000000000,Product Bug,Medium,Phone,51.25,False,5,False
TKT00032547,C05548,2025-05-01 14:43:00,2025-05-02 13:38:12.000000000,Billing,Medium,Chat,22.92,False,4,False
TKT00114089,C19902,2025-02-12 14:05:00,2025-02-13 12:17:36.000000000,Technical Issue,Medium,Phone,22.21,False,5,False
TKT00060626,C10489,2025-04-24 16:38:00,2025-04-26 07:07:24.000000000,Feature Request,High,Support Portal,38.49,False,4,False
TKT00070325,C12108,2024-09-18 08:39:00,2024-09-20 11:23:24.000000000,Technical Issue,Medium,Support Portal,50.74,False,4,False
TKT00080981,C14077,2025-04-24 13:31:00,2025-04-25 13:50:12.000000000,Product Bug,Medium,Phone,24.32,False,5,False
TKT00056305,C09713,2026-01-08 16:16:00,2026-01-09 14:15:24.000000000,Technical Issue,High,Support Portal,21.99,False,3,False
TKT00112723,C19647,2025-02-20 14:00:00,2025-02-23 02:22:12.000000000,Feature Request,Medium,Email,60.37,False,4,False
TKT00112935,C19710,2025-07-18 12:31:00,2025-07-21 04:20:12.000000000,Product Bug,Medium,Chat,63.82,False,4,False
TKT00099893,C17309,2024-07-10 15:11:00,2024-07-11 13:10:24.000000000,Technical Issue,Medium,Chat,21.99,False,3,False
TKT00080455,C13984,2025-01-28 14:37:00,2025-01-31 07:22:00.000000000,Product Bug,Low,Phone,64.75,False,4,False
TKT00081829,C14186,2024-10-15 17:01:00,2024-10-16 23:34:36.000000000,Integration,Medium,Email,30.56,False,5,False
TKT00025656,C04340,2025-11-24 12:34:00,2025-11-26 12:24:24.000000000,Billing,Low,Support Portal,47.84,False,5,False
TKT00036223,C06149,2025-03-06 17:21:00,2025-03-07 06:30:00.000000000,Technical Issue,High,Phone,13.15,False,5,False
TKT00059108,C10214,2024-10-29 14:50:00,2024-10-31 10:09:12.000000000,Technical Issue,Medium,Chat,43.32,False,3,False
TKT00035662,C06046,2025-01-30 14:49:00,2025-02-02 09:47:12.000000000,Product Bug,Low,Support Portal,66.97,False,4,False
TKT00042552,C07327,2024-12-30 08:45:00,2024-12-31 23:52:12.000000000,Feature Request,High,Email,39.12,False,5,False
TKT00006176,C01010,2025-06-17 12:42:00,2025-06-20 07:31:48.000000000,Integration,Low,Email,66.83,False,4,False
TKT00053175,C09176,2024-07-23 10:05:00,2024-07-23 15:39:48.000000000,Account Management,Critical,Support Portal,5.58,False,5,False
TKT00053897,C09269,2025-05-26 08:29:00,2025-05-27 04:16:24.000000000,Technical Issue,High,Support Portal,19.79,True,4,False
TKT00077202,C13350,2025-04-27 11:27:00,2025-04-28 20:44:59.999999999,Performance,High,Email,33.3,False,4,False
TKT00001881,C00322,2024-10-19 11:12:00,2024-10-28 23:24:00.000000000,Feature Request,Low,Support Portal,228.2,False,4,False
TKT00105949,C18428,2026-01-11 13:59:00,2026-01-13 04:47:36.000000000,Integration,Medium,Email,38.81,False,5,False
TKT00011559,C01929,2024-11-27 13:22:00,2024-11-28 12:51:24.000000000,Technical Issue,Medium,Email,23.49,False,4,False
TKT00007880,C01294,2024-12-25 14:15:00,2024-12-27 02:07:48.000000000,Integration,Medium,Chat,35.88,False,4,False
TKT00086309,C14929,2025-09-23 08:23:00,2025-09-24 11:27:12.000000000,Product Bug,Medium,Support Portal,27.07,False,5,False
TKT00037944,C06500,2025-07-05 18:29:00,2025-07-06 08:31:24.000000000,Account Management,High,Email,14.04,False,4,False
TKT00097633,C16900,2025-03-31 10:33:00,2025-04-02 20:23:24.000000000,Integration,Medium,Email,57.84,False,4,False
TKT00089836,C15535,2025-11-25 12:05:00,2025-11-27 03:32:36.000000000,Product Bug,Medium,Chat,39.46,False,5,False
TKT00030863,C05257,2024-02-01 08:49:00,2024-02-02 16:12:24.000000000,Product Bug,Medium,Chat,31.39,False,4,False
TKT00085803,C14830,2025-06-09 13:36:00,2025-06-09 16:50:24.000000000,Account Management,High,Email,3.24,False,3,True
TKT00107432,C18700,2024-12-25 13:05:00,2024-12-27 02:33:48.000000000,Integration,Medium,Email,37.48,False,4,False
TKT00099116,C17181,2025-08-13 10:36:00,2025-08-14 09:00:36.000000000,Performance,High,Email,22.41,False,4,False
TKT00000363,C00047,2025-11-02 14:13:00,2025-11-03 19:30:24.000000000,Product Bug,Medium,Chat,29.29,False,3,True
TKT00012695,C02107,2024-12-24 11:32:00,2024-12-30 06:51:12.000000000,Integration,Low,Email,139.32,False,5,False
TKT00011568,C01931,2025-08-29 09:05:00,2025-08-30 14:00:48.000000000,Performance,Low,Support Portal,28.93,False,5,False
TKT00019019,C03242,2024-08-16 14:41:00,2024-08-17 14:56:00.000000000,Product Bug,Medium,Chat,24.25,False,4,False
TKT00062998,C10901,2025-10-06 09:01:00,2025-10-08 08:24:24.000000000,Performance,Medium,Chat,47.39,False,4,False
TKT00085840,C14834,2025-02-02 12:43:00,2025-02-03 13:16:36.000000000,Technical Issue,Medium,Chat,24.56,False,5,False
TKT00111028,C19355,2025-01-15 18:09:00,2025-01-16 04:57:00.000000000,Product Bug,Critical,Chat,10.8,False,3,True
TKT00083618,C14484,2025-09-09 11:49:00,2025-09-12 05:00:24.000000000,Performance,Low,Phone,65.19,False,4,False
TKT00004814,C00778,2024-10-30 11:02:00,2024-11-02 03:02:36.000000000,Product Bug,Low,Support Portal,64.01,True,4,False
TKT00080776,C14045,2025-10-03 14:39:00,2025-10-05 01:39:36.000000000,Product Bug,Medium,Phone,35.01,False,4,False
TKT00005097,C00823,2025-10-29 13:35:00,2025-10-29 21:11:36.000000000,Billing,High,Support Portal,7.61,False,4,False
TKT00003243,C00516,2025-06-08 10:42:00,2025-06-11 17:06:36.000000000,Product Bug,Low,Chat,78.41,False,4,False
TKT00071457,C12283,2025-08-11 09:12:00,2025-08-13 03:59:24.000000000,Integration,High,Email,42.79,False,5,False
TKT00062665,C10854,2024-09-05 13:36:00,2024-09-06 13:00:36.000000000,Product Bug,High,Email,23.41,False,5,True
TKT00026245,C04433,2025-09-01 11:30:00,2025-09-03 02:46:12.000000000,Feature Request,High,Email,39.27,False,3,True
TKT00088470,C15308,2025-09-13 12:32:00,2025-09-16 05:56:36.000000000,Feature Request,Medium,Email,65.41,False,3,False
TKT00032783,C05580,2024-10-28 11:56:00,2024-10-29 09:45:48.000000000,Technical Issue,Medium,Chat,21.83,False,4,False
TKT00059782,C10319,2025-11-24 12:47:00,2025-11-27 07:59:00.000000000,Feature Request,High,Support Portal,67.2,False,4,False
TKT00032019,C05452,2025-07-21 12:30:00,2025-07-21 20:54:00.000000000,Billing,High,Chat,8.4,True,5,True
TKT00046383,C08026,2025-10-20 14:34:00,2025-10-21 11:34:00.000000000,Product Bug,High,Chat,21.0,False,4,False
TKT00069652,C12003,2025-07-07 09:10:00,2025-07-09 04:24:24.000000000,Technical Issue,Medium,Email,43.24,False,4,False
TKT00084773,C14668,2025-11-20 09:20:00,2025-11-20 16:59:00.000000000,Account Management,High,Chat,7.65,False,3,False
TKT00066079,C11393,2025-11-07 18:01:00,2025-11-09 02:47:48.000000000,Technical Issue,Medium,Chat,32.78,False,3,True
TKT00078955,C13703,2024-11-26 13:59:00,2024-11-28 08:10:24.000000000,Product Bug,Medium,Phone,42.19,False,4,False
TKT00016599,C02788,2025-09-19 12:54:00,2025-09-21 23:41:24.000000000,Performance,Low,Phone,58.79,False,3,False
TKT00099884,C17309,2024-03-08 13:42:00,2024-03-11 01:40:12.000000000,Performance,Low,Email,59.97,False,4,False
TKT00031956,C05443,2025-07-13 15:40:00,2025-07-13 22:53:48.000000000,Account Management,Critical,Support Portal,7.23,False,3,True
TKT00001600,C00268,2024-09-26 14:54:00,2024-09-28 22:06:36.000000000,Feature Request,Medium,Chat,55.21,False,4,False
TKT00045296,C07835,2025-08-16 15:29:00,2025-08-20 07:27:12.000000000,Technical Issue,Low,Phone,87.97,False,3,False
TKT00090474,C15654,2025-08-21 10:48:00,2025-08-22 18:19:12.000000000,Integration,Medium,Phone,31.52,False,5,False
TKT00024206,C04083,2025-03-01 18:04:00,2025-03-05 01:05:12.000000000,Technical Issue,Low,Phone,79.02,False,5,False
TKT00085672,C14809,2025-01-03 13:55:00,2025-01-04 12:22:36.000000000,Product Bug,Medium,Email,22.46,False,4,False
TKT00047358,C08210,2025-07-28 17:27:00,2025-07-29 19:55:12.000000000,Integration,High,Phone,26.47,False,4,False
TKT00006749,C01108,2025-03-29 09:53:00,2025-04-02 00:38:36.000000000,Feature Request,Medium,Email,86.76,False,4,True
TKT00099660,C17264,2025-10-29 11:07:00,2025-10-30 21:50:47.999999999,Product Bug,Low,Email,34.73,True,4,False
TKT00088256,C15266,2025-06-22 13:04:00,2025-06-23 10:34:00.000000000,Integration,Medium,Support Portal,21.5,False,5,False
TKT00108218,C18863,2025-07-23 18:31:00,2025-07-25 23:46:36.000000000,Performance,Medium,Chat,53.26,False,4,False
TKT00099798,C17284,2025-09-27 13:26:00,2025-09-28 11:54:12.000000000,Performance,Medium,Phone,22.47,False,4,False
TKT00031371,C05353,2025-11-03 15:54:00,2025-11-07 08:06:00.000000000,Feature Request,Medium,Chat,88.2,False,4,False
TKT00057969,C10035,2025-07-03 17:46:00,2025-07-05 17:22:36.000000000,Feature Request,High,Chat,47.61,False,4,False
TKT00045709,C07915,2025-10-23 11:47:00,2025-10-25 02:24:48.000000000,Product Bug,Medium,Phone,38.63,False,4,False
TKT00050354,C08724,2025-05-01 15:38:00,2025-05-04 15:02:36.000000000,Technical Issue,Low,Email,71.41,False,4,False
TKT00004052,C00630,2025-05-06 18:32:00,2025-05-08 21:24:12.000000000,Technical Issue,Medium,Phone,50.87,False,4,False
TKT00037165,C06346,2025-07-20 10:07:00,2025-08-01 13:25:00.000000000,Feature Request,Low,Phone,291.3,False,4,False
TKT00024785,C04183,2024-09-19 15:57:00,2024-09-21 03:19:48.000000000,Product Bug,Medium,Chat,35.38,False,5,False
TKT00037985,C06509,2025-03-14 16:34:00,2025-03-15 12:22:00.000000000,Billing,High,Support Portal,19.8,False,4,False
TKT00037801,C06470,2024-10-28 11:26:00,2024-10-29 12:50:00.000000000,Account Management,Medium,Email,25.4,False,4,False
TKT00023546,C03956,2025-02-02 08:01:00,2025-02-04 19:28:00.000000000,Integration,Low,Email,59.45,False,4,False
TKT00089704,C15508,2025-09-28 18:47:00,2025-09-30 14:20:36.000000000,Technical Issue,Medium,Phone,43.56,False,4,True
TKT00076513,C13231,2025-09-09 12:28:00,2025-09-12 17:22:36.000000000,Feature Request,Low,Email,76.91,False,3,True
TKT00085445,C14777,2024-08-04 10:24:00,2024-08-05 04:22:11.999999999,Technical Issue,Medium,Support Portal,17.97,False,4,False
TKT00020137,C03405,2025-08-31 14:30:00,2025-09-01 16:39:36.000000000,Account Management,Medium,Chat,26.16,False,3,True
TKT00023444,C03937,2025-04-02 15:14:00,2025-04-04 06:05:36.000000000,Training / Onboarding,Medium,Email,38.86,False,3,False
TKT00006232,C01021,2025-07-29 16:08:00,2025-07-29 19:38:36.000000000,Product Bug,Critical,Support Portal,3.51,False,3,False
TKT00074263,C12797,2026-01-04 08:27:00,2026-01-04 20:15:36.000000000,Performance,High,Phone,11.81,False,5,False
TKT00059783,C10319,2025-12-19 08:10:00,2025-12-20 04:39:24.000000000,Billing,Medium,Email,20.49,False,4,True
TKT00019029,C03243,2025-05-29 10:16:00,2025-05-31 05:52:36.000000000,Feature Request,High,Support Portal,43.61,False,5,False
TKT00093341,C16180,2025-05-31 11:03:00,2025-05-31 15:44:24.000000000,Technical Issue,Critical,Phone,4.69,True,3,True
TKT00067796,C11689,2025-09-12 18:55:00,2025-09-13 12:23:11.999999999,Performance,High,Email,17.47,False,5,False
TKT00069248,C11937,2025-08-01 13:55:00,2025-08-02 02:59:12.000000000,Billing,Medium,Chat,13.07,False,4,False
TKT00109993,C19180,2025-02-20 08:54:00,2025-02-23 09:46:48.000000000,Account Management,Low,Email,72.88,False,4,False
TKT00075335,C12997,2025-06-19 16:57:00,2025-06-20 22:37:48.000000000,Performance,Medium,Support Portal,29.68,True,4,False
TKT00066673,C11505,2025-04-14 08:50:00,2025-04-17 15:55:24.000000000,Feature Request,Medium,Chat,79.09,False,4,False
TKT00013603,C02262,2025-06-24 08:17:00,2025-06-25 23:27:48.000000000,Billing,Medium,Phone,39.18,False,4,False
TKT00049874,C08644,2025-02-23 10:05:00,2025-02-26 11:28:24.000000000,Integration,Low,Email,73.39,False,5,False
TKT00033532,C05679,2025-03-17 14:38:00,2025-03-18 19:30:48.000000000,Product Bug,High,Support Portal,28.88,False,5,False
TKT00022131,C03723,2025-10-16 10:13:00,2025-10-16 18:50:11.999999999,Technical Issue,High,Support Portal,8.62,False,5,False
TKT00039701,C06804,2024-10-24 13:00:00,2024-10-27 12:20:59.999999999,Product Bug,Low,Chat,71.35,False,4,False
TKT00114230,C19916,2025-06-10 15:14:00,2025-06-11 10:23:00.000000000,Billing,Medium,Phone,19.15,False,3,False
TKT00103527,C17952,2025-09-12 11:13:00,2025-09-14 01:43:36.000000000,Billing,Medium,Chat,38.51,False,5,False
TKT00084932,C14688,2024-06-25 08:21:00,2024-07-01 12:03:00.000000000,Technical Issue,Low,Chat,147.7,False,4,False
TKT00096317,C16676,2025-03-23 12:10:00,2025-03-24 05:35:12.000000000,Account Management,High,Phone,17.42,False,5,True
TKT00071953,C12367,2025-04-25 08:48:00,2025-04-28 13:48:36.000000000,Performance,Low,Phone,77.01,False,4,False
TKT00090130,C15577,2025-10-11 10:33:00,2025-10-14 16:38:24.000000000,Product Bug,Medium,Phone,78.09,False,3,False
TKT00080555,C14009,2025-03-16 12:12:00,2025-03-17 00:06:36.000000000,Billing,High,Email,11.91,False,5,False
TKT00013197,C02188,2024-12-25 11:09:00,2024-12-27 06:57:36.000000000,Performance,Medium,Email,43.81,False,5,False
TKT00053558,C09227,2025-09-11 08:22:00,2025-09-13 12:37:00.000000000,Technical Issue,Low,Email,52.25,False,4,False
TKT00056391,C09725,2025-02-23 11:22:00,2025-02-24 13:50:12.000000000,Performance,Medium,Phone,26.47,False,4,False
TKT00016689,C02805,2024-12-18 09:18:00,2024-12-19 02:56:24.000000000,Product Bug,Medium,Phone,17.64,False,5,False
TKT00109074,C19015,2024-09-30 11:28:00,2024-09-30 15:12:24.000000000,Account Management,Critical,Phone,3.74,False,4,True
TKT00089383,C15450,2025-09-12 13:54:00,2025-09-14 22:04:48.000000000,Integration,Medium,Email,56.18,False,4,False
TKT00102809,C17847,2025-08-31 08:15:00,2025-09-01 01:29:23.999999999,Account Management,Medium,Chat,17.24,False,3,False
TKT00014232,C02382,2025-07-04 12:00:00,2025-07-06 03:10:12.000000000,Account Management,Low,Email,39.17,False,5,False
TKT00024646,C04157,2024-11-02 09:32:00,2024-11-04 21:33:48.000000000,Training / Onboarding,Low,Support Portal,60.03,False,5,False
TKT00030577,C05196,2025-12-02 18:15:00,2025-12-04 11:10:48.000000000,Performance,Medium,Email,40.93,False,5,False
TKT00105807,C18393,2025-10-01 10:52:00,2025-10-03 08:47:12.000000000,Billing,Medium,Phone,45.92,False,5,False
TKT00076188,C13171,2025-05-09 08:43:00,2025-05-10 04:35:48.000000000,Technical Issue,High,Phone,19.88,True,4,False
TKT00077729,C13432,2024-08-15 12:24:00,2024-08-16 08:49:48.000000000,Performance,High,Phone,20.43,False,4,True
TKT00027482,C04654,2025-08-18 08:38:00,2025-08-23 02:33:48.000000000,Technical Issue,Low,Chat,113.93,False,4,False
TKT00028551,C04855,2025-09-01 18:25:00,2025-09-04 14:45:24.000000000,Technical Issue,Low,Phone,68.34,False,3,False
TKT00054563,C09410,2025-12-19 11:31:00,2025-12-20 06:10:00.000000000,Billing,Medium,Email,18.65,False,4,False
TKT00088065,C15230,2025-09-23 14:42:00,2025-09-24 18:46:48.000000000,Technical Issue,Medium,Chat,28.08,False,3,False
TKT00028910,C04913,2025-03-09 16:56:00,2025-03-19 03:27:48.000000000,Feature Request,Low,Email,226.53,False,5,False
TKT00055795,C09622,2025-06-16 11:10:00,2025-06-16 18:13:00.000000000,Account Management,High,Email,7.05,False,5,False
TKT00057569,C09952,2024-11-28 18:56:00,2024-11-30 18:42:12.000000000,Product Bug,Medium,Chat,47.77,False,4,False
TKT00090753,C15697,2025-05-01 13:58:00,2025-05-02 07:58:00.000000000,Performance,High,Email,18.0,False,5,False
TKT00030875,C05258,2025-06-18 14:45:00,2025-06-18 17:13:12.000000000,Account Management,Critical,Email,2.47,False,4,False
TKT00098613,C17102,2025-08-31 08:31:00,2025-09-01 22:40:36.000000000,Technical Issue,Low,Email,38.16,False,4,False
TKT00065344,C11273,2025-05-22 18:48:00,2025-05-23 07:20:24.000000000,Product Bug,High,Support Portal,12.54,False,4,False
TKT00093555,C16212,2025-12-09 09:58:00,2025-12-10 14:32:48.000000000,Billing,Medium,Email,28.58,False,4,False
TKT00047453,C08220,2025-05-13 11:57:00,2025-05-14 23:11:24.000000000,Product Bug,Medium,Chat,35.24,False,5,False
TKT00018392,C03108,2025-11-04 12:11:00,2025-11-06 10:35:36.000000000,Feature Request,Medium,Email,46.41,False,4,False
TKT00014832,C02483,2025-10-06 17:42:00,2025-10-07 17:11:24.000000000,Performance,Medium,Chat,23.49,False,4,False
TKT00025803,C04359,2025-06-29 08:59:00,2025-07-02 08:29:00.000000000,Training / Onboarding,Medium,Email,71.5,False,4,False
TKT00013530,C02247,2025-10-29 09:34:00,2025-10-30 16:21:24.000000000,Product Bug,Medium,Support Portal,30.79,False,5,False
TKT00041470,C07114,2025-08-22 12:41:00,2025-08-24 04:09:48.000000000,Performance,Medium,Chat,39.48,False,4,True
TKT00082522,C14306,2025-02-27 10:57:00,2025-03-04 16:43:48.000000000,Product Bug,Medium,Email,125.78,False,3,False
TKT00013344,C02218,2025-05-26 10:37:00,2025-05-28 02:00:24.000000000,Training / Onboarding,Low,Chat,39.39,False,3,True
TKT00105380,C18304,2025-09-06 10:34:00,2025-09-07 10:16:00.000000000,Technical Issue,Medium,Email,23.7,False,5,False
TKT00001026,C00175,2025-08-12 15:55:00,2025-08-13 07:51:24.000000000,Technical Issue,Medium,Email,15.94,False,4,False
TKT00044862,C07756,2025-04-22 11:57:00,2025-04-24 04:15:00.000000000,Technical Issue,Low,Chat,40.3,False,4,False
TKT00030862,C05256,2025-06-25 12:41:00,2025-06-25 19:53:36.000000000,Performance,Critical,Chat,7.21,False,3,True
TKT00096376,C16687,2024-08-19 13:27:00,2024-08-20 17:39:36.000000000,Performance,Medium,Chat,28.21,False,4,False
TKT00087452,C15107,2025-06-22 13:03:00,2025-06-23 20:08:24.000000000,Product Bug,Medium,Support Portal,31.09,False,5,False
TKT00020424,C03452,2025-12-07 14:11:00,2025-12-08 23:45:48.000000000,Performance,Low,Chat,33.58,False,4,False
TKT00074666,C12877,2025-07-03 15:22:00,2025-07-04 23:43:00.000000000,Billing,Medium,Email,32.35,False,4,False
TKT00100306,C17377,2025-04-03 09:08:00,2025-04-08 00:14:00.000000000,Integration,Low,Email,111.1,False,3,False
TKT00068264,C11774,2025-10-30 11:37:00,2025-10-31 15:07:00.000000000,Technical Issue,Medium,Phone,27.5,True,4,False
TKT00085967,C14862,2025-12-06 15:48:00,2025-12-07 20:01:48.000000000,Integration,Medium,Email,28.23,False,4,False
TKT00101754,C17652,2025-09-17 13:51:00,2025-09-20 07:36:36.000000000,Feature Request,Medium,Chat,65.76,False,3,False
TKT00092995,C16122,2024-12-08 09:08:00,2024-12-08 14:27:12.000000000,Technical Issue,Critical,Email,5.32,True,4,False
TKT00092354,C16020,2025-07-23 11:38:00,2025-07-28 14:35:00.000000000,Performance,Low,Chat,122.95,False,5,False
TKT00090662,C15680,2025-10-26 18:08:00,2025-10-28 01:00:48.000000000,Product Bug,Medium,Support Portal,30.88,False,4,False
TKT00055381,C09543,2025-06-06 15:36:00,2025-06-11 06:40:12.000000000,Feature Request,Medium,Chat,111.07,False,5,False
TKT00103619,C17966,2024-12-01 11:36:00,2024-12-03 16:02:24.000000000,Product Bug,Low,Support Portal,52.44,False,3,False
TKT00045950,C07947,2024-09-12 14:07:00,2024-09-13 19:00:24.000000000,Technical Issue,Medium,Phone,28.89,False,3,False
TKT00109734,C19142,2025-11-11 09:50:00,2025-11-12 02:51:12.000000000,Technical Issue,High,Support Portal,17.02,False,4,False
TKT00053198,C09176,2025-03-24 13:16:00,2025-03-24 17:22:36.000000000,Product Bug,Critical,Email,4.11,False,3,False
TKT00109909,C19167,2025-07-17 17:57:00,2025-07-18 20:07:48.000000000,Billing,Medium,Chat,26.18,True,4,True
TKT00107007,C18611,2025-09-19 12:38:00,2025-09-21 02:50:36.000000000,Billing,Low,Chat,38.21,False,3,False
TKT00063183,C10933,2025-11-04 14:21:00,2025-11-08 16:04:12.000000000,Feature Request,Low,Support Portal,97.72,False,4,False
TKT00103583,C17959,2024-06-13 13:34:00,2024-06-14 05:55:36.000000000,Account Management,Medium,Email,16.36,False,5,False
TKT00022380,C03769,2025-02-18 11:43:00,2025-02-20 02:40:00.000000000,Billing,Medium,Chat,38.95,False,4,False
TKT00096968,C16782,2025-04-10 11:39:00,2025-04-11 05:24:36.000000000,Billing,High,Chat,17.76,False,3,False
TKT00089549,C15486,2025-12-27 11:58:00,2025-12-29 03:18:24.000000000,Training / Onboarding,Medium,Chat,39.34,False,5,False
TKT00060690,C10500,2024-08-04 13:07:00,2024-08-05 18:46:36.000000000,Billing,Medium,Chat,29.66,False,5,False
TKT00071798,C12344,2025-10-19 10:30:00,2025-10-19 18:55:48.000000000,Billing,Medium,Email,8.43,False,4,False
TKT00019819,C03373,2025-07-22 09:43:00,2025-07-22 18:07:00.000000000,Technical Issue,High,Support Portal,8.4,False,4,False
TKT00052403,C09061,2025-08-04 18:39:00,2025-08-06 10:17:24.000000000,Account Management,Low,Support Portal,39.64,False,5,False
TKT00096128,C16637,2025-11-29 18:10:00,2025-11-29 22:11:11.999999999,Account Management,Critical,Chat,4.02,False,3,True
TKT00015830,C02677,2026-01-05 18:44:00,2026-01-06 08:58:24.000000000,Technical Issue,High,Phone,14.24,False,5,False
TKT00064427,C11125,2025-07-07 11:10:00,2025-07-10 09:07:35.999999999,Technical Issue,Low,Email,69.96,False,4,False
TKT00077668,C13422,2026-01-04 09:25:00,2026-01-05 03:47:48.000000000,Technical Issue,High,Phone,18.38,False,4,False
TKT00054051,C09295,2025-03-20 16:41:00,2025-03-23 20:18:48.000000000,Technical Issue,Low,Email,75.63,False,5,False
TKT00099586,C17252,2024-04-28 13:06:00,2024-04-29 21:25:12.000000000,Integration,Medium,Phone,32.32,False,5,False
TKT00025900,C04377,2025-05-20 09:08:00,2025-05-21 14:16:24.000000000,Account Management,Medium,Chat,29.14,False,5,False
TKT00007216,C01190,2024-02-02 10:24:00,2024-02-04 03:55:48.000000000,Product Bug,Medium,Support Portal,41.53,False,5,False
TKT00052716,C09108,2025-12-09 12:28:00,2025-12-10 04:33:24.000000000,Account Management,High,Phone,16.09,False,4,False
TKT00028493,C04833,2025-10-03 18:12:00,2025-10-05 06:23:23.999999999,Product Bug,Low,Email,36.19,False,4,False
TKT00003676,C00579,2025-11-06 12:51:00,2025-11-07 08:21:00.000000000,Product Bug,High,Email,19.5,False,5,False
TKT00004976,C00807,2025-07-30 17:40:00,2025-07-31 12:57:24.000000000,Performance,High,Phone,19.29,False,4,True
TKT00089442,C15465,2024-07-24 13:28:00,2024-07-24 23:14:12.000000000,Performance,High,Support Portal,9.77,False,4,False
TKT00082575,C14317,2025-04-13 10:16:00,2025-04-14 06:00:24.000000000,Performance,High,Phone,19.74,False,5,False
TKT00086439,C14973,2025-01-20 15:30:00,2025-01-21 15:57:36.000000000,Training / Onboarding,Medium,Email,24.46,False,4,False
TKT00047009,C08143,2025-05-25 18:06:00,2025-05-27 11:12:00.000000000,Performance,Medium,Support Portal,41.1,False,4,False
TKT00075778,C13094,2025-01-20 12:23:00,2025-01-20 19:57:48.000000000,Billing,High,Email,7.58,False,5,False
TKT00090772,C15702,2025-12-29 18:41:00,2025-12-31 17:33:48.000000000,Technical Issue,Medium,Chat,46.88,False,4,False
TKT00103733,C17979,2025-02-17 09:50:00,2025-02-20 16:39:48.000000000,Feature Request,Medium,Chat,78.83,False,4,True
TKT00081401,C14132,2024-08-30 15:25:00,2024-08-31 19:54:24.000000000,Integration,High,Chat,28.49,False,5,False
TKT00086052,C14872,2025-09-26 11:41:00,2025-09-27 09:19:24.000000000,Billing,Medium,Email,21.64,False,5,False
TKT00051634,C08944,2025-05-09 18:28:00,2025-05-11 19:56:12.000000000,Technical Issue,Medium,Support Portal,49.47,False,3,False
TKT00019118,C03255,2025-10-11 12:49:00,2025-10-13 09:40:00.000000000,Technical Issue,Low,Email,44.85,False,4,False
TKT00098553,C17095,2024-11-19 17:03:00,2024-11-20 12:22:48.000000000,Performance,High,Support Portal,19.33,True,3,False
TKT00010913,C01821,2024-08-04 08:51:00,2024-08-04 20:52:48.000000000,Performance,High,Support Portal,12.03,False,5,False
TKT00008683,C01441,2025-07-18 12:07:00,2025-07-21 13:03:24.000000000,Performance,Low,Chat,72.94,False,4,True
TKT00113888,C19855,2025-03-31 18:35:00,2025-04-01 18:26:36.000000000,Integration,Medium,Support Portal,23.86,False,4,False
TKT00046860,C08117,2025-07-18 17:44:00,2025-07-19 21:36:12.000000000,Performance,Medium,Email,27.87,False,4,False
TKT00037023,C06312,2024-03-17 15:31:00,2024-03-18 05:46:36.000000000,Account Management,Medium,Support Portal,14.26,False,3,False
TKT00026136,C04409,2024-08-02 11:51:00,2024-08-03 07:28:12.000000000,Product Bug,Medium,Support Portal,19.62,False,5,False
TKT00032566,C05549,2025-10-30 15:41:00,2025-11-07 12:33:12.000000000,Feature Request,Low,Phone,188.87,False,5,False
TKT00031888,C05432,2024-09-22 12:02:00,2024-09-27 03:14:00.000000000,Performance,Low,Email,111.2,False,4,False
TKT00114509,C19957,2025-09-13 18:13:00,2025-09-13 21:26:48.000000000,Product Bug,Critical,Phone,3.23,False,3,True
TKT00019688,C03362,2025-08-12 10:19:00,2025-08-13 07:19:00.000000000,Billing,Medium,Phone,21.0,False,3,False
TKT00103598,C17959,2025-10-22 18:44:00,2025-10-23 04:35:36.000000000,Billing,Medium,Email,9.86,False,4,True
TKT00080185,C13940,2025-08-09 14:46:00,2025-08-10 21:08:12.000000000,Technical Issue,Low,Email,30.37,False,5,False
TKT00074015,C12755,2025-10-02 14:27:00,2025-10-03 06:36:36.000000000,Technical Issue,High,Support Portal,16.16,False,4,False
TKT00015627,C02635,2025-12-16 17:04:00,2025-12-17 00:43:00.000000000,Technical Issue,High,Chat,7.65,False,4,False
TKT00021094,C03559,2025-09-01 08:21:00,2025-09-02 02:34:48.000000000,Product Bug,High,Chat,18.23,False,4,False
TKT00040785,C06974,2025-09-10 18:33:00,2025-09-11 04:39:00.000000000,Integration,High,Email,10.1,False,4,False
TKT00060064,C10384,2025-05-20 17:53:00,2025-05-25 01:18:12.000000000,Feature Request,Low,Support Portal,103.42,False,3,False
TKT00042572,C07329,2025-07-13 15:37:00,2025-07-16 18:16:00.000000000,Product Bug,Low,Email,74.65,False,4,False
TKT00077774,C13442,2024-11-22 16:54:00,2024-11-24 16:20:24.000000000,Product Bug,Medium,Support Portal,47.44,False,3,False
TKT00010239,C01700,2025-08-24 11:04:00,2025-08-25 06:28:36.000000000,Billing,Medium,Chat,19.41,False,4,False
TKT00107698,C18741,2025-03-24 11:20:00,2025-03-26 21:51:48.000000000,Technical Issue,Low,Chat,58.53,False,3,False
TKT00024037,C04054,2024-12-21 16:02:00,2024-12-22 09:20:00.000000000,Technical Issue,Medium,Phone,17.3,False,5,False
TKT00112107,C19541,2024-04-05 15:01:00,2024-04-06 20:25:36.000000000,Technical Issue,Medium,Chat,29.41,False,4,False
TKT00003512,C00546,2024-11-11 10:53:00,2024-11-12 01:20:36.000000000,Technical Issue,High,Phone,14.46,False,4,False
TKT00035652,C06044,2025-11-25 12:44:00,2025-11-26 21:31:59.999999999,Billing,Low,Email,32.8,False,5,False
TKT00064250,C11101,2025-08-03 15:19:00,2025-08-05 11:10:36.000000000,Feature Request,High,Phone,43.86,False,5,False
TKT00077423,C13388,2024-11-10 16:36:00,2024-11-14 14:19:12.000000000,Technical Issue,Low,Email,93.72,False,4,False
TKT00044883,C07758,2025-10-21 13:41:00,2025-10-24 03:24:12.000000000,Integration,Medium,Chat,61.72,False,4,False
TKT00037017,C06310,2025-11-27 15:02:00,2025-11-29 11:17:36.000000000,Performance,Medium,Support Portal,44.26,False,4,False
TKT00022003,C03712,2024-05-29 10:34:00,2024-05-30 04:58:00.000000000,Technical Issue,Medium,Chat,18.4,False,4,False
TKT00032582,C05555,2025-01-21 13:16:00,2025-01-23 12:04:00.000000000,Product Bug,Medium,Phone,46.8,False,5,False
TKT00073410,C12654,2024-11-26 14:39:00,2024-11-27 14:14:24.000000000,Performance,High,Chat,23.59,False,5,False
TKT00023156,C03903,2024-07-13 15:28:00,2024-07-23 00:34:00.000000000,Integration,Low,Chat,225.1,False,4,False
TKT00034318,C05809,2025-01-07 12:28:00,2025-01-08 20:23:12.000000000,Billing,Low,Chat,31.92,False,4,False
TKT00093443,C16191,2024-11-12 09:10:00,2024-11-15 13:07:00.000000000,Product Bug,High,Chat,75.95,True,4,False
TKT00039425,C06755,2025-09-07 15:51:00,2025-09-09 21:06:36.000000000,Product Bug,Low,Email,53.26,False,4,False
TKT00005211,C00836,2025-02-03 15:45:00,2025-02-04 05:11:24.000000000,Performance,High,Support Portal,13.44,False,3,False
TKT00062785,C10859,2025-06-03 11:19:00,2025-06-04 05:27:59.999999999,Integration,Medium,Chat,18.15,False,4,False
TKT00078160,C13530,2025-01-19 13:50:00,2025-01-20 03:58:24.000000000,Billing,Medium,Support Portal,14.14,False,4,False
TKT00071107,C12235,2025-11-13 09:25:00,2025-11-14 01:32:12.000000000,Integration,Critical,Phone,16.12,False,4,True
TKT00027390,C04633,2024-06-24 16:51:00,2024-06-30 12:01:11.999999999,Feature Request,Medium,Email,139.17,False,4,False
TKT00105994,C18435,2024-11-28 12:21:00,2024-11-29 21:40:48.000000000,Integration,Medium,Chat,33.33,False,3,False
TKT00095396,C16486,2024-11-10 15:16:00,2024-11-11 16:41:12.000000000,Training / Onboarding,Medium,Chat,25.42,False,4,False
TKT00034660,C05863,2025-04-30 14:11:00,2025-05-04 04:59:36.000000000,Account Management,Low,Support Portal,86.81,False,4,False
TKT00067621,C11658,2025-08-14 15:51:00,2025-08-15 16:09:00.000000000,Integration,High,Email,24.3,False,4,False
TKT00107574,C18718,2024-05-05 08:58:00,2024-05-06 12:56:48.000000000,Technical Issue,High,Chat,27.98,False,3,False
TKT00090336,C15629,2025-08-30 11:37:00,2025-08-31 14:40:00.000000000,Billing,Low,Phone,27.05,False,5,False
TKT00051101,C08850,2025-10-31 13:10:00,2025-11-01 11:34:00.000000000,Feature Request,High,Chat,22.4,False,4,False
TKT00043199,C07462,2025-07-17 10:47:00,2025-07-17 23:26:36.000000000,Feature Request,Critical,Chat,12.66,True,4,False
TKT00111482,C19435,2025-03-14 12:55:00,2025-03-17 14:11:12.000000000,Performance,Medium,Support Portal,73.27,False,3,False
TKT00067206,C11582,2025-12-23 16:16:00,2025-12-24 18:36:24.000000000,Product Bug,Medium,Support Portal,26.34,False,5,False
TKT00060908,C10540,2024-11-16 09:34:00,2024-11-17 08:07:00.000000000,Technical Issue,Medium,Chat,22.55,True,3,False
TKT00005176,C00832,2024-11-07 16:57:00,2024-11-08 22:03:00.000000000,Technical Issue,Medium,Support Portal,29.1,False,5,False
TKT00099423,C17228,2024-11-29 13:44:00,2024-11-30 23:56:36.000000000,Product Bug,Medium,Email,34.21,False,4,False
TKT00030953,C05268,2025-10-20 15:51:00,2025-10-21 02:19:48.000000000,Technical Issue,High,Email,10.48,True,3,False
TKT00092172,C15981,2026-01-02 17:49:00,2026-01-04 10:07:00.000000000,Performance,Medium,Email,40.3,False,4,False
TKT00041944,C07221,2025-09-24 17:55:00,2025-09-26 02:40:00.000000000,Technical Issue,Medium,Email,32.75,False,2,False
TKT00095069,C16438,2024-04-09 16:28:00,2024-04-13 14:26:12.000000000,Technical Issue,Low,Chat,93.97,False,4,False
TKT00083332,C14441,2025-03-16 12:19:00,2025-03-18 05:53:12.000000000,Product Bug,Medium,Email,41.57,False,3,False
TKT00074472,C12837,2025-12-30 15:16:00,2026-01-03 05:53:48.000000000,Performance,Low,Chat,86.63,False,4,False
TKT00031949,C05443,2025-03-29 08:17:00,2025-03-29 12:45:48.000000000,Product Bug,Critical,Email,4.48,False,4,False
TKT00012435,C02057,2025-04-28 09:35:00,2025-04-29 00:21:12.000000000,Product Bug,High,Email,14.77,False,3,True
TKT00036719,C06259,2024-04-17 17:20:00,2024-04-18 12:33:48.000000000,Technical Issue,Medium,Support Portal,19.23,True,4,False
TKT00042287,C07275,2025-05-19 10:42:00,2025-05-19 22:48:00.000000000,Product Bug,High,Phone,12.1,False,5,False
TKT00000964,C00162,2025-09-15 12:51:00,2025-09-15 18:06:36.000000000,Account Management,Critical,Chat,5.26,False,4,True
TKT00032003,C05449,2025-06-23 10:27:00,2025-06-24 20:01:48.000000000,Technical Issue,Medium,Chat,33.58,False,4,False
TKT00062222,C10772,2025-10-10 18:21:00,2025-10-17 03:14:24.000000000,Performance,Low,Chat,152.89,False,4,False
TKT00023024,C03878,2025-09-06 13:41:00,2025-09-09 15:03:48.000000000,Product Bug,Low,Support Portal,73.38,False,4,False
TKT00107271,C18666,2025-11-03 16:12:00,2025-11-07 08:17:24.000000000,Training / Onboarding,Low,Support Portal,88.09,False,4,False
TKT00066381,C11452,2024-08-29 15:40:00,2024-08-29 19:50:12.000000000,Technical Issue,Critical,Email,4.17,False,4,False
TKT00096589,C16718,2024-10-24 15:19:00,2024-10-25 06:55:00.000000000,Technical Issue,Medium,Chat,15.6,False,5,False
TKT00091915,C15929,2025-08-16 08:00:00,2025-08-20 11:18:36.000000000,Integration,Low,Email,99.31,False,4,False
TKT00074834,C12906,2025-08-17 17:20:00,2025-08-18 21:47:36.000000000,Integration,Medium,Email,28.46,False,4,False
TKT00012247,C02034,2024-12-19 14:01:00,2024-12-19 21:29:48.000000000,Training / Onboarding,High,Chat,7.48,False,5,False
TKT00089369,C15449,2025-09-28 12:53:00,2025-09-30 12:52:24.000000000,Performance,Medium,Support Portal,47.99,False,5,False
TKT00028425,C04830,2025-07-12 12:42:00,2025-07-12 19:32:24.000000000,Technical Issue,Critical,Chat,6.84,False,4,False
TKT00011979,C02001,2025-02-10 17:54:00,2025-02-11 18:39:36.000000000,Training / Onboarding,Medium,Email,24.76,False,5,False
TKT00103646,C17967,2025-08-23 08:34:00,2025-08-23 17:58:36.000000000,Billing,Medium,Phone,9.41,False,4,False
TKT00059472,C10284,2025-04-21 12:04:00,2025-04-22 04:41:48.000000000,Product Bug,High,Support Portal,16.63,False,4,False
TKT00054702,C09433,2024-11-06 15:01:00,2024-11-07 00:07:00.000000000,Technical Issue,High,Chat,9.1,False,4,False
TKT00045991,C07953,2025-12-30 09:17:00,2025-12-30 16:05:36.000000000,Account Management,High,Support Portal,6.81,False,5,False
TKT00029334,C04988,2025-01-13 13:57:00,2025-01-15 15:58:48.000000000,Training / Onboarding,Medium,Phone,50.03,False,4,False
TKT00006397,C01049,2024-06-25 15:44:00,2024-06-26 10:05:00.000000000,Training / Onboarding,Medium,Chat,18.35,False,4,False
TKT00079193,C13755,2025-05-24 14:28:00,2025-05-26 21:07:00.000000000,Product Bug,Medium,Chat,54.65,False,5,False
TKT00088597,C15328,2025-04-25 18:08:00,2025-04-27 16:10:24.000000000,Technical Issue,Medium,Email,46.04,False,5,False
TKT00019483,C03329,2025-08-28 17:09:00,2025-08-29 19:38:24.000000000,Technical Issue,Medium,Chat,26.49,False,3,True
TKT00053628,C09236,2025-06-13 15:15:00,2025-06-15 11:35:24.000000000,Integration,Medium,Chat,44.34,False,4,False
TKT00093438,C16189,2026-01-01 09:45:00,2026-01-02 10:07:12.000000000,Technical Issue,Medium,Email,24.37,False,3,False
TKT00093072,C16141,2025-08-28 14:14:00,2025-09-01 19:59:00.000000000,Product Bug,Low,Chat,101.75,False,3,False
TKT00112747,C19659,2025-12-29 13:20:00,2025-12-30 19:13:24.000000000,Technical Issue,Low,Support Portal,29.89,False,4,False
TKT00088189,C15251,2025-12-20 08:57:00,2025-12-22 11:06:00.000000000,Technical Issue,Medium,Support Portal,50.15,False,4,False
TKT00059655,C10307,2025-03-30 14:39:00,2025-04-01 13:42:36.000000000,Feature Request,Medium,Support Portal,47.06,False,4,False
TKT00040948,C07002,2025-10-14 16:45:00,2025-10-16 14:57:36.000000000,Feature Request,Medium,Email,46.21,False,5,False
TKT00015938,C02696,2025-08-10 13:46:00,2025-08-13 16:02:12.000000000,Billing,Low,Chat,74.27,False,4,False
TKT00075257,C12980,2025-12-17 08:45:00,2025-12-18 13:38:24.000000000,Performance,Medium,Support Portal,28.89,False,5,False
TKT00093016,C16126,2024-09-02 09:22:00,2024-09-02 13:00:24.000000000,Billing,Critical,Support Portal,3.64,False,4,False
TKT00019981,C03392,2025-04-30 13:37:00,2025-05-01 04:34:36.000000000,Account Management,Medium,Support Portal,14.96,False,4,False
TKT00056873,C09789,2024-11-04 16:57:00,2024-11-05 20:58:48.000000000,Technical Issue,High,Email,28.03,False,4,False
TKT00068914,C11892,2024-12-05 18:44:00,2024-12-11 18:57:47.999999999,Performance,Low,Phone,144.23,False,5,False
TKT00075042,C12935,2025-01-05 10:40:00,2025-01-05 14:16:00.000000000,Technical Issue,Critical,Support Portal,3.6,False,3,True
TKT00033736,C05718,2024-10-15 14:44:00,2024-10-18 08:57:48.000000000,Integration,Medium,Phone,66.23,False,3,False
TKT00064710,C11178,2025-09-16 11:36:00,2025-09-17 14:50:24.000000000,Performance,Medium,Email,27.24,False,4,False
TKT00103372,C17922,2025-05-07 17:03:00,2025-05-09 00:26:24.000000000,Account Management,Medium,Phone,31.39,False,4,False
TKT00021505,C03621,2024-12-23 18:43:00,2024-12-27 21:23:12.000000000,Product Bug,Low,Chat,98.67,False,4,False
TKT00087662,C15140,2025-10-20 11:38:00,2025-10-21 00:34:24.000000000,Technical Issue,Medium,Support Portal,12.94,False,5,False
TKT00046617,C08062,2025-02-21 18:02:00,2025-02-22 05:09:48.000000000,Account Management,High,Phone,11.13,False,5,False
TKT00074642,C12869,2025-08-29 10:38:00,2025-08-31 18:32:36.000000000,Integration,Low,Support Portal,55.91,False,4,False
TKT00028698,C04878,2025-01-18 10:25:00,2025-01-19 15:05:12.000000000,Integration,Medium,Phone,28.67,False,4,False
TKT00029808,C05082,2024-12-17 13:27:00,2024-12-19 14:12:36.000000000,Technical Issue,Low,Phone,48.76,False,4,False
TKT00050334,C08721,2025-07-20 08:57:00,2025-07-21 00:36:36.000000000,Billing,Medium,Phone,15.66,False,5,False
TKT00081347,C14126,2025-10-17 17:54:00,2025-10-18 20:52:12.000000000,Training / Onboarding,Low,Email,26.97,False,4,False
TKT00064732,C11183,2025-06-26 15:29:00,2025-06-30 19:59:36.000000000,Feature Request,Medium,Email,100.51,False,5,False
TKT00022385,C03771,2024-10-01 14:49:00,2024-10-03 06:29:12.000000000,Product Bug,Medium,Phone,39.67,True,4,False
TKT00013236,C02202,2024-05-02 17:44:00,2024-05-05 07:54:48.000000000,Feature Request,Medium,Email,62.18,False,3,False
TKT00009976,C01659,2025-03-11 13:41:00,2025-03-12 04:24:48.000000000,Technical Issue,Medium,Phone,14.73,True,3,False
TKT00077709,C13430,2025-03-17 08:32:00,2025-03-18 15:08:36.000000000,Technical Issue,Low,Email,30.61,False,4,False
TKT00080037,C13906,2025-10-21 08:09:00,2025-10-23 05:15:36.000000000,Feature Request,Medium,Chat,45.11,True,3,False
TKT00096789,C16760,2024-09-30 08:05:00,2024-10-01 15:44:36.000000000,Integration,Medium,Chat,31.66,False,5,False
TKT00113536,C19820,2025-06-11 13:12:00,2025-06-18 08:05:24.000000000,Feature Request,Medium,Chat,162.89,False,5,False
TKT00065446,C11290,2025-04-30 11:33:00,2025-05-05 01:34:12.000000000,Integration,Low,Chat,110.02,False,4,False
TKT00070128,C12072,2024-10-19 09:18:00,2024-10-19 15:39:00.000000000,Billing,High,Phone,6.35,False,5,False
TKT00074710,C12884,2024-01-26 08:13:00,2024-01-26 17:46:00.000000000,Technical Issue,High,Support Portal,9.55,True,4,False
TKT00082671,C14335,2025-12-07 09:53:00,2025-12-13 16:34:24.000000000,Performance,Low,Chat,150.69,False,4,False
TKT00070615,C12152,2025-04-17 18:21:00,2025-04-19 05:46:12.000000000,Integration,High,Email,35.42,False,4,False
TKT00055493,C09565,2025-12-26 16:52:00,2025-12-26 22:10:36.000000000,Technical Issue,Critical,Support Portal,5.31,False,2,True
TKT00038427,C06570,2025-08-20 09:38:00,2025-08-21 05:50:36.000000000,Account Management,Medium,Phone,20.21,False,4,False
TKT00042960,C07412,2025-08-12 10:05:00,2025-08-14 23:59:00.000000000,Product Bug,Low,Support Portal,61.9,False,4,False
TKT00010777,C01789,2025-02-01 12:04:00,2025-02-02 03:39:24.000000000,Product Bug,Critical,Support Portal,15.59,False,4,False
TKT00058837,C10175,2025-11-01 15:20:00,2025-11-03 11:02:36.000000000,Billing,Low,Phone,43.71,True,5,False
TKT00023838,C04014,2025-02-14 18:24:00,2025-02-17 04:28:48.000000000,Technical Issue,Low,Email,58.08,False,4,False
TKT00087728,C15159,2024-10-25 14:11:00,2024-10-26 11:30:12.000000000,Product Bug,Medium,Phone,21.32,False,4,False
TKT00112253,C19570,2024-09-15 12:29:00,2024-09-15 22:38:00.000000000,Technical Issue,High,Chat,10.15,False,4,True
TKT00009984,C01661,2025-09-30 14:36:00,2025-10-01 02:10:12.000000000,Account Management,High,Support Portal,11.57,True,3,False
TKT00077907,C13468,2025-11-30 14:18:00,2025-12-05 22:57:36.000000000,Product Bug,Low,Chat,128.66,False,4,False
TKT00051446,C08908,2025-08-14 16:23:00,2025-08-17 14:42:11.999999999,Feature Request,Medium,Chat,70.32,False,5,False
TKT00022677,C03820,2025-02-10 08:41:00,2025-02-12 18:44:36.000000000,Account Management,Medium,Chat,58.06,False,3,False
TKT00065820,C11358,2025-01-21 08:15:00,2025-01-23 12:16:12.000000000,Integration,Medium,Phone,52.02,False,3,False
TKT00014039,C02336,2025-03-16 18:34:00,2025-03-17 15:17:12.000000000,Technical Issue,High,Email,20.72,False,4,False
TKT00101451,C17602,2025-02-24 17:26:00,2025-02-26 20:29:00.000000000,Technical Issue,Low,Support Portal,51.05,False,5,False
TKT00009250,C01541,2025-01-01 10:34:00,2025-01-01 16:27:24.000000000,Performance,High,Chat,5.89,False,4,True
TKT00021424,C03613,2025-06-15 14:49:00,2025-06-16 23:20:12.000000000,Technical Issue,Medium,Email,32.52,True,4,False
TKT00011257,C01875,2025-06-25 17:14:00,2025-06-25 20:11:00.000000000,Billing,Critical,Email,2.95,False,3,False
TKT00055276,C09529,2025-07-21 16:38:00,2025-07-23 08:15:48.000000000,Integration,High,Email,39.63,False,5,False
TKT00048258,C08362,2025-08-01 17:14:00,2025-08-03 17:33:48.000000000,Technical Issue,High,Email,48.33,False,3,False
TKT00056515,C09739,2025-01-19 17:29:00,2025-01-21 07:30:12.000000000,Integration,Medium,Email,38.02,False,4,True
TKT00094308,C16313,2025-07-28 15:05:00,2025-07-30 18:32:36.000000000,Technical Issue,Medium,Email,51.46,False,4,False
TKT00069474,C11976,2024-04-04 14:55:00,2024-04-05 22:05:12.000000000,Product Bug,High,Support Portal,31.17,False,5,False
TKT00047463,C08223,2024-06-09 16:20:00,2024-06-10 09:37:24.000000000,Performance,Medium,Support Portal,17.29,False,3,True
TKT00101221,C17574,2024-12-19 13:34:00,2024-12-20 12:07:00.000000000,Product Bug,Medium,Chat,22.55,False,3,False
TKT00046520,C08046,2024-12-26 10:18:00,2024-12-29 08:13:48.000000000,Product Bug,Medium,Support Portal,69.93,False,4,False
TKT00065862,C11361,2024-12-23 08:13:00,2024-12-25 12:56:48.000000000,Billing,Medium,Support Portal,52.73,False,3,True
TKT00075422,C13008,2025-01-06 13:29:00,2025-01-13 08:51:12.000000000,Product Bug,Low,Chat,163.37,False,5,False
TKT00037951,C06502,2024-12-05 09:43:00,2024-12-06 21:02:12.000000000,Performance,High,Support Portal,35.32,False,4,False
TKT00085020,C14701,2025-07-08 11:28:00,2025-07-11 11:45:24.000000000,Integration,Low,Email,72.29,False,4,False
TKT00031760,C05419,2025-05-01 17:23:00,2025-05-02 15:12:12.000000000,Billing,Medium,Chat,21.82,False,3,False
TKT00055743,C09606,2025-06-09 18:29:00,2025-06-10 15:52:24.000000000,Integration,Medium,Support Portal,21.39,False,5,False
TKT00072261,C12422,2024-07-03 13:41:00,2024-07-05 07:56:00.000000000,Product Bug,Medium,Email,42.25,False,3,False
TKT00015781,C02667,2025-09-01 13:42:00,2025-09-02 22:18:00.000000000,Technical Issue,Medium,Email,32.6,False,4,False
TKT00010026,C01665,2025-11-21 10:55:00,2025-11-23 05:39:24.000000000,Integration,Low,Support Portal,42.74,False,5,False
TKT00036331,C06182,2024-11-24 17:32:00,2024-11-25 17:36:48.000000000,Technical Issue,Medium,Chat,24.08,False,4,False
TKT00009559,C01586,2025-08-21 13:00:00,2025-08-23 15:22:12.000000000,Integration,Medium,Email,50.37,False,3,False
TKT00005710,C00923,2025-11-07 10:00:00,2025-11-08 06:24:00.000000000,Technical Issue,High,Phone,20.4,False,4,False
TKT00033884,C05739,2025-03-22 13:16:00,2025-03-25 04:04:00.000000000,Product Bug,Medium,Phone,62.8,False,3,False
TKT00070706,C12163,2025-01-24 16:47:00,2025-01-24 20:52:59.999999999,Technical Issue,Critical,Phone,4.1,False,4,True
TKT00057308,C09887,2025-09-17 17:38:00,2025-09-18 12:00:12.000000000,Integration,High,Chat,18.37,False,4,False
TKT00058944,C10196,2024-12-19 13:06:00,2024-12-21 07:30:36.000000000,Technical Issue,Medium,Email,42.41,False,4,False
TKT00036794,C06272,2024-12-08 15:30:00,2024-12-09 20:42:00.000000000,Technical Issue,Medium,Support Portal,29.2,True,3,False
TKT00003031,C00483,2024-09-21 12:29:00,2024-09-23 22:39:12.000000000,Integration,Medium,Phone,58.17,False,4,False
TKT00046592,C08060,2025-10-17 12:21:00,2025-10-18 08:46:12.000000000,Account Management,Low,Email,20.42,False,5,False
TKT00002624,C00429,2025-07-31 18:14:00,2025-08-01 18:52:24.000000000,Technical Issue,Medium,Chat,24.64,False,4,False
TKT00108398,C18890,2025-05-24 18:16:00,2025-05-25 15:37:00.000000000,Account Management,Medium,Support Portal,21.35,False,5,False
TKT00114316,C19922,2025-11-10 13:32:00,2025-11-10 22:54:12.000000000,Technical Issue,Medium,Phone,9.37,False,5,False
TKT00000305,C00034,2025-08-11 08:23:00,2025-08-12 01:20:00.000000000,Product Bug,High,Support Portal,16.95,False,5,True
TKT00039147,C06695,2025-04-26 18:49:00,2025-04-28 23:29:48.000000000,Product Bug,Medium,Phone,52.68,False,4,False
TKT00097076,C16800,2025-09-19 11:56:00,2025-09-22 05:06:12.000000000,Technical Issue,Low,Email,65.17,False,4,False
TKT00031867,C05427,2025-10-13 15:38:00,2025-10-13 20:45:48.000000000,Integration,Critical,Phone,5.13,False,3,True
TKT00069995,C12058,2025-06-27 14:58:00,2025-06-28 13:29:48.000000000,Training / Onboarding,High,Phone,22.53,False,4,False
TKT00032281,C05495,2025-01-12 13:57:00,2025-01-12 16:08:24.000000000,Training / Onboarding,Critical,Phone,2.19,False,5,True
TKT00112371,C19589,2025-01-13 08:23:00,2025-01-19 23:06:48.000000000,Product Bug,Low,Email,158.73,False,4,False
TKT00023201,C03909,2025-04-22 08:38:00,2025-04-23 05:08:36.000000000,Performance,Medium,Phone,20.51,False,3,False
TKT00106882,C18587,2025-09-24 09:43:00,2025-09-25 19:29:48.000000000,Technical Issue,Low,Email,33.78,False,5,False
TKT00082944,C14370,2024-11-30 17:55:00,2024-12-01 18:23:48.000000000,Integration,High,Phone,24.48,False,5,False
TKT00072570,C12496,2024-10-23 16:33:00,2024-10-30 18:09:36.000000000,Feature Request,Low,Email,169.61,False,5,False
TKT00083701,C14500,2024-09-12 13:16:00,2024-09-14 15:25:00.000000000,Account Management,Low,Chat,50.15,False,4,False
TKT00090529,C15663,2025-10-28 12:11:00,2025-11-01 02:20:00.000000000,Feature Request,Medium,Email,86.15,False,3,False
TKT00087407,C15106,2024-04-26 10:52:00,2024-04-26 22:50:12.000000000,Product Bug,High,Phone,11.97,False,4,False
TKT00050707,C08798,2025-05-16 14:42:00,2025-05-16 23:58:12.000000000,Account Management,High,Email,9.27,True,3,True
TKT00097419,C16857,2025-08-22 18:38:00,2025-08-24 04:37:24.000000000,Training / Onboarding,Low,Email,33.99,False,4,False
TKT00074815,C12906,2024-11-06 10:08:00,2024-11-07 19:48:48.000000000,Technical Issue,Medium,Email,33.68,False,5,False
TKT00034286,C05802,2025-03-23 10:13:00,2025-03-26 10:56:12.000000000,Technical Issue,Medium,Chat,72.72,False,4,False
TKT00102238,C17741,2025-09-25 09:55:00,2025-09-25 21:05:48.000000000,Product Bug,High,Support Portal,11.18,False,4,False
TKT00032076,C05464,2025-09-01 10:47:00,2025-09-01 20:39:48.000000000,Technical Issue,High,Support Portal,9.88,False,4,False
TKT00112386,C19591,2024-12-27 17:35:00,2024-12-27 23:54:12.000000000,Billing,High,Phone,6.32,False,4,False
TKT00096486,C16700,2025-04-15 11:23:00,2025-04-15 15:08:00.000000000,Technical Issue,Critical,Email,3.75,False,3,True
TKT00034592,C05854,2024-05-24 08:48:00,2024-05-24 22:36:00.000000000,Technical Issue,Medium,Email,13.8,False,4,False
TKT00106653,C18539,2024-04-30 11:21:00,2024-05-01 23:30:35.999999999,Training / Onboarding,Medium,Support Portal,36.16,False,4,False
TKT00017038,C02882,2024-11-02 12:47:00,2024-11-05 05:32:36.000000000,Performance,Low,Email,64.76,False,4,False
TKT00069588,C11995,2024-10-09 18:35:00,2024-10-10 09:27:48.000000000,Billing,Medium,Email,14.88,False,5,True
TKT00109300,C19062,2025-06-30 10:41:00,2025-06-30 22:44:36.000000000,Product Bug,High,Support Portal,12.06,False,4,False
TKT00033243,C05657,2024-08-31 17:06:00,2024-09-01 17:05:24.000000000,Performance,Medium,Email,23.99,False,5,False
TKT00085661,C14809,2024-07-07 10:18:00,2024-07-08 23:49:48.000000000,Technical Issue,Medium,Email,37.53,False,3,False
TKT00109756,C19147,2024-11-11 16:52:00,2024-11-11 22:21:24.000000000,Technical Issue,Critical,Chat,5.49,False,4,False
TKT00036413,C06193,2024-06-12 10:25:00,2024-06-13 09:14:12.000000000,Account Management,Medium,Email,22.82,False,5,False
TKT00013665,C02270,2024-06-21 18:37:00,2024-06-22 16:51:24.000000000,Technical Issue,High,Support Portal,22.24,True,4,False
TKT00109551,C19113,2025-08-25 13:29:00,2025-08-27 10:24:12.000000000,Feature Request,Medium,Chat,44.92,False,4,False
TKT00060075,C10385,2025-11-21 09:39:00,2025-11-24 18:15:36.000000000,Integration,Medium,Email,80.61,False,4,False
TKT00021063,C03556,2024-03-15 18:53:00,2024-03-19 00:35:00.000000000,Feature Request,Low,Email,77.7,False,5,False
TKT00094923,C16418,2025-09-01 11:11:00,2025-09-02 18:42:12.000000000,Account Management,Medium,Chat,31.52,False,4,True
TKT00079983,C13896,2025-03-03 11:41:00,2025-03-04 11:26:36.000000000,Product Bug,Medium,Email,23.76,False,5,False
TKT00065907,C11366,2025-10-06 11:05:00,2025-10-09 06:36:12.000000000,Technical Issue,Low,Chat,67.52,True,3,False
TKT00112792,C19671,2025-10-07 12:24:00,2025-10-08 13:30:00.000000000,Training / Onboarding,Low,Chat,25.1,False,5,False
TKT00071379,C12274,2024-11-07 17:10:00,2024-11-09 02:04:35.999999999,Training / Onboarding,High,Phone,32.91,False,4,False
TKT00113600,C19825,2024-09-09 08:36:00,2024-09-09 23:37:12.000000000,Product Bug,Medium,Email,15.02,False,3,True
TKT00013802,C02291,2025-12-03 18:01:00,2025-12-04 12:52:36.000000000,Performance,High,Email,18.86,False,3,False
TKT00106540,C18519,2025-09-18 12:54:00,2025-09-19 20:00:36.000000000,Technical Issue,Medium,Support Portal,31.11,False,4,True
TKT00052061,C09009,2025-08-08 16:48:00,2025-08-09 19:06:00.000000000,Product Bug,Medium,Chat,26.3,False,4,False
TKT00081112,C14101,2025-07-29 11:39:00,2025-07-30 15:13:48.000000000,Billing,Medium,Phone,27.58,False,4,False
TKT00024612,C04152,2024-10-20 10:34:00,2024-10-21 15:15:24.000000000,Account Management,Medium,Email,28.69,False,4,False
TKT00061422,C10636,2025-08-11 08:08:00,2025-08-12 06:20:36.000000000,Technical Issue,Medium,Support Portal,22.21,False,3,False
TKT00055359,C09540,2025-10-26 12:12:00,2025-10-27 10:42:00.000000000,Technical Issue,Medium,Email,22.5,False,5,False
TKT00077988,C13490,2025-11-18 15:49:00,2025-11-18 21:17:48.000000000,Account Management,High,Email,5.48,False,4,False
TKT00082343,C14277,2025-04-28 17:53:00,2025-04-29 07:55:24.000000000,Product Bug,High,Phone,14.04,False,4,False
TKT00009393,C01560,2024-11-06 16:49:00,2024-11-09 01:15:24.000000000,Feature Request,High,Support Portal,56.44,False,4,False
TKT00004307,C00695,2025-08-30 12:38:00,2025-08-31 22:27:12.000000000,Technical Issue,Medium,Email,33.82,False,3,False
TKT00097546,C16884,2024-05-31 13:41:00,2024-06-01 23:13:59.999999999,Billing,Low,Chat,33.55,False,4,False
TKT00022256,C03743,2025-01-02 12:54:00,2025-01-05 04:17:24.000000000,Performance,Low,Support Portal,63.39,False,3,False
TKT00031448,C05361,2025-07-22 18:08:00,2025-07-23 15:39:12.000000000,Technical Issue,Medium,Chat,21.52,False,4,False
TKT00005062,C00819,2025-01-24 10:52:00,2025-01-26 08:47:12.000000000,Technical Issue,Medium,Email,45.92,False,4,False
TKT00084882,C14680,2025-02-24 16:47:00,2025-02-24 20:51:12.000000000,Integration,Critical,Email,4.07,False,4,False
TKT00015872,C02685,2024-06-22 11:25:00,2024-06-29 18:56:12.000000000,Performance,Low,Chat,175.52,False,5,False
TKT00026084,C04406,2024-06-11 11:44:00,2024-06-14 02:38:00.000000000,Integration,Medium,Chat,62.9,False,4,False
TKT00108124,C18851,2025-03-28 17:34:00,2025-03-31 00:55:00.000000000,Account Management,Medium,Chat,55.35,False,4,False
TKT00054000,C09287,2025-03-30 11:09:00,2025-03-31 00:45:36.000000000,Account Management,Medium,Chat,13.61,False,4,False
TKT00050555,C08769,2025-06-17 10:19:00,2025-06-18 08:21:24.000000000,Technical Issue,Medium,Support Portal,22.04,False,4,False
TKT00041242,C07059,2024-12-24 13:45:00,2024-12-27 15:18:36.000000000,Product Bug,High,Email,73.56,False,4,False
TKT00094533,C16363,2025-07-28 12:30:00,2025-07-29 20:03:00.000000000,Performance,Low,Email,31.55,False,4,False
TKT00004881,C00795,2024-11-10 16:34:00,2024-11-12 20:47:48.000000000,Performance,Medium,Chat,52.23,False,3,False
TKT00113969,C19867,2025-11-08 14:25:00,2025-11-08 18:43:00.000000000,Technical Issue,Critical,Chat,4.3,True,3,False
TKT00068694,C11860,2024-07-29 14:26:00,2024-07-29 20:06:12.000000000,Technical Issue,Medium,Chat,5.67,False,4,False
TKT00047365,C08210,2025-08-30 09:08:00,2025-08-30 23:22:24.000000000,Performance,High,Support Portal,14.24,False,4,True
TKT00071694,C12318,2024-12-04 13:09:00,2024-12-05 14:31:12.000000000,Technical Issue,Medium,Chat,25.37,False,4,False
TKT00064863,C11201,2025-09-11 15:59:00,2025-09-16 23:01:24.000000000,Feature Request,Medium,Email,127.04,False,4,True
TKT00109806,C19154,2025-11-13 13:03:00,2025-11-14 08:32:24.000000000,Integration,Medium,Chat,19.49,False,3,False
TKT00040053,C06857,2024-12-24 10:15:00,2024-12-25 06:34:48.000000000,Technical Issue,Medium,Chat,20.33,False,4,False
TKT00081990,C14208,2024-07-12 18:03:00,2024-07-15 03:03:36.000000000,Feature Request,Medium,Phone,57.01,False,5,False
TKT00106969,C18609,2024-08-13 15:59:00,2024-08-17 14:04:24.000000000,Technical Issue,Medium,Email,94.09,True,4,False
TKT00093473,C16193,2025-01-01 08:21:00,2025-01-02 02:57:36.000000000,Product Bug,High,Chat,18.61,False,3,False
TKT00030431,C05186,2025-12-17 10:21:00,2025-12-19 16:40:12.000000000,Product Bug,Medium,Email,54.32,False,4,False
TKT00084383,C14598,2025-11-13 18:55:00,2025-11-16 12:33:24.000000000,Technical Issue,Low,Email,65.64,False,3,False
TKT00003904,C00605,2025-07-27 16:25:00,2025-07-27 22:38:48.000000000,Training / Onboarding,Critical,Chat,6.23,False,3,True
TKT00037787,C06470,2024-01-27 10:44:00,2024-01-28 08:11:00.000000000,Training / Onboarding,Medium,Email,21.45,True,4,False
TKT00010011,C01662,2025-05-28 18:42:00,2025-05-28 21:10:48.000000000,Billing,Critical,Email,2.48,False,4,False
TKT00099968,C17314,2024-02-29 09:11:00,2024-02-29 18:27:48.000000000,Account Management,High,Support Portal,9.28,False,5,False
TKT00015595,C02632,2025-04-25 16:20:00,2025-04-28 07:48:12.000000000,Technical Issue,Low,Phone,63.47,False,5,False
TKT00105328,C18296,2024-10-02 11:54:00,2024-10-03 00:51:36.000000000,Training / Onboarding,High,Email,12.96,False,3,False
TKT00107970,C18809,2025-11-09 09:56:00,2025-11-10 10:07:24.000000000,Technical Issue,High,Phone,24.19,False,4,True
TKT00025146,C04255,2024-08-17 14:10:00,2024-08-18 22:28:36.000000000,Performance,Medium,Support Portal,32.31,False,5,False
TKT00043590,C07542,2025-04-19 16:54:00,2025-04-20 17:54:00.000000000,Performance,Medium,Support Portal,25.0,False,4,False
TKT00102195,C17733,2024-12-02 10:29:00,2024-12-04 10:11:36.000000000,Feature Request,Medium,Phone,47.71,False,5,False
TKT00036292,C06170,2025-07-21 14:29:00,2025-07-22 10:48:12.000000000,Integration,Medium,Chat,20.32,False,3,False
TKT00027108,C04588,2025-03-05 09:00:00,2025-03-06 05:12:00.000000000,Technical Issue,Medium,Email,20.2,False,4,False
TKT00027066,C04581,2025-01-07 14:08:00,2025-01-13 02:00:48.000000000,Product Bug,Low,Email,131.88,False,4,False
TKT00070402,C12124,2025-06-24 15:18:00,2025-06-26 02:44:23.999999999,Performance,High,Chat,35.44,False,4,True
TKT00028534,C04851,2024-11-17 18:34:00,2024-11-19 07:02:48.000000000,Technical Issue,Low,Phone,36.48,False,5,False
TKT00098259,C17020,2025-11-12 09:46:00,2025-11-13 20:07:36.000000000,Technical Issue,Low,Chat,34.36,False,5,False
TKT00007581,C01249,2024-12-17 14:01:00,2024-12-17 19:05:48.000000000,Integration,Critical,Chat,5.08,True,4,False
TKT00059647,C10306,2026-01-01 14:09:00,2026-01-02 14:15:00.000000000,Technical Issue,High,Chat,24.1,False,3,False
TKT00017878,C03035,2025-07-12 08:57:00,2025-07-13 02:06:36.000000000,Product Bug,High,Chat,17.16,False,3,False
TKT00002144,C00348,2025-02-27 10:35:00,2025-02-28 13:46:24.000000000,Product Bug,High,Chat,27.19,False,4,True
TKT00057562,C09950,2024-12-08 12:28:00,2024-12-09 10:55:36.000000000,Technical Issue,Medium,Support Portal,22.46,False,4,False
TKT00095371,C16482,2025-12-10 10:20:00,2025-12-12 12:02:36.000000000,Performance,Medium,Phone,49.71,False,4,False
TKT00003055,C00483,2025-05-24 09:37:00,2025-05-25 08:58:00.000000000,Performance,High,Chat,23.35,False,4,False
TKT00019031,C03243,2025-08-12 14:16:00,2025-08-13 11:32:12.000000000,Integration,High,Email,21.27,False,5,False
TKT00014461,C02429,2025-11-28 18:16:00,2025-11-29 20:38:48.000000000,Technical Issue,Medium,Chat,26.38,False,4,False
TKT00043232,C07472,2025-04-27 15:48:00,2025-04-28 19:39:36.000000000,Integration,Medium,Email,27.86,False,4,False
TKT00066139,C11403,2025-01-22 15:39:00,2025-01-24 22:57:00.000000000,Technical Issue,Medium,Email,55.3,False,5,False
TKT00104760,C18169,2025-10-18 14:52:00,2025-10-19 06:56:47.999999999,Account Management,High,Phone,16.08,False,4,False
TKT00009139,C01527,2024-08-05 13:13:00,2024-08-09 05:47:48.000000000,Feature Request,Low,Chat,88.58,False,4,False
TKT00044731,C07744,2024-09-13 08:14:00,2024-09-14 09:24:48.000000000,Technical Issue,Medium,Support Portal,25.18,False,4,False
TKT00031525,C05383,2025-09-22 14:09:00,2025-09-23 00:26:24.000000000,Performance,High,Chat,10.29,False,4,False
TKT00008214,C01364,2025-12-12 10:01:00,2025-12-13 14:42:24.000000000,Technical Issue,Medium,Support Portal,28.69,False,4,False
TKT00031229,C05318,2025-02-27 11:52:00,2025-02-28 06:49:36.000000000,Product Bug,High,Email,18.96,False,4,False
TKT00007752,C01273,2025-02-15 08:41:00,2025-02-15 13:45:12.000000000,Billing,High,Phone,5.07,False,3,False
TKT00057409,C09910,2025-11-23 14:38:00,2025-11-25 07:55:24.000000000,Product Bug,Medium,Chat,41.29,False,3,False
TKT00003114,C00493,2025-11-09 08:49:00,2025-11-10 09:15:24.000000000,Product Bug,Medium,Chat,24.44,False,4,False
TKT00112340,C19578,2025-08-28 14:37:00,2025-09-01 22:55:36.000000000,Performance,Low,Email,104.31,True,3,False
TKT00030155,C05142,2025-06-08 10:34:00,2025-06-12 11:43:36.000000000,Product Bug,Low,Support Portal,97.16,False,3,False
TKT00028560,C04858,2025-06-27 14:57:00,2025-06-28 06:48:00.000000000,Training / Onboarding,High,Chat,15.85,False,3,True
TKT00013213,C02190,2026-01-11 11:50:00,2026-01-14 02:46:24.000000000,Integration,Medium,Phone,62.94,False,4,False
TKT00020259,C03423,2024-12-22 18:56:00,2024-12-23 06:50:00.000000000,Feature Request,Critical,Support Portal,11.9,True,5,False
TKT00099504,C17239,2025-07-24 13:09:00,2025-07-25 05:36:00.000000000,Product Bug,High,Chat,16.45,False,4,False
TKT00076014,C13136,2025-06-29 08:30:00,2025-06-30 08:14:24.000000000,Integration,High,Chat,23.74,False,5,False
TKT00100377,C17383,2025-12-25 10:52:00,2025-12-26 01:31:36.000000000,Performance,High,Support Portal,14.66,False,3,False
TKT00072020,C12383,2026-01-03 09:51:00,2026-01-04 13:04:12.000000000,Billing,Medium,Phone,27.22,False,3,True
TKT00017600,C02987,2025-11-02 17:44:00,2025-11-07 15:54:12.000000000,Billing,Low,Support Portal,118.17,True,4,False
TKT00074541,C12857,2025-10-12 13:44:00,2025-10-13 08:27:48.000000000,Product Bug,High,Chat,18.73,False,5,False
TKT00008230,C01366,2025-04-14 13:53:00,2025-04-14 23:52:24.000000000,Billing,Medium,Support Portal,9.99,False,5,False
TKT00027540,C04662,2024-09-15 15:16:00,2024-09-16 15:10:36.000000000,Technical Issue,Medium,Chat,23.91,False,4,False
TKT00037972,C06505,2025-10-10 14:09:00,2025-10-12 16:03:36.000000000,Product Bug,Medium,Email,49.91,False,3,False
TKT00096367,C16685,2025-10-30 18:02:00,2025-10-31 12:30:48.000000000,Technical Issue,High,Support Portal,18.48,False,5,False
TKT00112385,C19591,2024-12-18 09:30:00,2024-12-22 18:52:48.000000000,Feature Request,Low,Phone,105.38,False,4,False
TKT00043810,C07591,2025-12-06 15:24:00,2025-12-11 14:30:36.000000000,Product Bug,Low,Support Portal,119.11,False,4,False
TKT00072317,C12442,2025-08-24 15:58:00,2025-08-25 21:45:24.000000000,Billing,Medium,Phone,29.79,False,5,False
TKT00007634,C01250,2025-06-14 14:02:00,2025-06-15 01:13:24.000000000,Technical Issue,High,Email,11.19,False,4,False
TKT00032093,C05469,2025-02-21 18:51:00,2025-02-23 14:37:12.000000000,Product Bug,Medium,Phone,43.77,False,5,False
TKT00055165,C09511,2024-08-04 12:47:00,2024-08-04 21:12:48.000000000,Technical Issue,High,Support Portal,8.43,False,4,True
TKT00102119,C17718,2025-11-21 13:42:00,2025-11-22 16:48:36.000000000,Product Bug,Medium,Email,27.11,False,4,False
TKT00099077,C17174,2025-09-22 16:51:00,2025-09-23 18:25:48.000000000,Account Management,Medium,Chat,25.58,False,3,False
TKT00079119,C13741,2025-08-20 14:15:00,2025-08-21 14:18:36.000000000,Product Bug,High,Chat,24.06,False,4,False
TKT00095437,C16497,2024-11-03 08:27:00,2024-11-06 05:44:24.000000000,Integration,Medium,Support Portal,69.29,True,3,False
TKT00062495,C10818,2025-04-23 11:10:00,2025-04-24 06:34:00.000000000,Technical Issue,Medium,Chat,19.4,False,4,False
TKT00099244,C17201,2025-06-11 17:17:00,2025-06-12 10:01:23.999999999,Technical Issue,Medium,Support Portal,16.74,False,4,False
TKT00085771,C14819,2024-11-02 10:29:00,2024-11-03 03:55:24.000000000,Technical Issue,Medium,Email,17.44,False,5,False
TKT00095583,C16534,2025-05-08 12:54:00,2025-05-09 07:34:12.000000000,Account Management,Low,Email,18.67,False,4,False
TKT00034271,C05802,2024-07-04 16:01:00,2024-07-08 14:03:24.000000000,Feature Request,Medium,Email,94.04,True,3,False
TKT00050557,C08770,2025-11-28 12:55:00,2025-12-03 02:53:48.000000000,Feature Request,Low,Email,109.98,False,3,False
TKT00043003,C07416,2025-11-01 12:23:00,2025-11-01 19:56:00.000000000,Technical Issue,High,Chat,7.55,False,4,False
TKT00029619,C05037,2025-07-03 11:26:00,2025-07-04 02:50:00.000000000,Technical Issue,High,Email,15.4,False,5,False
TKT00057819,C10014,2024-10-21 14:30:00,2024-10-22 15:45:00.000000000,Account Management,Medium,Chat,25.25,False,4,False
TKT00066695,C11505,2025-10-06 11:58:00,2025-10-08 18:12:24.000000000,Performance,Low,Phone,54.24,False,3,False
TKT00060576,C10481,2025-07-25 13:27:00,2025-07-25 15:19:12.000000000,Billing,Critical,Chat,1.87,False,5,False
TKT00043045,C07430,2025-02-22 10:09:00,2025-02-23 08:16:48.000000000,Performance,High,Phone,22.13,False,4,False
TKT00012805,C02135,2024-09-10 08:43:00,2024-09-10 19:10:00.000000000,Feature Request,Critical,Support Portal,10.45,False,4,False
TKT00029396,C05003,2024-11-03 15:51:00,2024-11-05 18:25:12.000000000,Integration,Medium,Phone,50.57,False,4,False
TKT00044799,C07749,2025-02-20 08:31:00,2025-02-23 19:16:36.000000000,Performance,Low,Chat,82.76,False,3,False
TKT00101827,C17671,2025-09-06 11:20:00,2025-09-08 11:54:12.000000000,Performance,Medium,Support Portal,48.57,False,3,False
TKT00000877,C00154,2025-01-16 12:20:00,2025-01-17 03:12:48.000000000,Product Bug,High,Email,14.88,False,5,False
TKT00071730,C12331,2025-04-30 10:42:00,2025-05-01 10:31:48.000000000,Performance,Medium,Phone,23.83,False,5,False
TKT00076079,C13148,2025-02-08 17:16:00,2025-02-10 07:37:00.000000000,Performance,Medium,Phone,38.35,False,5,False
TKT00073596,C12688,2025-06-03 09:40:00,2025-06-03 22:41:12.000000000,Technical Issue,High,Chat,13.02,False,5,False
TKT00003916,C00605,2025-11-18 13:39:00,2025-11-19 16:00:36.000000000,Integration,High,Email,26.36,False,3,True
TKT00002105,C00345,2025-05-27 13:51:00,2025-05-28 19:00:00.000000000,Technical Issue,Medium,Email,29.15,False,5,False
TKT00109099,C19018,2025-07-04 10:15:00,2025-07-04 23:10:48.000000000,Product Bug,High,Support Portal,12.93,True,2,True
TKT00047108,C08156,2025-07-29 10:30:00,2025-08-02 08:53:24.000000000,Feature Request,Medium,Chat,94.39,False,4,False
TKT00039101,C06693,2024-11-14 12:46:00,2024-11-15 03:39:24.000000000,Billing,High,Email,14.89,False,5,False
TKT00068424,C11817,2025-12-05 15:04:00,2025-12-07 14:47:48.000000000,Integration,Medium,Chat,47.73,False,3,False
TKT00085711,C14814,2025-05-03 14:55:00,2025-05-05 06:17:48.000000000,Product Bug,Medium,Phone,39.38,False,5,False
TKT00039937,C06837,2024-09-26 13:37:00,2024-09-26 17:56:48.000000000,Technical Issue,High,Email,4.33,False,5,False
TKT00029748,C05060,2025-04-14 15:36:00,2025-04-15 17:27:36.000000000,Training / Onboarding,Medium,Chat,25.86,False,4,False
TKT00047478,C08223,2025-06-11 11:18:00,2025-06-12 16:15:36.000000000,Billing,Low,Chat,28.96,False,5,False
TKT00108088,C18846,2025-07-14 16:17:00,2025-07-15 08:27:48.000000000,Technical Issue,Medium,Chat,16.18,False,4,False
TKT00065812,C11358,2024-09-17 14:57:00,2024-09-20 13:34:12.000000000,Integration,Medium,Support Portal,70.62,False,5,False
TKT00021255,C03586,2025-06-05 15:59:00,2025-06-07 06:57:48.000000000,Technical Issue,Medium,Support Portal,38.98,False,3,False
TKT00061520,C10651,2025-12-23 12:05:00,2025-12-27 06:47:00.000000000,Feature Request,Medium,Email,90.7,False,4,False
TKT00070439,C12128,2025-06-25 09:28:00,2025-06-25 12:23:48.000000000,Account Management,Critical,Support Portal,2.93,False,4,True
TKT00017383,C02954,2025-05-18 10:09:00,2025-05-19 15:31:12.000000000,Technical Issue,High,Email,29.37,False,4,False
TKT00023630,C03966,2026-01-07 08:00:00,2026-01-08 02:44:24.000000000,Billing,Low,Support Portal,18.74,False,5,False
TKT00026846,C04537,2025-12-26 13:23:00,2025-12-27 20:55:24.000000000,Feature Request,High,Support Portal,31.54,False,4,False
TKT00002889,C00459,2025-06-09 17:48:00,2025-06-10 22:46:48.000000000,Technical Issue,Low,Support Portal,28.98,False,3,False
TKT00018780,C03204,2025-03-22 16:16:00,2025-03-25 15:46:36.000000000,Training / Onboarding,Low,Phone,71.51,False,4,False
TKT00036566,C06220,2025-10-23 13:40:00,2025-10-24 19:29:48.000000000,Product Bug,Medium,Chat,29.83,False,4,False
TKT00044104,C07627,2025-12-25 16:58:00,2025-12-26 08:49:00.000000000,Technical Issue,Medium,Email,15.85,True,4,False
TKT00092113,C15968,2025-05-09 10:09:00,2025-05-10 20:51:36.000000000,Technical Issue,Medium,Phone,34.71,False,4,False
TKT00100779,C17493,2025-03-13 17:09:00,2025-03-14 20:15:00.000000000,Account Management,Low,Chat,27.1,False,4,False
TKT00024786,C04183,2024-09-24 14:16:00,2024-09-24 23:14:12.000000000,Technical Issue,High,Email,8.97,False,4,False
TKT00031523,C05383,2025-09-02 13:46:00,2025-09-05 05:06:24.000000000,Technical Issue,Medium,Support Portal,63.34,False,3,False
TKT00013062,C02171,2025-05-16 11:10:00,2025-05-16 18:53:48.000000000,Technical Issue,High,Email,7.73,False,4,False
TKT00078747,C13653,2025-10-03 10:04:00,2025-10-04 02:53:47.999999999,Performance,High,Phone,16.83,True,4,False
TKT00095832,C16585,2024-12-16 18:32:00,2024-12-17 10:36:12.000000000,Account Management,Medium,Phone,16.07,False,5,False
TKT00062550,C10831,2024-11-19 14:07:00,2024-11-20 04:23:48.000000000,Technical Issue,High,Support Portal,14.28,False,5,False
TKT00010971,C01830,2025-12-24 08:34:00,2025-12-25 23:44:12.000000000,Performance,Medium,Chat,39.17,False,4,False
TKT00049459,C08567,2024-11-29 17:02:00,2024-11-30 09:07:24.000000000,Technical Issue,High,Email,16.09,False,5,False
TKT00023543,C03956,2024-12-25 13:49:00,2024-12-26 06:18:23.999999999,Technical Issue,Medium,Chat,16.49,False,3,True
TKT00087178,C15069,2025-06-16 17:39:00,2025-06-17 04:24:36.000000000,Technical Issue,High,Chat,10.76,False,4,False
TKT00073620,C12696,2024-01-20 11:33:00,2024-01-21 17:56:24.000000000,Product Bug,Medium,Email,30.39,False,3,False
TKT00010300,C01711,2025-07-16 18:25:00,2025-07-19 04:14:12.000000000,Feature Request,High,Phone,57.82,False,4,False
TKT00061243,C10609,2025-11-17 09:02:00,2025-11-17 15:33:48.000000000,Billing,High,Support Portal,6.53,True,4,False
TKT00106227,C18477,2025-10-12 12:15:00,2025-10-13 13:15:00.000000000,Billing,Low,Email,25.0,False,5,False
TKT00114440,C19947,2025-07-09 16:58:00,2025-07-10 17:25:00.000000000,Performance,Medium,Support Portal,24.45,False,4,False
TKT00101140,C17563,2025-08-01 14:33:00,2025-08-01 23:42:36.000000000,Product Bug,Critical,Chat,9.16,False,4,False
TKT00022126,C03723,2025-07-01 17:59:00,2025-07-02 21:23:00.000000000,Account Management,Medium,Support Portal,27.4,False,5,False
TKT00046705,C08076,2024-09-18 18:07:00,2024-09-20 07:35:12.000000000,Performance,Medium,Phone,37.47,False,4,False
TKT00028099,C04783,2025-12-16 09:42:00,2025-12-17 01:09:00.000000000,Integration,Medium,Phone,15.45,False,5,False
TKT00018996,C03241,2025-01-04 15:26:00,2025-01-05 09:39:48.000000000,Performance,High,Email,18.23,False,5,False
TKT00018249,C03088,2024-05-16 15:49:00,2024-05-17 12:40:36.000000000,Technical Issue,Medium,Chat,20.86,False,4,False
TKT00006371,C01045,2024-03-17 08:27:00,2024-03-20 00:16:48.000000000,Integration,Medium,Chat,63.83,False,4,False
TKT00035289,C05980,2024-12-03 12:47:00,2024-12-04 02:59:36.000000000,Technical Issue,High,Phone,14.21,False,2,True
TKT00077263,C13355,2025-09-06 11:47:00,2025-09-07 01:21:12.000000000,Integration,High,Chat,13.57,False,4,False
TKT00048884,C08476,2025-10-16 12:15:00,2025-10-20 08:36:36.000000000,Integration,Low,Email,92.36,False,3,False
TKT00032613,C05556,2025-11-03 15:03:00,2025-11-03 23:42:00.000000000,Performance,High,Chat,8.65,False,3,False
TKT00052126,C09019,2025-11-02 09:57:00,2025-11-03 10:14:24.000000000,Feature Request,High,Email,24.29,False,5,False
TKT00045368,C07856,2024-11-19 15:41:00,2024-11-20 02:27:12.000000000,Training / Onboarding,High,Chat,10.77,False,3,True
TKT00094198,C16303,2025-05-01 09:58:00,2025-05-04 06:49:36.000000000,Performance,Medium,Phone,68.86,False,2,True
TKT00107665,C18734,2025-06-24 15:22:00,2025-06-26 00:39:24.000000000,Technical Issue,Medium,Support Portal,33.29,False,4,False
TKT00012173,C02019,2024-11-15 08:45:00,2024-11-15 15:58:48.000000000,Technical Issue,High,Email,7.23,True,4,False
TKT00105396,C18306,2025-10-22 17:49:00,2025-10-22 20:37:36.000000000,Performance,Critical,Email,2.81,False,4,True
TKT00037374,C06390,2025-02-05 13:42:00,2025-02-07 02:27:36.000000000,Technical Issue,Medium,Support Portal,36.76,False,5,False
TKT00051792,C08969,2025-07-15 14:16:00,2025-07-16 20:19:36.000000000,Performance,Medium,Email,30.06,False,4,True
TKT00003712,C00590,2025-08-11 08:42:00,2025-08-12 12:46:12.000000000,Performance,Medium,Phone,28.07,False,3,False
TKT00039090,C06692,2025-08-07 14:48:00,2025-08-08 07:01:11.999999999,Technical Issue,Medium,Chat,16.22,False,3,False
TKT00063302,C10948,2024-08-11 15:39:00,2024-08-14 00:33:36.000000000,Training / Onboarding,Medium,Support Portal,56.91,False,5,False
TKT00083741,C14504,2024-09-26 08:50:00,2024-09-27 00:31:24.000000000,Billing,High,Email,15.69,False,4,False
TKT00095650,C16549,2025-02-02 15:21:00,2025-02-04 04:17:24.000000000,Training / Onboarding,Medium,Chat,36.94,False,4,False
TKT00103544,C17958,2024-12-06 18:40:00,2024-12-08 13:50:48.000000000,Integration,Medium,Support Portal,43.18,False,3,False
TKT00013847,C02303,2024-10-26 16:37:00,2024-10-27 06:20:12.000000000,Product Bug,High,Email,13.72,False,3,False
TKT00078863,C13684,2024-03-29 14:55:00,2024-03-30 07:29:47.999999999,Account Management,Medium,Chat,16.58,False,5,False
TKT00082197,C14246,2025-03-19 18:12:00,2025-03-21 07:43:48.000000000,Product Bug,Medium,Chat,37.53,False,4,False
TKT00030093,C05127,2025-03-30 11:59:00,2025-04-01 10:46:24.000000000,Training / Onboarding,Medium,Phone,46.79,False,4,False
TKT00078470,C13579,2025-08-30 08:18:00,2025-08-30 22:09:36.000000000,Billing,High,Email,13.86,False,3,False
TKT00010850,C01807,2024-08-16 18:48:00,2024-08-18 13:01:12.000000000,Performance,Medium,Phone,42.22,False,4,False
TKT00046946,C08129,2025-09-14 17:28:00,2025-09-15 01:05:12.000000000,Technical Issue,Critical,Phone,7.62,False,4,False
TKT00064492,C11134,2025-10-10 13:02:00,2025-10-14 22:56:36.000000000,Performance,Low,Chat,105.91,False,4,False
TKT00110129,C19208,2025-05-17 13:23:00,2025-05-17 19:33:12.000000000,Performance,Critical,Phone,6.17,False,4,True
TKT00019162,C03269,2024-10-31 09:33:00,2024-11-01 12:01:12.000000000,Technical Issue,Medium,Chat,26.47,False,5,False
TKT00092941,C16115,2025-09-07 14:20:00,2025-09-09 07:51:48.000000000,Technical Issue,Medium,Phone,41.53,False,5,False
TKT00008364,C01390,2025-02-26 15:15:00,2025-03-01 02:25:12.000000000,Product Bug,Low,Email,59.17,False,2,False
TKT00053605,C09234,2024-11-15 14:46:00,2024-11-17 14:50:12.000000000,Performance,Low,Chat,48.07,True,3,False
TKT00052075,C09012,2025-11-08 10:52:00,2025-11-09 11:59:12.000000000,Account Management,Low,Support Portal,25.12,False,4,False
TKT00011044,C01844,2025-06-30 16:56:00,2025-07-01 09:12:12.000000000,Product Bug,High,Chat,16.27,False,5,False
TKT00037725,C06459,2025-05-04 11:05:00,2025-05-07 10:07:24.000000000,Performance,Low,Email,71.04,False,4,False
TKT00025256,C04276,2025-01-10 16:42:00,2025-01-11 10:42:00.000000000,Technical Issue,High,Chat,18.0,False,4,True
TKT00087472,C15111,2025-11-22 13:54:00,2025-11-24 07:19:12.000000000,Performance,Low,Email,41.42,False,3,False
TKT00047769,C08270,2026-01-07 16:30:00,2026-01-09 13:42:00.000000000,Integration,Medium,Email,45.2,False,5,False
TKT00093799,C16249,2025-08-26 11:32:00,2025-08-27 23:03:12.000000000,Technical Issue,Low,Chat,35.52,False,4,False
TKT00077123,C13339,2024-05-31 11:10:00,2024-06-01 02:46:36.000000000,Technical Issue,High,Chat,15.61,False,4,False
TKT00070743,C12174,2024-05-10 09:05:00,2024-05-11 23:42:48.000000000,Technical Issue,Low,Chat,38.63,False,3,False
TKT00105465,C18325,2024-05-18 09:37:00,2024-05-18 20:28:36.000000000,Billing,Medium,Chat,10.86,False,4,True
TKT00052868,C09123,2026-01-01 12:49:00,2026-01-01 19:32:48.000000000,Account Management,High,Email,6.73,False,4,False
TKT00081764,C14180,2024-09-15 13:29:00,2024-09-15 15:36:12.000000000,Technical Issue,Critical,Chat,2.12,False,4,False
TKT00080034,C13905,2025-11-07 15:34:00,2025-11-08 14:57:24.000000000,Integration,High,Support Portal,23.39,False,4,False
TKT00032474,C05532,2025-08-30 09:24:00,2025-08-31 15:06:00.000000000,Performance,Medium,Support Portal,29.7,False,4,False
TKT00094753,C16394,2025-01-07 15:20:00,2025-01-08 10:05:36.000000000,Integration,High,Email,18.76,False,3,False
TKT00037636,C06443,2025-08-21 14:13:00,2025-08-23 03:20:48.000000000,Account Management,Low,Chat,37.13,False,4,False
TKT00102863,C17858,2025-11-01 12:57:00,2025-11-07 04:49:48.000000000,Feature Request,Medium,Phone,135.88,False,3,False
TKT00027238,C04601,2024-10-04 18:41:00,2024-10-07 01:03:48.000000000,Product Bug,Medium,Phone,54.38,False,3,False
TKT00090380,C15635,2024-12-14 08:06:00,2024-12-16 13:27:36.000000000,Billing,Low,Chat,53.36,False,5,False
TKT00074645,C12870,2024-12-24 11:28:00,2024-12-25 16:02:12.000000000,Performance,Medium,Chat,28.57,False,4,False
TKT00090429,C15652,2024-08-23 09:22:00,2024-08-24 01:18:24.000000000,Account Management,Medium,Phone,15.94,False,4,False
TKT00114353,C19926,2025-03-01 08:16:00,2025-03-01 20:49:00.000000000,Technical Issue,Medium,Support Portal,12.55,False,5,True
TKT00018641,C03174,2025-07-06 14:42:00,2025-07-07 06:19:48.000000000,Technical Issue,High,Support Portal,15.63,False,5,False
TKT00067631,C11660,2025-01-26 13:00:00,2025-01-30 03:55:48.000000000,Performance,Medium,Email,86.93,False,3,False
TKT00014222,C02379,2025-06-09 14:28:00,2025-06-10 19:22:00.000000000,Performance,Medium,Chat,28.9,True,3,False
TKT00031686,C05408,2025-02-19 16:16:00,2025-02-21 04:04:36.000000000,Technical Issue,Medium,Chat,35.81,False,5,False
TKT00050790,C08812,2025-10-14 16:57:00,2025-10-15 01:04:11.999999999,Training / Onboarding,Critical,Chat,8.12,False,4,True
TKT00056114,C09669,2025-08-12 14:45:00,2025-08-13 05:33:36.000000000,Product Bug,High,Chat,14.81,False,4,False
TKT00091791,C15903,2025-02-24 16:14:00,2025-02-26 06:04:24.000000000,Feature Request,High,Chat,37.84,False,5,False
TKT00027097,C04585,2025-10-29 13:30:00,2025-10-31 01:25:12.000000000,Product Bug,Low,Email,35.92,False,3,False
TKT00058730,C10158,2025-02-06 08:00:00,2025-02-08 04:39:36.000000000,Integration,Medium,Chat,44.66,False,5,False
TKT00017542,C02977,2025-08-22 10:14:00,2025-08-23 06:15:48.000000000,Technical Issue,High,Email,20.03,False,5,False
TKT00096175,C16649,2025-09-13 14:08:00,2025-09-16 15:21:12.000000000,Billing,Low,Chat,73.22,False,5,False
TKT00111916,C19505,2025-01-06 08:18:00,2025-01-08 07:16:48.000000000,Account Management,Medium,Phone,46.98,False,4,False
TKT00058507,C10113,2025-09-12 18:06:00,2025-09-15 01:31:12.000000000,Technical Issue,Low,Chat,55.42,False,3,False
TKT00066218,C11423,2025-04-24 17:33:00,2025-04-26 07:52:12.000000000,Technical Issue,Medium,Email,38.32,False,5,False
TKT00094031,C16281,2024-04-27 10:15:00,2024-04-28 05:06:00.000000000,Technical Issue,Medium,Email,18.85,False,3,True
TKT00103203,C17896,2025-09-28 09:13:00,2025-09-28 19:00:24.000000000,Technical Issue,High,Phone,9.79,False,5,False
TKT00019571,C03345,2024-12-27 13:08:00,2024-12-28 09:38:36.000000000,Product Bug,High,Chat,20.51,False,4,False
TKT00080395,C13974,2025-02-14 16:41:00,2025-02-18 01:27:48.000000000,Integration,Low,Phone,80.78,False,3,False
TKT00005366,C00863,2025-12-20 08:52:00,2025-12-21 05:05:12.000000000,Product Bug,Medium,Phone,20.22,False,3,False
TKT00041936,C07221,2025-02-26 13:17:00,2025-02-28 00:18:12.000000000,Billing,Medium,Email,35.02,False,4,False
TKT00047451,C08218,2025-11-19 12:52:00,2025-11-20 15:03:24.000000000,Integration,High,Support Portal,26.19,False,5,False
TKT00072855,C12555,2025-03-20 14:41:00,2025-03-21 12:15:48.000000000,Billing,Medium,Email,21.58,False,5,False
TKT00108267,C18864,2025-05-31 11:26:00,2025-05-31 15:57:48.000000000,Performance,Critical,Email,4.53,False,3,False
TKT00017591,C02981,2025-09-10 14:28:00,2025-09-10 22:19:00.000000000,Technical Issue,High,Email,7.85,False,3,False
TKT00002876,C00459,2024-09-13 14:37:00,2024-09-15 05:34:36.000000000,Performance,Medium,Support Portal,38.96,False,4,False
TKT00083512,C14463,2025-06-04 10:40:00,2025-06-04 18:24:24.000000000,Technical Issue,High,Chat,7.74,False,3,False
TKT00053777,C09264,2024-04-10 08:07:00,2024-04-12 12:21:24.000000000,Technical Issue,Medium,Email,52.24,False,4,False
TKT00111540,C19449,2025-09-26 09:06:00,2025-09-26 11:46:48.000000000,Technical Issue,Critical,Chat,2.68,False,3,True
TKT00029824,C05082,2025-08-22 10:11:00,2025-08-30 16:13:24.000000000,Integration,Low,Chat,198.04,False,3,False
TKT00108833,C18953,2024-10-07 11:28:00,2024-10-10 01:00:24.000000000,Integration,Medium,Email,61.54,False,4,False
TKT00105895,C18421,2025-10-26 08:16:00,2025-10-29 19:25:00.000000000,Product Bug,Low,Email,83.15,False,3,False
TKT00071920,C12364,2025-09-30 10:13:00,2025-10-01 17:04:36.000000000,Product Bug,High,Support Portal,30.86,False,4,False
TKT00076679,C13255,2024-09-02 14:00:00,2024-09-02 15:16:12.000000000,Account Management,Critical,Chat,1.27,True,3,True
TKT00073492,C12668,2025-12-20 08:14:00,2025-12-23 15:30:12.000000000,Integration,Low,Email,79.27,False,3,False
TKT00068019,C11730,2025-08-16 17:59:00,2025-08-18 07:50:00.000000000,Product Bug,Medium,Chat,37.85,False,4,False
TKT00016930,C02856,2025-07-24 16:30:00,2025-07-25 22:45:00.000000000,Integration,Medium,Chat,30.25,False,3,False
TKT00007844,C01292,2024-12-30 15:25:00,2025-01-01 07:46:36.000000000,Integration,Low,Support Portal,40.36,False,5,False
TKT00053050,C09154,2024-08-03 12:04:00,2024-08-07 19:44:48.000000000,Product Bug,Low,Chat,103.68,False,4,False
TKT00103358,C17917,2025-11-24 18:34:00,2025-11-26 03:01:00.000000000,Technical Issue,Medium,Chat,32.45,False,5,False
TKT00096986,C16782,2025-09-29 15:55:00,2025-09-30 11:22:36.000000000,Performance,Medium,Chat,19.46,True,4,False
TKT00015819,C02674,2025-07-12 12:20:00,2025-07-12 22:33:12.000000000,Product Bug,High,Phone,10.22,False,3,False
TKT00023620,C03960,2025-07-08 15:12:00,2025-07-09 13:07:12.000000000,Integration,High,Support Portal,21.92,False,4,False
TKT00001156,C00191,2025-06-22 11:57:00,2025-06-23 13:00:00.000000000,Product Bug,High,Chat,25.05,True,4,False
TKT00065279,C11268,2024-11-07 11:52:00,2024-11-07 20:40:00.000000000,Product Bug,High,Phone,8.8,False,3,False
TKT00083930,C14524,2025-01-06 10:03:00,2025-01-09 06:12:36.000000000,Feature Request,High,Support Portal,68.16,False,3,False
TKT00001385,C00231,2025-06-15 13:01:00,2025-06-17 06:51:24.000000000,Training / Onboarding,Medium,Email,41.84,False,5,False
TKT00053783,C09264,2024-08-06 11:58:00,2024-08-07 07:11:48.000000000,Technical Issue,Medium,Chat,19.23,False,5,False
TKT00062239,C10774,2025-04-12 12:35:00,2025-04-14 15:13:24.000000000,Training / Onboarding,Medium,Chat,50.64,False,4,False
TKT00114547,C19963,2024-08-03 18:27:00,2024-08-04 00:41:24.000000000,Technical Issue,Critical,Phone,6.24,False,3,False
TKT00056081,C09662,2024-02-11 13:32:00,2024-02-12 06:25:59.999999999,Account Management,Low,Phone,16.9,False,4,False
TKT00005355,C00862,2024-11-04 09:55:00,2024-11-05 10:18:24.000000000,Technical Issue,Medium,Chat,24.39,False,5,False
TKT00016028,C02707,2024-07-25 18:52:00,2024-07-26 02:34:00.000000000,Product Bug,Critical,Email,7.7,False,3,False
TKT00064276,C11104,2025-08-02 18:13:00,2025-08-05 08:25:36.000000000,Integration,Medium,Support Portal,62.21,False,4,False
TKT00092236,C15993,2025-01-26 09:15:00,2025-01-27 12:51:36.000000000,Product Bug,High,Email,27.61,False,4,True
TKT00086563,C14995,2025-02-20 14:55:00,2025-02-20 22:46:00.000000000,Feature Request,Critical,Email,7.85,False,4,False
TKT00090089,C15571,2025-11-14 09:45:00,2025-11-16 17:09:36.000000000,Billing,Low,Support Portal,55.41,False,4,False
TKT00002449,C00402,2024-08-12 14:02:00,2024-08-13 16:06:48.000000000,Performance,Medium,Support Portal,26.08,False,5,False
TKT00084496,C14612,2025-12-17 14:14:00,2025-12-18 18:13:24.000000000,Technical Issue,Medium,Chat,27.99,False,4,False
TKT00053294,C09188,2025-11-13 14:39:00,2025-11-14 15:28:48.000000000,Technical Issue,High,Email,24.83,False,3,False
TKT00024603,C04151,2024-09-15 18:25:00,2024-09-18 11:05:48.000000000,Product Bug,Low,Chat,64.68,False,4,False
TKT00039440,C06756,2025-07-04 12:28:00,2025-07-05 19:11:48.000000000,Performance,Medium,Phone,30.73,False,4,False
TKT00029344,C04990,2025-01-09 13:10:00,2025-01-10 10:13:36.000000000,Training / Onboarding,Medium,Chat,21.06,True,4,False
TKT00007021,C01169,2025-11-03 12:50:00,2025-11-05 05:06:48.000000000,Performance,Medium,Chat,40.28,False,4,False
TKT00079837,C13871,2025-05-31 15:05:00,2025-06-01 09:43:24.000000000,Product Bug,Medium,Phone,18.64,False,4,False
TKT00098488,C17072,2024-06-20 18:07:00,2024-06-22 21:51:24.000000000,Product Bug,Medium,Email,51.74,False,3,False
TKT00109381,C19069,2026-01-01 13:01:00,2026-01-01 19:42:24.000000000,Product Bug,Critical,Phone,6.69,False,3,True
TKT00003581,C00561,2025-06-13 12:29:00,2025-06-16 03:33:12.000000000,Product Bug,Medium,Support Portal,63.07,False,4,False
TKT00103783,C17989,2025-07-05 09:40:00,2025-07-05 18:42:23.999999999,Training / Onboarding,High,Chat,9.04,False,4,False
TKT00004614,C00738,2025-09-22 15:43:00,2025-09-25 12:17:11.999999999,Integration,Low,Support Portal,68.57,False,3,False
TKT00017013,C02875,2024-09-15 15:34:00,2024-09-18 06:23:48.000000000,Performance,Medium,Chat,62.83,False,4,False
TKT00022472,C03776,2024-06-01 08:51:00,2024-06-04 08:03:00.000000000,Feature Request,Medium,Email,71.2,False,4,False
TKT00095338,C16474,2025-11-04 08:35:00,2025-11-06 01:09:12.000000000,Performance,Medium,Chat,40.57,False,5,False
TKT00045394,C07860,2025-03-29 15:40:00,2025-03-30 17:16:36.000000000,Technical Issue,Medium,Phone,25.61,False,4,False
TKT00090776,C15703,2024-07-28 09:33:00,2024-07-30 00:00:36.000000000,Training / Onboarding,Medium,Chat,38.46,False,3,True
TKT00024672,C04163,2024-08-30 11:35:00,2024-09-12 19:47:00.000000000,Feature Request,Low,Support Portal,320.2,False,4,False
TKT00019982,C03392,2025-05-03 13:37:00,2025-05-05 01:28:00.000000000,Technical Issue,Low,Email,35.85,True,4,False
TKT00013944,C02322,2024-12-31 11:07:00,2025-01-01 00:25:00.000000000,Technical Issue,High,Email,13.3,False,5,False
TKT00007341,C01201,2024-11-28 10:43:00,2024-11-29 15:37:36.000000000,Integration,High,Email,28.91,False,4,False
TKT00100859,C17515,2025-11-04 11:58:00,2025-11-05 14:47:48.000000000,Billing,Medium,Chat,26.83,False,4,False
TKT00004511,C00717,2024-04-23 14:21:00,2024-04-24 21:35:24.000000000,Integration,Medium,Email,31.24,False,4,False
TKT00019841,C03375,2025-01-07 10:02:00,2025-01-07 12:18:48.000000000,Billing,Critical,Support Portal,2.28,False,5,False
TKT00059906,C10348,2025-12-01 08:42:00,2025-12-03 03:56:24.000000000,Performance,Medium,Chat,43.24,False,4,False
TKT00019265,C03292,2025-11-05 18:22:00,2025-11-06 12:37:00.000000000,Integration,Critical,Phone,18.25,True,3,True
TKT00044429,C07690,2024-10-23 15:11:00,2024-10-26 00:52:24.000000000,Product Bug,Low,Support Portal,57.69,False,5,False
TKT00049519,C08579,2025-02-11 11:00:00,2025-02-11 19:22:48.000000000,Technical Issue,High,Support Portal,8.38,False,4,False
TKT00098312,C17027,2025-07-31 15:31:00,2025-08-01 19:20:12.000000000,Integration,Medium,Email,27.82,False,4,False
TKT00023707,C03991,2025-01-18 14:51:00,2025-01-20 21:16:48.000000000,Feature Request,Medium,Chat,54.43,False,4,False
TKT00022693,C03825,2025-08-11 14:18:00,2025-08-12 22:00:36.000000000,Performance,Medium,Phone,31.71,False,4,False
TKT00109363,C19069,2024-12-13 10:25:00,2024-12-14 18:29:48.000000000,Billing,Low,Chat,32.08,False,5,False
TKT00031495,C05378,2025-08-11 18:05:00,2025-08-13 15:06:12.000000000,Feature Request,High,Chat,45.02,False,5,False
TKT00007434,C01222,2025-03-01 17:04:00,2025-03-03 00:41:12.000000000,Technical Issue,Medium,Chat,31.62,False,5,False
TKT00063071,C10917,2024-09-07 17:26:00,2024-09-11 04:21:48.000000000,Integration,Low,Email,82.93,False,4,False
TKT00079573,C13834,2025-04-15 15:45:00,2025-04-16 02:13:12.000000000,Performance,High,Support Portal,10.47,False,5,True
TKT00000896,C00156,2025-01-26 16:57:00,2025-01-27 02:51:00.000000000,Performance,Critical,Email,9.9,False,3,False
TKT00008642,C01432,2025-10-14 08:39:00,2025-10-15 05:37:12.000000000,Account Management,Medium,Support Portal,20.97,False,3,False
TKT00052246,C09049,2024-07-30 17:17:00,2024-08-02 06:09:48.000000000,Technical Issue,Medium,Phone,60.88,False,5,False
TKT00109928,C19169,2025-11-03 17:30:00,2025-11-09 04:33:00.000000000,Account Management,Low,Chat,131.05,False,3,False
TKT00085440,C14774,2026-01-03 16:51:00,2026-01-04 03:03:00.000000000,Performance,High,Chat,10.2,False,4,False
TKT00106288,C18484,2024-12-29 09:30:00,2024-12-30 09:34:48.000000000,Product Bug,Medium,Email,24.08,False,4,False
TKT00097704,C16917,2025-12-26 09:44:00,2025-12-27 03:35:36.000000000,Training / Onboarding,High,Chat,17.86,False,5,False
TKT00085922,C14851,2024-05-28 08:22:00,2024-05-29 07:26:12.000000000,Product Bug,High,Email,23.07,False,3,False
TKT00096766,C16753,2025-12-02 14:09:00,2025-12-03 17:15:36.000000000,Integration,High,Chat,27.11,False,5,False
TKT00038760,C06626,2025-07-14 18:36:00,2025-07-16 08:44:24.000000000,Performance,Medium,Email,38.14,False,4,False
TKT00030636,C05211,2025-02-19 13:12:00,2025-02-20 11:54:36.000000000,Account Management,Low,Support Portal,22.71,False,3,False
TKT00015636,C02639,2025-11-08 12:29:00,2025-11-10 03:47:00.000000000,Integration,Medium,Support Portal,39.3,False,3,False
TKT00044044,C07611,2026-01-01 18:26:00,2026-01-03 08:45:48.000000000,Product Bug,Low,Chat,38.33,False,4,False
TKT00024394,C04123,2024-12-17 10:06:00,2024-12-18 12:06:36.000000000,Training / Onboarding,Medium,Phone,26.01,False,4,False
TKT00002260,C00372,2025-10-14 13:10:00,2025-10-17 07:41:48.000000000,Performance,Medium,Email,66.53,False,4,False
TKT00056908,C09803,2025-06-28 18:30:00,2025-06-28 23:28:12.000000000,Account Management,Critical,Support Portal,4.97,False,4,False
TKT00106142,C18460,2025-11-20 17:14:00,2025-11-24 13:32:36.000000000,Training / Onboarding,Low,Chat,92.31,False,3,False
TKT00064549,C11138,2025-08-31 12:55:00,2025-09-01 00:14:12.000000000,Performance,High,Email,11.32,False,3,False
TKT00095235,C16461,2025-09-14 15:26:00,2025-09-14 21:12:12.000000000,Billing,Critical,Chat,5.77,True,3,True
TKT00090347,C15631,2024-12-10 18:21:00,2024-12-11 01:46:12.000000000,Technical Issue,High,Chat,7.42,False,4,False
TKT00106320,C18492,2025-12-11 17:34:00,2025-12-11 23:58:36.000000000,Technical Issue,Critical,Chat,6.41,False,3,True
TKT00004273,C00684,2025-05-08 18:59:00,2025-05-10 20:13:24.000000000,Account Management,Low,Phone,49.24,False,4,False
TKT00106068,C18442,2025-09-03 08:06:00,2025-09-06 15:48:00.000000000,Integration,Low,Chat,79.7,False,4,False
TKT00005568,C00900,2024-03-12 15:01:00,2024-03-13 14:04:36.000000000,Technical Issue,Medium,Chat,23.06,False,4,False
TKT00096378,C16687,2024-10-02 15:31:00,2024-10-03 17:44:48.000000000,Technical Issue,High,Email,26.23,False,4,False
TKT00076072,C13147,2026-01-07 14:10:00,2026-01-08 03:31:36.000000000,Technical Issue,High,Email,13.36,False,4,False
TKT00050528,C08762,2025-01-10 12:38:00,2025-01-11 13:58:24.000000000,Product Bug,Medium,Support Portal,25.34,False,4,False
TKT00092135,C15972,2025-09-13 09:50:00,2025-09-13 20:58:24.000000000,Integration,High,Email,11.14,True,4,False
TKT00062076,C10757,2024-10-18 16:51:00,2024-10-19 20:42:00.000000000,Product Bug,Medium,Chat,27.85,False,4,False
TKT00017920,C03038,2025-03-28 11:06:00,2025-04-01 01:03:00.000000000,Integration,Low,Support Portal,85.95,False,4,False
TKT00104726,C18166,2025-10-20 09:22:00,2025-10-22 09:44:48.000000000,Technical Issue,Medium,Chat,48.38,False,4,False
TKT00110622,C19300,2025-06-06 15:24:00,2025-06-09 03:27:00.000000000,Product Bug,Low,Email,60.05,False,4,False
TKT00111105,C19365,2025-01-16 12:03:00,2025-01-18 16:47:24.000000000,Technical Issue,Low,Email,52.74,False,2,True
TKT00030822,C05254,2025-08-26 12:35:00,2025-08-29 20:53:00.000000000,Feature Request,Medium,Email,80.3,False,3,False
TKT00017970,C03042,2025-10-19 08:47:00,2025-10-20 09:46:24.000000000,Performance,High,Chat,24.99,False,4,False
TKT00010629,C01759,2025-03-29 11:50:00,2025-03-31 05:52:24.000000000,Technical Issue,Medium,Chat,42.04,False,5,False
TKT00088790,C15352,2025-11-30 16:35:00,2025-12-06 05:54:12.000000000,Feature Request,Low,Email,133.32,False,4,False
TKT00078614,C13613,2024-06-24 16:22:00,2024-06-24 19:52:00.000000000,Billing,Critical,Phone,3.5,False,4,True
TKT00027646,C04684,2024-06-08 13:34:00,2024-06-09 17:16:36.000000000,Product Bug,Medium,Email,27.71,False,4,False
TKT00063265,C10943,2024-11-06 16:17:00,2024-11-07 00:29:36.000000000,Account Management,High,Phone,8.21,False,4,False
TKT00089444,C15465,2024-08-27 14:17:00,2024-08-28 21:08:00.000000000,Billing,Low,Support Portal,30.85,False,3,False
TKT00025981,C04389,2025-06-15 09:36:00,2025-06-16 17:58:48.000000000,Technical Issue,Medium,Email,32.38,False,4,False
TKT00054176,C09329,2025-06-12 13:09:00,2025-06-14 09:57:36.000000000,Integration,Medium,Email,44.81,False,5,False
TKT00026971,C04564,2025-09-23 08:21:00,2025-09-24 09:58:48.000000000,Performance,Medium,Phone,25.63,False,5,False
TKT00024187,C04078,2026-01-01 14:47:00,2026-01-06 09:35:36.000000000,Performance,Low,Email,114.81,False,4,False
TKT00087560,C15122,2025-11-03 14:22:00,2025-11-03 23:32:12.000000000,Technical Issue,High,Phone,9.17,False,4,False
TKT00040284,C06898,2025-05-13 12:41:00,2025-05-15 01:17:00.000000000,Technical Issue,Medium,Email,36.6,False,4,True
TKT00006805,C01123,2025-07-08 14:36:00,2025-07-09 21:19:48.000000000,Technical Issue,Medium,Email,30.73,True,3,True
TKT00051284,C08887,2024-07-11 15:20:00,2024-07-15 03:05:00.000000000,Product Bug,Low,Phone,83.75,False,3,False
TKT00006820,C01126,2025-07-12 16:33:00,2025-07-13 17:36:00.000000000,Account Management,Medium,Support Portal,25.05,False,4,False
TKT00107137,C18637,2025-11-22 18:51:00,2025-11-29 03:38:24.000000000,Performance,Low,Chat,152.79,False,5,False
TKT00002663,C00438,2025-03-29 16:25:00,2025-03-31 02:17:48.000000000,Integration,Medium,Chat,33.88,False,5,False
TKT00057464,C09935,2024-10-28 08:11:00,2024-10-31 14:04:24.000000000,Technical Issue,Medium,Email,77.89,True,3,False
TKT00065080,C11238,2024-08-19 15:23:00,2024-08-21 06:38:00.000000000,Billing,Low,Chat,39.25,False,4,False
TKT00007933,C01309,2025-09-06 17:43:00,2025-09-08 11:50:12.000000000,Technical Issue,Medium,Chat,42.12,False,4,False
TKT00099682,C17266,2025-04-01 10:56:00,2025-04-03 06:17:00.000000000,Technical Issue,Low,Chat,43.35,False,5,False
TKT00013741,C02279,2024-09-17 10:21:00,2024-09-18 10:06:36.000000000,Training / Onboarding,Medium,Email,23.76,False,5,False
TKT00047283,C08186,2024-06-03 18:34:00,2024-06-04 18:42:24.000000000,Technical Issue,Medium,Support Portal,24.14,False,5,False
TKT00078059,C13510,2024-06-14 08:47:00,2024-06-15 20:06:12.000000000,Product Bug,Medium,Phone,35.32,False,4,False
TKT00058620,C10133,2025-08-02 18:52:00,2025-08-06 15:29:12.000000000,Technical Issue,Low,Email,92.62,False,4,False
TKT00051563,C08936,2024-11-14 08:33:00,2024-11-15 20:00:00.000000000,Feature Request,High,Email,35.45,False,5,False
TKT00023021,C03878,2025-05-18 12:23:00,2025-05-20 22:20:00.000000000,Feature Request,Medium,Email,57.95,False,4,False
TKT00013109,C02177,2024-05-21 13:08:00,2024-05-23 04:38:00.000000000,Integration,Medium,Chat,39.5,False,4,False
TKT00032112,C05471,2025-04-03 08:05:00,2025-04-04 23:08:00.000000000,Integration,Medium,Chat,39.05,False,4,False
TKT00081203,C14110,2024-11-10 13:24:00,2024-11-11 08:02:24.000000000,Account Management,Medium,Email,18.64,False,3,True
TKT00089434,C15463,2025-03-31 08:10:00,2025-04-05 20:57:24.000000000,Feature Request,Medium,Email,132.79,False,4,False
TKT00010425,C01734,2025-11-09 13:15:00,2025-11-11 11:14:24.000000000,Product Bug,Medium,Email,45.99,False,4,False
TKT00060507,C10470,2024-07-31 08:20:00,2024-08-01 07:21:12.000000000,Product Bug,High,Support Portal,23.02,True,4,True
TKT00013925,C02320,2025-01-13 10:59:00,2025-01-16 09:13:23.999999999,Product Bug,Low,Email,70.24,False,3,False
TKT00100872,C17516,2025-08-04 08:18:00,2025-08-05 03:27:36.000000000,Technical Issue,Medium,Support Portal,19.16,False,4,False
TKT00029648,C05039,2025-09-24 17:12:00,2025-09-26 04:29:24.000000000,Performance,Medium,Phone,35.29,False,4,False
TKT00059281,C10247,2025-06-20 13:21:00,2025-06-21 06:03:36.000000000,Billing,Medium,Support Portal,16.71,False,4,False
TKT00024574,C04142,2026-01-06 14:29:00,2026-01-08 02:03:48.000000000,Product Bug,Low,Phone,35.58,False,4,True
TKT00053296,C09188,2025-12-24 10:02:00,2025-12-29 04:48:12.000000000,Product Bug,Low,Chat,114.77,False,4,False
TKT00045189,C07805,2025-08-20 10:18:00,2025-08-23 18:55:48.000000000,Integration,Low,Email,80.63,False,4,False
TKT00060681,C10496,2025-12-24 08:18:00,2025-12-25 18:34:12.000000000,Performance,Medium,Phone,34.27,False,4,False
TKT00041083,C07033,2025-07-05 13:46:00,2025-07-06 05:53:12.000000000,Billing,Medium,Support Portal,16.12,False,3,False
TKT00013077,C02175,2024-07-19 11:01:00,2024-07-20 03:46:36.000000000,Training / Onboarding,Medium,Email,16.76,False,4,False
TKT00084061,C14538,2025-10-18 14:23:00,2025-10-23 09:36:12.000000000,Feature Request,Low,Email,115.22,False,4,False
TKT00069951,C12055,2025-07-20 16:41:00,2025-07-21 07:08:00.000000000,Technical Issue,High,Chat,14.45,True,5,False
TKT00006718,C01102,2024-04-01 17:30:00,2024-04-02 02:14:24.000000000,Training / Onboarding,Medium,Email,8.74,False,5,False
TKT00063602,C10989,2024-05-04 14:47:00,2024-05-07 09:10:24.000000000,Product Bug,Low,Chat,66.39,False,4,False
TKT00041375,C07100,2024-12-20 18:27:00,2024-12-23 02:11:24.000000000,Technical Issue,Low,Chat,55.74,False,4,False
TKT00016541,C02778,2025-10-01 16:34:00,2025-10-02 04:12:24.000000000,Billing,Medium,Phone,11.64,False,3,False
TKT00043681,C07561,2025-07-29 12:24:00,2025-07-29 20:38:24.000000000,Billing,High,Phone,8.24,False,5,False
TKT00053329,C09193,2025-04-29 16:54:00,2025-04-30 14:46:12.000000000,Performance,Medium,Support Portal,21.87,False,4,False
TKT00086097,C14878,2024-05-02 11:51:00,2024-05-03 01:25:12.000000000,Feature Request,Critical,Phone,13.57,True,4,True
TKT00113873,C19851,2024-08-14 15:12:00,2024-08-15 01:31:12.000000000,Performance,High,Chat,10.32,False,4,False
TKT00096037,C16619,2025-10-27 08:08:00,2025-10-27 22:26:36.000000000,Technical Issue,Medium,Support Portal,14.31,False,5,False
TKT00086019,C14871,2025-02-07 12:35:00,2025-02-07 23:48:48.000000000,Account Management,Medium,Phone,11.23,False,3,False
TKT00006484,C01061,2025-03-29 16:34:00,2025-03-30 14:01:36.000000000,Product Bug,High,Email,21.46,False,4,False
TKT00019665,C03360,2025-05-25 12:42:00,2025-05-27 17:11:24.000000000,Performance,Medium,Email,52.49,False,4,False
TKT00057999,C10036,2024-12-07 14:40:00,2024-12-08 14:19:36.000000000,Performance,Medium,Support Portal,23.66,False,5,False
TKT00016896,C02851,2024-07-14 10:54:00,2024-07-18 08:57:36.000000000,Training / Onboarding,Low,Phone,94.06,False,4,False
TKT00100145,C17348,2025-06-17 17:55:00,2025-06-19 02:29:48.000000000,Technical Issue,High,Support Portal,32.58,False,4,False
TKT00035653,C06044,2025-12-25 12:53:00,2025-12-26 01:40:24.000000000,Technical Issue,High,Chat,12.79,False,4,True
TKT00020591,C03491,2025-10-27 08:03:00,2025-10-31 06:53:24.000000000,Feature Request,Low,Chat,94.84,False,3,False
TKT00020492,C03470,2025-04-13 12:42:00,2025-04-15 03:34:48.000000000,Account Management,Low,Chat,38.88,False,4,False
TKT00036038,C06123,2025-07-19 18:07:00,2025-07-22 18:10:00.000000000,Account Management,Low,Support Portal,72.05,False,4,False
TKT00020592,C03491,2026-01-01 17:26:00,2026-01-02 08:51:48.000000000,Account Management,Medium,Support Portal,15.43,False,5,False
TKT00103554,C17958,2025-03-30 12:10:00,2025-03-31 15:31:00.000000000,Product Bug,Medium,Support Portal,27.35,False,3,False
TKT00045402,C07861,2025-08-12 18:55:00,2025-08-15 22:44:48.000000000,Product Bug,Low,Chat,75.83,False,4,False
TKT00019909,C03381,2025-06-11 17:37:00,2025-06-19 03:07:00.000000000,Product Bug,Low,Chat,177.5,False,3,False
TKT00089581,C15488,2025-02-20 10:13:00,2025-02-21 19:53:48.000000000,Billing,Low,Chat,33.68,False,4,False
TKT00100992,C17536,2025-05-26 12:37:00,2025-05-27 18:50:48.000000000,Technical Issue,Medium,Phone,30.23,False,4,False
TKT00007795,C01282,2025-04-20 15:17:00,2025-04-22 10:29:36.000000000,Technical Issue,Low,Chat,43.21,True,4,False
TKT00071486,C12288,2025-04-06 15:08:00,2025-04-06 19:39:48.000000000,Technical Issue,Critical,Email,4.53,False,4,False
TKT00077171,C13341,2025-12-01 17:40:00,2025-12-03 03:37:00.000000000,Product Bug,Medium,Support Portal,33.95,False,5,False
TKT00014559,C02441,2025-01-10 14:38:00,2025-01-11 13:36:48.000000000,Product Bug,High,Chat,22.98,False,4,False
TKT00090510,C15661,2025-03-14 11:28:00,2025-03-18 01:02:12.000000000,Training / Onboarding,Medium,Email,85.57,False,4,False
TKT00026260,C04434,2024-05-08 08:42:00,2024-05-11 18:30:00.000000000,Performance,Low,Support Portal,81.8,False,3,False
TKT00046863,C08117,2025-07-31 18:07:00,2025-08-02 05:23:12.000000000,Technical Issue,Medium,Support Portal,35.27,False,4,False
TKT00002073,C00342,2024-09-25 13:02:00,2024-09-28 11:33:48.000000000,Technical Issue,Low,Support Portal,70.53,False,4,False
TKT00092900,C16108,2025-12-10 12:56:00,2025-12-11 01:27:48.000000000,Product Bug,Medium,Email,12.53,False,3,False
TKT00006330,C01039,2025-03-04 14:30:00,2025-03-07 16:52:48.000000000,Performance,Medium,Phone,74.38,False,3,False
TKT00033286,C05658,2024-09-12 09:33:00,2024-09-14 16:20:24.000000000,Technical Issue,Medium,Email,54.79,False,4,False
TKT00072536,C12489,2024-03-04 11:36:00,2024-03-05 05:33:00.000000000,Feature Request,High,Email,17.95,False,4,False
TKT00038687,C06618,2025-02-06 13:24:00,2025-02-09 08:12:36.000000000,Technical Issue,Low,Support Portal,66.81,False,4,False
TKT00110687,C19303,2025-12-29 17:54:00,2025-12-30 11:43:47.999999999,Performance,High,Email,17.83,False,5,False
TKT00077766,C13441,2025-08-17 09:41:00,2025-08-19 22:07:24.000000000,Technical Issue,Low,Phone,60.44,False,4,False
TKT00097518,C16873,2024-12-19 18:35:00,2024-12-23 04:56:00.000000000,Technical Issue,Low,Support Portal,82.35,False,4,False
TKT00092222,C15992,2025-03-05 12:52:00,2025-03-09 09:11:12.000000000,Technical Issue,Medium,Email,92.32,False,5,False
TKT00086409,C14969,2024-08-02 09:08:00,2024-08-03 20:33:12.000000000,Performance,High,Email,35.42,True,4,False
TKT00068356,C11795,2025-03-03 13:47:00,2025-03-04 13:33:12.000000000,Feature Request,Medium,Chat,23.77,False,3,False
TKT00053548,C09227,2025-03-27 18:49:00,2025-03-28 11:38:47.999999999,Billing,Medium,Support Portal,16.83,False,4,True
TKT00076572,C13238,2025-12-26 17:07:00,2025-12-27 02:53:48.000000000,Product Bug,High,Email,9.78,False,3,False
TKT00000187,C00017,2025-11-06 18:28:00,2025-11-07 08:25:00.000000000,Technical Issue,High,Chat,13.95,False,4,False
TKT00080081,C13917,2025-07-05 16:28:00,2025-07-06 06:50:48.000000000,Performance,Medium,Phone,14.38,False,5,False
TKT00028600,C04867,2024-11-10 18:18:00,2024-11-11 10:34:12.000000000,Product Bug,Medium,Email,16.27,False,5,False
TKT00108466,C18899,2025-10-23 16:04:00,2025-10-24 17:19:00.000000000,Account Management,Medium,Chat,25.25,False,4,False
TKT00046524,C08046,2025-06-18 09:57:00,2025-06-20 03:58:12.000000000,Technical Issue,Medium,Email,42.02,True,2,True
TKT00105309,C18293,2025-12-13 16:53:00,2025-12-14 14:47:00.000000000,Integration,Critical,Chat,21.9,False,4,False
TKT00103988,C18035,2024-10-27 09:22:00,2024-10-29 23:00:24.000000000,Integration,Medium,Email,61.64,True,3,False
TKT00027174,C04592,2025-08-23 11:47:00,2025-08-25 01:46:24.000000000,Technical Issue,Medium,Chat,37.99,False,4,False
TKT00089360,C15449,2025-05-09 15:40:00,2025-05-11 14:07:00.000000000,Feature Request,High,Email,46.45,False,3,True
TKT00008236,C01369,2025-10-24 13:24:00,2025-10-26 03:59:24.000000000,Billing,Low,Email,38.59,False,5,False
TKT00068734,C11861,2025-01-29 10:59:00,2025-01-29 18:30:12.000000000,Integration,Critical,Phone,7.52,False,3,True
TKT00062950,C10886,2024-09-26 12:54:00,2024-09-28 10:32:24.000000000,Training / Onboarding,Medium,Phone,45.64,False,5,False
TKT00028818,C04899,2024-05-13 11:53:00,2024-05-16 12:20:35.999999999,Feature Request,Low,Chat,72.46,False,5,False
TKT00059464,C10279,2025-06-05 09:02:00,2025-06-09 14:00:12.000000000,Technical Issue,Low,Support Portal,100.97,False,3,True
TKT00058712,C10157,2025-03-18 18:41:00,2025-03-19 12:06:48.000000000,Technical Issue,High,Chat,17.43,True,4,True
TKT00012904,C02152,2024-03-10 10:38:00,2024-03-13 09:28:24.000000000,Integration,Low,Email,70.84,False,4,False
TKT00051417,C08905,2025-11-02 08:45:00,2025-11-02 14:56:24.000000000,Performance,Critical,Phone,6.19,False,3,True
TKT00096939,C16776,2025-10-16 10:47:00,2025-10-17 03:45:48.000000000,Technical Issue,High,Email,16.98,False,4,False
TKT00045404,C07862,2024-02-16 17:57:00,2024-02-17 12:30:00.000000000,Product Bug,Medium,Chat,18.55,False,4,False
TKT00045201,C07812,2024-12-04 10:15:00,2024-12-07 21:33:00.000000000,Account Management,Low,Chat,83.3,False,5,False
TKT00078212,C13540,2024-09-01 10:38:00,2024-09-01 22:29:36.000000000,Product Bug,High,Email,11.86,False,4,False
TKT00061323,C10619,2025-02-05 15:47:00,2025-02-06 11:14:00.000000000,Product Bug,High,Chat,19.45,True,3,False
TKT00012540,C02077,2024-12-23 10:21:00,2024-12-25 17:51:00.000000000,Technical Issue,Low,Support Portal,55.5,False,4,False
TKT00073908,C12737,2025-08-05 10:38:00,2025-08-13 11:36:12.000000000,Product Bug,Low,Support Portal,192.97,False,3,False
TKT00109579,C19118,2025-10-06 09:05:00,2025-10-06 19:16:24.000000000,Integration,High,Chat,10.19,True,4,False
TKT00026943,C04561,2025-10-30 18:27:00,2025-10-31 14:12:36.000000000,Integration,High,Chat,19.76,True,4,False
TKT00075312,C12993,2025-04-12 12:02:00,2025-04-14 17:42:48.000000000,Performance,Low,Phone,53.68,False,3,False
TKT00003558,C00554,2025-12-12 16:43:00,2025-12-13 09:55:36.000000000,Billing,Medium,Email,17.21,False,3,True
TKT00105963,C18431,2025-07-14 14:34:00,2025-07-16 03:19:00.000000000,Product Bug,Medium,Email,36.75,False,4,False
TKT00009870,C01639,2025-06-02 18:02:00,2025-06-02 23:23:36.000000000,Billing,High,Support Portal,5.36,False,3,True
TKT00110611,C19299,2025-07-03 09:10:00,2025-07-03 19:57:24.000000000,Account Management,High,Email,10.79,False,5,False
TKT00047282,C08186,2024-04-01 11:51:00,2024-04-01 16:33:36.000000000,Technical Issue,Critical,Support Portal,4.71,False,4,False
TKT00000713,C00116,2024-12-13 17:17:00,2024-12-15 01:48:48.000000000,Technical Issue,Medium,Email,32.53,False,5,False
TKT00082360,C14279,2024-11-25 15:55:00,2024-11-26 05:34:36.000000000,Product Bug,High,Email,13.66,False,4,False
TKT00099130,C17186,2025-07-17 10:53:00,2025-07-23 07:21:47.999999999,Product Bug,Low,Chat,140.48,False,4,False
TKT00096188,C16652,2025-12-27 12:28:00,2025-12-30 06:51:24.000000000,Technical Issue,Medium,Email,66.39,False,4,False
TKT00080273,C13950,2025-02-26 16:55:00,2025-03-02 18:53:12.000000000,Integration,Low,Support Portal,97.97,False,4,False
TKT00039863,C06832,2024-07-02 09:43:00,2024-07-03 19:43:36.000000000,Performance,High,Chat,34.01,False,4,False
TKT00013814,C02292,2024-09-23 10:05:00,2024-09-25 01:35:00.000000000,Performance,Medium,Email,39.5,False,4,False
TKT00037375,C06390,2025-03-14 12:01:00,2025-03-16 01:03:24.000000000,Technical Issue,High,Chat,37.04,False,3,False
TKT00037415,C06394,2025-07-24 14:01:00,2025-07-25 18:53:12.000000000,Product Bug,Medium,Support Portal,28.87,False,4,False
TKT00097186,C16817,2024-11-14 16:49:00,2024-11-15 17:17:48.000000000,Technical Issue,Medium,Chat,24.48,False,5,False
TKT00038797,C06630,2025-10-26 12:06:00,2025-10-27 18:48:36.000000000,Performance,Medium,Email,30.71,False,5,False
TKT00008649,C01434,2024-08-14 14:06:00,2024-08-17 13:14:24.000000000,Feature Request,Low,Phone,71.14,False,4,False
TKT00029965,C05104,2025-09-21 10:03:00,2025-09-22 04:57:00.000000000,Billing,Medium,Chat,18.9,False,4,False
TKT00029825,C05082,2025-09-02 11:39:00,2025-09-03 06:03:00.000000000,Product Bug,Medium,Email,18.4,False,4,False
TKT00079968,C13896,2024-06-21 14:47:00,2024-06-21 21:30:12.000000000,Technical Issue,Critical,Phone,6.72,True,3,False
TKT00030730,C05231,2024-12-21 17:01:00,2024-12-22 22:26:12.000000000,Billing,Medium,Email,29.42,False,3,False
TKT00098439,C17057,2025-08-30 13:52:00,2025-09-02 08:28:36.000000000,Technical Issue,Low,Chat,66.61,False,5,False
TKT00039156,C06698,2025-06-17 13:24:00,2025-06-22 04:04:12.000000000,Feature Request,Medium,Support Portal,110.67,False,5,False
TKT00064340,C11116,2025-04-07 17:06:00,2025-04-08 23:18:36.000000000,Feature Request,High,Chat,30.21,False,5,False
TKT00032979,C05614,2025-07-18 12:34:00,2025-07-21 04:47:12.000000000,Feature Request,Medium,Chat,64.22,False,4,False
TKT00022732,C03836,2025-09-21 10:20:00,2025-09-22 21:47:36.000000000,Technical Issue,Medium,Email,35.46,False,4,False
TKT00070721,C12171,2025-12-27 18:33:00,2025-12-28 20:09:00.000000000,Technical Issue,Medium,Chat,25.6,False,4,False
TKT00096231,C16658,2024-10-04 12:57:00,2024-10-05 03:32:24.000000000,Account Management,Medium,Phone,14.59,False,3,False
TKT00070818,C12188,2025-07-24 18:04:00,2025-07-26 13:15:24.000000000,Integration,Medium,Chat,43.19,False,4,False
TKT00096311,C16676,2025-01-28 16:14:00,2025-01-29 06:03:12.000000000,Integration,Critical,Support Portal,13.82,False,5,False
TKT00031038,C05279,2025-12-07 17:14:00,2025-12-09 20:17:36.000000000,Training / Onboarding,Medium,Phone,51.06,False,4,False
TKT00025860,C04366,2025-04-24 17:15:00,2025-04-25 04:14:24.000000000,Product Bug,High,Phone,10.99,False,3,False
TKT00107552,C18716,2025-07-22 14:40:00,2025-07-23 11:34:36.000000000,Billing,Medium,Chat,20.91,False,4,False
TKT00059845,C10337,2025-01-12 14:50:00,2025-01-13 14:44:00.000000000,Technical Issue,High,Support Portal,23.9,False,4,False
TKT00097751,C16925,2024-11-09 08:36:00,2024-11-10 09:53:24.000000000,Integration,High,Phone,25.29,False,5,False
TKT00026758,C04524,2025-07-22 18:10:00,2025-07-24 02:44:48.000000000,Feature Request,High,Chat,32.58,False,5,False
TKT00082390,C14283,2025-11-27 15:02:00,2025-12-04 08:46:24.000000000,Product Bug,Low,Support Portal,161.74,False,4,False
TKT00095973,C16607,2024-12-09 16:50:00,2024-12-11 01:44:35.999999999,Technical Issue,Medium,Phone,32.91,False,5,False
TKT00012217,C02029,2025-08-27 11:29:00,2025-08-30 06:29:36.000000000,Performance,Low,Email,67.01,False,4,False
TKT00019340,C03309,2024-12-14 13:58:00,2024-12-18 12:04:36.000000000,Integration,Medium,Chat,94.11,False,3,False
TKT00044347,C07678,2025-04-23 12:32:00,2025-04-27 19:55:24.000000000,Feature Request,Medium,Phone,103.39,False,3,False
TKT00082547,C14311,2025-08-19 10:07:00,2025-08-20 19:13:36.000000000,Integration,Low,Chat,33.11,False,4,False
TKT00106026,C18435,2025-09-02 16:14:00,2025-09-03 20:41:36.000000000,Technical Issue,Low,Chat,28.46,False,3,False
TKT00052317,C09053,2025-11-18 16:22:00,2025-11-23 01:58:00.000000000,Technical Issue,Low,Chat,105.6,False,4,False
TKT00009805,C01631,2024-09-27 12:00:00,2024-09-30 07:43:12.000000000,Performance,Medium,Support Portal,67.72,False,4,False
TKT00009901,C01645,2024-02-23 18:17:00,2024-02-24 11:06:12.000000000,Performance,High,Phone,16.82,False,4,False
TKT00009170,C01533,2024-10-19 10:36:00,2024-10-21 00:30:36.000000000,Integration,Medium,Support Portal,37.91,False,5,False
TKT00098449,C17063,2025-02-13 14:39:00,2025-02-14 12:36:36.000000000,Technical Issue,Medium,Chat,21.96,False,3,False
TKT00089830,C15534,2025-12-22 09:50:00,2025-12-23 04:23:00.000000000,Training / Onboarding,High,Phone,18.55,False,4,False
TKT00061198,C10608,2025-01-31 14:07:00,2025-02-01 08:04:00.000000000,Technical Issue,High,Email,17.95,False,5,True
TKT00063122,C10927,2024-07-06 16:03:00,2024-07-07 05:28:12.000000000,Technical Issue,High,Phone,13.42,False,4,False
TKT00084883,C14680,2025-03-07 11:39:00,2025-03-08 16:19:12.000000000,Training / Onboarding,Medium,Chat,28.67,False,5,False
TKT00087280,C15089,2025-07-03 09:06:00,2025-07-08 19:54:00.000000000,Technical Issue,Low,Chat,130.8,False,4,False
TKT00029636,C05039,2025-06-18 13:59:00,2025-06-19 07:06:12.000000000,Product Bug,High,Email,17.12,False,4,False
TKT00064563,C11138,2025-11-06 09:36:00,2025-11-06 12:13:48.000000000,Account Management,Critical,Phone,2.63,False,4,False
TKT00106758,C18555,2025-05-25 15:12:00,2025-05-25 19:42:00.000000000,Training / Onboarding,Critical,Support Portal,4.5,False,4,False
TKT00095718,C16569,2025-10-15 17:52:00,2025-10-18 12:17:48.000000000,Technical Issue,Low,Email,66.43,False,4,False
TKT00069233,C11935,2025-01-30 17:34:00,2025-01-30 20:28:00.000000000,Integration,Critical,Email,2.9,False,4,True
TKT00091071,C15762,2025-01-30 12:43:00,2025-01-31 10:26:12.000000000,Technical Issue,Low,Support Portal,21.72,False,5,False
TKT00022095,C03718,2025-09-29 15:06:00,2025-10-02 01:48:00.000000000,Integration,Medium,Chat,58.7,False,4,False
TKT00073172,C12603,2024-10-29 10:15:00,2024-10-31 06:55:48.000000000,Technical Issue,High,Email,44.68,True,4,False
TKT00059482,C10284,2025-08-12 16:37:00,2025-08-13 13:49:36.000000000,Technical Issue,High,Chat,21.21,True,3,False
TKT00027858,C04734,2024-12-26 13:17:00,2024-12-29 17:41:00.000000000,Technical Issue,Low,Email,76.4,False,4,False
TKT00043608,C07547,2025-05-01 16:12:00,2025-05-05 10:58:12.000000000,Product Bug,Low,Chat,90.77,False,3,False
TKT00018223,C03082,2025-12-12 10:38:00,2025-12-15 18:05:00.000000000,Performance,Low,Chat,79.45,False,4,False
TKT00095165,C16452,2025-08-30 17:31:00,2025-08-31 04:47:12.000000000,Billing,Medium,Support Portal,11.27,False,5,False
TKT00070006,C12058,2025-11-01 17:10:00,2025-11-06 23:22:00.000000000,Integration,Medium,Phone,126.2,False,4,False
TKT00056610,C09748,2025-12-24 09:40:00,2025-12-24 23:13:36.000000000,Product Bug,High,Email,13.56,False,4,False
TKT00047289,C08186,2024-12-23 18:32:00,2024-12-24 02:43:24.000000000,Technical Issue,Critical,Support Portal,8.19,False,5,False
TKT00083166,C14411,2025-05-22 15:27:00,2025-05-25 11:42:36.000000000,Technical Issue,Low,Support Portal,68.26,False,4,False
TKT00055286,C09530,2025-04-18 15:01:00,2025-04-21 08:01:36.000000000,Technical Issue,Low,Email,65.01,False,5,False
TKT00093436,C16189,2025-12-24 18:37:00,2025-12-25 13:37:00.000000000,Training / Onboarding,Medium,Support Portal,19.0,False,4,False
TKT00015753,C02661,2024-08-23 16:37:00,2024-08-24 01:28:00.000000000,Technical Issue,High,Support Portal,8.85,False,4,False
TKT00075497,C13025,2024-10-24 13:02:00,2024-10-27 13:27:12.000000000,Training / Onboarding,Low,Email,72.42,False,4,False
TKT00060231,C10411,2024-10-13 13:00:00,2024-10-14 08:06:00.000000000,Billing,Medium,Support Portal,19.1,False,4,False
TKT00034789,C05885,2024-11-03 10:06:00,2024-11-04 00:20:24.000000000,Account Management,High,Support Portal,14.24,False,5,False
TKT00036718,C06259,2024-03-31 15:51:00,2024-04-01 22:21:00.000000000,Integration,Medium,Email,30.5,False,4,False
TKT00108204,C18863,2025-02-07 14:31:00,2025-02-07 17:25:00.000000000,Billing,High,Chat,2.9,False,4,False
TKT00035097,C05935,2025-07-20 16:37:00,2025-07-22 13:45:24.000000000,Feature Request,Medium,Chat,45.14,False,5,False
TKT00106114,C18455,2024-07-29 13:30:00,2024-08-01 03:57:36.000000000,Billing,Low,Phone,62.46,False,4,False
TKT00049669,C08606,2025-12-31 15:32:00,2026-01-01 14:53:36.000000000,Technical Issue,Low,Phone,23.36,True,4,False
TKT00092157,C15979,2025-11-25 11:10:00,2025-11-26 00:08:48.000000000,Account Management,High,Phone,12.98,False,5,False
TKT00052709,C09107,2024-09-05 14:50:00,2024-09-07 01:10:24.000000000,Product Bug,Medium,Support Portal,34.34,False,4,True
TKT00102116,C17718,2025-10-31 10:55:00,2025-11-04 10:56:48.000000000,Product Bug,Medium,Chat,96.03,False,4,False
TKT00039302,C06718,2025-12-31 13:34:00,2026-01-02 19:20:12.000000000,Integration,Low,Chat,53.77,False,5,False
TKT00087293,C15093,2025-07-27 13:32:00,2025-08-02 04:57:11.999999999,Performance,Low,Chat,135.42,False,3,False
TKT00113369,C19774,2024-10-15 16:03:00,2024-10-16 10:10:12.000000000,Performance,Medium,Support Portal,18.12,False,4,True
TKT00107964,C18809,2025-07-09 16:50:00,2025-07-14 05:01:24.000000000,Technical Issue,Low,Chat,108.19,False,4,False
TKT00114084,C19900,2024-09-16 17:08:00,2024-09-20 10:36:48.000000000,Product Bug,Medium,Email,89.48,False,4,True
TKT00060518,C10471,2025-08-19 10:26:00,2025-08-20 02:38:00.000000000,Technical Issue,Medium,Support Portal,16.2,False,5,False
TKT00082841,C14356,2025-03-20 08:11:00,2025-03-21 11:26:36.000000000,Billing,Medium,Email,27.26,False,4,False
TKT00096999,C16784,2025-10-02 09:00:00,2025-10-04 07:06:36.000000000,Product Bug,Low,Phone,46.11,False,4,False
TKT00075466,C13013,2025-05-01 10:55:00,2025-05-02 16:51:24.000000000,Performance,High,Chat,29.94,False,2,True
TKT00047475,C08223,2025-04-09 15:44:00,2025-04-12 06:27:48.000000000,Integration,Low,Chat,62.73,False,4,False
TKT00096287,C16676,2024-07-28 11:08:00,2024-07-29 10:33:12.000000000,Performance,Medium,Phone,23.42,False,5,False
TKT00111354,C19420,2025-09-18 16:51:00,2025-09-20 04:34:47.999999999,Product Bug,Low,Email,35.73,False,4,False
TKT00029212,C04969,2025-01-15 10:35:00,2025-01-17 09:15:48.000000000,Product Bug,Low,Chat,46.68,False,4,False
TKT00043653,C07553,2025-02-26 09:55:00,2025-03-02 10:44:12.000000000,Feature Request,Low,Support Portal,96.82,False,4,False
TKT00019806,C03373,2025-03-29 10:16:00,2025-03-31 05:05:12.000000000,Product Bug,Medium,Phone,42.82,False,3,False
TKT00076777,C13272,2024-10-30 12:49:00,2024-11-01 14:51:24.000000000,Technical Issue,Medium,Support Portal,50.04,False,3,False
TKT00108578,C18926,2025-12-08 18:42:00,2025-12-11 18:31:11.999999999,Product Bug,Medium,Support Portal,71.82,False,3,False
TKT00011904,C01988,2024-12-09 13:23:00,2024-12-10 14:14:36.000000000,Technical Issue,Medium,Chat,24.86,True,2,False
TKT00064527,C11137,2024-04-12 08:11:00,2024-04-13 19:21:48.000000000,Technical Issue,Medium,Chat,35.18,False,5,False
TKT00081358,C14128,2025-05-03 15:07:00,2025-05-04 19:59:12.000000000,Technical Issue,Medium,Email,28.87,False,5,True
TKT00062387,C10798,2025-06-27 16:08:00,2025-06-28 05:05:00.000000000,Technical Issue,High,Chat,12.95,False,3,False
TKT00073016,C12583,2025-11-23 08:22:00,2025-11-23 15:46:36.000000000,Product Bug,High,Email,7.41,False,3,True
TKT00040189,C06884,2024-09-09 11:00:00,2024-09-14 02:24:36.000000000,Product Bug,Low,Email,111.41,False,4,False
TKT00048495,C08409,2024-08-03 10:18:00,2024-08-04 21:42:35.999999999,Product Bug,Medium,Phone,35.41,True,3,True
TKT00038963,C06667,2025-06-02 14:02:00,2025-06-03 23:32:36.000000000,Technical Issue,Low,Support Portal,33.51,False,4,False
TKT00004081,C00646,2024-12-15 12:16:00,2024-12-16 01:10:36.000000000,Account Management,High,Chat,12.91,False,4,True
TKT00070321,C12104,2025-02-04 08:32:00,2025-02-06 22:00:48.000000000,Technical Issue,Low,Chat,61.48,False,4,False
TKT00023935,C04033,2025-06-30 15:35:00,2025-07-01 00:51:12.000000000,Technical Issue,High,Support Portal,9.27,False,4,True
TKT00009938,C01650,2025-11-06 09:32:00,2025-11-06 15:01:24.000000000,Technical Issue,Critical,Chat,5.49,True,3,False
TKT00030841,C05256,2024-09-04 12:34:00,2024-09-08 03:19:36.000000000,Feature Request,Low,Chat,86.76,False,4,False
TKT00016380,C02755,2024-12-20 14:55:00,2024-12-21 05:50:12.000000000,Technical Issue,Medium,Phone,14.92,False,3,False
TKT00000981,C00165,2024-04-11 11:55:00,2024-04-12 15:16:00.000000000,Account Management,Medium,Email,27.35,False,4,False
TKT00056720,C09768,2024-06-27 16:10:00,2024-06-29 04:27:59.999999999,Product Bug,Medium,Phone,36.3,False,4,False
TKT00093420,C16189,2025-06-22 16:05:00,2025-06-24 07:02:36.000000000,Technical Issue,Medium,Email,38.96,False,4,True
TKT00071006,C12223,2024-08-26 15:11:00,2024-08-28 02:41:36.000000000,Feature Request,High,Email,35.51,False,4,False
TKT00001863,C00321,2024-07-08 09:52:00,2024-07-11 06:00:24.000000000,Technical Issue,Low,Chat,68.14,False,3,False
TKT00058332,C10089,2024-03-18 16:05:00,2024-03-21 21:56:36.000000000,Technical Issue,Low,Email,77.86,False,3,False
TKT00012073,C02004,2025-11-04 12:30:00,2025-11-05 22:55:12.000000000,Integration,Medium,Email,34.42,False,3,False
TKT00102076,C17711,2024-05-06 15:05:00,2024-05-06 23:08:36.000000000,Billing,High,Chat,8.06,False,4,False
TKT00107820,C18768,2025-11-28 15:04:00,2025-11-29 17:33:24.000000000,Technical Issue,High,Email,26.49,False,4,False
TKT00100076,C17330,2025-12-19 12:11:00,2025-12-29 19:50:36.000000000,Feature Request,Low,Chat,247.66,False,4,False
TKT00107193,C18649,2025-11-18 11:32:00,2025-11-21 02:06:12.000000000,Feature Request,Medium,Phone,62.57,False,4,False
TKT00009668,C01603,2024-05-18 17:29:00,2024-05-19 12:33:48.000000000,Technical Issue,Medium,Phone,19.08,False,3,False
TKT00000343,C00045,2025-05-19 15:51:00,2025-05-20 00:51:36.000000000,Feature Request,Critical,Email,9.01,False,5,False
TKT00017902,C03036,2025-09-13 08:00:00,2025-09-13 18:12:00.000000000,Billing,High,Support Portal,10.2,False,5,False
TKT00019713,C03364,2025-03-12 16:10:00,2025-03-14 16:55:36.000000000,Feature Request,Medium,Email,48.76,True,3,False
TKT00000401,C00058,2025-09-01 16:05:00,2025-09-02 18:07:24.000000000,Product Bug,Medium,Support Portal,26.04,False,4,False
TKT00006242,C01021,2025-12-04 16:53:00,2025-12-05 09:23:00.000000000,Training / Onboarding,Medium,Phone,16.5,False,3,False
TKT00069121,C11915,2024-10-21 09:42:00,2024-10-22 04:20:24.000000000,Account Management,Medium,Email,18.64,False,4,False
TKT00026823,C04533,2025-07-23 09:05:00,2025-07-24 19:17:36.000000000,Technical Issue,Medium,Email,34.21,False,5,False
TKT00005429,C00869,2025-09-23 12:40:00,2025-09-23 21:09:24.000000000,Account Management,High,Support Portal,8.49,False,4,False
TKT00036326,C06177,2025-01-01 17:58:00,2025-01-01 23:05:48.000000000,Performance,Critical,Email,5.13,True,5,False
TKT00089661,C15507,2025-05-09 09:08:00,2025-05-09 20:20:36.000000000,Performance,High,Chat,11.21,False,3,False
TKT00019262,C03287,2025-11-16 13:42:00,2025-11-18 04:12:36.000000000,Account Management,Low,Support Portal,38.51,False,4,False
TKT00071788,C12342,2025-04-04 09:10:00,2025-04-04 17:19:36.000000000,Integration,Critical,Phone,8.16,True,3,False
TKT00088606,C15329,2025-07-30 11:35:00,2025-08-01 10:18:48.000000000,Integration,Medium,Chat,46.73,True,3,False
TKT00002062,C00340,2024-11-03 16:32:00,2024-11-04 02:47:00.000000000,Product Bug,High,Support Portal,10.25,False,4,False
TKT00099501,C17239,2025-04-13 18:46:00,2025-04-16 00:31:00.000000000,Integration,Medium,Phone,53.75,False,4,False
TKT00067425,C11628,2024-11-19 08:02:00,2024-11-19 14:29:36.000000000,Technical Issue,High,Email,6.46,False,3,False
TKT00052576,C09088,2025-06-09 15:09:00,2025-06-10 17:42:00.000000000,Product Bug,High,Email,26.55,False,3,True
TKT00063320,C10952,2025-06-28 16:27:00,2025-07-03 11:21:00.000000000,Product Bug,Low,Chat,114.9,False,4,False
TKT00098943,C17151,2025-06-24 14:39:00,2025-06-27 15:41:24.000000000,Product Bug,Low,Phone,73.04,False,4,False
TKT00071265,C12257,2024-07-14 10:29:00,2024-07-14 20:04:24.000000000,Performance,High,Email,9.59,False,4,False
TKT00013999,C02326,2025-07-24 10:55:00,2025-07-25 03:05:12.000000000,Technical Issue,High,Email,16.17,False,4,False
TKT00036115,C06138,2024-10-04 18:44:00,2024-10-06 20:11:36.000000000,Technical Issue,Low,Phone,49.46,False,4,False
TKT00081221,C14110,2025-07-12 10:09:00,2025-07-12 12:55:12.000000000,Billing,Critical,Chat,2.77,False,4,False
TKT00114726,C19995,2025-06-14 17:00:00,2025-06-14 21:52:12.000000000,Account Management,Critical,Chat,4.87,False,5,False
TKT00099652,C17264,2024-12-10 16:54:00,2024-12-11 16:36:00.000000000,Billing,Medium,Email,23.7,False,3,False
TKT00079042,C13723,2025-01-23 08:57:00,2025-01-26 22:03:00.000000000,Technical Issue,Low,Email,85.1,False,5,False
TKT00044299,C07671,2025-09-13 12:29:00,2025-09-14 08:48:48.000000000,Feature Request,Critical,Email,20.33,True,4,True
TKT00088067,C15230,2025-12-09 18:26:00,2025-12-10 16:13:24.000000000,Performance,High,Email,21.79,False,4,False
TKT00037188,C06348,2025-06-06 11:46:00,2025-06-06 17:11:48.000000000,Product Bug,Critical,Support Portal,5.43,False,4,False
TKT00075806,C13097,2024-10-11 16:07:00,2024-10-16 00:38:12.000000000,Product Bug,Low,Support Portal,104.52,False,4,True
TKT00097351,C16840,2025-01-23 12:49:00,2025-01-26 16:30:24.000000000,Feature Request,Medium,Email,75.69,False,4,False
TKT00001258,C00212,2025-09-27 09:16:00,2025-09-29 13:07:36.000000000,Technical Issue,Low,Support Portal,51.86,False,4,False
TKT00092449,C16031,2025-05-02 11:26:00,2025-05-05 05:00:48.000000000,Feature Request,Medium,Chat,65.58,False,4,False
TKT00019356,C03311,2024-04-25 11:26:00,2024-04-26 02:35:00.000000000,Technical Issue,High,Chat,15.15,False,5,False
TKT00015133,C02537,2025-12-03 18:13:00,2025-12-05 19:19:36.000000000,Product Bug,Low,Chat,49.11,False,4,False
TKT00002816,C00453,2025-08-13 13:54:00,2025-08-14 16:00:36.000000000,Technical Issue,Medium,Email,26.11,False,3,False
TKT00080345,C13966,2025-11-19 11:21:00,2025-11-19 16:51:00.000000000,Billing,High,Chat,5.5,False,4,False
TKT00111996,C19516,2025-03-13 08:06:00,2025-03-14 12:19:48.000000000,Product Bug,Medium,Phone,28.23,False,4,False
TKT00022187,C03731,2025-09-29 16:53:00,2025-09-30 06:33:48.000000000,Billing,Medium,Email,13.68,False,4,False
TKT00071972,C12369,2024-12-28 17:38:00,2024-12-30 19:35:36.000000000,Performance,Medium,Chat,49.96,False,3,False
TKT00042730,C07370,2025-07-13 15:29:00,2025-07-14 16:37:24.000000000,Integration,High,Email,25.14,False,5,False
TKT00005155,C00827,2025-12-14 09:45:00,2025-12-16 20:13:12.000000000,Feature Request,Medium,Email,58.47,False,3,False
TKT00022794,C03842,2025-08-30 11:32:00,2025-09-01 03:15:12.000000000,Feature Request,High,Support Portal,39.72,False,5,False
TKT00050746,C08808,2024-06-19 09:50:00,2024-06-22 07:12:47.999999999,Integration,Low,Chat,69.38,False,3,False
TKT00081074,C14099,2024-07-24 10:42:00,2024-07-24 20:44:24.000000000,Account Management,High,Email,10.04,False,4,False
TKT00080595,C14013,2025-07-06 12:11:00,2025-07-07 01:09:12.000000000,Performance,High,Chat,12.97,False,4,True
TKT00063745,C11008,2025-08-15 11:24:00,2025-08-20 17:54:00.000000000,Training / Onboarding,Low,Chat,126.5,False,3,False
TKT00009980,C01659,2025-08-20 10:24:00,2025-08-21 07:45:00.000000000,Technical Issue,Medium,Chat,21.35,False,4,False
TKT00098342,C17033,2025-08-01 16:57:00,2025-08-03 05:52:12.000000000,Product Bug,Low,Phone,36.92,False,5,False
TKT00019115,C03254,2025-10-27 12:34:00,2025-10-31 10:04:00.000000000,Feature Request,Medium,Chat,93.5,False,5,False
TKT00047027,C08145,2025-01-24 14:36:00,2025-01-27 00:01:48.000000000,Technical Issue,Medium,Phone,57.43,False,3,True
TKT00063308,C10948,2024-11-22 12:55:00,2024-11-23 07:25:00.000000000,Technical Issue,High,Chat,18.5,False,4,True
TKT00069293,C11943,2025-11-30 11:32:00,2025-12-02 08:31:24.000000000,Technical Issue,Medium,Chat,44.99,False,5,False
TKT00061308,C10616,2025-09-19 11:42:00,2025-09-19 21:34:48.000000000,Account Management,High,Email,9.88,True,4,False
TKT00050913,C08830,2024-03-01 16:41:00,2024-03-11 10:38:00.000000000,Feature Request,Low,Chat,233.95,False,4,False
TKT00034407,C05828,2025-02-18 09:36:00,2025-02-18 17:02:24.000000000,Technical Issue,High,Support Portal,7.44,False,4,False
TKT00079830,C13871,2025-01-22 12:19:00,2025-01-24 08:58:36.000000000,Technical Issue,Low,Email,44.66,False,4,False
TKT00035567,C06021,2025-04-28 15:09:00,2025-04-29 12:10:48.000000000,Product Bug,Medium,Phone,21.03,True,4,False
TKT00104342,C18085,2025-12-07 17:51:00,2025-12-12 11:37:12.000000000,Feature Request,Low,Chat,113.77,False,3,False
TKT00018948,C03229,2025-04-06 12:29:00,2025-04-08 18:33:48.000000000,Integration,Medium,Chat,54.08,False,4,False
TKT00102594,C17804,2025-10-28 16:21:00,2025-10-29 20:54:36.000000000,Product Bug,Medium,Chat,28.56,False,3,False
TKT00069477,C11976,2024-12-19 18:25:00,2024-12-21 07:13:00.000000000,Training / Onboarding,Medium,Email,36.8,False,4,False
TKT00096410,C16687,2025-10-15 17:44:00,2025-10-17 03:09:12.000000000,Technical Issue,Low,Email,33.42,False,4,False
TKT00022896,C03863,2025-04-27 16:10:00,2025-04-30 05:32:48.000000000,Product Bug,Medium,Email,61.38,False,4,False
TKT00095017,C16430,2024-09-20 14:51:00,2024-09-20 19:05:24.000000000,Integration,Critical,Support Portal,4.24,False,5,False
TKT00103637,C17967,2025-03-25 13:03:00,2025-03-27 15:37:48.000000000,Product Bug,Medium,Email,50.58,False,3,False
TKT00020677,C03495,2024-12-18 11:09:00,2024-12-20 05:13:12.000000000,Product Bug,Medium,Email,42.07,False,5,False
TKT00013702,C02270,2025-06-24 17:51:00,2025-06-25 04:24:00.000000000,Billing,High,Email,10.55,False,3,False
TKT00037106,C06334,2025-08-03 11:28:00,2025-08-06 11:20:12.000000000,Feature Request,Medium,Support Portal,71.87,False,3,False
TKT00101452,C17602,2025-06-18 11:02:00,2025-06-19 19:41:35.999999999,Account Management,Low,Chat,32.66,False,5,False
TKT00004281,C00686,2024-10-21 13:59:00,2024-10-22 10:20:00.000000000,Account Management,Low,Support Portal,20.35,False,4,False
TKT00089055,C15400,2025-10-17 15:52:00,2025-10-21 08:36:24.000000000,Feature Request,Medium,Support Portal,88.74,True,3,False
TKT00044107,C07628,2024-10-22 09:07:00,2024-10-24 19:08:48.000000000,Performance,Medium,Support Portal,58.03,False,4,False
TKT00071996,C12379,2026-01-05 11:32:00,2026-01-06 08:55:24.000000000,Billing,Medium,Chat,21.39,False,4,False
TKT00092270,C15998,2024-07-12 13:40:00,2024-07-14 18:22:36.000000000,Product Bug,Medium,Chat,52.71,False,4,False
TKT00104964,C18224,2025-03-28 08:25:00,2025-03-29 03:12:24.000000000,Performance,Medium,Email,18.79,False,3,False
TKT00095357,C16481,2025-02-25 08:50:00,2025-03-10 15:15:12.000000000,Feature Request,Low,Email,318.42,False,4,False
TKT00001825,C00318,2025-06-03 12:59:00,2025-06-06 11:14:00.000000000,Feature Request,Medium,Email,70.25,False,4,False
TKT00029770,C05067,2025-08-22 16:39:00,2025-08-24 12:19:12.000000000,Training / Onboarding,Medium,Phone,43.67,False,4,False
TKT00112001,C19516,2025-09-13 12:01:00,2025-09-14 16:38:48.000000000,Performance,Medium,Chat,28.63,False,4,False
TKT00063072,C10917,2024-10-16 09:04:00,2024-10-18 17:47:12.000000000,Performance,Medium,Chat,56.72,False,5,False
TKT00037867,C06485,2025-02-12 17:36:00,2025-02-15 06:13:48.000000000,Technical Issue,Low,Phone,60.63,False,4,False
TKT00018251,C03088,2024-09-04 13:31:00,2024-09-07 07:30:23.999999999,Performance,Medium,Phone,65.99,False,3,False
TKT00081582,C14150,2025-08-16 09:50:00,2025-08-18 00:27:12.000000000,Product Bug,Medium,Support Portal,38.62,False,4,False
TKT00110393,C19243,2024-05-11 09:50:00,2024-05-11 21:06:12.000000000,Technical Issue,High,Phone,11.27,False,4,True
TKT00052134,C09022,2025-11-04 13:33:00,2025-11-04 23:06:36.000000000,Technical Issue,Medium,Email,9.56,True,5,False
TKT00050102,C08674,2024-11-13 15:41:00,2024-11-17 04:24:48.000000000,Performance,Low,Support Portal,84.73,False,4,False
TKT00037458,C06404,2025-10-04 11:01:00,2025-10-06 02:55:36.000000000,Product Bug,Medium,Support Portal,39.91,False,5,False
TKT00030798,C05239,2025-07-17 14:24:00,2025-07-22 22:58:48.000000000,Feature Request,Medium,Phone,128.58,False,4,False
TKT00065915,C11367,2024-12-27 10:40:00,2024-12-28 00:34:36.000000000,Performance,Critical,Chat,13.91,False,4,False
TKT00099881,C17308,2025-12-29 18:00:00,2025-12-30 14:15:00.000000000,Technical Issue,High,Email,20.25,False,4,True
TKT00032388,C05519,2024-11-24 12:46:00,2024-11-30 21:11:12.000000000,Feature Request,Medium,Support Portal,152.42,False,4,False
TKT00016321,C02746,2024-05-22 16:30:00,2024-05-24 14:31:12.000000000,Product Bug,Medium,Email,46.02,False,4,False
TKT00013050,C02167,2024-10-23 14:30:00,2024-10-24 13:52:48.000000000,Billing,Medium,Email,23.38,False,4,False
TKT00062071,C10755,2025-12-26 14:32:00,2025-12-27 15:49:24.000000000,Account Management,Medium,Chat,25.29,True,5,False
TKT00066855,C11526,2025-12-07 14:39:00,2025-12-07 21:48:36.000000000,Billing,High,Chat,7.16,False,5,False
TKT00112796,C19673,2025-01-17 16:30:00,2025-01-19 06:43:12.000000000,Billing,Low,Email,38.22,False,3,True
TKT00006598,C01081,2024-12-01 17:09:00,2024-12-03 01:21:00.000000000,Technical Issue,Medium,Phone,32.2,False,4,False
TKT00042639,C07336,2025-12-13 14:26:00,2025-12-13 18:03:48.000000000,Account Management,High,Email,3.63,False,4,False
TKT00071178,C12245,2025-09-12 18:10:00,2025-09-13 08:31:36.000000000,Account Management,High,Email,14.36,False,4,True
TKT00013675,C02270,2024-11-11 14:48:00,2024-11-12 07:04:48.000000000,Billing,Medium,Support Portal,16.28,False,4,False
TKT00040232,C06890,2024-04-23 12:28:00,2024-04-24 17:20:48.000000000,Technical Issue,Low,Chat,28.88,False,4,False
TKT00063598,C10988,2025-10-17 17:20:00,2025-10-18 03:50:36.000000000,Product Bug,High,Phone,10.51,False,5,False
TKT00039699,C06804,2024-07-17 09:11:00,2024-07-17 20:50:00.000000000,Training / Onboarding,High,Chat,11.65,False,4,True
TKT00036197,C06149,2024-05-07 14:08:00,2024-05-09 19:11:36.000000000,Performance,Medium,Support Portal,53.06,False,4,False
TKT00023395,C03930,2025-06-10 18:05:00,2025-06-15 23:22:24.000000000,Feature Request,Low,Phone,125.29,False,3,False
TKT00091069,C15762,2025-01-19 13:06:00,2025-01-21 16:36:36.000000000,Training / Onboarding,Low,Phone,51.51,False,4,False
TKT00018798,C03205,2025-03-04 16:15:00,2025-03-05 15:58:12.000000000,Technical Issue,High,Chat,23.72,False,4,False
TKT00004149,C00657,2025-08-11 09:13:00,2025-08-13 15:41:12.000000000,Technical Issue,Low,Email,54.47,False,4,False
TKT00016736,C02815,2025-11-01 12:54:00,2025-11-02 00:15:36.000000000,Billing,High,Chat,11.36,False,5,False
TKT00108847,C18953,2025-06-22 17:58:00,2025-06-25 09:33:24.000000000,Feature Request,Low,Phone,63.59,False,3,False
TKT00091711,C15887,2025-08-25 16:31:00,2025-08-27 20:37:00.000000000,Technical Issue,Medium,Chat,52.1,False,4,True
TKT00082126,C14233,2025-06-10 13:07:00,2025-06-11 21:26:12.000000000,Training / Onboarding,Medium,Chat,32.32,False,4,False
TKT00023836,C04014,2024-08-13 11:58:00,2024-08-14 15:53:12.000000000,Training / Onboarding,Medium,Support Portal,27.92,False,5,False
TKT00078156,C13530,2024-10-01 12:35:00,2024-10-02 18:18:48.000000000,Feature Request,High,Chat,29.73,False,5,False
TKT00091317,C15806,2025-01-16 15:46:00,2025-01-17 22:23:12.000000000,Technical Issue,High,Chat,30.62,False,4,False
TKT00096689,C16739,2024-09-18 13:43:00,2024-09-20 06:36:24.000000000,Technical Issue,Medium,Chat,40.89,False,4,False
TKT00080933,C14069,2025-08-10 08:14:00,2025-08-11 10:15:48.000000000,Feature Request,High,Email,26.03,False,3,True
TKT00042860,C07397,2024-12-19 13:57:00,2024-12-22 03:05:24.000000000,Technical Issue,Low,Phone,61.14,False,4,False
TKT00110749,C19316,2025-07-17 13:47:00,2025-07-19 22:32:00.000000000,Billing,Low,Phone,56.75,False,4,False
TKT00031027,C05278,2026-01-02 16:05:00,2026-01-04 08:15:12.000000000,Integration,Medium,Phone,40.17,False,4,False
TKT00104160,C18063,2025-10-30 17:50:00,2025-10-31 04:21:12.000000000,Integration,High,Chat,10.52,False,3,False
TKT00090972,C15735,2024-12-06 16:35:00,2024-12-11 16:32:00.000000000,Training / Onboarding,Low,Support Portal,119.95,False,5,False
TKT00034662,C05863,2025-07-20 16:18:00,2025-07-21 16:22:48.000000000,Billing,Low,Chat,24.08,False,5,False
TKT00030726,C05230,2025-11-07 09:59:00,2025-11-08 01:09:12.000000000,Billing,Medium,Phone,15.17,False,4,False
TKT00041699,C07162,2025-05-30 12:12:00,2025-06-01 12:00:36.000000000,Technical Issue,Medium,Email,47.81,False,4,False
TKT00055377,C09541,2025-12-21 16:12:00,2025-12-28 17:10:12.000000000,Product Bug,Low,Email,168.97,False,5,False
TKT00002685,C00441,2024-07-15 18:47:00,2024-07-17 08:17:36.000000000,Technical Issue,Medium,Phone,37.51,False,4,False
TKT00036615,C06237,2025-06-06 13:35:00,2025-06-06 19:03:48.000000000,Billing,High,Email,5.48,False,3,False
TKT00026214,C04425,2024-04-21 13:22:00,2024-04-23 00:13:00.000000000,Product Bug,Medium,Phone,34.85,False,4,False
TKT00076658,C13251,2024-07-16 16:04:00,2024-07-17 15:55:00.000000000,Integration,High,Chat,23.85,True,5,False
TKT00050598,C08777,2025-02-27 18:49:00,2025-03-01 01:08:48.000000000,Performance,Medium,Phone,30.33,False,4,False
TKT00016603,C02789,2025-01-27 17:56:00,2025-01-28 04:35:00.000000000,Product Bug,High,Chat,10.65,False,3,False
TKT00004538,C00720,2025-02-25 12:01:00,2025-02-26 09:20:48.000000000,Integration,Medium,Support Portal,21.33,False,4,False
TKT00112102,C19537,2025-07-05 14:26:00,2025-07-06 16:09:12.000000000,Feature Request,Medium,Chat,25.72,False,4,True
TKT00056433,C09730,2025-06-13 13:19:00,2025-06-14 21:43:00.000000000,Performance,High,Support Portal,32.4,True,3,True
TKT00114115,C19903,2025-01-21 11:52:00,2025-01-23 08:07:00.000000000,Product Bug,Medium,Phone,44.25,False,4,False
TKT00037042,C06313,2025-09-16 12:06:00,2025-09-18 03:37:12.000000000,Feature Request,High,Phone,39.52,True,4,False
TKT00002443,C00399,2025-07-04 15:16:00,2025-07-06 02:50:48.000000000,Integration,Medium,Support Portal,35.58,False,4,False
TKT00105878,C18418,2025-10-31 16:07:00,2025-11-01 15:06:24.000000000,Account Management,Low,Chat,22.99,False,3,False
TKT00068648,C11855,2024-05-21 08:39:00,2024-05-22 12:40:12.000000000,Product Bug,Medium,Email,28.02,False,5,False
TKT00005596,C00905,2025-12-18 10:59:00,2025-12-19 02:04:24.000000000,Billing,Medium,Chat,15.09,False,5,True
TKT00058053,C10045,2025-10-19 13:15:00,2025-10-22 03:13:12.000000000,Integration,Medium,Chat,61.97,False,3,False
TKT00063864,C11022,2025-04-02 12:00:00,2025-04-02 20:39:00.000000000,Billing,High,Chat,8.65,False,5,True
TKT00019439,C03323,2025-09-05 09:21:00,2025-09-05 20:21:00.000000000,Account Management,Medium,Email,11.0,False,3,False
TKT00082351,C14278,2024-12-08 14:51:00,2024-12-10 17:54:00.000000000,Integration,Medium,Email,51.05,False,4,False
TKT00100497,C17429,2024-10-30 08:54:00,2024-10-31 00:00:36.000000000,Account Management,Medium,Email,15.11,False,5,False
TKT00088380,C15289,2025-08-20 10:54:00,2025-08-21 17:43:12.000000000,Technical Issue,Medium,Phone,30.82,True,3,False
TKT00014786,C02479,2025-12-20 09:38:00,2025-12-21 22:39:12.000000000,Feature Request,High,Chat,37.02,False,4,True
TKT00062754,C10857,2024-11-12 09:58:00,2024-11-15 13:33:24.000000000,Integration,Low,Email,75.59,False,3,False
TKT00070322,C12107,2025-12-06 16:31:00,2025-12-08 22:31:36.000000000,Integration,Low,Email,54.01,False,3,False
TKT00021455,C03616,2024-10-29 08:07:00,2024-10-30 14:16:36.000000000,Technical Issue,Medium,Phone,30.16,False,4,False
TKT00065580,C11312,2025-10-24 09:06:00,2025-10-25 13:39:36.000000000,Integration,Medium,Email,28.56,False,4,False
TKT00012536,C02077,2024-11-26 16:30:00,2024-11-27 06:58:48.000000000,Billing,High,Chat,14.48,False,4,False
TKT00108248,C18864,2025-01-26 08:43:00,2025-01-27 00:19:00.000000000,Product Bug,Medium,Support Portal,15.6,False,4,True
TKT00102954,C17871,2024-12-16 15:45:00,2024-12-17 13:27:36.000000000,Performance,Medium,Phone,21.71,False,3,True
TKT00057579,C09952,2025-06-23 14:36:00,2025-06-24 00:42:36.000000000,Performance,Critical,Email,10.11,False,4,False
TKT00042700,C07359,2025-01-12 08:58:00,2025-01-15 14:47:48.000000000,Product Bug,Medium,Chat,77.83,False,4,False
TKT00113412,C19781,2024-05-13 12:38:00,2024-05-14 09:24:12.000000000,Technical Issue,Medium,Phone,20.77,False,4,False
TKT00107710,C18743,2025-12-14 16:09:00,2025-12-15 21:10:48.000000000,Billing,Medium,Email,29.03,False,4,False
TKT00018628,C03164,2025-04-15 08:25:00,2025-04-17 03:01:36.000000000,Feature Request,High,Email,42.61,False,5,False
TKT00064902,C11208,2025-10-22 12:50:00,2025-10-24 16:05:36.000000000,Technical Issue,Medium,Email,51.26,False,4,False
TKT00040887,C06990,2024-12-29 11:35:00,2025-01-02 15:59:00.000000000,Integration,Low,Support Portal,100.4,False,4,False
TKT00047988,C08315,2025-01-15 09:20:00,2025-01-16 06:22:24.000000000,Billing,Low,Email,21.04,False,4,False
TKT00032875,C05597,2026-01-01 11:10:00,2026-01-04 11:04:00.000000000,Integration,Medium,Support Portal,71.9,False,5,False
TKT00072051,C12388,2024-09-02 09:16:00,2024-09-03 10:01:36.000000000,Training / Onboarding,High,Email,24.76,False,4,False
TKT00059121,C10214,2025-07-21 18:06:00,2025-07-22 08:55:48.000000000,Billing,High,Chat,14.83,False,4,False
TKT00094589,C16373,2025-02-06 13:56:00,2025-02-06 23:24:48.000000000,Integration,Critical,Email,9.48,False,3,True
TKT00022200,C03733,2025-05-26 09:42:00,2025-05-27 16:57:36.000000000,Integration,Medium,Support Portal,31.26,False,5,False
TKT00114232,C19916,2025-09-18 10:44:00,2025-09-19 15:12:12.000000000,Technical Issue,Medium,Support Portal,28.47,False,4,False
TKT00099961,C17312,2025-12-13 09:22:00,2025-12-16 15:17:12.000000000,Technical Issue,Low,Email,77.92,False,4,False
TKT00055452,C09560,2025-09-09 08:39:00,2025-09-09 22:07:12.000000000,Training / Onboarding,High,Email,13.47,False,2,True
TKT00022772,C03841,2025-06-12 09:32:00,2025-06-19 05:11:00.000000000,Feature Request,Low,Email,163.65,False,4,False
TKT00056135,C09678,2025-03-31 12:34:00,2025-04-01 04:04:00.000000000,Feature Request,Critical,Chat,15.5,False,3,True
TKT00062966,C10887,2025-05-15 11:18:00,2025-05-16 15:12:36.000000000,Performance,Medium,Email,27.91,False,4,True
TKT00003118,C00494,2025-12-02 16:02:00,2025-12-08 22:44:36.000000000,Training / Onboarding,Low,Chat,150.71,False,4,False
TKT00101407,C17594,2025-08-01 15:55:00,2025-08-04 07:43:00.000000000,Technical Issue,Low,Phone,63.8,False,4,False
TKT00072348,C12450,2025-03-26 13:32:00,2025-03-28 03:47:00.000000000,Account Management,Medium,Support Portal,38.25,False,4,False
TKT00077751,C13440,2024-08-15 16:54:00,2024-08-16 20:46:12.000000000,Integration,Medium,Email,27.87,False,4,False
TKT00041098,C07036,2024-08-15 18:54:00,2024-08-17 04:45:36.000000000,Training / Onboarding,Medium,Support Portal,33.86,False,4,False
TKT00008761,C01459,2025-07-04 15:38:00,2025-07-05 03:07:24.000000000,Technical Issue,High,Support Portal,11.49,False,4,True
TKT00006975,C01156,2024-06-07 08:50:00,2024-06-08 14:50:36.000000000,Technical Issue,Medium,Email,30.01,False,5,False
TKT00006729,C01102,2025-05-29 12:25:00,2025-05-30 17:35:12.000000000,Integration,Medium,Chat,29.17,True,4,False
TKT00082609,C14322,2025-05-16 10:41:00,2025-05-17 17:35:00.000000000,Billing,Medium,Email,30.9,False,5,False
TKT00025153,C04256,2025-07-24 18:28:00,2025-07-25 19:12:24.000000000,Technical Issue,Medium,Support Portal,24.74,False,4,False
TKT00056039,C09654,2025-08-20 10:32:00,2025-08-21 10:02:36.000000000,Integration,Medium,Support Portal,23.51,True,3,False
TKT00027091,C04585,2025-06-21 09:52:00,2025-06-22 18:05:47.999999999,Product Bug,Medium,Phone,32.23,False,4,False
TKT00055448,C09560,2025-06-13 10:05:00,2025-06-14 16:56:00.000000000,Technical Issue,Medium,Phone,30.85,False,4,True
TKT00054148,C09321,2025-08-22 11:26:00,2025-08-24 08:30:48.000000000,Technical Issue,Low,Phone,45.08,False,4,False
TKT00060544,C10477,2025-06-19 15:47:00,2025-06-20 22:48:12.000000000,Product Bug,Medium,Support Portal,31.02,False,4,True
TKT00014162,C02366,2024-10-24 12:26:00,2024-10-24 23:12:12.000000000,Integration,High,Chat,10.77,False,5,False
TKT00110532,C19270,2025-09-19 12:41:00,2025-09-21 21:39:48.000000000,Feature Request,Medium,Support Portal,56.98,False,4,False
TKT00088951,C15383,2025-05-05 13:48:00,2025-05-07 10:59:24.000000000,Integration,Medium,Phone,45.19,False,5,False
TKT00082493,C14300,2025-06-04 14:26:00,2025-06-06 01:17:36.000000000,Billing,Medium,Support Portal,34.86,False,4,False
TKT00073078,C12596,2025-01-30 17:08:00,2025-02-02 03:25:24.000000000,Technical Issue,Low,Email,58.29,False,4,False
TKT00086100,C14878,2024-08-20 10:30:00,2024-08-28 03:40:12.000000000,Performance,Low,Phone,185.17,False,4,False
TKT00111460,C19435,2024-06-22 10:32:00,2024-06-25 05:50:36.000000000,Integration,Medium,Support Portal,67.31,False,3,False
TKT00017498,C02972,2025-11-03 17:07:00,2025-11-05 09:53:12.000000000,Performance,Low,Chat,40.77,False,4,False
TKT00050098,C08673,2025-09-05 12:05:00,2025-09-08 11:21:48.000000000,Feature Request,High,Email,71.28,False,5,False
TKT00041128,C07038,2025-07-30 09:11:00,2025-07-31 09:39:48.000000000,Product Bug,Medium,Support Portal,24.48,False,4,False
TKT00039707,C06811,2024-08-19 13:11:00,2024-08-23 14:23:36.000000000,Performance,Low,Chat,97.21,False,4,False
TKT00111072,C19362,2024-08-09 17:20:00,2024-08-10 19:32:00.000000000,Training / Onboarding,Medium,Phone,26.2,False,5,False
TKT00102578,C17804,2025-06-09 15:50:00,2025-06-10 00:12:48.000000000,Billing,High,Chat,8.38,False,4,False
TKT00068511,C11838,2025-09-20 13:26:00,2025-09-22 21:10:24.000000000,Performance,Medium,Email,55.74,False,4,False
TKT00032074,C05464,2025-08-16 09:32:00,2025-08-16 21:51:48.000000000,Technical Issue,High,Chat,12.33,False,4,False
TKT00027544,C04662,2024-11-12 16:11:00,2024-11-13 18:46:24.000000000,Account Management,Medium,Chat,26.59,False,4,False
TKT00040893,C06996,2024-08-30 15:47:00,2024-09-03 03:42:12.000000000,Feature Request,Medium,Phone,83.92,False,4,False
TKT00071574,C12301,2025-02-12 09:03:00,2025-02-14 08:58:12.000000000,Product Bug,Medium,Email,47.92,False,4,False
TKT00089701,C15508,2025-08-28 12:23:00,2025-08-29 04:32:36.000000000,Technical Issue,Medium,Email,16.16,False,4,False
TKT00090218,C15589,2025-04-05 15:45:00,2025-04-07 12:48:36.000000000,Product Bug,Low,Email,45.06,False,4,False
TKT00091662,C15879,2025-05-16 16:25:00,2025-05-17 18:31:36.000000000,Performance,Medium,Email,26.11,False,4,True
TKT00062685,C10855,2024-08-29 16:28:00,2024-08-30 22:18:24.000000000,Performance,Medium,Support Portal,29.84,False,5,False
TKT00021739,C03659,2025-09-10 13:05:00,2025-09-11 21:27:11.999999999,Integration,Medium,Chat,32.37,False,4,False
TKT00033766,C05725,2025-08-22 08:32:00,2025-08-23 00:27:12.000000000,Training / Onboarding,Medium,Email,15.92,False,4,False
TKT00069476,C11976,2024-10-19 11:00:00,2024-10-21 20:54:36.000000000,Integration,Low,Support Portal,57.91,False,4,False
TKT00104092,C18051,2025-09-06 13:52:00,2025-09-07 10:05:48.000000000,Technical Issue,High,Support Portal,20.23,False,5,False
TKT00071264,C12257,2024-05-13 10:06:00,2024-05-14 13:55:48.000000000,Billing,Medium,Email,27.83,False,5,False
TKT00013145,C02180,2025-09-16 10:14:00,2025-09-16 14:21:12.000000000,Account Management,Critical,Chat,4.12,False,3,True
TKT00020161,C03406,2025-04-14 11:59:00,2025-04-19 15:58:24.000000000,Performance,Low,Chat,123.99,False,3,False
TKT00101327,C17588,2025-08-12 09:54:00,2025-08-16 12:25:12.000000000,Product Bug,Low,Chat,98.52,False,4,False
TKT00020959,C03536,2025-03-04 18:59:00,2025-03-06 03:09:12.000000000,Training / Onboarding,Low,Email,32.17,False,5,False
TKT00057342,C09891,2024-10-26 10:56:00,2024-10-28 11:01:24.000000000,Technical Issue,Medium,Chat,48.09,False,3,False
TKT00093818,C16251,2024-05-04 08:49:00,2024-05-08 20:38:12.000000000,Training / Onboarding,Low,Phone,107.82,False,4,False
TKT00011335,C01896,2025-06-15 12:16:00,2025-06-18 14:28:36.000000000,Feature Request,Low,Email,74.21,False,4,False
TKT00036075,C06132,2025-02-27 09:00:00,2025-02-28 09:15:36.000000000,Billing,Medium,Support Portal,24.26,False,4,False
TKT00004751,C00758,2025-02-28 14:21:00,2025-03-01 19:55:12.000000000,Performance,Medium,Email,29.57,True,4,False
TKT00052610,C09091,2024-09-15 08:02:00,2024-09-16 15:47:36.000000000,Billing,Low,Support Portal,31.76,False,3,False
TKT00033504,C05676,2025-07-15 15:17:00,2025-07-15 23:23:35.999999999,Technical Issue,Critical,Chat,8.11,False,3,True
TKT00028712,C04878,2025-06-30 12:50:00,2025-07-04 16:48:12.000000000,Performance,Low,Chat,99.97,False,2,False
TKT00054814,C09462,2024-12-05 13:59:00,2024-12-06 15:47:00.000000000,Technical Issue,Medium,Chat,25.8,False,4,False
TKT00041302,C07081,2025-11-26 13:34:00,2025-11-28 08:43:00.000000000,Integration,Medium,Support Portal,43.15,False,4,False
TKT00044077,C07617,2025-08-06 13:35:00,2025-08-08 06:43:24.000000000,Performance,Medium,Email,41.14,False,4,False
TKT00043046,C07430,2025-03-29 11:13:00,2025-03-30 07:55:36.000000000,Integration,High,Chat,20.71,False,4,False
TKT00004010,C00625,2025-09-17 10:10:00,2025-09-18 15:47:48.000000000,Billing,Medium,Email,29.63,False,4,False
TKT00103716,C17978,2024-12-05 10:35:00,2024-12-05 18:09:12.000000000,Technical Issue,Critical,Email,7.57,True,3,False
TKT00018598,C03162,2024-05-15 11:22:00,2024-05-16 01:52:00.000000000,Account Management,Medium,Support Portal,14.5,False,4,True
TKT00045726,C07916,2024-11-09 09:41:00,2024-11-09 15:26:00.000000000,Integration,High,Email,5.75,False,5,False
TKT00086506,C14989,2025-08-24 17:35:00,2025-08-27 14:59:36.000000000,Product Bug,Medium,Email,69.41,False,3,False
TKT00025755,C04355,2025-11-18 13:27:00,2025-11-18 16:42:36.000000000,Performance,Critical,Chat,3.26,False,4,False
TKT00053262,C09185,2024-12-17 11:56:00,2024-12-19 04:47:00.000000000,Performance,Low,Chat,40.85,False,4,False
TKT00045488,C07879,2024-11-09 14:07:00,2024-11-10 06:27:24.000000000,Technical Issue,High,Email,16.34,False,4,False
TKT00009343,C01556,2025-06-17 11:30:00,2025-06-18 20:47:59.999999999,Performance,Medium,Chat,33.3,False,4,False
TKT00075636,C13056,2025-11-29 15:05:00,2025-12-01 16:33:12.000000000,Technical Issue,Low,Email,49.47,False,5,False
TKT00092584,C16049,2025-07-23 08:59:00,2025-07-23 20:57:48.000000000,Product Bug,High,Chat,11.98,False,4,False
TKT00044353,C07680,2025-10-09 15:46:00,2025-10-10 20:04:00.000000000,Performance,Medium,Chat,28.3,False,5,False
TKT00029920,C05099,2025-05-05 16:33:00,2025-05-06 08:29:24.000000000,Technical Issue,High,Email,15.94,False,3,False
TKT00017538,C02977,2025-04-24 17:16:00,2025-04-25 01:21:24.000000000,Product Bug,Critical,Support Portal,8.09,False,4,False
TKT00031718,C05418,2024-11-26 18:06:00,2024-11-26 21:48:00.000000000,Technical Issue,Critical,Support Portal,3.7,False,4,False
TKT00108403,C18890,2025-11-03 12:57:00,2025-11-06 10:36:36.000000000,Technical Issue,Low,Support Portal,69.66,False,4,False
TKT00024747,C04173,2025-07-28 11:23:00,2025-07-31 19:13:24.000000000,Technical Issue,Low,Chat,79.84,False,4,False
TKT00104276,C18080,2024-12-20 11:57:00,2024-12-21 20:13:48.000000000,Technical Issue,Medium,Support Portal,32.28,False,3,False
TKT00006331,C01039,2025-03-10 18:36:00,2025-03-11 03:34:12.000000000,Product Bug,Critical,Chat,8.97,False,4,False
TKT00054774,C09447,2024-09-13 16:43:00,2024-09-15 10:40:00.000000000,Technical Issue,Medium,Email,41.95,False,4,False
TKT00105349,C18296,2025-07-26 09:45:00,2025-07-27 09:06:36.000000000,Integration,Medium,Email,23.36,False,3,False
TKT00004157,C00657,2025-12-07 10:47:00,2025-12-08 05:04:24.000000000,Integration,Medium,Phone,18.29,False,4,False
TKT00044172,C07642,2025-09-09 18:54:00,2025-09-15 19:40:48.000000000,Product Bug,Low,Chat,144.78,False,4,False
TKT00101154,C17564,2024-10-27 13:05:00,2024-10-29 11:57:12.000000000,Technical Issue,Low,Chat,46.87,False,5,False
TKT00085416,C14762,2025-12-20 12:06:00,2025-12-25 09:21:00.000000000,Product Bug,Low,Support Portal,117.25,False,3,False
TKT00037292,C06372,2024-10-10 09:46:00,2024-10-10 14:29:12.000000000,Product Bug,Critical,Chat,4.72,False,4,False
TKT00041133,C07038,2025-09-18 09:15:00,2025-09-18 23:18:36.000000000,Product Bug,High,Phone,14.06,False,3,True
TKT00000402,C00058,2025-09-12 15:08:00,2025-09-15 02:37:24.000000000,Product Bug,Low,Support Portal,59.49,False,3,False
TKT00105565,C18348,2024-11-07 13:16:00,2024-11-12 01:03:24.000000000,Product Bug,Low,Phone,107.79,False,2,False
TKT00025872,C04369,2025-01-23 10:34:00,2025-01-24 22:51:24.000000000,Training / Onboarding,Low,Email,36.29,False,5,False
TKT00018192,C03074,2025-12-31 12:34:00,2026-01-02 05:38:48.000000000,Billing,Medium,Email,41.08,False,5,False
TKT00043215,C07466,2025-12-21 18:14:00,2025-12-22 11:27:48.000000000,Product Bug,Medium,Phone,17.23,False,5,False
TKT00095171,C16455,2025-09-27 12:24:00,2025-09-28 00:55:48.000000000,Billing,High,Phone,12.53,False,5,False
TKT00022405,C03772,2024-06-25 18:55:00,2024-06-26 04:37:00.000000000,Technical Issue,Critical,Support Portal,9.7,False,3,True
TKT00050290,C08713,2025-05-02 16:36:00,2025-05-04 19:48:00.000000000,Performance,Low,Email,51.2,False,4,False
TKT00040749,C06974,2024-01-25 10:23:00,2024-01-30 01:57:12.000000000,Feature Request,Medium,Email,111.57,False,4,False
TKT00114167,C19909,2025-03-11 16:55:00,2025-03-13 11:40:36.000000000,Product Bug,Medium,Email,42.76,False,5,False
TKT00034148,C05783,2024-11-16 18:25:00,2024-11-19 16:00:24.000000000,Training / Onboarding,Low,Email,69.59,False,4,False
TKT00105243,C18278,2025-11-13 15:45:00,2025-11-14 14:29:24.000000000,Account Management,Medium,Chat,22.74,False,5,False
TKT00067669,C11670,2024-12-24 12:09:00,2024-12-25 23:49:12.000000000,Product Bug,Medium,Email,35.67,False,3,False
TKT00101903,C17683,2025-02-15 15:53:00,2025-02-16 02:51:48.000000000,Integration,Critical,Email,10.98,True,3,True
TKT00112606,C19632,2025-01-13 14:26:00,2025-01-15 02:18:11.999999999,Product Bug,Medium,Chat,35.87,False,4,True
TKT00019758,C03371,2024-07-21 15:24:00,2024-07-23 18:51:00.000000000,Performance,Low,Email,51.45,False,4,False
TKT00066340,C11446,2024-12-22 14:59:00,2024-12-24 06:39:48.000000000,Technical Issue,Medium,Email,39.68,False,4,False
TKT00004251,C00679,2024-04-09 10:28:00,2024-04-10 10:21:24.000000000,Product Bug,Medium,Chat,23.89,False,5,False
TKT00014001,C02326,2025-08-12 15:54:00,2025-08-13 00:52:12.000000000,Product Bug,High,Chat,8.97,False,4,False
TKT00034465,C05834,2024-11-17 18:11:00,2024-11-18 03:00:48.000000000,Product Bug,Critical,Support Portal,8.83,True,3,True
TKT00035636,C06043,2025-05-27 18:14:00,2025-05-29 11:42:48.000000000,Integration,Medium,Email,41.48,True,4,False
TKT00077789,C13445,2025-06-14 15:43:00,2025-06-15 10:40:00.000000000,Technical Issue,Medium,Phone,18.95,True,3,True
TKT00036561,C06219,2025-11-23 12:55:00,2025-11-25 22:59:48.000000000,Technical Issue,Medium,Email,58.08,False,4,False
TKT00009299,C01546,2025-07-16 14:49:00,2025-07-17 22:03:24.000000000,Technical Issue,Low,Email,31.24,False,4,False
TKT00085657,C14809,2024-03-29 09:10:00,2024-03-29 19:08:48.000000000,Technical Issue,High,Email,9.98,True,4,False
TKT00049025,C08504,2025-11-26 18:43:00,2025-11-28 01:26:12.000000000,Billing,Medium,Phone,30.72,False,5,False
TKT00030811,C05254,2024-09-10 13:24:00,2024-09-11 12:38:24.000000000,Technical Issue,Medium,Chat,23.24,False,4,False
TKT00077978,C13487,2025-08-03 10:53:00,2025-08-04 08:51:12.000000000,Billing,Low,Email,21.97,True,3,False
TKT00001479,C00246,2025-01-23 16:23:00,2025-01-24 16:07:24.000000000,Billing,Low,Chat,23.74,False,4,False
TKT00103363,C17922,2024-11-20 17:07:00,2024-11-21 14:37:36.000000000,Technical Issue,Medium,Support Portal,21.51,False,5,False
TKT00086267,C14917,2024-05-21 11:49:00,2024-05-24 16:37:00.000000000,Technical Issue,Low,Phone,76.8,False,4,False
TKT00003557,C00554,2025-12-04 11:59:00,2025-12-04 20:53:00.000000000,Technical Issue,High,Email,8.9,False,4,False
TKT00057962,C10033,2025-10-19 10:04:00,2025-10-20 08:38:12.000000000,Billing,Medium,Chat,22.57,False,4,False
TKT00018348,C03103,2025-07-05 12:17:00,2025-07-05 23:30:48.000000000,Technical Issue,High,Support Portal,11.23,False,4,False
TKT00108152,C18855,2024-10-23 14:17:00,2024-10-23 17:08:36.000000000,Account Management,Critical,Email,2.86,False,3,True
TKT00104482,C18115,2025-08-13 10:24:00,2025-08-14 04:13:47.999999999,Technical Issue,Medium,Phone,17.83,False,3,False
TKT00062792,C10859,2025-11-01 14:52:00,2025-11-02 05:19:00.000000000,Account Management,High,Phone,14.45,False,4,False
TKT00085553,C14789,2025-10-12 15:55:00,2025-10-13 11:52:36.000000000,Account Management,High,Chat,19.96,False,5,False
TKT00113951,C19867,2025-05-10 08:04:00,2025-05-13 09:11:48.000000000,Integration,Low,Chat,73.13,False,3,False
TKT00114533,C19961,2025-10-22 16:34:00,2025-10-25 08:01:36.000000000,Product Bug,Low,Phone,63.46,False,3,False
TKT00032205,C05486,2025-05-28 16:31:00,2025-05-29 08:36:24.000000000,Account Management,Medium,Email,16.09,False,4,False
TKT00094068,C16281,2025-10-02 15:56:00,2025-10-02 18:45:12.000000000,Technical Issue,Critical,Support Portal,2.82,True,4,True
TKT00044427,C07690,2024-06-22 16:16:00,2024-06-23 03:14:48.000000000,Training / Onboarding,High,Email,10.98,False,5,False
TKT00028651,C04875,2024-06-10 18:39:00,2024-06-17 10:45:00.000000000,Product Bug,Low,Email,160.1,False,3,False
TKT00038629,C06604,2025-12-26 11:41:00,2025-12-28 04:20:00.000000000,Performance,Medium,Email,40.65,False,4,False
TKT00109527,C19110,2024-07-18 10:20:00,2024-07-23 15:20:00.000000000,Integration,Low,Phone,125.0,False,4,False
TKT00062038,C10753,2024-04-08 17:46:00,2024-04-09 19:50:12.000000000,Product Bug,Medium,Support Portal,26.07,False,5,False
TKT00044584,C07723,2025-12-09 11:11:00,2025-12-10 08:14:00.000000000,Feature Request,High,Chat,21.05,False,4,False
TKT00002658,C00437,2025-12-16 13:30:00,2025-12-22 00:33:36.000000000,Product Bug,Medium,Email,131.06,False,3,False
TKT00109165,C19038,2025-05-10 15:51:00,2025-05-11 15:20:24.000000000,Product Bug,High,Support Portal,23.49,False,4,False
TKT00049011,C08502,2025-01-21 15:30:00,2025-01-25 06:33:36.000000000,Feature Request,Medium,Chat,87.06,False,4,False
TKT00104868,C18194,2025-06-17 13:29:00,2025-06-18 18:29:00.000000000,Account Management,High,Support Portal,29.0,False,5,False
TKT00053467,C09218,2025-03-19 13:32:00,2025-03-20 02:30:12.000000000,Integration,High,Email,12.97,False,4,False
TKT00069814,C12030,2025-02-07 12:28:00,2025-02-10 10:42:23.999999999,Training / Onboarding,Low,Email,70.24,False,2,True
TKT00064102,C11073,2025-08-04 17:08:00,2025-08-05 07:18:12.000000000,Billing,Medium,Support Portal,14.17,False,4,False
TKT00052352,C09054,2026-01-11 13:11:00,2026-01-12 02:00:12.000000000,Billing,Medium,Chat,12.82,False,5,False
TKT00101467,C17611,2025-06-21 17:32:00,2025-06-24 17:25:24.000000000,Account Management,Low,Support Portal,71.89,False,5,False
TKT00028946,C04919,2025-06-29 14:05:00,2025-07-05 02:37:24.000000000,Integration,Low,Chat,132.54,True,3,False
TKT00105818,C18402,2024-10-08 13:34:00,2024-10-09 09:55:00.000000000,Performance,Low,Chat,20.35,False,4,False
TKT00085777,C14820,2025-01-20 08:29:00,2025-01-21 01:14:00.000000000,Account Management,Medium,Support Portal,16.75,False,4,False
TKT00023624,C03960,2025-12-14 13:13:00,2025-12-16 08:55:00.000000000,Product Bug,Low,Chat,43.7,False,3,False
TKT00086029,C14871,2025-07-25 11:40:00,2025-07-27 15:17:12.000000000,Integration,Medium,Support Portal,51.62,False,2,True
TKT00026451,C04468,2025-09-24 18:42:00,2025-09-25 15:54:36.000000000,Product Bug,Medium,Email,21.21,False,5,False
TKT00074909,C12916,2025-01-17 14:32:00,2025-01-22 09:27:12.000000000,Integration,Low,Chat,114.92,False,5,False
TKT00074471,C12837,2025-12-23 14:06:00,2025-12-24 00:03:00.000000000,Product Bug,High,Support Portal,9.95,True,3,True
TKT00003820,C00600,2024-09-19 13:14:00,2024-09-19 21:38:36.000000000,Account Management,High,Phone,8.41,False,2,True
TKT00053711,C09258,2025-03-15 14:56:00,2025-03-16 07:41:00.000000000,Technical Issue,Medium,Email,16.75,False,3,False
TKT00097066,C16799,2025-04-13 16:43:00,2025-04-15 06:25:00.000000000,Account Management,Low,Email,37.7,False,4,False
TKT00097467,C16870,2025-08-13 18:04:00,2025-08-14 08:57:24.000000000,Billing,Medium,Email,14.89,False,4,True
TKT00017954,C03042,2025-05-13 12:33:00,2025-05-14 23:25:11.999999999,Technical Issue,Medium,Phone,34.87,False,5,False
TKT00044769,C07745,2025-05-21 10:48:00,2025-05-21 18:15:00.000000000,Billing,High,Chat,7.45,False,3,True
TKT00052568,C09088,2024-10-15 10:11:00,2024-10-17 12:51:48.000000000,Technical Issue,Low,Phone,50.68,False,5,False
TKT00078621,C13617,2025-10-04 18:37:00,2025-10-05 20:34:36.000000000,Account Management,High,Chat,25.96,False,4,False
TKT00070596,C12151,2025-12-30 14:24:00,2026-01-01 03:43:48.000000000,Feature Request,High,Support Portal,37.33,False,4,False
TKT00104650,C18155,2025-04-22 11:40:00,2025-04-24 04:44:48.000000000,Product Bug,Medium,Phone,41.08,False,3,False
TKT00035270,C05972,2024-12-03 08:05:00,2024-12-04 08:22:24.000000000,Training / Onboarding,Medium,Chat,24.29,False,4,False
TKT00061367,C10624,2025-03-24 13:25:00,2025-03-25 23:43:36.000000000,Technical Issue,Medium,Email,34.31,False,4,False
TKT00084410,C14602,2025-06-03 17:43:00,2025-06-03 19:44:47.999999999,Account Management,Critical,Phone,2.03,True,3,True
TKT00024341,C04113,2024-10-24 08:22:00,2024-10-24 23:10:36.000000000,Product Bug,High,Email,14.81,False,5,True
TKT00024457,C04128,2025-06-25 18:30:00,2025-06-26 10:56:24.000000000,Integration,Medium,Chat,16.44,False,5,False
TKT00031061,C05288,2025-06-29 10:13:00,2025-07-01 08:11:12.000000000,Performance,Low,Support Portal,45.97,False,5,False
TKT00100150,C17349,2025-03-11 18:48:00,2025-03-13 11:15:36.000000000,Training / Onboarding,Low,Email,40.46,False,4,False
TKT00033042,C05624,2025-12-03 15:19:00,2025-12-04 17:29:48.000000000,Technical Issue,Medium,Phone,26.18,False,5,False
TKT00025268,C04278,2025-04-16 14:45:00,2025-04-18 14:22:12.000000000,Technical Issue,Low,Chat,47.62,False,5,False
TKT00069801,C12028,2025-03-30 11:16:00,2025-03-31 18:34:00.000000000,Integration,High,Support Portal,31.3,False,5,False
TKT00054188,C09333,2025-03-25 12:28:00,2025-03-26 01:25:00.000000000,Technical Issue,High,Support Portal,12.95,False,4,False
TKT00109368,C19069,2025-03-26 12:10:00,2025-03-27 11:19:00.000000000,Technical Issue,Medium,Email,23.15,True,4,False
TKT00010875,C01812,2025-04-01 11:01:00,2025-04-01 23:15:24.000000000,Technical Issue,High,Chat,12.24,False,4,False
TKT00036879,C06289,2024-08-12 09:00:00,2024-08-13 23:27:36.000000000,Integration,Medium,Phone,38.46,False,5,False
TKT00084428,C14604,2024-02-29 15:10:00,2024-02-29 20:37:36.000000000,Account Management,Critical,Email,5.46,False,4,True
TKT00085487,C14781,2025-10-26 13:45:00,2025-10-27 02:22:48.000000000,Account Management,Medium,Phone,12.63,False,5,False
TKT00001372,C00229,2025-07-31 14:59:00,2025-08-03 17:27:12.000000000,Integration,Low,Phone,74.47,False,3,False
TKT00012963,C02156,2024-04-05 09:07:00,2024-04-06 22:58:00.000000000,Technical Issue,Medium,Phone,37.85,False,5,False
TKT00077389,C13382,2024-12-19 13:21:00,2024-12-22 05:30:36.000000000,Training / Onboarding,Medium,Chat,64.16,False,3,False
TKT00108328,C18869,2025-05-07 10:05:00,2025-05-08 01:09:12.000000000,Performance,High,Email,15.07,False,4,True
TKT00005744,C00936,2025-11-25 13:05:00,2025-11-25 21:51:12.000000000,Billing,Medium,Email,8.77,False,3,True
TKT00013822,C02292,2025-08-14 10:37:00,2025-08-14 15:08:11.999999999,Technical Issue,Critical,Phone,4.52,False,3,True
TKT00080548,C14008,2025-10-23 18:50:00,2025-10-26 11:54:48.000000000,Feature Request,Medium,Support Portal,65.08,False,4,False
TKT00077526,C13396,2025-12-16 11:28:00,2025-12-16 22:32:48.000000000,Technical Issue,High,Chat,11.08,False,4,True
TKT00071905,C12363,2024-12-05 14:20:00,2024-12-06 14:05:00.000000000,Training / Onboarding,High,Support Portal,23.75,False,4,True
TKT00111436,C19428,2025-11-25 12:30:00,2025-11-26 23:39:35.999999999,Performance,Low,Phone,35.16,False,5,False
TKT00092485,C16034,2025-12-10 17:41:00,2025-12-12 01:17:00.000000000,Technical Issue,Medium,Chat,31.6,True,4,False
TKT00071270,C12257,2024-08-31 12:53:00,2024-09-03 02:23:36.000000000,Performance,Medium,Email,61.51,False,4,False
TKT00098951,C17151,2025-10-04 15:39:00,2025-10-05 08:40:48.000000000,Training / Onboarding,Medium,Email,17.03,False,5,False
TKT00005651,C00916,2025-10-14 09:14:00,2025-10-15 16:05:36.000000000,Technical Issue,High,Chat,30.86,False,3,False
TKT00105038,C18233,2025-11-20 15:02:00,2025-11-20 23:52:24.000000000,Feature Request,Critical,Support Portal,8.84,False,4,True
TKT00003183,C00505,2024-04-03 10:15:00,2024-04-05 20:48:36.000000000,Integration,Medium,Support Portal,58.56,False,4,False
TKT00093003,C16123,2025-10-06 09:11:00,2025-10-07 23:48:12.000000000,Technical Issue,Medium,Phone,38.62,False,3,True
TKT00084622,C14634,2024-09-29 10:22:00,2024-09-30 14:51:24.000000000,Training / Onboarding,Low,Phone,28.49,False,4,False
TKT00002784,C00446,2025-12-01 12:58:00,2025-12-02 08:32:48.000000000,Technical Issue,Medium,Support Portal,19.58,False,4,False
TKT00032261,C05488,2025-09-19 08:14:00,2025-09-23 17:15:48.000000000,Product Bug,Low,Chat,105.03,False,3,False
TKT00061729,C10694,2025-05-08 09:16:00,2025-05-10 06:32:12.000000000,Technical Issue,Medium,Email,45.27,False,4,False
TKT00030669,C05217,2025-08-26 16:09:00,2025-08-30 06:00:00.000000000,Technical Issue,Low,Phone,85.85,False,3,False
TKT00068263,C11774,2025-08-18 18:57:00,2025-08-19 08:10:12.000000000,Feature Request,Critical,Phone,13.22,False,4,True
TKT00068633,C11852,2025-05-06 08:51:00,2025-05-07 10:28:12.000000000,Product Bug,High,Chat,25.62,False,3,False
TKT00022070,C03716,2025-07-05 09:26:00,2025-07-07 12:28:24.000000000,Integration,Medium,Email,51.04,False,3,False
TKT00025325,C04286,2025-12-25 11:14:00,2025-12-26 08:21:48.000000000,Product Bug,Medium,Email,21.13,False,3,True
TKT00006771,C01112,2025-03-27 17:38:00,2025-03-28 22:42:12.000000000,Technical Issue,Medium,Chat,29.07,True,3,False
TKT00053755,C09260,2024-11-24 11:26:00,2024-11-28 04:16:24.000000000,Training / Onboarding,Low,Phone,88.84,False,5,False
TKT00082748,C14350,2024-03-05 08:10:00,2024-03-06 11:50:12.000000000,Technical Issue,Low,Phone,27.67,False,5,False
TKT00042703,C07360,2025-07-17 16:34:00,2025-07-18 08:18:24.000000000,Billing,Medium,Email,15.74,False,3,False
TKT00089060,C15403,2025-05-30 09:33:00,2025-06-03 02:49:48.000000000,Training / Onboarding,Low,Support Portal,89.28,False,4,False
TKT00028250,C04801,2025-05-12 12:43:00,2025-05-13 22:45:24.000000000,Technical Issue,Medium,Support Portal,34.04,False,5,False
TKT00054927,C09483,2025-05-18 09:44:00,2025-05-20 06:31:24.000000000,Feature Request,Medium,Phone,44.79,False,5,False
TKT00077014,C13314,2024-06-01 12:14:00,2024-06-02 08:41:36.000000000,Product Bug,Medium,Email,20.46,False,5,False
TKT00023133,C03902,2025-05-07 13:01:00,2025-05-08 17:08:12.000000000,Training / Onboarding,Medium,Email,28.12,False,4,False
TKT00085813,C14830,2025-10-14 16:25:00,2025-10-16 05:46:36.000000000,Training / Onboarding,Medium,Chat,37.36,False,4,False
TKT00000275,C00027,2025-08-27 18:57:00,2025-08-29 00:24:00.000000000,Product Bug,Medium,Email,29.45,True,3,False
TKT00012753,C02116,2025-08-16 08:45:00,2025-08-24 09:55:12.000000000,Product Bug,Low,Chat,193.17,False,3,False
TKT00008449,C01403,2025-09-27 09:08:00,2025-09-29 21:52:24.000000000,Integration,Medium,Chat,60.74,False,3,False
TKT00000647,C00107,2024-09-16 18:22:00,2024-09-19 21:42:24.000000000,Performance,Low,Chat,75.34,False,3,False
TKT00101194,C17570,2025-08-26 11:59:00,2025-08-28 15:15:12.000000000,Integration,Low,Email,51.27,False,4,False
TKT00003913,C00605,2025-11-08 08:52:00,2025-11-09 04:45:24.000000000,Billing,Medium,Email,19.89,True,2,False
TKT00020455,C03458,2025-09-27 09:15:00,2025-09-28 22:07:48.000000000,Account Management,Low,Chat,36.88,False,4,False
TKT00077318,C13370,2025-05-31 08:41:00,2025-06-01 06:39:12.000000000,Performance,Medium,Phone,21.97,False,4,False
TKT00105455,C18320,2024-01-24 14:35:00,2024-01-26 06:53:00.000000000,Technical Issue,Medium,Chat,40.3,False,5,False
TKT00030455,C05190,2025-12-02 08:33:00,2025-12-03 21:04:12.000000000,Billing,Medium,Email,36.52,False,5,False
TKT00110124,C19208,2024-12-01 16:29:00,2024-12-03 11:33:12.000000000,Feature Request,Medium,Chat,43.07,True,4,False
TKT00009731,C01614,2025-01-29 17:36:00,2025-01-30 19:32:24.000000000,Product Bug,Medium,Support Portal,25.94,False,4,False
TKT00111616,C19460,2025-12-02 10:38:00,2025-12-03 05:53:36.000000000,Account Management,High,Chat,19.26,False,4,False
TKT00077718,C13430,2025-06-04 08:04:00,2025-06-05 23:53:12.000000000,Feature Request,High,Email,39.82,False,5,False
TKT00057271,C09886,2025-03-22 08:40:00,2025-03-22 22:14:48.000000000,Account Management,Medium,Chat,13.58,False,4,False
TKT00064143,C11078,2025-03-24 18:01:00,2025-03-25 13:27:24.000000000,Performance,Medium,Support Portal,19.44,False,4,False
TKT00005880,C00955,2024-05-28 12:04:00,2024-05-29 07:35:48.000000000,Billing,Medium,Chat,19.53,False,5,False
TKT00031367,C05352,2025-10-14 11:39:00,2025-10-16 05:28:48.000000000,Integration,Medium,Chat,41.83,False,5,False
TKT00062175,C10765,2025-01-27 08:30:00,2025-01-27 18:40:48.000000000,Technical Issue,High,Chat,10.18,False,4,False
TKT00113801,C19845,2025-09-22 17:09:00,2025-09-23 22:03:36.000000000,Integration,Medium,Email,28.91,False,5,False
TKT00017309,C02937,2024-07-25 18:04:00,2024-07-26 22:29:12.000000000,Product Bug,Medium,Email,28.42,False,3,False
TKT00022081,C03716,2025-10-14 11:54:00,2025-10-15 19:15:36.000000000,Product Bug,Medium,Chat,31.36,False,3,True
TKT00008704,C01446,2024-06-23 17:42:00,2024-06-24 12:51:36.000000000,Integration,Medium,Support Portal,19.16,False,4,False
TKT00058908,C10185,2025-08-27 16:46:00,2025-08-30 09:48:24.000000000,Performance,Low,Support Portal,65.04,False,3,False
TKT00113823,C19847,2024-09-14 13:18:00,2024-09-14 16:08:24.000000000,Billing,Critical,Support Portal,2.84,False,4,False
TKT00041890,C07210,2025-12-09 11:02:00,2025-12-12 04:30:12.000000000,Feature Request,Medium,Phone,65.47,False,3,False
TKT00085690,C14810,2025-04-09 15:10:00,2025-04-10 22:45:24.000000000,Account Management,Medium,Support Portal,31.59,False,5,False
TKT00066041,C11393,2024-03-25 16:56:00,2024-03-26 12:35:00.000000000,Technical Issue,Medium,Email,19.65,False,5,False
TKT00011750,C01968,2024-10-06 16:46:00,2024-10-07 01:16:36.000000000,Technical Issue,High,Phone,8.51,False,4,False
TKT00016056,C02707,2025-04-14 12:29:00,2025-04-17 00:28:24.000000000,Integration,Low,Email,59.99,False,3,True
TKT00069920,C12054,2024-10-08 15:29:00,2024-10-09 16:10:24.000000000,Technical Issue,Medium,Phone,24.69,False,4,False
TKT00038755,C06626,2025-06-14 14:05:00,2025-06-15 19:23:00.000000000,Performance,Medium,Chat,29.3,True,4,False
TKT00102510,C17793,2024-11-18 10:03:00,2024-11-19 12:19:48.000000000,Technical Issue,Medium,Email,26.28,False,4,False
TKT00044128,C07628,2025-06-12 12:10:00,2025-06-13 07:37:36.000000000,Product Bug,High,Chat,19.46,False,3,False
TKT00012585,C02082,2025-05-31 08:23:00,2025-06-04 02:14:00.000000000,Feature Request,Medium,Phone,89.85,False,3,True
TKT00077582,C13403,2024-12-28 16:37:00,2025-01-01 02:30:24.000000000,Feature Request,Medium,Support Portal,81.89,False,4,False
TKT00059534,C10296,2025-09-22 17:11:00,2025-09-24 10:45:48.000000000,Technical Issue,Low,Support Portal,41.58,False,3,False
TKT00052821,C09123,2024-03-17 18:38:00,2024-03-21 01:07:24.000000000,Integration,Medium,Phone,78.49,False,3,False
TKT00022564,C03786,2025-09-04 09:19:00,2025-09-05 05:31:36.000000000,Technical Issue,High,Phone,20.21,False,3,True
TKT00042800,C07383,2025-10-17 16:40:00,2025-10-19 06:51:24.000000000,Technical Issue,Low,Phone,38.19,False,4,False
TKT00065992,C11377,2026-01-03 17:46:00,2026-01-04 09:35:12.000000000,Account Management,High,Email,15.82,True,3,False
TKT00032771,C05579,2025-01-13 13:00:00,2025-01-13 21:25:48.000000000,Technical Issue,High,Email,8.43,True,3,False
TKT00109161,C19036,2025-12-14 16:58:00,2025-12-15 07:47:12.000000000,Product Bug,High,Email,14.82,False,5,False
TKT00101032,C17548,2025-08-17 09:41:00,2025-08-20 21:33:48.000000000,Technical Issue,Low,Chat,83.88,False,3,False
TKT00096496,C16700,2025-07-02 14:19:00,2025-07-03 03:50:48.000000000,Integration,Critical,Chat,13.53,False,4,True
TKT00058682,C10152,2025-03-29 14:42:00,2025-03-30 09:35:24.000000000,Technical Issue,High,Support Portal,18.89,False,4,False
TKT00081156,C14104,2024-07-28 12:47:00,2024-07-31 09:30:12.000000000,Technical Issue,Low,Phone,68.72,False,4,False
TKT00048987,C08494,2025-10-09 18:01:00,2025-10-13 04:13:36.000000000,Integration,Medium,Phone,82.21,False,4,False
TKT00021744,C03659,2025-12-07 15:07:00,2025-12-11 21:20:48.000000000,Product Bug,Low,Phone,102.23,False,4,False
TKT00085898,C14845,2024-09-29 13:52:00,2024-09-30 09:08:48.000000000,Technical Issue,Medium,Email,19.28,False,3,True
TKT00106496,C18513,2025-05-12 11:06:00,2025-05-14 02:52:12.000000000,Product Bug,Low,Phone,39.77,False,5,False
TKT00095323,C16474,2024-12-27 17:55:00,2024-12-29 23:35:48.000000000,Performance,Medium,Email,53.68,False,4,False
TKT00009562,C01586,2025-10-05 17:25:00,2025-10-06 03:37:00.000000000,Technical Issue,High,Support Portal,10.2,False,4,False
TKT00111693,C19477,2025-04-29 18:15:00,2025-04-29 22:42:36.000000000,Technical Issue,Critical,Support Portal,4.46,False,4,False
TKT00053514,C09221,2025-11-14 11:06:00,2025-11-16 16:24:36.000000000,Product Bug,Medium,Chat,53.31,False,4,False
TKT00114081,C19899,2025-10-10 18:33:00,2025-10-15 16:03:36.000000000,Product Bug,Low,Chat,117.51,False,4,False
TKT00096126,C16637,2025-10-22 13:43:00,2025-10-27 01:41:12.000000000,Performance,Low,Support Portal,107.97,False,3,False
TKT00014410,C02412,2025-11-12 11:14:00,2025-11-15 12:45:12.000000000,Integration,Medium,Email,73.52,False,4,False
TKT00033018,C05624,2024-08-14 08:16:00,2024-08-17 18:38:48.000000000,Feature Request,Medium,Email,82.38,False,4,False
TKT00087685,C15151,2025-03-11 13:15:00,2025-03-14 10:35:24.000000000,Integration,Medium,Phone,69.34,False,3,False
TKT00056750,C09771,2025-04-02 13:46:00,2025-04-02 19:02:12.000000000,Billing,High,Phone,5.27,False,5,True
TKT00044972,C07770,2025-06-12 11:08:00,2025-06-13 20:22:24.000000000,Product Bug,High,Support Portal,33.24,False,4,False
TKT00045555,C07889,2025-02-14 10:33:00,2025-02-14 16:28:12.000000000,Account Management,High,Support Portal,5.92,False,5,False
TKT00021093,C03558,2025-12-09 17:45:00,2025-12-09 19:22:12.000000000,Technical Issue,Critical,Support Portal,1.62,False,3,False
TKT00093224,C16163,2024-10-06 10:54:00,2024-10-06 23:46:12.000000000,Technical Issue,High,Chat,12.87,True,4,False
TKT00022698,C03825,2025-09-23 18:10:00,2025-09-26 04:17:48.000000000,Integration,Low,Email,58.13,False,3,False
TKT00098593,C17099,2025-04-15 15:12:00,2025-04-16 09:14:24.000000000,Performance,Medium,Email,18.04,True,4,True
TKT00008548,C01411,2026-01-10 08:28:00,2026-01-11 10:54:24.000000000,Product Bug,High,Chat,26.44,False,4,False
TKT00090384,C15635,2025-06-02 13:34:00,2025-06-05 14:02:48.000000000,Product Bug,Low,Phone,72.48,False,3,False
TKT00031224,C05318,2025-01-17 16:11:00,2025-01-18 21:28:24.000000000,Account Management,Medium,Chat,29.29,False,5,False
TKT00114320,C19922,2025-11-17 13:36:00,2025-11-22 05:37:48.000000000,Integration,Medium,Chat,112.03,False,4,False
TKT00101975,C17701,2024-05-07 11:55:00,2024-05-07 22:59:48.000000000,Feature Request,Critical,Phone,11.08,False,5,False
TKT00034081,C05767,2025-01-27 09:22:00,2025-01-28 02:08:12.000000000,Account Management,Medium,Chat,16.77,False,3,False
TKT00069461,C11973,2025-12-07 09:48:00,2025-12-10 00:07:12.000000000,Feature Request,Medium,Chat,62.32,False,4,False
TKT00082883,C14363,2025-05-10 16:50:00,2025-05-12 08:20:00.000000000,Technical Issue,Low,Phone,39.5,False,5,False
TKT00013125,C02179,2025-08-28 11:35:00,2025-08-30 23:08:36.000000000,Feature Request,Medium,Chat,59.56,False,4,False
TKT00052971,C09138,2024-12-10 15:47:00,2024-12-11 20:23:00.000000000,Technical Issue,High,Chat,28.6,False,4,False
TKT00046736,C08079,2024-06-05 12:00:00,2024-06-06 09:47:24.000000000,Technical Issue,High,Phone,21.79,False,4,False
TKT00054106,C09308,2025-03-10 14:09:00,2025-03-10 21:47:24.000000000,Account Management,High,Phone,7.64,True,4,False
TKT00041838,C07198,2025-12-16 17:20:00,2025-12-16 23:07:24.000000000,Performance,Critical,Chat,5.79,False,3,True
TKT00099356,C17214,2024-09-17 12:55:00,2024-09-18 15:40:36.000000000,Integration,Medium,Support Portal,26.76,False,4,False
TKT00044378,C07681,2025-03-27 16:17:00,2025-03-29 12:23:00.000000000,Feature Request,High,Support Portal,44.1,False,5,False
TKT00114280,C19921,2025-04-08 17:43:00,2025-04-13 02:02:48.000000000,Technical Issue,Low,Support Portal,104.33,False,4,False
TKT00002541,C00410,2025-09-16 12:34:00,2025-09-18 10:52:36.000000000,Performance,Medium,Phone,46.31,False,3,True
TKT00005145,C00827,2025-06-15 17:50:00,2025-06-16 15:00:12.000000000,Account Management,Medium,Chat,21.17,False,5,False
TKT00107325,C18675,2025-12-02 12:13:00,2025-12-03 16:41:48.000000000,Account Management,Low,Chat,28.48,False,5,False
TKT00051917,C08988,2025-02-04 09:52:00,2025-02-05 06:32:48.000000000,Product Bug,Medium,Phone,20.68,False,4,False
TKT00049042,C08505,2025-06-07 10:34:00,2025-06-08 12:53:48.000000000,Account Management,Medium,Chat,26.33,False,5,False
TKT00002661,C00438,2024-09-02 16:01:00,2024-09-04 11:29:48.000000000,Integration,Medium,Chat,43.48,False,5,False
TKT00018814,C03210,2024-07-25 10:52:00,2024-07-27 01:58:36.000000000,Product Bug,Medium,Support Portal,39.11,False,4,False
TKT00009024,C01501,2025-04-14 14:40:00,2025-04-14 19:26:12.000000000,Integration,Critical,Chat,4.77,False,4,True
TKT00106041,C18437,2024-08-30 11:03:00,2024-09-03 08:37:48.000000000,Training / Onboarding,Low,Phone,93.58,False,4,False
TKT00024482,C04130,2025-05-18 11:23:00,2025-05-21 02:50:36.000000000,Technical Issue,Medium,Phone,63.46,False,3,False
TKT00097022,C16786,2025-09-01 18:35:00,2025-09-02 13:27:48.000000000,Billing,Medium,Support Portal,18.88,False,4,False
TKT00095096,C16438,2025-06-30 09:38:00,2025-07-03 10:15:12.000000000,Technical Issue,Low,Phone,72.62,False,4,False
TKT00092741,C16070,2025-01-13 14:44:00,2025-01-15 21:11:00.000000000,Performance,Low,Chat,54.45,False,4,False
TKT00014658,C02455,2025-09-29 17:23:00,2025-09-30 16:54:12.000000000,Billing,Low,Phone,23.52,False,4,False
TKT00075364,C13001,2025-12-24 15:11:00,2025-12-27 22:41:00.000000000,Feature Request,Medium,Support Portal,79.5,False,4,True
TKT00014748,C02466,2025-07-20 15:37:00,2025-07-25 05:02:12.000000000,Feature Request,High,Email,109.42,True,4,False
TKT00048421,C08399,2025-06-30 11:33:00,2025-07-01 13:14:24.000000000,Technical Issue,Medium,Phone,25.69,False,4,False
TKT00054482,C09390,2025-05-19 13:55:00,2025-05-19 20:25:36.000000000,Billing,High,Chat,6.51,False,4,False
TKT00020902,C03524,2025-04-17 12:08:00,2025-04-18 20:41:36.000000000,Technical Issue,Medium,Email,32.56,False,4,False
TKT00052575,C09088,2025-06-05 15:13:00,2025-06-07 01:08:48.000000000,Billing,Medium,Chat,33.93,False,5,False
TKT00000379,C00052,2025-09-18 10:50:00,2025-09-19 15:44:36.000000000,Performance,Medium,Email,28.91,False,4,False
TKT00045546,C07889,2024-07-28 09:48:00,2024-07-28 17:40:12.000000000,Account Management,High,Chat,7.87,False,4,False
TKT00037858,C06484,2025-01-03 10:03:00,2025-01-04 15:33:00.000000000,Integration,Medium,Email,29.5,False,5,False
TKT00083457,C14455,2025-07-15 11:23:00,2025-07-16 22:31:24.000000000,Integration,Medium,Chat,35.14,False,5,False
TKT00053808,C09266,2026-01-01 11:56:00,2026-01-03 22:07:24.000000000,Technical Issue,Medium,Chat,58.19,False,3,True
TKT00001414,C00235,2025-05-21 11:11:00,2025-05-23 09:02:36.000000000,Technical Issue,Medium,Chat,45.86,False,4,False
TKT00019425,C03321,2025-11-27 14:42:00,2025-11-29 22:08:24.000000000,Feature Request,Medium,Phone,55.44,False,4,False
TKT00077142,C13339,2025-03-14 12:53:00,2025-03-17 23:04:24.000000000,Performance,Low,Support Portal,82.19,False,3,False
TKT00108073,C18840,2025-04-10 17:34:00,2025-04-11 21:56:12.000000000,Technical Issue,High,Email,28.37,False,4,False
TKT00026768,C04524,2025-11-18 17:12:00,2025-11-22 06:38:24.000000000,Product Bug,Low,Chat,85.44,True,3,False
TKT00005182,C00832,2025-06-28 15:40:00,2025-06-29 15:13:00.000000000,Performance,Medium,Email,23.55,False,5,False
TKT00042172,C07253,2024-09-10 11:29:00,2024-09-11 05:13:23.999999999,Account Management,Medium,Chat,17.74,False,4,False
TKT00022393,C03771,2025-05-25 17:26:00,2025-05-26 02:55:24.000000000,Technical Issue,High,Chat,9.49,False,4,False
TKT00094638,C16376,2024-07-15 11:30:00,2024-07-17 09:31:12.000000000,Product Bug,Medium,Email,46.02,False,5,False
TKT00081216,C14110,2025-04-20 14:49:00,2025-04-21 18:58:00.000000000,Account Management,Medium,Email,28.15,False,4,False
TKT00043853,C07593,2025-12-24 09:44:00,2025-12-25 01:17:00.000000000,Billing,High,Phone,15.55,False,4,True
TKT00006076,C00981,2025-10-03 10:22:00,2025-10-03 16:07:36.000000000,Billing,Critical,Email,5.76,False,4,True
TKT00107380,C18685,2025-12-07 16:43:00,2025-12-08 16:29:48.000000000,Integration,High,Email,23.78,False,5,False
TKT00104952,C18224,2024-07-17 13:50:00,2024-07-21 03:56:36.000000000,Feature Request,Low,Chat,86.11,True,5,False
TKT00030434,C05189,2025-03-12 08:55:00,2025-03-13 18:36:23.999999999,Technical Issue,Low,Chat,33.69,False,4,False
TKT00012952,C02155,2025-07-16 12:30:00,2025-07-20 21:15:00.000000000,Product Bug,Low,Phone,104.75,False,3,False
TKT00034642,C05860,2024-08-27 15:51:00,2024-08-28 17:30:00.000000000,Technical Issue,Medium,Support Portal,25.65,False,5,False
TKT00097485,C16871,2025-05-03 17:38:00,2025-05-04 04:27:48.000000000,Training / Onboarding,High,Phone,10.83,False,3,False
TKT00056936,C09812,2025-01-25 09:34:00,2025-01-26 07:45:24.000000000,Performance,Medium,Chat,22.19,False,4,False
TKT00046040,C07963,2025-01-28 18:02:00,2025-02-02 18:28:24.000000000,Feature Request,Medium,Support Portal,120.44,False,5,False
TKT00006063,C00977,2024-01-28 18:13:00,2024-01-30 14:19:36.000000000,Performance,Medium,Support Portal,44.11,False,5,False
TKT00079979,C13896,2024-11-07 17:10:00,2024-11-09 15:22:00.000000000,Integration,High,Chat,46.2,False,3,True
TKT00012552,C02077,2025-06-12 16:46:00,2025-06-12 18:53:48.000000000,Technical Issue,Critical,Phone,2.13,False,3,True
TKT00080083,C13917,2025-10-20 17:02:00,2025-10-22 08:52:24.000000000,Product Bug,Medium,Chat,39.84,False,3,False
TKT00032531,C05547,2025-06-01 15:32:00,2025-06-03 18:26:36.000000000,Product Bug,Medium,Email,50.91,False,4,True
TKT00034273,C05802,2024-08-13 08:22:00,2024-08-22 02:42:24.000000000,Feature Request,Low,Chat,210.34,False,3,False
TKT00113386,C19777,2024-06-23 12:57:00,2024-06-25 09:04:48.000000000,Product Bug,Medium,Email,44.13,True,4,False
TKT00071082,C12230,2025-07-14 17:38:00,2025-07-15 21:33:48.000000000,Training / Onboarding,Medium,Support Portal,27.93,False,2,False
TKT00100646,C17461,2025-02-23 09:45:00,2025-02-24 21:54:35.999999999,Product Bug,Medium,Email,36.16,False,4,False
TKT00040259,C06891,2025-10-18 13:28:00,2025-10-20 05:18:24.000000000,Product Bug,Low,Chat,39.84,False,4,False
TKT00032634,C05559,2024-10-18 09:23:00,2024-10-19 07:36:12.000000000,Technical Issue,High,Email,22.22,True,5,False
TKT00057402,C09907,2026-01-05 09:23:00,2026-01-07 16:44:36.000000000,Product Bug,Medium,Email,55.36,False,3,False
TKT00089749,C15520,2024-12-08 16:05:00,2024-12-09 06:03:48.000000000,Integration,High,Phone,13.98,False,4,False
TKT00106812,C18567,2025-10-21 18:37:00,2025-10-22 09:34:00.000000000,Performance,High,Chat,14.95,False,5,False
TKT00002788,C00447,2025-08-16 10:31:00,2025-08-18 20:08:12.000000000,Account Management,Medium,Phone,57.62,False,3,False
TKT00077341,C13372,2024-12-01 16:28:00,2024-12-04 13:47:11.999999999,Account Management,Low,Email,69.32,False,3,False
TKT00026785,C04527,2025-12-08 13:56:00,2025-12-14 13:10:24.000000000,Feature Request,Low,Support Portal,143.24,False,5,False
TKT00044728,C07744,2024-05-23 08:18:00,2024-05-29 20:01:12.000000000,Feature Request,Low,Email,155.72,False,5,False
TKT00055683,C09591,2025-04-29 10:20:00,2025-04-30 02:42:48.000000000,Technical Issue,Medium,Support Portal,16.38,True,5,False
TKT00000675,C00112,2024-12-11 12:27:00,2024-12-12 05:00:00.000000000,Account Management,Medium,Email,16.55,False,5,False
TKT00112455,C19604,2025-11-05 11:59:00,2025-11-09 22:07:24.000000000,Integration,Low,Chat,106.14,False,3,False
TKT00100277,C17373,2025-05-01 16:29:00,2025-05-02 17:48:12.000000000,Feature Request,High,Phone,25.32,False,4,False
TKT00106280,C18484,2024-10-03 15:30:00,2024-10-06 12:18:36.000000000,Feature Request,Medium,Email,68.81,False,2,True
TKT00027317,C04617,2024-09-17 08:34:00,2024-09-19 17:22:36.000000000,Feature Request,Medium,Support Portal,56.81,True,4,False
TKT00029977,C05110,2024-04-02 10:29:00,2024-04-03 18:34:24.000000000,Integration,Medium,Chat,32.09,False,5,False
TKT00052606,C09091,2024-08-06 10:59:00,2024-08-09 22:11:00.000000000,Performance,Low,Email,83.2,False,4,False
TKT00103109,C17891,2024-07-10 12:35:00,2024-07-11 21:36:48.000000000,Technical Issue,Low,Email,33.03,False,5,False
TKT00008184,C01359,2025-08-02 11:03:00,2025-08-02 20:09:00.000000000,Technical Issue,High,Chat,9.1,False,3,False
TKT00034807,C05888,2025-11-03 09:41:00,2025-11-03 20:06:48.000000000,Performance,High,Chat,10.43,False,4,True
TKT00087866,C15184,2025-12-11 08:34:00,2025-12-17 23:05:12.000000000,Technical Issue,Low,Chat,158.52,False,4,False
TKT00062603,C10840,2025-05-08 14:19:00,2025-05-10 18:29:48.000000000,Performance,Low,Phone,52.18,False,3,False
TKT00055180,C09512,2025-10-01 16:50:00,2025-10-10 23:16:24.000000000,Technical Issue,Low,Phone,222.44,False,4,False
TKT00088255,C15266,2025-03-13 14:34:00,2025-03-15 05:19:36.000000000,Technical Issue,Medium,Chat,38.76,False,4,True
TKT00080565,C14009,2025-11-04 10:18:00,2025-11-05 10:40:12.000000000,Integration,High,Email,24.37,False,5,False
TKT00019755,C03368,2026-01-05 08:10:00,2026-01-05 23:00:24.000000000,Technical Issue,High,Chat,14.84,False,3,False
TKT00002340,C00386,2025-11-14 13:38:00,2025-11-17 03:47:00.000000000,Technical Issue,Low,Email,62.15,False,4,False
TKT00109449,C19093,2024-10-30 08:16:00,2024-10-31 10:34:00.000000000,Integration,High,Email,26.3,False,4,False
TKT00095646,C16549,2024-06-04 09:45:00,2024-06-05 18:19:12.000000000,Integration,High,Support Portal,32.57,False,4,False
TKT00109929,C19169,2025-11-08 11:53:00,2025-11-11 02:45:12.000000000,Product Bug,Low,Chat,62.87,False,4,False
TKT00063279,C10945,2025-09-16 10:57:00,2025-09-17 18:07:12.000000000,Technical Issue,Medium,Phone,31.17,False,4,False
TKT00018343,C03100,2025-08-11 15:27:00,2025-08-12 17:22:12.000000000,Technical Issue,Medium,Chat,25.92,False,3,False
TKT00032411,C05524,2025-05-26 10:49:00,2025-05-26 23:25:00.000000000,Technical Issue,High,Email,12.6,False,5,True
TKT00047580,C08234,2025-04-07 16:29:00,2025-04-07 22:35:00.000000000,Billing,Medium,Phone,6.1,False,4,False
TKT00071411,C12282,2024-05-08 12:39:00,2024-05-09 11:00:00.000000000,Technical Issue,High,Email,22.35,False,5,False
TKT00054706,C09433,2025-03-09 09:01:00,2025-03-10 10:15:24.000000000,Account Management,Low,Chat,25.24,False,3,False
TKT00114488,C19955,2025-03-20 09:26:00,2025-03-21 01:46:24.000000000,Product Bug,High,Chat,16.34,False,4,False
TKT00054501,C09394,2025-01-08 16:04:00,2025-01-10 05:14:48.000000000,Technical Issue,Medium,Phone,37.18,False,4,False
TKT00042289,C07275,2025-07-25 09:48:00,2025-07-28 02:53:59.999999999,Account Management,Low,Email,65.1,False,4,False
TKT00065043,C11233,2025-04-23 15:42:00,2025-04-24 11:48:36.000000000,Training / Onboarding,Medium,Email,20.11,False,3,False
TKT00097206,C16820,2025-02-24 12:06:00,2025-02-25 18:55:48.000000000,Performance,High,Chat,30.83,False,4,False
TKT00048797,C08464,2025-06-10 17:30:00,2025-06-11 19:41:24.000000000,Feature Request,High,Chat,26.19,False,4,False
TKT00107865,C18792,2025-11-11 08:24:00,2025-11-12 03:01:12.000000000,Product Bug,High,Email,18.62,False,4,False
TKT00041871,C07206,2025-12-11 13:07:00,2025-12-12 08:46:00.000000000,Feature Request,High,Support Portal,19.65,False,4,False
TKT00029504,C05022,2025-08-25 16:08:00,2025-08-28 18:02:00.000000000,Product Bug,Medium,Email,73.9,False,4,False
TKT00111216,C19396,2025-03-18 08:29:00,2025-03-19 23:47:00.000000000,Training / Onboarding,Medium,Chat,39.3,False,4,False
TKT00005449,C00874,2025-04-19 18:23:00,2025-04-21 22:52:24.000000000,Account Management,Low,Chat,52.49,False,4,False
TKT00011130,C01859,2025-05-16 18:54:00,2025-05-19 13:47:24.000000000,Performance,Medium,Email,66.89,True,4,False
TKT00103076,C17888,2025-09-29 10:54:00,2025-09-29 21:06:36.000000000,Technical Issue,High,Support Portal,10.21,False,4,False
TKT00107537,C18716,2024-09-14 16:21:00,2024-09-15 05:54:00.000000000,Account Management,Medium,Email,13.55,False,4,False
TKT00061815,C10706,2025-04-14 11:52:00,2025-04-15 02:29:48.000000000,Integration,High,Support Portal,14.63,False,5,False
TKT00085287,C14750,2025-02-11 18:50:00,2025-02-13 10:53:36.000000000,Technical Issue,Medium,Email,40.06,False,5,False
TKT00016815,C02833,2025-06-18 17:56:00,2025-06-19 15:46:24.000000000,Account Management,Low,Phone,21.84,False,5,False
TKT00008942,C01488,2025-09-19 15:08:00,2025-09-20 17:03:48.000000000,Technical Issue,High,Phone,25.93,False,4,False
TKT00044744,C07744,2025-04-23 14:48:00,2025-04-23 22:03:36.000000000,Technical Issue,Critical,Chat,7.26,False,5,True
TKT00006356,C01042,2025-07-01 17:20:00,2025-07-02 22:09:12.000000000,Integration,Medium,Phone,28.82,False,4,False
TKT00098212,C17009,2025-09-10 12:01:00,2025-09-12 17:59:12.000000000,Technical Issue,Medium,Support Portal,53.97,False,4,False
TKT00047089,C08156,2024-12-25 11:10:00,2024-12-25 14:43:36.000000000,Performance,Critical,Support Portal,3.56,False,5,False
TKT00008256,C01372,2024-04-06 12:14:00,2024-04-07 06:46:24.000000000,Technical Issue,High,Email,18.54,False,5,False
TKT00104983,C18226,2025-10-17 15:24:00,2025-10-18 09:19:48.000000000,Integration,High,Chat,17.93,False,4,False
TKT00088777,C15348,2025-05-10 18:33:00,2025-05-12 14:34:48.000000000,Product Bug,Medium,Chat,44.03,False,4,False
TKT00007162,C01181,2025-02-05 17:40:00,2025-02-06 07:21:24.000000000,Training / Onboarding,High,Phone,13.69,False,4,False
TKT00096457,C16699,2024-11-08 17:47:00,2024-11-09 23:12:48.000000000,Training / Onboarding,Medium,Phone,29.43,False,4,False
TKT00097770,C16926,2025-12-16 08:40:00,2025-12-25 10:16:00.000000000,Integration,Low,Support Portal,217.6,False,4,False
TKT00085397,C14756,2025-05-31 12:14:00,2025-05-31 21:18:12.000000000,Billing,High,Chat,9.07,False,3,False
TKT00000573,C00093,2025-12-31 10:33:00,2026-01-03 13:27:00.000000000,Integration,Low,Support Portal,74.9,False,4,False
TKT00022810,C03845,2025-09-03 11:03:00,2025-09-04 01:52:48.000000000,Technical Issue,Medium,Chat,14.83,False,5,False
TKT00068403,C11808,2025-05-13 15:58:00,2025-05-14 09:51:24.000000000,Account Management,High,Email,17.89,False,4,False
TKT00036676,C06243,2024-10-09 14:11:00,2024-10-14 12:11:00.000000000,Product Bug,Low,Phone,118.0,False,3,False
TKT00019673,C03361,2025-08-06 16:23:00,2025-08-07 07:17:00.000000000,Technical Issue,High,Chat,14.9,False,5,False
TKT00096783,C16760,2024-03-03 13:03:00,2024-03-04 03:03:00.000000000,Billing,Medium,Support Portal,14.0,False,4,False
TKT00102209,C17736,2025-08-19 16:19:00,2025-08-20 15:57:24.000000000,Billing,Medium,Chat,23.64,False,5,False
TKT00008525,C01411,2024-12-08 10:26:00,2024-12-09 20:25:24.000000000,Training / Onboarding,Medium,Chat,33.99,False,4,False
TKT00026582,C04493,2025-04-17 09:44:00,2025-04-18 04:50:36.000000000,Billing,Medium,Email,19.11,False,3,False
TKT00043502,C07517,2025-06-26 08:56:00,2025-06-27 03:06:48.000000000,Technical Issue,Medium,Support Portal,18.18,False,4,False
TKT00070065,C12064,2024-07-21 15:21:00,2024-07-23 03:58:12.000000000,Technical Issue,Medium,Chat,36.62,False,3,False
TKT00045887,C07941,2025-09-11 08:38:00,2025-09-15 23:32:36.000000000,Technical Issue,Low,Email,110.91,False,4,False
TKT00032565,C05549,2025-07-20 10:14:00,2025-07-26 05:16:24.000000000,Feature Request,Medium,Email,139.04,False,4,False
TKT00009790,C01628,2025-03-07 18:32:00,2025-03-13 06:27:48.000000000,Training / Onboarding,Low,Support Portal,131.93,False,5,False
TKT00004640,C00743,2025-08-21 12:58:00,2025-08-21 17:12:24.000000000,Technical Issue,Critical,Support Portal,4.24,False,4,True
TKT00039359,C06731,2025-11-18 16:23:00,2025-11-18 19:30:12.000000000,Product Bug,Critical,Chat,3.12,False,5,False
TKT00096899,C16772,2025-01-07 11:19:00,2025-01-08 10:41:48.000000000,Account Management,Medium,Support Portal,23.38,False,5,False
TKT00076613,C13247,2025-03-04 18:04:00,2025-03-06 03:03:24.000000000,Integration,Medium,Email,32.99,False,4,False
TKT00053901,C09270,2025-02-25 09:46:00,2025-02-25 19:04:00.000000000,Technical Issue,Critical,Chat,9.3,False,4,True
TKT00067457,C11628,2025-10-03 12:20:00,2025-10-04 13:56:00.000000000,Technical Issue,Medium,Email,25.6,False,5,False
TKT00014504,C02433,2025-02-11 17:00:00,2025-02-13 20:25:12.000000000,Performance,Medium,Email,51.42,False,4,False
TKT00100682,C17465,2025-10-10 15:25:00,2025-10-12 19:05:48.000000000,Technical Issue,Medium,Chat,51.68,False,4,False
TKT00011864,C01985,2025-06-14 16:07:00,2025-06-15 09:10:35.999999999,Billing,Medium,Phone,17.06,False,4,False
TKT00063869,C11023,2025-05-01 08:43:00,2025-05-01 17:23:12.000000000,Performance,High,Phone,8.67,True,4,False
TKT00028205,C04793,2026-01-05 13:35:00,2026-01-11 02:01:59.999999999,Integration,Low,Chat,132.45,False,4,False
TKT00001771,C00310,2025-04-15 09:13:00,2025-04-16 23:49:36.000000000,Product Bug,Medium,Chat,38.61,False,5,False
TKT00032988,C05616,2025-03-23 18:40:00,2025-03-26 02:50:48.000000000,Billing,Low,Phone,56.18,False,4,False
TKT00016795,C02830,2024-05-09 16:11:00,2024-05-11 20:12:48.000000000,Feature Request,High,Email,52.03,False,4,False
TKT00019551,C03342,2024-03-19 09:31:00,2024-03-20 07:36:24.000000000,Account Management,Medium,Email,22.09,False,5,False
TKT00007525,C01235,2025-01-03 14:18:00,2025-01-04 02:12:00.000000000,Training / Onboarding,Critical,Phone,11.9,False,4,True
TKT00012493,C02071,2025-02-28 13:41:00,2025-03-01 05:49:59.999999999,Account Management,High,Email,16.15,False,5,True
TKT00061533,C10655,2025-08-29 13:10:00,2025-08-30 16:49:00.000000000,Product Bug,Medium,Chat,27.65,False,5,False
TKT00095739,C16575,2025-02-12 16:40:00,2025-02-13 23:55:00.000000000,Technical Issue,High,Chat,31.25,False,4,False
TKT00028103,C04784,2025-06-15 16:40:00,2025-06-16 01:32:48.000000000,Billing,High,Email,8.88,False,4,False
TKT00098265,C17023,2025-04-23 11:56:00,2025-04-24 17:44:36.000000000,Technical Issue,Medium,Phone,29.81,True,5,False
TKT00018966,C03238,2024-05-15 14:35:00,2024-05-24 17:33:12.000000000,Feature Request,Low,Email,218.97,True,4,False
TKT00064805,C11192,2025-08-19 16:58:00,2025-08-20 16:45:24.000000000,Product Bug,Medium,Email,23.79,False,4,False
TKT00048597,C08427,2025-09-22 17:57:00,2025-09-23 09:17:24.000000000,Product Bug,Medium,Chat,15.34,False,5,False
TKT00109101,C19018,2025-10-10 09:20:00,2025-10-11 12:10:24.000000000,Performance,Medium,Phone,26.84,False,4,False
TKT00034293,C05806,2025-07-03 09:24:00,2025-07-03 15:54:00.000000000,Training / Onboarding,High,Chat,6.5,False,4,False
TKT00013204,C02190,2025-08-26 17:01:00,2025-08-27 15:24:24.000000000,Billing,Medium,Support Portal,22.39,False,4,False
TKT00112584,C19628,2025-03-12 09:34:00,2025-03-16 21:37:36.000000000,Technical Issue,Low,Email,108.06,False,5,False
TKT00060285,C10432,2024-10-27 08:08:00,2024-11-01 05:53:00.000000000,Integration,Medium,Phone,117.75,False,5,False
TKT00059373,C10269,2025-09-04 12:51:00,2025-09-06 01:04:47.999999999,Integration,Medium,Chat,36.23,False,3,False
TKT00004422,C00711,2025-03-14 08:56:00,2025-03-14 23:30:12.000000000,Technical Issue,Medium,Support Portal,14.57,False,4,False
TKT00014020,C02329,2024-11-20 18:30:00,2024-11-21 09:04:48.000000000,Integration,High,Phone,14.58,False,4,True
TKT00058484,C10105,2025-12-22 08:47:00,2025-12-23 18:24:48.000000000,Feature Request,High,Email,33.63,False,4,False
TKT00002990,C00478,2025-08-06 12:52:00,2025-08-07 01:36:24.000000000,Billing,Medium,Support Portal,12.74,False,5,False
TKT00019288,C03293,2025-08-11 08:22:00,2025-08-12 13:27:24.000000000,Product Bug,Medium,Chat,29.09,False,3,False
TKT00037645,C06445,2025-08-29 09:59:00,2025-08-30 05:29:36.000000000,Technical Issue,Medium,Email,19.51,False,5,True
TKT00023345,C03928,2024-12-23 17:15:00,2024-12-28 11:19:48.000000000,Feature Request,Medium,Support Portal,114.08,True,4,False
TKT00064837,C11195,2025-03-08 14:55:00,2025-03-09 05:37:00.000000000,Billing,Medium,Chat,14.7,False,4,False
TKT00104154,C18063,2025-09-05 08:02:00,2025-09-05 12:16:24.000000000,Technical Issue,Critical,Chat,4.24,False,3,False
TKT00037739,C06460,2025-11-28 11:38:00,2025-12-01 11:56:00.000000000,Feature Request,Low,Support Portal,72.3,False,4,False
TKT00087667,C15143,2025-03-26 14:22:00,2025-03-31 00:34:00.000000000,Feature Request,Medium,Email,106.2,False,4,False
TKT00079750,C13862,2024-12-18 10:25:00,2024-12-20 00:56:48.000000000,Training / Onboarding,Low,Phone,38.53,False,5,False
TKT00101865,C17678,2025-11-01 15:01:00,2025-11-02 01:10:00.000000000,Technical Issue,High,Email,10.15,False,5,False
TKT00057566,C09950,2025-07-20 13:51:00,2025-07-21 17:06:36.000000000,Billing,Medium,Chat,27.26,False,4,False
TKT00102396,C17773,2025-09-30 08:19:00,2025-10-03 16:05:48.000000000,Product Bug,Low,Chat,79.78,False,3,False
TKT00036104,C06136,2025-01-27 14:35:00,2025-01-30 23:36:12.000000000,Integration,Low,Chat,81.02,False,4,False
TKT00026494,C04477,2025-12-14 13:03:00,2025-12-16 06:52:12.000000000,Technical Issue,Medium,Chat,41.82,True,3,False
TKT00090655,C15680,2025-06-24 08:10:00,2025-06-24 19:13:36.000000000,Product Bug,High,Email,11.06,False,3,False
TKT00019575,C03345,2025-11-10 16:47:00,2025-11-13 10:13:24.000000000,Product Bug,Medium,Email,65.44,False,4,False
TKT00085933,C14855,2025-05-29 14:46:00,2025-05-31 16:10:00.000000000,Integration,Medium,Chat,49.4,False,3,False
TKT00015195,C02552,2024-12-04 17:36:00,2024-12-05 18:57:00.000000000,Technical Issue,Medium,Email,25.35,False,3,False
TKT00112640,C19634,2025-11-08 12:00:00,2025-11-10 13:57:36.000000000,Technical Issue,Low,Phone,49.96,False,3,False
TKT00114438,C19947,2025-05-23 12:58:00,2025-05-24 03:06:24.000000000,Billing,Medium,Phone,14.14,False,4,False
TKT00018177,C03065,2026-01-01 18:00:00,2026-01-02 06:22:48.000000000,Account Management,High,Chat,12.38,False,4,False
TKT00013657,C02270,2024-02-26 17:23:00,2024-02-27 00:15:12.000000000,Billing,High,Support Portal,6.87,False,5,False
TKT00043659,C07553,2026-01-04 09:07:00,2026-01-04 17:28:35.999999999,Account Management,High,Email,8.36,False,4,True
TKT00109809,C19154,2025-12-15 17:17:00,2025-12-17 17:30:48.000000000,Product Bug,Medium,Phone,48.23,False,5,False
TKT00039068,C06683,2024-07-22 09:31:00,2024-07-23 18:22:00.000000000,Feature Request,High,Phone,32.85,True,5,False
TKT00018612,C03162,2025-07-17 15:49:00,2025-07-19 15:00:24.000000000,Integration,Low,Phone,47.19,False,5,False
TKT00111868,C19504,2024-02-16 08:09:00,2024-02-16 20:28:48.000000000,Integration,High,Chat,12.33,False,3,False
TKT00095554,C16527,2025-04-19 17:28:00,2025-04-21 10:12:24.000000000,Account Management,Low,Email,40.74,False,4,False
TKT00070975,C12218,2025-07-30 14:10:00,2025-07-31 21:13:36.000000000,Product Bug,Medium,Support Portal,31.06,True,4,False
TKT00084001,C14528,2025-07-07 10:54:00,2025-07-08 20:54:00.000000000,Performance,Medium,Email,34.0,False,4,False
TKT00091426,C15834,2024-09-24 17:22:00,2024-09-25 21:19:36.000000000,Technical Issue,Medium,Chat,27.96,False,4,False
TKT00024543,C04139,2025-03-14 14:10:00,2025-03-16 04:25:36.000000000,Product Bug,Medium,Phone,38.26,False,4,False
TKT00060706,C10503,2024-08-09 16:25:00,2024-08-11 03:23:12.000000000,Product Bug,Medium,Chat,34.97,False,4,False
TKT00057769,C09996,2025-11-05 11:52:00,2025-11-08 17:11:12.000000000,Training / Onboarding,Low,Email,77.32,False,2,False
TKT00015337,C02575,2024-03-08 17:21:00,2024-03-12 12:36:00.000000000,Product Bug,Low,Phone,91.25,False,3,False
TKT00103981,C18028,2025-09-29 16:58:00,2025-09-30 11:49:36.000000000,Technical Issue,Medium,Phone,18.86,False,3,False
TKT00060307,C10436,2025-04-14 09:12:00,2025-04-16 13:45:36.000000000,Integration,Medium,Support Portal,52.56,False,4,False
TKT00104809,C18181,2026-01-04 15:33:00,2026-01-05 01:36:00.000000000,Product Bug,High,Email,10.05,False,4,False
TKT00071735,C12333,2025-05-07 09:04:00,2025-05-11 16:56:48.000000000,Integration,Low,Phone,103.88,False,4,False
TKT00080485,C13989,2025-12-29 14:24:00,2025-12-31 10:10:48.000000000,Technical Issue,Low,Support Portal,43.78,False,4,False
TKT00045363,C07852,2025-01-01 12:13:00,2025-01-02 04:23:12.000000000,Technical Issue,High,Chat,16.17,False,4,True
TKT00111013,C19355,2024-07-06 10:13:00,2024-07-07 18:13:36.000000000,Product Bug,Medium,Email,32.01,True,2,False
TKT00023608,C03959,2025-04-08 12:02:00,2025-04-09 12:06:48.000000000,Product Bug,Medium,Phone,24.08,False,5,False
TKT00103840,C17995,2024-06-27 12:20:00,2024-06-28 18:22:24.000000000,Product Bug,Medium,Phone,30.04,False,3,False
TKT00020667,C03494,2024-12-29 15:49:00,2024-12-30 13:42:24.000000000,Integration,Medium,Email,21.89,False,5,False
TKT00084357,C14592,2025-10-23 11:04:00,2025-10-23 14:28:00.000000000,Account Management,Critical,Chat,3.4,False,5,False
TKT00054709,C09433,2025-04-11 09:00:00,2025-04-14 03:31:48.000000000,Product Bug,Low,Chat,66.53,False,5,False
TKT00048891,C08481,2024-10-19 18:59:00,2024-10-20 19:54:48.000000000,Product Bug,Medium,Phone,24.93,False,5,False
TKT00007428,C01220,2025-04-04 18:08:00,2025-04-06 01:58:24.000000000,Product Bug,Medium,Phone,31.84,False,4,True
TKT00073500,C12669,2025-12-10 18:12:00,2025-12-11 22:19:48.000000000,Integration,High,Email,28.13,False,4,False
TKT00070150,C12078,2024-04-14 16:34:00,2024-04-16 13:38:12.000000000,Account Management,Low,Email,45.07,False,4,False
TKT00095541,C16525,2025-05-11 10:34:00,2025-05-12 23:17:48.000000000,Training / Onboarding,Medium,Email,36.73,False,5,False
TKT00064284,C11106,2025-09-01 12:52:00,2025-09-04 13:14:12.000000000,Performance,Low,Support Portal,72.37,False,3,False
TKT00100127,C17345,2025-04-23 10:51:00,2025-04-25 20:39:00.000000000,Integration,Low,Chat,57.8,False,3,False
TKT00047907,C08299,2025-12-22 08:32:00,2025-12-26 00:42:48.000000000,Training / Onboarding,Low,Support Portal,88.18,False,3,False
TKT00096631,C16727,2025-06-12 11:34:00,2025-06-13 04:33:23.999999999,Performance,High,Phone,16.99,False,5,False
TKT00110056,C19194,2025-08-10 18:53:00,2025-08-11 03:07:24.000000000,Billing,Medium,Email,8.24,False,4,False
TKT00093573,C16215,2025-07-27 10:23:00,2025-07-29 17:47:36.000000000,Performance,Low,Email,55.41,False,3,True
TKT00047111,C08156,2025-09-12 14:50:00,2025-09-13 02:47:00.000000000,Technical Issue,Medium,Chat,11.95,False,4,False
TKT00058013,C10036,2025-05-10 16:41:00,2025-05-11 04:26:36.000000000,Account Management,High,Email,11.76,False,3,True
TKT00048358,C08387,2025-10-22 08:18:00,2025-10-22 22:34:12.000000000,Technical Issue,Medium,Phone,14.27,False,4,True
TKT00034051,C05762,2025-07-15 08:32:00,2025-07-15 16:44:36.000000000,Performance,High,Chat,8.21,True,4,False
TKT00085176,C14738,2025-12-10 18:50:00,2025-12-11 15:36:12.000000000,Integration,Medium,Email,20.77,False,4,False
TKT00052340,C09054,2025-03-25 18:14:00,2025-03-26 20:08:36.000000000,Account Management,Medium,Email,25.91,True,4,False
TKT00051453,C08908,2025-12-24 12:06:00,2025-12-26 04:22:48.000000000,Account Management,Medium,Phone,40.28,False,5,False
TKT00087437,C15106,2025-07-06 11:43:00,2025-07-08 18:10:00.000000000,Integration,Medium,Chat,54.45,False,3,False
TKT00087399,C15106,2024-02-02 11:07:00,2024-02-07 11:52:36.000000000,Performance,Low,Chat,120.76,False,4,False
TKT00068289,C11782,2025-11-29 10:58:00,2025-12-01 14:05:12.000000000,Feature Request,Medium,Chat,51.12,False,4,False
TKT00028963,C04919,2026-01-06 10:50:00,2026-01-07 07:29:00.000000000,Feature Request,High,Support Portal,20.65,False,4,False
TKT00081747,C14178,2024-11-22 15:56:00,2024-11-23 13:46:24.000000000,Technical Issue,High,Support Portal,21.84,True,3,False
TKT00080510,C14000,2025-01-20 16:12:00,2025-01-21 20:33:00.000000000,Integration,High,Phone,28.35,False,5,False
TKT00018627,C03164,2025-04-05 13:29:00,2025-04-05 23:27:12.000000000,Training / Onboarding,High,Email,9.97,False,4,False
TKT00005885,C00955,2024-08-05 10:38:00,2024-08-06 17:04:24.000000000,Technical Issue,Medium,Chat,30.44,False,4,False
TKT00056758,C09772,2024-12-13 17:56:00,2024-12-14 07:06:48.000000000,Billing,High,Chat,13.18,False,4,True
TKT00034892,C05901,2025-01-14 11:21:00,2025-01-16 08:47:24.000000000,Technical Issue,Medium,Email,45.44,False,4,False
TKT00109913,C19167,2025-09-06 16:24:00,2025-09-07 07:54:36.000000000,Product Bug,Medium,Chat,15.51,False,4,True
TKT00086077,C14873,2025-12-01 16:14:00,2025-12-03 11:02:36.000000000,Performance,Medium,Email,42.81,False,4,False
TKT00088652,C15339,2024-12-01 13:40:00,2024-12-06 21:28:36.000000000,Training / Onboarding,Medium,Support Portal,127.81,False,4,False
TKT00110849,C19336,2025-04-04 08:05:00,2025-04-05 04:29:36.000000000,Technical Issue,High,Chat,20.41,False,5,False
TKT00055339,C09538,2025-01-25 10:32:00,2025-01-31 13:05:00.000000000,Performance,Low,Support Portal,146.55,False,3,False
TKT00078243,C13544,2025-08-03 10:04:00,2025-08-05 22:04:36.000000000,Performance,Medium,Chat,60.01,False,4,False
TKT00104104,C18053,2025-12-02 16:18:00,2025-12-04 02:29:23.999999999,Feature Request,High,Email,34.19,True,4,False
TKT00109556,C19114,2024-09-17 18:24:00,2024-09-18 17:27:36.000000000,Product Bug,High,Support Portal,23.06,False,5,False
TKT00006594,C01080,2024-04-23 17:18:00,2024-04-26 00:44:24.000000000,Integration,Low,Support Portal,55.44,False,5,False
TKT00044445,C07693,2025-11-10 15:47:00,2025-11-11 07:37:24.000000000,Technical Issue,High,Phone,15.84,False,4,False
TKT00064568,C11138,2025-12-10 09:02:00,2025-12-11 16:36:48.000000000,Technical Issue,Medium,Email,31.58,False,4,False
TKT00048141,C08345,2025-04-26 18:00:00,2025-04-28 13:11:24.000000000,Integration,Low,Chat,43.19,False,5,False
TKT00099455,C17231,2025-03-08 13:32:00,2025-03-10 13:38:00.000000000,Account Management,Medium,Phone,48.1,False,4,True
TKT00098428,C17053,2025-05-17 12:16:00,2025-05-18 19:13:00.000000000,Account Management,Medium,Phone,30.95,False,3,False
TKT00026966,C04564,2025-08-16 11:24:00,2025-08-16 18:51:36.000000000,Billing,High,Chat,7.46,True,3,False
TKT00013143,C02180,2025-09-01 18:18:00,2025-09-02 15:10:12.000000000,Technical Issue,High,Chat,20.87,False,4,False
TKT00029490,C05021,2025-05-19 18:43:00,2025-05-20 19:50:12.000000000,Technical Issue,Medium,Phone,25.12,False,5,False
TKT00099342,C17212,2024-11-30 18:49:00,2024-12-01 06:58:36.000000000,Account Management,High,Chat,12.16,False,4,True
TKT00091569,C15869,2025-06-12 14:48:00,2025-06-13 07:42:36.000000000,Product Bug,High,Phone,16.91,False,5,False
TKT00056223,C09701,2025-04-10 12:33:00,2025-04-11 09:24:36.000000000,Technical Issue,Medium,Email,20.86,False,4,False
TKT00069557,C11990,2025-09-16 13:20:00,2025-09-18 11:31:24.000000000,Product Bug,Medium,Support Portal,46.19,False,4,False
TKT00081811,C14185,2025-08-04 16:29:00,2025-08-05 09:45:48.000000000,Billing,Medium,Support Portal,17.28,False,4,False
TKT00000264,C00027,2024-12-24 12:41:00,2024-12-25 14:26:36.000000000,Product Bug,High,Email,25.76,False,4,False
TKT00010325,C01716,2025-11-25 08:09:00,2025-11-27 19:42:00.000000000,Feature Request,Medium,Support Portal,59.55,False,3,False
TKT00038267,C06548,2025-05-10 16:06:00,2025-05-10 19:22:48.000000000,Technical Issue,Critical,Support Portal,3.28,False,4,False
TKT00110242,C19224,2025-10-30 15:20:00,2025-11-01 00:00:48.000000000,Performance,Medium,Phone,32.68,False,4,False
TKT00108437,C18895,2025-11-22 18:03:00,2025-11-22 20:07:48.000000000,Billing,Critical,Support Portal,2.08,False,4,True
TKT00041821,C07191,2025-11-20 12:18:00,2025-11-21 12:13:12.000000000,Product Bug,Medium,Chat,23.92,False,4,False
TKT00082364,C14279,2024-12-29 12:04:00,2024-12-30 07:11:12.000000000,Technical Issue,High,Email,19.12,False,4,False
TKT00037160,C06346,2025-01-26 09:45:00,2025-01-27 15:01:48.000000000,Billing,Low,Chat,29.28,False,3,False
TKT00108728,C18938,2024-08-30 12:54:00,2024-09-02 13:58:48.000000000,Integration,Medium,Email,73.08,False,4,False
TKT00008992,C01496,2025-03-01 13:51:00,2025-03-01 19:21:00.000000000,Performance,Critical,Support Portal,5.5,False,4,False
TKT00094985,C16423,2025-09-26 11:09:00,2025-09-28 07:33:36.000000000,Billing,Medium,Email,44.41,False,4,False
TKT00041386,C07102,2025-03-05 09:05:00,2025-03-05 22:00:12.000000000,Account Management,Medium,Chat,12.92,False,3,False
TKT00091438,C15834,2025-08-10 17:01:00,2025-08-11 10:09:59.999999999,Billing,Medium,Phone,17.15,False,4,False
TKT00039247,C06709,2025-02-23 16:22:00,2025-02-26 06:07:36.000000000,Integration,Medium,Email,61.76,True,4,False
TKT00105839,C18405,2025-12-05 09:46:00,2025-12-06 03:30:23.999999999,Integration,Medium,Phone,17.74,False,4,False
TKT00050741,C08807,2025-02-28 16:10:00,2025-03-02 22:16:36.000000000,Performance,Medium,Support Portal,54.11,False,4,False
TKT00058254,C10076,2025-07-13 14:55:00,2025-07-13 22:04:00.000000000,Billing,High,Chat,7.15,False,4,False
TKT00014545,C02440,2025-08-26 08:03:00,2025-08-29 10:32:24.000000000,Performance,Low,Phone,74.49,False,3,True
TKT00056556,C09745,2025-02-03 10:52:00,2025-02-04 00:25:36.000000000,Account Management,Medium,Chat,13.56,True,3,False
TKT00080314,C13964,2025-04-18 11:44:00,2025-04-21 09:35:36.000000000,Feature Request,Medium,Support Portal,69.86,False,4,False
TKT00037723,C06459,2024-12-25 17:14:00,2024-12-27 17:05:36.000000000,Technical Issue,Medium,Chat,47.86,False,4,False
TKT00050047,C08666,2026-01-04 13:44:00,2026-01-05 03:00:12.000000000,Technical Issue,Medium,Phone,13.27,False,3,False
TKT00053682,C09255,2025-10-12 08:28:00,2025-10-13 09:55:00.000000000,Account Management,Low,Chat,25.45,False,5,False
TKT00063840,C11018,2025-02-11 17:54:00,2025-02-12 00:29:24.000000000,Account Management,High,Email,6.59,False,5,False
TKT00068440,C11824,2025-04-08 17:45:00,2025-04-09 23:40:48.000000000,Performance,Medium,Support Portal,29.93,False,5,False
TKT00093440,C16190,2024-07-01 09:19:00,2024-07-03 09:44:12.000000000,Integration,Medium,Chat,48.42,False,5,False
TKT00081104,C14100,2025-08-19 08:49:00,2025-08-19 14:46:00.000000000,Training / Onboarding,Critical,Support Portal,5.95,False,4,True
TKT00013465,C02234,2024-09-26 11:59:00,2024-09-26 22:26:36.000000000,Technical Issue,High,Phone,10.46,False,5,False
TKT00062272,C10781,2024-10-16 14:46:00,2024-10-18 10:12:24.000000000,Product Bug,Medium,Phone,43.44,False,4,False
TKT00043791,C07588,2025-12-25 11:13:00,2025-12-29 23:07:36.000000000,Technical Issue,Low,Phone,107.91,False,2,False
TKT00007058,C01172,2025-01-24 12:04:00,2025-01-25 02:25:00.000000000,Technical Issue,High,Email,14.35,False,4,False
TKT00112730,C19651,2024-08-11 15:12:00,2024-08-13 14:30:36.000000000,Feature Request,Medium,Chat,47.31,False,5,False
TKT00006145,C00995,2025-06-30 15:39:00,2025-07-01 14:23:24.000000000,Integration,High,Email,22.74,False,3,True
TKT00066710,C11509,2025-12-14 09:25:00,2025-12-15 11:37:36.000000000,Integration,High,Email,26.21,False,5,False
TKT00066786,C11516,2025-08-03 10:46:00,2025-08-04 15:11:12.000000000,Technical Issue,Low,Phone,28.42,False,4,False
TKT00075613,C13043,2025-03-13 16:14:00,2025-03-15 05:43:24.000000000,Performance,Low,Email,37.49,False,4,False
TKT00113634,C19827,2025-05-09 14:01:00,2025-05-10 19:07:00.000000000,Product Bug,Medium,Email,29.1,False,4,False
TKT00105626,C18359,2025-06-16 11:41:00,2025-06-17 19:42:12.000000000,Performance,Medium,Chat,32.02,False,3,False
TKT00091268,C15802,2025-09-23 10:16:00,2025-09-23 15:00:24.000000000,Feature Request,Critical,Chat,4.74,False,5,False
TKT00024606,C04151,2025-01-08 13:09:00,2025-01-11 18:40:48.000000000,Performance,Low,Email,77.53,False,4,False
TKT00036125,C06140,2025-09-20 15:34:00,2025-09-24 03:44:48.000000000,Performance,Medium,Chat,84.18,False,2,True
TKT00052032,C09002,2024-12-26 09:37:00,2024-12-27 08:23:48.000000000,Performance,High,Support Portal,22.78,False,3,True
TKT00101708,C17642,2025-01-14 08:01:00,2025-01-15 18:32:12.000000000,Feature Request,High,Email,34.52,False,4,False
TKT00070498,C12135,2025-07-03 10:50:00,2025-07-04 19:09:48.000000000,Technical Issue,Medium,Chat,32.33,False,4,False
TKT00053260,C09185,2024-10-26 18:32:00,2024-10-28 19:44:00.000000000,Feature Request,Medium,Phone,49.2,False,4,False
TKT00018740,C03197,2025-04-17 17:35:00,2025-04-20 11:33:12.000000000,Feature Request,High,Phone,65.97,False,3,False
TKT00037448,C06402,2025-05-07 13:33:00,2025-05-12 00:21:00.000000000,Performance,Low,Phone,106.8,False,5,False
TKT00096131,C16637,2025-12-13 10:27:00,2025-12-15 23:27:00.000000000,Performance,Medium,Email,61.0,False,2,True
TKT00097765,C16926,2025-07-15 13:38:00,2025-07-16 07:33:12.000000000,Performance,High,Chat,17.92,True,5,False
TKT00072893,C12562,2025-04-20 11:27:00,2025-04-21 01:57:36.000000000,Technical Issue,High,Phone,14.51,False,5,False
TKT00070067,C12064,2024-08-02 16:48:00,2024-08-03 07:35:24.000000000,Feature Request,High,Support Portal,14.79,False,4,False
TKT00104540,C18136,2025-07-09 16:40:00,2025-07-12 05:20:48.000000000,Product Bug,Low,Phone,60.68,False,4,False
TKT00101253,C17579,2025-07-29 12:02:00,2025-07-31 02:05:00.000000000,Technical Issue,Medium,Phone,38.05,False,4,False
TKT00044127,C07628,2025-06-03 08:05:00,2025-06-03 11:11:36.000000000,Billing,Critical,Chat,3.11,False,4,True
TKT00075803,C13097,2024-08-08 12:01:00,2024-08-09 22:35:12.000000000,Training / Onboarding,Low,Email,34.57,False,4,False
TKT00059161,C10219,2024-09-29 13:29:00,2024-10-02 14:06:47.999999999,Product Bug,Medium,Chat,72.63,False,4,False
TKT00029326,C04987,2025-09-10 14:53:00,2025-09-11 03:49:24.000000000,Performance,High,Support Portal,12.94,False,5,False
TKT00020825,C03513,2025-09-20 17:36:00,2025-09-21 23:54:00.000000000,Integration,Medium,Phone,30.3,False,4,False
TKT00042655,C07347,2024-06-22 17:37:00,2024-06-24 11:21:24.000000000,Technical Issue,Low,Phone,41.74,True,4,False
TKT00056246,C09704,2025-02-01 08:18:00,2025-02-02 19:03:36.000000000,Integration,Medium,Phone,34.76,False,4,False
TKT00016116,C02711,2025-04-30 17:46:00,2025-05-01 23:10:00.000000000,Product Bug,Medium,Email,29.4,False,4,False
TKT00041297,C07080,2025-08-19 12:17:00,2025-08-19 22:58:24.000000000,Product Bug,High,Chat,10.69,False,5,False
TKT00033881,C05739,2024-12-04 13:26:00,2024-12-06 11:11:36.000000000,Technical Issue,Medium,Chat,45.76,False,5,False
TKT00082616,C14327,2024-10-06 17:56:00,2024-10-08 18:06:48.000000000,Product Bug,Medium,Chat,48.18,False,4,False
TKT00098604,C17099,2025-11-10 11:17:00,2025-11-11 21:57:12.000000000,Product Bug,Medium,Phone,34.67,False,3,False
TKT00003288,C00521,2024-01-30 11:27:00,2024-02-02 10:12:00.000000000,Performance,Medium,Chat,70.75,False,4,False
TKT00071282,C12257,2025-06-06 10:11:00,2025-06-09 16:00:12.000000000,Technical Issue,Low,Chat,77.82,False,4,False
TKT00084393,C14601,2025-08-03 15:13:00,2025-08-04 22:58:36.000000000,Performance,Medium,Chat,31.76,False,5,False
TKT00075884,C13118,2024-07-23 18:44:00,2024-07-26 12:21:47.999999999,Feature Request,Medium,Chat,65.63,False,4,False
TKT00053915,C09272,2024-09-07 14:16:00,2024-09-13 03:22:36.000000000,Integration,Low,Email,133.11,False,4,False
TKT00081053,C14095,2024-04-04 15:45:00,2024-04-05 19:26:24.000000000,Billing,Medium,Chat,27.69,False,4,False
TKT00030482,C05192,2025-04-08 16:41:00,2025-04-09 23:29:36.000000000,Technical Issue,Medium,Phone,30.81,False,5,False
TKT00037914,C06494,2024-05-08 11:08:00,2024-05-09 10:24:48.000000000,Performance,Medium,Support Portal,23.28,False,5,False
TKT00059919,C10349,2025-11-06 13:23:00,2025-11-10 00:19:24.000000000,Performance,Medium,Email,82.94,False,3,False
TKT00111953,C19505,2025-12-18 11:31:00,2025-12-22 06:25:36.000000000,Performance,Low,Support Portal,90.91,False,4,False
TKT00018714,C03195,2024-03-09 14:44:00,2024-03-10 12:37:24.000000000,Integration,High,Chat,21.89,False,4,False
TKT00076782,C13275,2024-08-28 14:10:00,2024-08-28 23:06:24.000000000,Integration,Critical,Email,8.94,False,4,False
TKT00104472,C18104,2024-12-06 14:54:00,2024-12-07 22:35:24.000000000,Feature Request,High,Phone,31.69,True,5,False
TKT00046950,C08131,2025-06-01 17:03:00,2025-06-02 16:03:36.000000000,Account Management,Medium,Phone,23.01,False,4,False
TKT00014362,C02401,2024-05-03 10:43:00,2024-05-10 10:31:36.000000000,Feature Request,Medium,Support Portal,167.81,False,4,False
TKT00060167,C10403,2025-03-21 09:08:00,2025-03-23 04:02:36.000000000,Technical Issue,Low,Phone,42.91,False,4,False
TKT00001108,C00181,2025-04-27 12:27:00,2025-04-28 21:24:00.000000000,Technical Issue,Medium,Phone,32.95,False,5,False
TKT00110606,C19298,2025-04-23 09:12:00,2025-04-27 13:51:36.000000000,Feature Request,Low,Support Portal,100.66,False,3,False
TKT00076633,C13247,2025-10-28 18:05:00,2025-10-29 04:38:36.000000000,Account Management,Medium,Email,10.56,False,4,False
TKT00092038,C15958,2025-05-18 18:26:00,2025-05-19 17:24:48.000000000,Integration,High,Chat,22.98,True,3,False
TKT00060454,C10459,2025-09-14 18:42:00,2025-09-16 04:37:48.000000000,Performance,Medium,Phone,33.93,False,4,False
TKT00012577,C02080,2026-01-05 16:56:00,2026-01-08 02:00:48.000000000,Technical Issue,Low,Support Portal,57.08,False,3,False
TKT00075005,C12933,2025-10-20 18:54:00,2025-10-24 00:38:24.000000000,Performance,Low,Email,77.74,False,4,False
TKT00049195,C08528,2025-06-02 12:02:00,2025-06-04 01:53:36.000000000,Technical Issue,Medium,Chat,37.86,True,4,False
TKT00039789,C06822,2025-02-18 08:38:00,2025-02-19 19:34:23.999999999,Product Bug,High,Chat,34.94,False,4,False
TKT00011115,C01854,2025-12-09 18:51:00,2025-12-10 20:33:00.000000000,Technical Issue,Medium,Support Portal,25.7,False,5,False
TKT00107017,C18612,2025-07-25 17:54:00,2025-07-28 06:19:12.000000000,Technical Issue,Medium,Phone,60.42,False,3,False
TKT00028163,C04788,2025-03-21 13:32:00,2025-03-22 15:08:36.000000000,Billing,Medium,Support Portal,25.61,False,4,False
TKT00052915,C09130,2025-04-17 10:11:00,2025-04-18 21:15:12.000000000,Billing,Medium,Chat,35.07,False,5,False
TKT00020167,C03408,2025-05-29 13:14:00,2025-05-31 19:39:48.000000000,Technical Issue,Low,Phone,54.43,False,4,False
TKT00064021,C11055,2024-07-20 15:20:00,2024-07-22 23:48:48.000000000,Product Bug,Medium,Email,56.48,False,5,False
TKT00068610,C11848,2025-07-06 15:54:00,2025-07-08 00:27:36.000000000,Account Management,Medium,Email,32.56,False,5,False
TKT00098742,C17123,2025-06-20 11:08:00,2025-06-21 18:59:00.000000000,Product Bug,Medium,Phone,31.85,False,4,False
TKT00025777,C04357,2024-06-22 08:00:00,2024-06-25 00:30:00.000000000,Performance,Low,Chat,64.5,False,3,False
TKT00037674,C06451,2025-12-13 16:53:00,2025-12-15 20:23:36.000000000,Integration,Medium,Email,51.51,False,5,False
TKT00067061,C11558,2025-07-20 12:10:00,2025-07-21 17:08:12.000000000,Performance,Medium,Chat,28.97,False,5,True
TKT00066222,C11423,2025-05-22 10:26:00,2025-05-23 22:27:48.000000000,Performance,Medium,Chat,36.03,False,4,False
TKT00098438,C17057,2025-07-07 16:06:00,2025-07-08 23:44:24.000000000,Training / Onboarding,Medium,Support Portal,31.64,False,4,False
TKT00104807,C18181,2025-10-16 18:59:00,2025-10-18 02:07:24.000000000,Technical Issue,Medium,Support Portal,31.14,False,4,False
TKT00008093,C01345,2025-01-25 10:27:00,2025-01-28 13:52:48.000000000,Performance,Low,Phone,75.43,False,3,False
TKT00078904,C13692,2024-05-21 18:07:00,2024-05-23 08:52:00.000000000,Feature Request,Medium,Phone,38.75,False,5,False
TKT00056858,C09784,2025-02-12 12:29:00,2025-02-14 22:25:24.000000000,Product Bug,Medium,Chat,57.94,False,4,False
TKT00006981,C01157,2025-02-18 17:15:00,2025-02-22 00:28:12.000000000,Feature Request,Medium,Email,79.22,False,4,False
TKT00104103,C18053,2025-11-14 15:47:00,2025-11-16 23:11:36.000000000,Technical Issue,Medium,Chat,55.41,False,3,False
TKT00018440,C03125,2025-02-20 17:35:00,2025-02-22 07:11:36.000000000,Billing,Low,Email,37.61,False,5,False
TKT00110819,C19330,2025-11-02 16:26:00,2025-11-05 00:08:36.000000000,Performance,Medium,Phone,55.71,False,3,True
TKT00082347,C14277,2025-10-04 08:12:00,2025-10-05 14:46:12.000000000,Billing,Medium,Chat,30.57,False,4,False
TKT00109427,C19080,2025-06-06 09:47:00,2025-06-07 03:47:00.000000000,Billing,Medium,Support Portal,18.0,False,3,False
TKT00074236,C12791,2025-06-10 10:50:00,2025-06-10 23:35:36.000000000,Billing,High,Email,12.76,False,4,False
TKT00105987,C18435,2024-09-01 16:47:00,2024-09-02 11:48:48.000000000,Integration,High,Chat,19.03,False,5,False
TKT00070965,C12215,2025-04-20 09:25:00,2025-04-26 07:31:00.000000000,Integration,Low,Phone,142.1,False,5,False
TKT00103414,C17933,2025-05-10 18:18:00,2025-05-11 23:16:48.000000000,Billing,Medium,Support Portal,28.98,False,4,False
TKT00086971,C15045,2025-12-08 17:57:00,2025-12-11 00:44:24.000000000,Account Management,Low,Chat,54.79,False,3,False
TKT00030382,C05179,2025-05-26 09:35:00,2025-05-26 10:23:36.000000000,Billing,Critical,Phone,0.81,False,4,False
TKT00098793,C17133,2025-10-04 15:00:00,2025-10-05 14:04:12.000000000,Product Bug,Medium,Email,23.07,False,5,False
TKT00038596,C06599,2025-02-20 08:43:00,2025-02-22 05:26:12.000000000,Integration,High,Email,44.72,False,4,False
TKT00021415,C03612,2025-05-21 09:21:00,2025-05-22 14:48:36.000000000,Account Management,Low,Support Portal,29.46,False,5,False
TKT00094314,C16313,2025-09-15 13:10:00,2025-09-15 23:37:36.000000000,Technical Issue,High,Chat,10.46,False,4,False
TKT00051705,C08957,2024-12-06 17:31:00,2024-12-08 16:11:48.000000000,Performance,Low,Chat,46.68,False,4,False
TKT00040670,C06957,2025-02-23 18:13:00,2025-02-26 03:14:48.000000000,Account Management,Low,Chat,57.03,False,4,True
TKT00025058,C04238,2025-12-17 17:10:00,2025-12-19 12:04:36.000000000,Technical Issue,Medium,Support Portal,42.91,False,5,False
TKT00037769,C06466,2024-09-24 09:31:00,2024-09-29 06:44:48.000000000,Technical Issue,Low,Email,117.23,False,4,False
TKT00056737,C09770,2025-03-26 18:53:00,2025-03-30 06:32:36.000000000,Technical Issue,Medium,Chat,83.66,False,4,False
TKT00056449,C09732,2025-11-18 17:42:00,2025-11-20 00:49:12.000000000,Account Management,Medium,Chat,31.12,False,4,True
TKT00100100,C17338,2025-09-11 17:33:00,2025-09-12 16:17:24.000000000,Product Bug,Medium,Chat,22.74,False,4,False
TKT00037108,C06334,2025-10-09 13:44:00,2025-10-10 15:04:24.000000000,Billing,Low,Email,25.34,False,4,False
TKT00052934,C09132,2025-11-15 12:19:00,2025-11-16 15:01:36.000000000,Account Management,Medium,Support Portal,26.71,False,5,False
TKT00090340,C15630,2025-06-23 15:25:00,2025-06-24 07:02:12.000000000,Technical Issue,High,Support Portal,15.62,False,4,False
TKT00089018,C15394,2025-03-11 08:52:00,2025-03-12 20:15:24.000000000,Feature Request,High,Email,35.39,False,5,False
TKT00005721,C00929,2025-11-27 08:52:00,2025-12-02 16:08:48.000000000,Integration,Medium,Phone,127.28,False,4,False
TKT00077618,C13407,2024-06-16 09:29:00,2024-06-17 07:19:24.000000000,Technical Issue,Medium,Phone,21.84,True,5,False
TKT00024070,C04058,2025-03-03 15:41:00,2025-03-07 16:23:00.000000000,Product Bug,Low,Email,96.7,False,3,False
TKT00060281,C10432,2024-05-02 12:39:00,2024-05-04 03:39:36.000000000,Product Bug,High,Phone,39.01,True,3,False
TKT00092419,C16025,2025-04-25 09:34:00,2025-04-26 00:51:24.000000000,Account Management,High,Phone,15.29,False,4,False
TKT00010117,C01673,2025-03-25 11:47:00,2025-03-26 07:18:12.000000000,Product Bug,High,Support Portal,19.52,False,4,False
TKT00080551,C14008,2025-12-01 10:14:00,2025-12-01 13:03:48.000000000,Billing,Critical,Support Portal,2.83,False,4,True
TKT00082058,C14227,2025-10-16 08:33:00,2025-10-17 09:09:00.000000000,Technical Issue,Medium,Email,24.6,False,4,False
TKT00097093,C16803,2024-08-29 14:03:00,2024-09-04 07:29:24.000000000,Performance,Low,Chat,137.44,False,4,False
TKT00022190,C03731,2025-10-27 15:33:00,2025-10-29 06:55:48.000000000,Product Bug,Medium,Email,39.38,False,4,False
TKT00087361,C15097,2025-11-29 17:54:00,2025-12-01 16:56:24.000000000,Technical Issue,Low,Chat,47.04,False,3,False
TKT00105795,C18390,2025-07-18 16:20:00,2025-07-20 23:39:12.000000000,Feature Request,Medium,Support Portal,55.32,False,5,False
TKT00077909,C13468,2025-12-24 17:10:00,2025-12-25 22:13:00.000000000,Account Management,Medium,Email,29.05,True,4,False
TKT00020074,C03403,2024-10-30 17:35:00,2024-10-31 14:57:12.000000000,Billing,Medium,Email,21.37,False,5,False
TKT00008054,C01333,2025-11-13 16:02:00,2025-11-16 18:51:12.000000000,Technical Issue,Low,Phone,74.82,False,3,False
TKT00065964,C11374,2025-03-17 09:37:00,2025-03-18 19:47:48.000000000,Technical Issue,Medium,Chat,34.18,False,4,False
TKT00065254,C11265,2025-10-07 14:50:00,2025-10-09 13:54:12.000000000,Feature Request,Medium,Email,47.07,False,4,False
TKT00054247,C09343,2025-04-14 11:36:00,2025-04-15 00:45:36.000000000,Account Management,Medium,Phone,13.16,False,4,False
TKT00111070,C19361,2025-11-13 16:23:00,2025-11-14 08:36:11.999999999,Technical Issue,Medium,Email,16.22,False,5,False
TKT00045873,C07940,2024-02-26 17:56:00,2024-02-26 23:58:24.000000000,Technical Issue,High,Phone,6.04,True,4,False
TKT00037153,C06342,2025-10-21 14:38:00,2025-10-23 11:06:12.000000000,Product Bug,Medium,Phone,44.47,False,4,False
TKT00039846,C06829,2026-01-05 17:49:00,2026-01-06 05:55:00.000000000,Technical Issue,High,Support Portal,12.1,False,4,False
TKT00035274,C05980,2024-05-22 12:26:00,2024-05-22 19:26:36.000000000,Integration,Critical,Chat,7.01,False,4,False
TKT00008602,C01422,2025-04-15 14:50:00,2025-04-17 02:47:00.000000000,Product Bug,Medium,Chat,35.95,False,5,False
TKT00007129,C01176,2025-07-05 13:48:00,2025-07-06 11:03:00.000000000,Technical Issue,Medium,Email,21.25,False,4,False
TKT00053506,C09221,2025-07-20 09:05:00,2025-07-20 22:36:48.000000000,Technical Issue,High,Email,13.53,False,4,False
TKT00012723,C02109,2024-12-24 17:33:00,2024-12-27 11:57:36.000000000,Integration,Medium,Phone,66.41,False,4,False
TKT00048694,C08445,2025-02-09 13:22:00,2025-02-10 00:59:12.000000000,Billing,High,Phone,11.62,False,5,False
TKT00073652,C12698,2025-08-04 15:15:00,2025-08-04 16:45:00.000000000,Billing,Critical,Phone,1.5,False,4,False
TKT00083145,C14405,2024-10-24 10:21:00,2024-10-24 16:03:36.000000000,Performance,Critical,Email,5.71,False,5,False
TKT00068395,C11807,2025-05-11 14:47:00,2025-05-18 00:14:36.000000000,Integration,Low,Support Portal,153.46,False,5,False
TKT00104903,C18210,2024-12-30 08:14:00,2024-12-30 18:07:24.000000000,Performance,High,Chat,9.89,True,4,False
TKT00107742,C18752,2025-10-01 08:56:00,2025-10-03 00:30:12.000000000,Performance,Medium,Email,39.57,False,2,True
TKT00063774,C11010,2025-04-18 12:28:00,2025-04-18 21:47:48.000000000,Account Management,High,Email,9.33,False,4,False
TKT00112767,C19662,2025-09-24 15:25:00,2025-10-03 06:37:36.000000000,Performance,Medium,Chat,207.21,False,4,False
TKT00029116,C04952,2025-01-16 12:52:00,2025-01-18 08:16:36.000000000,Product Bug,Medium,Email,43.41,False,4,False
TKT00010570,C01754,2025-10-31 14:47:00,2025-11-05 16:47:00.000000000,Integration,Low,Chat,122.0,False,5,False
TKT00057923,C10032,2024-06-19 10:04:00,2024-06-22 11:25:36.000000000,Feature Request,Medium,Phone,73.36,False,4,False
TKT00056261,C09708,2025-12-09 08:21:00,2025-12-09 19:34:12.000000000,Integration,Critical,Phone,11.22,False,3,True
TKT00105524,C18344,2025-04-30 16:26:00,2025-05-02 15:53:00.000000000,Technical Issue,High,Email,47.45,False,4,False
TKT00003657,C00577,2024-11-01 11:36:00,2024-11-07 11:39:36.000000000,Integration,Low,Support Portal,144.06,True,4,False
TKT00087018,C15048,2025-12-11 15:26:00,2025-12-14 22:44:36.000000000,Integration,Low,Phone,79.31,False,3,False
TKT00107173,C18646,2024-10-25 17:29:00,2024-10-26 18:38:00.000000000,Feature Request,High,Chat,25.15,False,4,False
TKT00026128,C04408,2025-06-05 11:35:00,2025-06-06 21:23:36.000000000,Feature Request,Medium,Phone,33.81,False,5,False
TKT00099339,C17212,2024-07-29 10:31:00,2024-07-30 05:11:12.000000000,Product Bug,High,Email,18.67,False,2,True
TKT00025460,C04309,2025-11-09 11:36:00,2025-11-10 08:50:24.000000000,Training / Onboarding,Medium,Support Portal,21.24,False,4,False
TKT00064873,C11203,2025-03-20 09:10:00,2025-03-21 06:03:24.000000000,Integration,Medium,Phone,20.89,False,3,False
TKT00007624,C01250,2025-03-07 17:07:00,2025-03-08 20:50:48.000000000,Product Bug,Medium,Email,27.73,False,4,False
TKT00045852,C07934,2025-08-18 10:44:00,2025-08-21 09:00:48.000000000,Integration,Medium,Chat,70.28,False,5,False
TKT00006542,C01063,2025-08-12 08:09:00,2025-08-14 01:52:12.000000000,Product Bug,Medium,Email,41.72,False,3,False
TKT00065194,C11257,2025-01-20 08:17:00,2025-01-21 23:47:00.000000000,Technical Issue,Low,Support Portal,39.5,False,4,False
TKT00096062,C16623,2024-11-30 16:56:00,2024-12-02 20:32:36.000000000,Training / Onboarding,Low,Phone,51.61,False,4,False
TKT00015751,C02661,2024-07-14 13:48:00,2024-07-14 19:15:36.000000000,Billing,High,Support Portal,5.46,False,4,False
TKT00038805,C06633,2025-01-30 09:15:00,2025-01-31 08:47:24.000000000,Technical Issue,Medium,Email,23.54,False,4,False
TKT00111793,C19494,2025-04-12 16:14:00,2025-04-14 01:10:23.999999999,Technical Issue,Low,Email,32.94,False,4,False
TKT00087013,C15048,2025-08-19 13:56:00,2025-08-23 18:35:36.000000000,Product Bug,Low,Chat,100.66,False,3,False
TKT00058565,C10117,2024-12-26 09:54:00,2024-12-29 19:00:00.000000000,Technical Issue,Low,Phone,81.1,False,3,False
TKT00000479,C00073,2025-04-01 18:47:00,2025-04-02 11:32:36.000000000,Product Bug,High,Support Portal,16.76,False,4,False
TKT00068821,C11868,2024-12-19 16:51:00,2024-12-20 18:12:00.000000000,Account Management,Medium,Phone,25.35,False,4,False
TKT00049314,C08549,2025-07-02 09:18:00,2025-07-03 02:20:24.000000000,Integration,High,Phone,17.04,False,4,False
TKT00018622,C03163,2025-07-08 18:42:00,2025-07-11 07:40:12.000000000,Feature Request,Medium,Email,60.97,False,4,False
TKT00109274,C19059,2025-12-22 15:19:00,2025-12-23 16:16:36.000000000,Performance,Medium,Support Portal,24.96,False,4,False
TKT00062393,C10799,2024-12-09 15:19:00,2024-12-10 12:34:36.000000000,Technical Issue,Medium,Chat,21.26,False,5,False
TKT00033421,C05672,2025-03-11 14:15:00,2025-03-13 10:37:48.000000000,Technical Issue,Medium,Chat,44.38,False,3,False
TKT00036338,C06183,2025-05-24 13:21:00,2025-05-26 01:25:12.000000000,Feature Request,Medium,Email,36.07,False,4,False
TKT00046115,C07979,2024-09-04 13:46:00,2024-09-04 19:33:24.000000000,Account Management,High,Support Portal,5.79,True,4,False
TKT00058080,C10050,2025-08-16 09:04:00,2025-08-17 04:27:24.000000000,Account Management,Medium,Phone,19.39,False,4,True
TKT00032187,C05485,2026-01-09 13:16:00,2026-01-10 07:30:24.000000000,Technical Issue,High,Chat,18.24,False,4,False
TKT00059362,C10261,2025-07-31 08:01:00,2025-08-01 02:07:36.000000000,Integration,High,Chat,18.11,False,4,False
TKT00000202,C00019,2024-07-27 09:59:00,2024-07-27 18:05:00.000000000,Training / Onboarding,High,Phone,8.1,False,4,True
TKT00014122,C02356,2025-11-01 11:21:00,2025-11-03 12:52:12.000000000,Billing,Low,Support Portal,49.52,False,4,False
TKT00006515,C01061,2025-11-07 12:34:00,2025-11-08 12:55:36.000000000,Technical Issue,Medium,Support Portal,24.36,False,4,False
TKT00099064,C17170,2025-04-23 09:51:00,2025-04-26 15:20:24.000000000,Technical Issue,Low,Email,77.49,False,4,False
TKT00080724,C14035,2025-07-15 18:53:00,2025-07-16 10:40:24.000000000,Technical Issue,High,Support Portal,15.79,False,3,False
TKT00032818,C05590,2025-03-06 14:24:00,2025-03-07 17:07:48.000000000,Billing,Low,Email,26.73,False,4,False
TKT00095104,C16438,2025-09-27 17:18:00,2025-09-29 19:55:12.000000000,Training / Onboarding,Medium,Support Portal,50.62,False,4,False
TKT00108983,C18986,2025-01-31 11:11:00,2025-01-31 20:04:24.000000000,Account Management,High,Email,8.89,False,3,True
TKT00063701,C10999,2025-12-15 16:33:00,2025-12-16 18:07:48.000000000,Technical Issue,Medium,Support Portal,25.58,False,3,False
TKT00095829,C16584,2024-12-18 09:09:00,2024-12-18 21:43:12.000000000,Technical Issue,High,Phone,12.57,False,4,False
TKT00030019,C05114,2025-03-23 09:32:00,2025-03-24 21:04:24.000000000,Integration,Medium,Support Portal,35.54,False,5,False
TKT00054750,C09438,2025-12-09 08:43:00,2025-12-16 03:05:48.000000000,Feature Request,Low,Email,162.38,False,4,False
TKT00080418,C13977,2025-04-28 16:21:00,2025-04-30 04:11:24.000000000,Product Bug,Medium,Email,35.84,False,3,False
TKT00100494,C17429,2024-09-19 08:33:00,2024-09-20 00:52:47.999999999,Technical Issue,High,Support Portal,16.33,False,5,False
TKT00100398,C17392,2025-10-25 15:00:00,2025-10-27 10:36:00.000000000,Product Bug,Medium,Email,43.6,False,5,False
TKT00074402,C12822,2024-10-16 13:10:00,2024-10-17 10:53:12.000000000,Training / Onboarding,Medium,Support Portal,21.72,False,5,False
TKT00081209,C14110,2024-12-23 18:28:00,2024-12-28 03:32:48.000000000,Product Bug,Medium,Email,105.08,False,3,False
TKT00056243,C09703,2026-01-07 16:05:00,2026-01-08 05:03:12.000000000,Account Management,High,Support Portal,12.97,False,4,False
TKT00093171,C16156,2025-10-30 11:06:00,2025-10-31 14:33:36.000000000,Technical Issue,Medium,Email,27.46,True,3,False
TKT00006214,C01020,2025-08-21 18:36:00,2025-08-24 14:12:36.000000000,Technical Issue,Medium,Chat,67.61,False,4,False
TKT00032181,C05485,2025-11-04 10:14:00,2025-11-05 19:44:00.000000000,Product Bug,Medium,Chat,33.5,False,4,False
TKT00054218,C09336,2025-09-23 15:44:00,2025-09-24 01:38:36.000000000,Billing,High,Email,9.91,True,3,False
TKT00108886,C18959,2025-10-19 08:37:00,2025-10-21 10:52:36.000000000,Product Bug,Medium,Phone,50.26,False,5,False
TKT00001984,C00334,2025-08-23 17:01:00,2025-08-24 15:28:00.000000000,Integration,Medium,Support Portal,22.45,False,3,False
TKT00061075,C10586,2025-02-08 10:27:00,2025-02-12 20:10:48.000000000,Product Bug,Low,Email,105.73,False,4,False
TKT00048175,C08351,2024-10-17 18:57:00,2024-10-22 18:44:24.000000000,Feature Request,Low,Support Portal,119.79,False,4,False
TKT00088770,C15347,2025-12-17 11:28:00,2025-12-20 15:33:24.000000000,Performance,Low,Email,76.09,False,4,False
TKT00059834,C10335,2025-10-01 18:03:00,2025-10-03 05:27:35.999999999,Technical Issue,Medium,Chat,35.41,False,5,True
TKT00046343,C08014,2025-09-21 09:10:00,2025-09-23 06:28:36.000000000,Performance,Medium,Support Portal,45.31,False,4,False
TKT00000040,C00003,2025-10-01 13:32:00,2025-10-01 22:13:59.999999999,Product Bug,High,Email,8.7,False,3,False
TKT00029937,C05100,2025-09-15 13:28:00,2025-09-15 19:53:48.000000000,Product Bug,Critical,Chat,6.43,False,4,True
TKT00010444,C01738,2024-08-13 14:13:00,2024-08-14 04:54:24.000000000,Performance,High,Phone,14.69,False,4,False
TKT00063149,C10930,2025-07-25 10:06:00,2025-07-27 09:37:48.000000000,Integration,Medium,Chat,47.53,False,3,False
TKT00113222,C19759,2025-02-01 14:02:00,2025-02-06 23:24:48.000000000,Feature Request,Medium,Phone,129.38,False,3,False
TKT00112830,C19683,2025-06-12 17:39:00,2025-06-16 06:58:12.000000000,Performance,Low,Phone,85.32,False,4,True
TKT00033733,C05718,2024-09-09 18:39:00,2024-09-13 05:18:00.000000000,Training / Onboarding,Low,Email,82.65,False,4,False
TKT00088188,C15251,2025-11-22 11:52:00,2025-11-24 07:41:12.000000000,Billing,Low,Email,43.82,False,3,False
TKT00000140,C00012,2025-06-13 08:44:00,2025-06-13 15:57:12.000000000,Billing,High,Chat,7.22,False,3,False
TKT00052468,C09072,2025-01-27 16:03:00,2025-01-28 18:18:00.000000000,Technical Issue,Medium,Chat,26.25,False,4,False
TKT00098611,C17101,2024-07-26 09:11:00,2024-07-28 01:23:00.000000000,Performance,Medium,Support Portal,40.2,False,5,False
TKT00021899,C03688,2024-12-18 13:57:00,2024-12-19 01:10:48.000000000,Billing,High,Chat,11.23,False,3,True
TKT00006764,C01108,2025-10-17 12:27:00,2025-10-18 10:43:12.000000000,Performance,Medium,Email,22.27,False,4,False
TKT00052441,C09068,2025-10-05 13:31:00,2025-10-06 19:11:48.000000000,Training / Onboarding,High,Chat,29.68,False,4,False
TKT00068971,C11901,2025-05-09 10:49:00,2025-05-12 18:08:48.000000000,Feature Request,Medium,Phone,79.33,False,4,False
TKT00094473,C16344,2025-11-21 10:06:00,2025-11-25 03:05:24.000000000,Technical Issue,Medium,Email,88.99,False,4,False
TKT00013006,C02159,2024-06-22 16:28:00,2024-06-29 13:42:24.000000000,Product Bug,Low,Chat,165.24,False,3,False
TKT00065650,C11327,2025-04-29 14:54:00,2025-05-01 08:01:12.000000000,Technical Issue,High,Chat,41.12,False,3,False
TKT00080941,C14069,2025-11-11 13:01:00,2025-11-14 15:58:36.000000000,Technical Issue,Low,Support Portal,74.96,False,3,False
TKT00081355,C14128,2025-01-14 17:57:00,2025-01-16 07:01:48.000000000,Account Management,Medium,Email,37.08,False,5,False
TKT00027885,C04737,2025-10-21 10:32:00,2025-10-24 14:12:12.000000000,Product Bug,Low,Phone,75.67,False,3,False
TKT00047823,C08279,2024-11-01 12:32:00,2024-11-01 19:56:36.000000000,Technical Issue,Critical,Phone,7.41,False,4,True
TKT00031487,C05376,2025-12-18 10:05:00,2025-12-19 19:03:47.999999999,Technical Issue,Medium,Chat,32.98,False,3,False
TKT00100672,C17464,2025-07-25 09:07:00,2025-07-29 21:05:48.000000000,Product Bug,Low,Email,107.98,False,3,False
TKT00092472,C16031,2025-11-14 09:47:00,2025-11-15 08:13:24.000000000,Technical Issue,Medium,Chat,22.44,False,4,False
TKT00044816,C07752,2024-06-30 08:40:00,2024-07-11 13:07:35.999999999,Feature Request,Low,Phone,268.46,False,5,False
TKT00100192,C17357,2024-04-21 12:43:00,2024-04-22 08:40:00.000000000,Technical Issue,High,Phone,19.95,False,4,False
TKT00109865,C19158,2025-05-11 17:14:00,2025-05-12 21:54:12.000000000,Technical Issue,Medium,Phone,28.67,False,4,False
TKT00051261,C08883,2025-10-03 14:06:00,2025-10-04 08:00:36.000000000,Account Management,Medium,Chat,17.91,False,4,False
TKT00074327,C12811,2025-09-18 14:37:00,2025-09-26 11:19:00.000000000,Feature Request,Low,Chat,188.7,False,4,False
TKT00076729,C13262,2025-08-28 17:38:00,2025-09-01 00:59:00.000000000,Technical Issue,Low,Phone,79.35,False,3,False
TKT00052627,C09094,2025-04-18 10:51:00,2025-04-20 05:31:12.000000000,Technical Issue,Medium,Support Portal,42.67,False,4,False
TKT00034635,C05858,2024-11-21 14:14:00,2024-11-22 16:41:00.000000000,Technical Issue,Medium,Phone,26.45,False,5,False
TKT00069400,C11969,2025-10-14 13:53:00,2025-10-16 04:11:36.000000000,Performance,High,Email,38.31,False,3,True
TKT00068216,C11765,2025-08-01 09:59:00,2025-08-02 04:06:12.000000000,Product Bug,High,Email,18.12,False,5,True
TKT00028665,C04875,2025-01-25 11:55:00,2025-01-27 16:26:12.000000000,Product Bug,Medium,Chat,52.52,True,3,False
TKT00011587,C01932,2025-06-06 12:26:00,2025-06-08 03:49:24.000000000,Integration,Medium,Phone,39.39,False,4,False
TKT00062332,C10790,2025-11-25 16:26:00,2025-11-27 01:54:47.999999999,Account Management,Low,Email,33.48,False,4,False
TKT00076996,C13311,2024-10-29 12:50:00,2024-10-30 20:32:36.000000000,Account Management,Medium,Email,31.71,False,4,False
TKT00105540,C18345,2024-11-28 15:47:00,2024-11-28 22:48:48.000000000,Integration,Critical,Chat,7.03,False,4,False
TKT00087153,C15057,2025-10-03 09:09:00,2025-10-04 00:15:00.000000000,Performance,High,Chat,15.1,False,4,False
TKT00002736,C00441,2025-12-12 15:13:00,2025-12-12 21:44:48.000000000,Technical Issue,Critical,Email,6.53,False,3,True
TKT00038479,C06579,2024-11-08 10:43:00,2024-11-09 07:57:24.000000000,Performance,High,Phone,21.24,True,3,True
TKT00064725,C11182,2025-03-29 14:45:00,2025-03-30 14:07:12.000000000,Performance,Medium,Phone,23.37,False,5,False
TKT00009106,C01519,2024-08-16 12:51:00,2024-08-20 05:00:36.000000000,Feature Request,Medium,Chat,88.16,False,4,False
TKT00042861,C07397,2025-07-04 08:41:00,2025-07-04 22:53:00.000000000,Technical Issue,High,Email,14.2,False,4,False
TKT00004818,C00780,2025-11-18 10:27:00,2025-11-21 14:57:00.000000000,Integration,Low,Support Portal,76.5,False,3,False
TKT00049765,C08624,2025-10-23 08:24:00,2025-10-23 16:25:47.999999999,Technical Issue,High,Chat,8.03,False,3,True
TKT00112787,C19669,2025-11-08 08:47:00,2025-11-09 18:05:36.000000000,Performance,Medium,Chat,33.31,False,4,False
TKT00063031,C10910,2025-11-19 14:53:00,2025-11-20 21:13:24.000000000,Technical Issue,High,Chat,30.34,False,4,False
TKT00113072,C19738,2025-06-20 09:26:00,2025-06-20 14:09:12.000000000,Performance,Critical,Chat,4.72,False,3,False
TKT00107690,C18741,2024-08-25 08:19:00,2024-08-30 05:38:12.000000000,Technical Issue,Low,Support Portal,117.32,False,4,False
TKT00064249,C11101,2025-06-23 12:14:00,2025-06-24 04:39:12.000000000,Billing,Medium,Email,16.42,False,5,False
TKT00054350,C09370,2025-03-12 09:00:00,2025-03-12 15:48:36.000000000,Integration,Critical,Email,6.81,False,4,False
TKT00079035,C13723,2024-09-02 13:59:00,2024-09-03 10:49:24.000000000,Performance,Medium,Phone,20.84,False,3,False
TKT00021975,C03710,2025-05-09 13:53:00,2025-05-09 21:14:00.000000000,Feature Request,Critical,Phone,7.35,False,4,False
TKT00072699,C12519,2025-11-06 12:45:00,2025-11-08 15:30:36.000000000,Technical Issue,Medium,Support Portal,50.76,False,3,False
TKT00040347,C06908,2025-09-15 18:35:00,2025-09-17 19:39:12.000000000,Training / Onboarding,Medium,Support Portal,49.07,False,3,False
TKT00004897,C00797,2024-09-16 09:47:00,2024-09-17 07:11:36.000000000,Feature Request,High,Phone,21.41,False,4,True
TKT00004023,C00627,2024-05-15 10:10:00,2024-05-17 23:37:00.000000000,Technical Issue,Medium,Support Portal,61.45,False,4,False
TKT00076043,C13139,2025-04-19 10:17:00,2025-04-20 18:17:36.000000000,Training / Onboarding,Medium,Chat,32.01,False,4,False
TKT00021354,C03599,2025-12-26 09:58:00,2025-12-27 01:37:00.000000000,Billing,Medium,Phone,15.65,False,4,False
TKT00039088,C06692,2025-04-13 16:23:00,2025-04-15 23:00:48.000000000,Product Bug,Low,Email,54.63,False,3,False
TKT00008951,C01491,2025-05-17 12:41:00,2025-05-18 15:36:12.000000000,Billing,Medium,Support Portal,26.92,False,5,False
TKT00014685,C02461,2025-08-10 09:32:00,2025-08-10 13:34:24.000000000,Technical Issue,Critical,Chat,4.04,False,3,False
TKT00044824,C07753,2025-04-20 14:33:00,2025-04-22 03:54:36.000000000,Product Bug,High,Support Portal,37.36,False,4,True
TKT00105311,C18293,2025-12-29 11:29:00,2025-12-31 00:15:12.000000000,Performance,Medium,Chat,36.77,False,4,False
TKT00018882,C03219,2025-03-29 14:16:00,2025-03-30 07:41:48.000000000,Product Bug,High,Support Portal,17.43,False,4,False
TKT00048951,C08489,2025-01-29 18:44:00,2025-01-30 18:48:12.000000000,Technical Issue,Medium,Support Portal,24.07,False,5,False
TKT00045656,C07907,2025-01-24 16:18:00,2025-01-25 21:29:24.000000000,Product Bug,High,Support Portal,29.19,False,5,False
TKT00076307,C13182,2025-12-28 11:16:00,2025-12-29 12:38:12.000000000,Product Bug,Medium,Chat,25.37,False,3,False
TKT00048764,C08458,2024-10-23 18:36:00,2024-10-23 22:04:12.000000000,Technical Issue,Critical,Support Portal,3.47,True,3,False
TKT00047273,C08185,2024-04-12 11:10:00,2024-04-13 12:39:24.000000000,Billing,Medium,Support Portal,25.49,False,4,False
TKT00052482,C09075,2024-06-23 16:42:00,2024-06-24 04:06:36.000000000,Product Bug,High,Support Portal,11.41,False,4,False
TKT00027826,C04714,2025-09-26 13:13:00,2025-09-28 18:02:12.000000000,Technical Issue,Low,Email,52.82,False,5,False
TKT00080158,C13931,2025-08-23 08:00:00,2025-08-24 18:07:48.000000000,Technical Issue,Medium,Chat,34.13,False,5,False
TKT00067964,C11721,2024-10-10 10:42:00,2024-10-11 07:07:48.000000000,Performance,High,Email,20.43,False,4,False
TKT00008046,C01326,2026-01-11 17:37:00,2026-01-15 17:54:24.000000000,Feature Request,Medium,Support Portal,96.29,False,4,False
TKT00038648,C06615,2025-07-18 13:37:00,2025-07-20 21:50:48.000000000,Technical Issue,Medium,Support Portal,56.23,False,5,False
TKT00113768,C19844,2025-11-01 18:45:00,2025-11-02 19:19:48.000000000,Technical Issue,Medium,Support Portal,24.58,False,4,False
TKT00103994,C18037,2025-08-10 14:16:00,2025-08-11 02:06:24.000000000,Billing,High,Phone,11.84,False,3,False
TKT00097816,C16933,2024-12-06 18:42:00,2024-12-09 11:58:48.000000000,Product Bug,Low,Chat,65.28,False,4,True
TKT00084065,C14539,2024-11-13 09:34:00,2024-11-13 20:39:24.000000000,Billing,Medium,Phone,11.09,False,4,False
TKT00084642,C14641,2024-12-12 12:11:00,2024-12-12 21:45:48.000000000,Technical Issue,Medium,Chat,9.58,False,4,False
TKT00112388,C19595,2024-12-17 12:10:00,2024-12-18 16:07:36.000000000,Product Bug,Medium,Support Portal,27.96,False,4,False
TKT00098861,C17143,2025-03-17 11:25:00,2025-03-18 12:15:24.000000000,Performance,Medium,Chat,24.84,False,3,False
TKT00089582,C15488,2025-02-19 10:13:00,2025-02-20 18:43:00.000000000,Technical Issue,Low,Email,32.5,False,4,False
TKT00110256,C19227,2025-02-23 11:36:00,2025-02-25 11:36:00.000000000,Billing,Low,Chat,48.0,False,4,False
TKT00076837,C13283,2025-03-25 09:28:00,2025-03-25 18:59:48.000000000,Technical Issue,High,Email,9.53,False,4,True
TKT00107767,C18756,2025-05-23 18:28:00,2025-05-25 08:48:24.000000000,Performance,Low,Email,38.34,False,4,False
TKT00012784,C02129,2025-11-15 16:10:00,2025-11-16 21:16:00.000000000,Product Bug,High,Email,29.1,False,5,False
TKT00005751,C00937,2024-09-25 17:24:00,2024-09-27 13:52:12.000000000,Integration,Medium,Email,44.47,False,4,False
TKT00014056,C02339,2025-04-18 08:08:00,2025-04-18 23:48:12.000000000,Technical Issue,High,Support Portal,15.67,True,3,False
TKT00058325,C10084,2026-01-01 12:22:00,2026-01-02 22:04:00.000000000,Technical Issue,Medium,Email,33.7,False,5,False
TKT00037853,C06484,2024-06-16 10:30:00,2024-06-19 19:48:00.000000000,Billing,Low,Chat,81.3,False,4,False
TKT00080681,C14029,2025-11-28 17:58:00,2025-11-30 05:25:00.000000000,Training / Onboarding,Low,Email,35.45,False,4,False
TKT00108788,C18944,2024-05-28 18:25:00,2024-05-31 06:07:36.000000000,Performance,Low,Support Portal,59.71,False,3,False
TKT00061629,C10676,2025-02-02 11:07:00,2025-02-04 10:05:12.000000000,Billing,Low,Chat,46.97,False,4,False
TKT00020845,C03517,2025-03-10 14:11:00,2025-03-11 20:38:00.000000000,Integration,Medium,Chat,30.45,False,4,False
TKT00083634,C14487,2025-02-28 14:09:00,2025-03-05 05:59:24.000000000,Technical Issue,Low,Email,111.84,False,4,False
TKT00058086,C10051,2025-04-30 13:17:00,2025-05-05 09:38:00.000000000,Product Bug,Low,Support Portal,116.35,False,3,False
TKT00034810,C05893,2024-11-27 16:27:00,2024-11-28 15:21:36.000000000,Training / Onboarding,Medium,Phone,22.91,False,4,False
TKT00055797,C09624,2024-11-10 17:47:00,2024-11-12 06:23:36.000000000,Product Bug,Medium,Chat,36.61,False,5,False
TKT00017907,C03037,2024-07-05 12:11:00,2024-07-06 03:50:36.000000000,Product Bug,Medium,Phone,15.66,False,4,False
TKT00113081,C19738,2025-10-20 12:03:00,2025-10-21 22:20:59.999999999,Technical Issue,Medium,Phone,34.3,False,3,False
TKT00067803,C11692,2024-09-05 17:36:00,2024-09-07 15:55:12.000000000,Performance,Medium,Chat,46.32,True,3,False
TKT00062529,C10828,2025-10-01 16:55:00,2025-10-04 03:19:00.000000000,Integration,Medium,Email,58.4,False,5,False
TKT00034502,C05837,2025-08-01 16:54:00,2025-08-02 23:23:24.000000000,Billing,Medium,Support Portal,30.49,False,4,False
TKT00092948,C16116,2024-08-31 16:09:00,2024-08-31 21:36:00.000000000,Technical Issue,High,Phone,5.45,False,5,False
TKT00021979,C03710,2025-07-16 13:54:00,2025-07-18 11:10:48.000000000,Integration,Medium,Email,45.28,False,5,False
TKT00016099,C02710,2024-08-16 13:20:00,2024-08-16 21:38:36.000000000,Performance,Critical,Chat,8.31,False,4,False
TKT00039700,C06804,2024-10-01 18:14:00,2024-10-02 00:33:48.000000000,Technical Issue,High,Email,6.33,False,3,False
TKT00091696,C15887,2024-12-14 09:33:00,2024-12-14 19:54:36.000000000,Billing,High,Support Portal,10.36,False,5,False
TKT00020798,C03508,2025-10-04 15:29:00,2025-10-06 12:35:00.000000000,Technical Issue,Medium,Email,45.1,False,4,False
TKT00048132,C08339,2025-11-28 14:45:00,2025-11-28 17:49:12.000000000,Billing,High,Chat,3.07,False,3,False
TKT00046602,C08061,2024-12-13 15:09:00,2024-12-14 05:04:12.000000000,Integration,High,Phone,13.92,False,4,True
TKT00092396,C16024,2025-05-22 18:28:00,2025-05-24 01:13:00.000000000,Technical Issue,Low,Support Portal,30.75,False,4,False
TKT00113178,C19750,2025-10-31 14:11:00,2025-11-02 20:06:48.000000000,Integration,Medium,Chat,53.93,False,4,False
TKT00084968,C14694,2025-08-02 17:56:00,2025-08-04 04:48:11.999999999,Performance,High,Phone,34.87,False,5,False
TKT00097985,C16953,2025-11-22 09:30:00,2025-11-22 21:55:48.000000000,Technical Issue,Medium,Support Portal,12.43,False,4,False
TKT00005105,C00824,2024-10-07 09:58:00,2024-10-08 00:54:24.000000000,Billing,High,Phone,14.94,True,4,False
TKT00001231,C00208,2025-03-30 18:52:00,2025-04-02 03:06:24.000000000,Technical Issue,Low,Support Portal,56.24,False,3,False
TKT00050517,C08759,2025-11-18 16:37:00,2025-11-20 04:52:36.000000000,Billing,Low,Chat,36.26,False,4,False
TKT00045325,C07841,2024-05-31 16:31:00,2024-06-01 01:53:48.000000000,Billing,High,Email,9.38,False,4,False
TKT00114630,C19973,2025-12-22 16:56:00,2025-12-23 05:21:12.000000000,Performance,High,Email,12.42,False,5,False
TKT00018419,C03114,2025-10-25 11:36:00,2025-10-27 03:01:48.000000000,Technical Issue,Low,Support Portal,39.43,False,4,False
TKT00044818,C07752,2025-01-07 14:44:00,2025-01-08 14:00:12.000000000,Account Management,Medium,Phone,23.27,False,4,False
TKT00114566,C19963,2025-06-05 09:27:00,2025-06-06 17:12:36.000000000,Technical Issue,Medium,Chat,31.76,False,4,False
TKT00046104,C07978,2025-07-21 14:06:00,2025-07-22 19:15:36.000000000,Technical Issue,Medium,Chat,29.16,False,4,False
TKT00025750,C04355,2025-11-05 15:08:00,2025-11-06 14:02:36.000000000,Account Management,High,Email,22.91,False,3,True
TKT00058541,C10114,2025-12-10 18:13:00,2025-12-10 20:50:12.000000000,Account Management,Critical,Chat,2.62,False,4,False
TKT00032304,C05497,2025-07-20 12:39:00,2025-07-23 05:29:24.000000000,Technical Issue,Low,Support Portal,64.84,False,4,False
TKT00114355,C19929,2024-04-04 08:54:00,2024-04-07 04:17:24.000000000,Feature Request,Medium,Chat,67.39,False,5,False
TKT00043260,C07480,2025-03-07 17:45:00,2025-03-08 05:49:12.000000000,Performance,High,Support Portal,12.07,False,4,False
TKT00108600,C18931,2024-08-21 12:17:00,2024-08-23 04:13:24.000000000,Technical Issue,Low,Phone,39.94,False,4,False
TKT00012078,C02004,2025-12-03 14:11:00,2025-12-05 06:51:48.000000000,Account Management,Low,Support Portal,40.68,False,4,False
TKT00108387,C18890,2024-12-02 11:33:00,2024-12-03 01:55:48.000000000,Billing,High,Email,14.38,False,4,False
TKT00079246,C13765,2025-10-24 10:34:00,2025-10-28 17:56:12.000000000,Feature Request,Medium,Email,103.37,False,4,False
TKT00084569,C14623,2025-12-21 17:53:00,2025-12-22 09:38:36.000000000,Performance,High,Chat,15.76,True,4,False
TKT00066838,C11525,2024-10-13 10:01:00,2024-10-15 10:47:12.000000000,Product Bug,Medium,Email,48.77,False,4,False
TKT00081480,C14137,2025-11-30 15:38:00,2025-12-04 02:08:00.000000000,Technical Issue,Medium,Phone,82.5,False,5,False
TKT00026570,C04493,2024-12-28 09:10:00,2024-12-28 23:34:00.000000000,Technical Issue,High,Support Portal,14.4,True,3,False
TKT00081163,C14104,2024-12-12 17:45:00,2024-12-14 13:48:36.000000000,Product Bug,Medium,Email,44.06,False,5,False
TKT00112098,C19537,2025-05-01 12:32:00,2025-05-02 19:21:12.000000000,Technical Issue,Medium,Chat,30.82,False,4,False
TKT00090566,C15671,2025-05-05 17:11:00,2025-05-06 11:10:23.999999999,Integration,High,Email,17.99,True,3,False
TKT00002272,C00377,2024-09-12 15:24:00,2024-09-17 10:03:00.000000000,Technical Issue,Low,Phone,114.65,False,5,False
TKT00007390,C01212,2025-04-27 09:09:00,2025-04-27 20:29:24.000000000,Training / Onboarding,High,Email,11.34,True,3,False
TKT00056712,C09762,2025-11-10 13:46:00,2025-11-13 14:22:36.000000000,Product Bug,Low,Support Portal,72.61,False,4,False
TKT00039656,C06797,2025-04-14 18:06:00,2025-04-15 15:09:36.000000000,Performance,Medium,Phone,21.06,False,3,False
TKT00092053,C15960,2026-01-09 12:13:00,2026-01-10 05:55:00.000000000,Product Bug,Medium,Chat,17.7,False,4,False
TKT00058801,C10169,2025-11-03 17:45:00,2025-11-03 20:33:36.000000000,Billing,Critical,Support Portal,2.81,False,4,False
TKT00005309,C00855,2024-06-22 08:19:00,2024-06-23 21:58:00.000000000,Training / Onboarding,Medium,Email,37.65,False,5,False
TKT00045414,C07863,2025-02-05 10:00:00,2025-02-06 23:52:48.000000000,Performance,Medium,Chat,37.88,False,5,False
TKT00031690,C05409,2025-10-06 14:27:00,2025-10-08 19:42:36.000000000,Feature Request,High,Chat,53.26,False,3,False
TKT00007125,C01176,2025-03-18 12:16:00,2025-03-18 15:00:24.000000000,Integration,Critical,Email,2.74,True,2,False
TKT00080509,C14000,2024-11-06 16:28:00,2024-11-08 06:20:48.000000000,Technical Issue,Medium,Email,37.88,False,5,False
TKT00112020,C19522,2024-02-06 08:43:00,2024-02-08 15:49:00.000000000,Training / Onboarding,Low,Email,55.1,False,3,False
TKT00007138,C01177,2025-10-27 18:31:00,2025-10-28 20:05:48.000000000,Integration,Medium,Support Portal,25.58,False,5,False
TKT00086986,C15046,2025-03-20 09:17:00,2025-03-27 07:12:48.000000000,Feature Request,Medium,Email,165.93,False,4,False
TKT00056485,C09736,2024-09-07 08:26:00,2024-09-11 02:33:48.000000000,Product Bug,Low,Email,90.13,False,4,False
TKT00031168,C05302,2025-02-07 14:11:00,2025-02-09 09:12:12.000000000,Integration,High,Chat,43.02,True,4,False
TKT00012991,C02156,2025-07-07 08:51:00,2025-07-07 21:42:36.000000000,Training / Onboarding,High,Email,12.86,False,3,False
TKT00050154,C08678,2024-10-22 08:32:00,2024-10-24 20:24:48.000000000,Integration,Medium,Chat,59.88,False,3,False
TKT00042434,C07305,2025-05-09 16:51:00,2025-05-10 09:43:12.000000000,Billing,Medium,Phone,16.87,False,3,False
TKT00007340,C01201,2024-09-11 11:34:00,2024-09-12 18:10:00.000000000,Technical Issue,Medium,Support Portal,30.6,False,4,False
TKT00100313,C17378,2025-11-23 16:56:00,2025-11-24 13:53:00.000000000,Billing,Low,Email,20.95,False,5,False
TKT00048464,C08405,2025-05-08 11:03:00,2025-05-10 00:36:36.000000000,Technical Issue,Medium,Email,37.56,False,4,False
TKT00019493,C03331,2025-06-29 15:52:00,2025-06-30 07:26:12.000000000,Technical Issue,High,Email,15.57,False,4,True
TKT00013646,C02269,2024-11-14 08:48:00,2024-11-15 06:59:24.000000000,Training / Onboarding,High,Chat,22.19,False,5,False
TKT00059216,C10229,2025-05-18 18:19:00,2025-05-19 10:59:12.000000000,Training / Onboarding,Medium,Email,16.67,False,3,False
TKT00068790,C11862,2025-07-27 10:27:00,2025-07-27 16:37:48.000000000,Technical Issue,Critical,Phone,6.18,True,4,False
TKT00018988,C03241,2024-10-27 13:19:00,2024-10-28 03:19:36.000000000,Technical Issue,High,Chat,14.01,False,4,False
TKT00018821,C03210,2025-12-29 09:28:00,2025-12-30 12:20:48.000000000,Product Bug,Medium,Chat,26.88,False,4,False
TKT00064796,C11191,2024-04-10 17:40:00,2024-04-15 03:49:00.000000000,Feature Request,Low,Chat,106.15,False,3,False
TKT00108426,C18893,2024-07-25 12:12:00,2024-07-26 11:49:48.000000000,Product Bug,Medium,Chat,23.63,False,4,False
TKT00016911,C02856,2024-12-24 15:27:00,2024-12-25 16:10:48.000000000,Performance,Medium,Chat,24.73,False,3,True
TKT00100730,C17481,2026-01-08 12:53:00,2026-01-09 01:26:00.000000000,Technical Issue,High,Chat,12.55,False,4,True
TKT00079681,C13853,2025-01-12 14:14:00,2025-01-16 17:43:24.000000000,Integration,Low,Chat,99.49,False,4,False
TKT00100778,C17493,2025-02-17 11:43:00,2025-02-17 21:07:36.000000000,Technical Issue,High,Phone,9.41,False,5,False
TKT00018479,C03132,2025-03-15 15:53:00,2025-03-18 15:09:48.000000000,Integration,Medium,Email,71.28,True,3,False
TKT00085369,C14755,2025-09-30 15:20:00,2025-10-01 07:55:24.000000000,Technical Issue,High,Support Portal,16.59,False,5,False
TKT00031781,C05425,2025-01-12 08:37:00,2025-01-12 20:18:24.000000000,Account Management,High,Support Portal,11.69,False,4,False
TKT00026450,C04468,2025-08-15 10:47:00,2025-08-16 10:31:24.000000000,Technical Issue,Medium,Chat,23.74,False,5,False
TKT00011947,C01997,2025-05-26 11:11:00,2025-05-28 09:58:24.000000000,Performance,Low,Phone,46.79,False,4,False
TKT00044531,C07714,2025-09-29 17:34:00,2025-10-01 22:49:00.000000000,Product Bug,High,Support Portal,53.25,False,4,False
TKT00034881,C05901,2024-06-21 09:26:00,2024-06-22 12:48:12.000000000,Integration,Medium,Support Portal,27.37,False,4,False
TKT00003936,C00609,2025-08-10 18:32:00,2025-08-13 15:57:48.000000000,Integration,Low,Phone,69.43,False,3,False
TKT00028565,C04858,2025-09-19 09:24:00,2025-09-20 00:22:12.000000000,Integration,High,Phone,14.97,False,4,False
TKT00073022,C12585,2025-02-07 17:45:00,2025-02-10 00:44:24.000000000,Billing,Low,Chat,54.99,False,4,False
TKT00112434,C19601,2025-12-08 15:46:00,2025-12-12 00:24:24.000000000,Performance,Medium,Phone,80.64,False,4,False
TKT00041729,C07167,2025-11-20 18:27:00,2025-11-22 10:37:12.000000000,Product Bug,High,Email,40.17,False,4,True
TKT00001541,C00257,2024-12-29 11:44:00,2024-12-30 21:11:00.000000000,Technical Issue,Medium,Phone,33.45,False,4,False
TKT00040628,C06948,2024-05-28 17:14:00,2024-05-30 01:14:36.000000000,Technical Issue,Medium,Email,32.01,False,5,False
TKT00066239,C11426,2025-07-16 08:43:00,2025-07-16 22:56:48.000000000,Training / Onboarding,High,Support Portal,14.23,False,4,False
TKT00104428,C18099,2025-03-12 16:56:00,2025-03-14 09:55:24.000000000,Technical Issue,Low,Chat,40.99,False,4,False
TKT00029442,C05011,2024-11-12 13:46:00,2024-11-13 00:47:12.000000000,Technical Issue,High,Phone,11.02,False,4,False
TKT00036874,C06288,2025-11-19 18:14:00,2025-11-20 21:40:24.000000000,Technical Issue,Medium,Support Portal,27.44,False,5,False
TKT00032564,C05549,2025-07-18 14:49:00,2025-07-19 01:40:00.000000000,Technical Issue,Medium,Email,10.85,False,4,False
TKT00107877,C18794,2025-06-09 09:36:00,2025-06-10 08:22:12.000000000,Product Bug,Medium,Email,22.77,False,4,False
TKT00009683,C01603,2024-12-23 10:38:00,2024-12-24 17:48:12.000000000,Integration,Medium,Email,31.17,False,5,False
TKT00069644,C12001,2025-04-12 08:43:00,2025-04-14 21:21:24.000000000,Product Bug,Medium,Support Portal,60.64,False,3,True
TKT00010619,C01758,2025-08-22 11:20:00,2025-08-24 02:48:12.000000000,Account Management,Low,Chat,39.47,False,4,False
TKT00050184,C08679,2025-04-28 14:02:00,2025-04-29 11:26:36.000000000,Training / Onboarding,Medium,Support Portal,21.41,False,5,False
TKT00007963,C01311,2024-08-26 08:08:00,2024-08-27 03:47:00.000000000,Billing,Medium,Chat,19.65,False,3,False
TKT00076325,C13191,2024-06-14 14:10:00,2024-06-15 04:13:36.000000000,Product Bug,Medium,Email,14.06,False,4,False
TKT00079713,C13856,2025-03-16 09:38:00,2025-03-18 00:08:00.000000000,Product Bug,Medium,Email,38.5,False,4,False
TKT00017680,C03006,2024-12-29 14:35:00,2024-12-30 01:33:48.000000000,Product Bug,High,Email,10.98,False,4,False
TKT00090968,C15734,2025-12-17 16:44:00,2025-12-18 11:59:36.000000000,Billing,Medium,Chat,19.26,False,3,False
TKT00084321,C14589,2025-09-01 13:19:00,2025-09-02 05:58:36.000000000,Product Bug,High,Chat,16.66,False,4,True
TKT00094169,C16297,2025-04-18 09:38:00,2025-04-19 16:51:12.000000000,Training / Onboarding,High,Phone,31.22,False,4,False
TKT00092085,C15964,2025-04-18 12:25:00,2025-04-20 12:58:00.000000000,Feature Request,Medium,Support Portal,48.55,False,5,False
TKT00102996,C17875,2025-04-23 10:18:00,2025-04-24 14:18:36.000000000,Billing,Medium,Email,28.01,False,4,False
TKT00018787,C03204,2025-11-21 14:23:00,2025-11-22 11:57:12.000000000,Integration,Medium,Phone,21.57,False,5,False
TKT00092337,C16016,2025-12-20 09:23:00,2025-12-23 14:01:24.000000000,Feature Request,High,Support Portal,76.64,False,4,False
TKT00053148,C09171,2025-02-23 12:07:00,2025-02-25 13:38:48.000000000,Technical Issue,Medium,Chat,49.53,False,4,False
TKT00086216,C14907,2024-06-10 16:49:00,2024-06-12 02:55:00.000000000,Technical Issue,Low,Support Portal,34.1,False,5,False
TKT00003469,C00541,2025-10-12 10:06:00,2025-10-13 18:27:36.000000000,Technical Issue,Medium,Email,32.36,True,4,False
TKT00079214,C13758,2024-08-29 18:15:00,2024-08-30 19:45:00.000000000,Integration,Medium,Phone,25.5,False,5,False
TKT00094997,C16426,2024-11-12 12:40:00,2024-11-13 23:01:36.000000000,Product Bug,Medium,Email,34.36,False,3,False
TKT00082775,C14350,2024-12-12 18:33:00,2024-12-13 15:00:36.000000000,Product Bug,Medium,Chat,20.46,False,4,False
TKT00001587,C00265,2024-10-31 14:13:00,2024-11-02 03:28:36.000000000,Training / Onboarding,Low,Chat,37.26,False,5,False
TKT00052542,C09080,2024-11-15 16:26:00,2024-11-18 14:24:48.000000000,Feature Request,Medium,Email,69.98,False,4,False
TKT00104131,C18060,2024-03-12 18:57:00,2024-03-15 23:24:00.000000000,Billing,Medium,Chat,76.45,False,3,True
TKT00033416,C05672,2025-02-15 18:39:00,2025-02-16 10:17:24.000000000,Integration,Critical,Chat,15.64,False,3,False
TKT00017075,C02889,2025-11-06 12:28:00,2025-11-09 11:17:48.000000000,Performance,Low,Support Portal,70.83,False,3,False
TKT00090491,C15657,2025-01-22 17:34:00,2025-01-25 23:10:00.000000000,Account Management,Low,Chat,77.6,False,4,False
TKT00064498,C11134,2026-01-08 12:07:00,2026-01-09 04:14:48.000000000,Technical Issue,High,Phone,16.13,False,4,True
TKT00080652,C14022,2024-10-28 16:35:00,2024-10-31 15:12:12.000000000,Product Bug,Low,Support Portal,70.62,False,4,False
TKT00092767,C16080,2025-06-07 10:26:00,2025-06-08 10:44:36.000000000,Technical Issue,Medium,Email,24.31,False,4,False
TKT00097732,C16922,2025-08-29 08:32:00,2025-08-31 10:47:00.000000000,Feature Request,Medium,Support Portal,50.25,False,2,True
TKT00067193,C11581,2025-03-09 18:38:00,2025-03-10 18:35:36.000000000,Technical Issue,Medium,Email,23.96,False,4,False
TKT00001571,C00261,2025-11-03 16:40:00,2025-11-06 22:40:36.000000000,Feature Request,Medium,Support Portal,78.01,False,4,False
TKT00026464,C04469,2026-01-10 08:45:00,2026-01-11 23:13:48.000000000,Billing,Low,Phone,38.48,False,4,False
TKT00024060,C04058,2024-12-02 10:19:00,2024-12-04 02:48:24.000000000,Product Bug,Medium,Chat,40.49,False,3,True
TKT00038946,C06666,2024-05-24 18:37:00,2024-05-26 23:47:12.000000000,Integration,Medium,Email,53.17,False,4,False
TKT00114485,C19955,2025-02-20 14:29:00,2025-02-21 23:43:24.000000000,Account Management,Medium,Phone,33.24,False,4,False
TKT00069583,C11991,2025-12-21 14:00:00,2025-12-21 20:04:48.000000000,Integration,Critical,Chat,6.08,False,4,False
TKT00035198,C05953,2025-01-15 11:11:00,2025-01-16 19:57:48.000000000,Product Bug,Medium,Phone,32.78,False,5,False
TKT00035963,C06103,2024-11-03 17:28:00,2024-11-04 18:02:12.000000000,Training / Onboarding,Medium,Phone,24.57,False,5,False
TKT00084208,C14562,2025-04-04 08:56:00,2025-04-04 18:15:12.000000000,Training / Onboarding,High,Chat,9.32,False,5,False
TKT00065369,C11278,2025-07-02 13:06:00,2025-07-04 04:13:12.000000000,Account Management,Low,Support Portal,39.12,False,4,False
TKT00109873,C19161,2024-07-05 17:00:00,2024-07-10 06:22:12.000000000,Feature Request,Low,Chat,109.37,False,3,False
TKT00098424,C17053,2024-11-10 15:54:00,2024-11-12 10:28:12.000000000,Integration,Medium,Email,42.57,True,4,False
TKT00076610,C13247,2025-02-06 10:00:00,2025-02-07 11:45:00.000000000,Performance,High,Email,25.75,False,4,False
TKT00056507,C09739,2024-06-26 12:38:00,2024-06-30 23:19:24.000000000,Product Bug,Low,Support Portal,106.69,False,4,False
TKT00017839,C03031,2025-02-25 18:06:00,2025-02-26 19:10:12.000000000,Technical Issue,Medium,Chat,25.07,False,5,False
TKT00050464,C08744,2026-01-09 15:11:00,2026-01-10 07:23:36.000000000,Technical Issue,Medium,Support Portal,16.21,False,3,True
TKT00009315,C01550,2025-01-29 08:38:00,2025-01-31 14:19:24.000000000,Technical Issue,Medium,Phone,53.69,False,4,False
TKT00026374,C04457,2025-05-02 09:24:00,2025-05-04 18:45:00.000000000,Product Bug,Medium,Phone,57.35,False,3,False
TKT00089557,C15488,2024-03-10 14:51:00,2024-03-11 20:42:00.000000000,Product Bug,Medium,Phone,29.85,True,4,False
TKT00005563,C00897,2025-09-05 14:27:00,2025-09-06 15:18:36.000000000,Training / Onboarding,Medium,Phone,24.86,False,3,False
TKT00022143,C03727,2025-09-05 14:58:00,2025-09-06 05:22:00.000000000,Product Bug,High,Chat,14.4,False,5,False
TKT00057504,C09941,2025-06-21 12:48:00,2025-06-24 09:43:48.000000000,Integration,Low,Phone,68.93,False,4,False
TKT00081107,C14101,2024-12-31 13:34:00,2025-01-02 11:47:12.000000000,Technical Issue,Medium,Email,46.22,False,4,False
TKT00014247,C02387,2024-11-21 15:21:00,2024-11-23 07:15:00.000000000,Performance,Medium,Phone,39.9,False,4,False
TKT00013153,C02180,2025-12-26 12:24:00,2025-12-27 14:27:36.000000000,Billing,Medium,Phone,26.06,False,5,False
TKT00052440,C09068,2025-10-04 13:15:00,2025-10-05 23:27:36.000000000,Technical Issue,Low,Phone,34.21,False,4,False
TKT00037572,C06430,2025-04-10 08:27:00,2025-04-11 04:04:12.000000000,Billing,Medium,Phone,19.62,False,5,False
TKT00002328,C00386,2025-05-15 09:04:00,2025-05-18 05:58:36.000000000,Performance,Low,Support Portal,68.91,False,3,False
TKT00088905,C15375,2025-09-25 08:07:00,2025-09-26 20:34:00.000000000,Integration,High,Email,36.45,False,4,False
TKT00096743,C16748,2025-05-16 08:50:00,2025-05-17 20:48:12.000000000,Training / Onboarding,Medium,Chat,35.97,False,4,False
TKT00076114,C13153,2025-05-27 16:42:00,2025-05-28 22:33:00.000000000,Account Management,Low,Email,29.85,False,4,False
TKT00100739,C17484,2024-11-01 10:59:00,2024-11-05 03:22:24.000000000,Performance,Low,Phone,88.39,False,3,False
TKT00070421,C12128,2024-06-05 15:54:00,2024-06-08 00:21:00.000000000,Integration,Medium,Phone,56.45,False,4,False
TKT00031621,C05399,2025-04-08 15:17:00,2025-04-10 14:23:00.000000000,Training / Onboarding,Medium,Email,47.1,False,3,True
TKT00067608,C11655,2025-04-08 14:13:00,2025-04-15 06:58:00.000000000,Training / Onboarding,Low,Email,160.75,False,3,False
TKT00104159,C18063,2025-10-29 10:27:00,2025-10-30 11:18:36.000000000,Account Management,High,Email,24.86,True,3,False
TKT00112939,C19710,2025-12-23 17:03:00,2025-12-24 18:12:36.000000000,Technical Issue,Medium,Support Portal,25.16,False,4,False
TKT00050633,C08780,2024-09-19 18:34:00,2024-09-22 05:47:12.000000000,Technical Issue,Low,Phone,59.22,False,4,False
TKT00111435,C19428,2025-11-13 16:13:00,2025-11-15 12:44:12.000000000,Training / Onboarding,Low,Support Portal,44.52,False,4,False
TKT00056427,C09730,2024-12-07 10:32:00,2024-12-09 11:57:48.000000000,Performance,Low,Support Portal,49.43,True,4,False
TKT00019205,C03274,2024-05-27 11:34:00,2024-05-27 23:52:00.000000000,Performance,High,Support Portal,12.3,False,4,False
TKT00076305,C13182,2025-12-07 14:20:00,2025-12-08 11:05:36.000000000,Technical Issue,High,Email,20.76,False,4,False
TKT00058384,C10095,2025-11-23 12:07:00,2025-11-24 18:25:00.000000000,Training / Onboarding,Medium,Support Portal,30.3,False,4,False
TKT00104008,C18041,2025-08-29 12:33:00,2025-08-30 04:04:48.000000000,Product Bug,High,Phone,15.53,False,5,False
TKT00001092,C00180,2025-08-12 08:43:00,2025-08-13 02:38:12.000000000,Training / Onboarding,Medium,Email,17.92,False,4,False
TKT00040472,C06927,2025-10-08 17:25:00,2025-10-14 02:43:36.000000000,Product Bug,Low,Email,129.31,False,5,False
TKT00006211,C01018,2025-06-18 18:02:00,2025-06-20 13:24:12.000000000,Technical Issue,Medium,Email,43.37,True,5,False
TKT00029588,C05033,2024-07-31 08:44:00,2024-08-03 04:28:23.999999999,Product Bug,Low,Support Portal,67.74,False,4,False
TKT00073579,C12681,2025-08-09 14:31:00,2025-08-10 15:04:00.000000000,Technical Issue,Low,Chat,24.55,False,4,False
TKT00113976,C19869,2024-07-27 17:09:00,2024-07-28 08:55:12.000000000,Performance,Medium,Email,15.77,False,4,False
TKT00035499,C06010,2025-10-27 13:40:00,2025-10-28 02:37:00.000000000,Technical Issue,High,Email,12.95,False,4,True
TKT00006852,C01132,2025-08-28 12:50:00,2025-08-29 16:42:12.000000000,Product Bug,Medium,Email,27.87,False,3,False
TKT00002437,C00398,2025-02-06 13:35:00,2025-02-07 17:46:24.000000000,Integration,Medium,Support Portal,28.19,False,4,False
TKT00009102,C01516,2025-02-11 08:19:00,2025-02-12 11:42:24.000000000,Technical Issue,Medium,Chat,27.39,False,3,True
TKT00058026,C10036,2025-10-03 15:43:00,2025-10-09 03:09:59.999999999,Performance,Low,Email,131.45,False,3,False
TKT00057460,C09934,2025-12-13 13:51:00,2025-12-15 07:43:48.000000000,Feature Request,High,Phone,41.88,False,4,False
TKT00098085,C16980,2024-10-15 08:51:00,2024-10-16 14:44:24.000000000,Product Bug,Medium,Support Portal,29.89,False,4,False
TKT00002072,C00342,2024-08-20 18:58:00,2024-08-21 23:13:00.000000000,Performance,Medium,Phone,28.25,False,5,False
TKT00063638,C10990,2025-10-21 12:55:00,2025-10-21 20:32:12.000000000,Performance,Critical,Support Portal,7.62,False,4,False
TKT00028472,C04833,2024-12-28 11:45:00,2024-12-29 21:55:12.000000000,Integration,Medium,Chat,34.17,False,4,False
TKT00043047,C07430,2025-04-03 09:18:00,2025-04-04 18:02:24.000000000,Performance,Medium,Email,32.74,True,3,False
TKT00003283,C00520,2025-05-07 13:05:00,2025-05-10 11:29:00.000000000,Account Management,Low,Phone,70.4,False,5,False
TKT00012482,C02069,2025-10-11 14:05:00,2025-10-11 19:47:00.000000000,Technical Issue,Critical,Phone,5.7,False,4,False
TKT00001808,C00316,2025-10-27 18:16:00,2025-10-28 14:52:36.000000000,Technical Issue,Medium,Support Portal,20.61,False,3,False
TKT00015127,C02537,2025-09-07 16:41:00,2025-09-08 03:57:48.000000000,Billing,Medium,Email,11.28,False,3,False
TKT00022512,C03783,2025-01-03 11:11:00,2025-01-06 21:35:36.000000000,Integration,Low,Support Portal,82.41,False,5,False
TKT00064139,C11078,2024-12-16 16:34:00,2024-12-17 05:51:24.000000000,Account Management,High,Email,13.29,False,3,False
TKT00097875,C16938,2025-11-22 10:20:00,2025-11-23 23:21:48.000000000,Technical Issue,Medium,Email,37.03,True,4,False
TKT00048328,C08381,2025-07-23 17:03:00,2025-07-24 14:01:48.000000000,Technical Issue,Medium,Email,20.98,False,3,False
TKT00038980,C06669,2026-01-04 18:27:00,2026-01-05 19:29:24.000000000,Integration,High,Phone,25.04,False,4,False
TKT00029479,C05018,2025-02-07 18:25:00,2025-02-08 06:44:12.000000000,Account Management,Medium,Email,12.32,False,5,False
TKT00109476,C19099,2024-05-22 13:36:00,2024-05-26 20:28:48.000000000,Feature Request,Medium,Phone,102.88,False,3,False
TKT00056125,C09673,2025-06-29 13:17:00,2025-07-02 14:25:24.000000000,Feature Request,Low,Chat,73.14,False,4,False
TKT00072376,C12452,2025-08-16 09:58:00,2025-08-21 05:16:36.000000000,Product Bug,Low,Email,115.31,False,4,False
TKT00052699,C09105,2025-08-05 13:06:00,2025-08-06 06:27:00.000000000,Account Management,Medium,Email,17.35,False,4,False
TKT00083453,C14455,2025-04-04 15:07:00,2025-04-05 05:14:48.000000000,Technical Issue,Medium,Phone,14.13,True,3,False
TKT00049862,C08642,2025-03-09 15:26:00,2025-03-11 01:52:23.999999999,Feature Request,Medium,Phone,34.44,False,4,True
TKT00025239,C04274,2025-09-15 17:52:00,2025-09-23 16:11:48.000000000,Feature Request,Low,Support Portal,190.33,False,3,False
TKT00022386,C03771,2024-10-19 15:06:00,2024-10-19 20:00:36.000000000,Feature Request,Critical,Email,4.91,False,4,False
TKT00022818,C03847,2025-04-15 16:02:00,2025-04-16 07:02:00.000000000,Performance,Medium,Phone,15.0,False,4,False
TKT00070096,C12067,2024-06-02 11:00:00,2024-06-04 03:40:48.000000000,Performance,Low,Phone,40.68,False,4,False
TKT00082111,C14233,2024-08-02 18:41:00,2024-08-03 03:01:24.000000000,Product Bug,Critical,Phone,8.34,False,3,True
TKT00025149,C04256,2024-11-06 14:26:00,2024-11-07 04:50:00.000000000,Billing,Medium,Phone,14.4,False,5,False
TKT00088966,C15384,2025-07-03 10:08:00,2025-07-04 08:07:24.000000000,Technical Issue,High,Chat,21.99,False,4,True
TKT00001137,C00181,2026-01-04 16:45:00,2026-01-06 14:37:48.000000000,Feature Request,High,Email,45.88,False,2,True
TKT00009094,C01515,2026-01-03 13:43:00,2026-01-04 02:06:24.000000000,Performance,High,Support Portal,12.39,True,3,True
TKT00028914,C04914,2025-06-25 08:31:00,2025-06-26 17:14:12.000000000,Product Bug,Medium,Phone,32.72,True,4,False
TKT00039169,C06699,2024-10-02 15:05:00,2024-10-03 22:20:36.000000000,Feature Request,High,Email,31.26,False,4,True
TKT00064895,C11204,2025-05-07 16:40:00,2025-05-07 23:04:36.000000000,Billing,Critical,Email,6.41,False,4,True
TKT00058606,C10132,2024-11-12 13:27:00,2024-11-14 20:38:24.000000000,Billing,Low,Chat,55.19,False,4,False
TKT00030491,C05193,2025-03-08 15:09:00,2025-03-21 10:16:48.000000000,Feature Request,Low,Email,307.13,False,4,False
TKT00091157,C15776,2025-08-16 08:23:00,2025-08-17 09:55:24.000000000,Product Bug,High,Chat,25.54,False,4,False
TKT00045315,C07836,2024-10-19 10:17:00,2024-10-19 19:13:59.999999999,Feature Request,Critical,Email,8.95,False,4,False
TKT00039054,C06682,2025-09-07 15:25:00,2025-09-09 06:18:24.000000000,Product Bug,Low,Phone,38.89,False,5,False
TKT00110278,C19231,2024-09-18 17:14:00,2024-09-21 01:35:00.000000000,Feature Request,Medium,Support Portal,56.35,False,4,False
TKT00007202,C01188,2025-03-29 18:43:00,2025-04-02 10:04:36.000000000,Feature Request,Medium,Chat,87.36,False,4,False
TKT00046882,C08123,2025-06-27 17:07:00,2025-06-29 01:13:36.000000000,Product Bug,Medium,Email,32.11,False,3,False
TKT00103633,C17967,2024-11-25 14:20:00,2024-11-27 01:42:11.999999999,Integration,Medium,Chat,35.37,False,4,False
TKT00008944,C01488,2025-11-27 18:16:00,2025-11-28 10:57:24.000000000,Technical Issue,Medium,Chat,16.69,False,4,False
TKT00025002,C04225,2025-11-04 18:40:00,2025-11-05 16:08:12.000000000,Technical Issue,Medium,Email,21.47,False,4,True
TKT00068318,C11787,2025-09-09 10:20:00,2025-09-10 20:15:12.000000000,Integration,High,Phone,33.92,False,2,True
TKT00052650,C09099,2025-09-24 11:19:00,2025-09-25 17:22:00.000000000,Technical Issue,Medium,Email,30.05,False,5,False
TKT00005375,C00865,2025-03-15 09:54:00,2025-03-19 10:06:36.000000000,Integration,Low,Email,96.21,False,5,False
TKT00062907,C10884,2024-07-15 15:17:00,2024-07-17 06:54:12.000000000,Technical Issue,Low,Chat,39.62,False,4,False
TKT00021213,C03584,2025-05-08 12:34:00,2025-05-08 18:33:24.000000000,Performance,Critical,Support Portal,5.99,False,4,True
TKT00024053,C04056,2025-07-09 16:19:00,2025-07-11 00:43:35.999999999,Technical Issue,Medium,Chat,32.41,False,5,False
TKT00081826,C14185,2026-01-06 17:31:00,2026-01-09 12:31:00.000000000,Performance,Low,Chat,67.0,False,3,False
TKT00002324,C00386,2025-04-28 15:23:00,2025-04-29 14:19:24.000000000,Account Management,Medium,Chat,22.94,False,4,False
TKT00092297,C16002,2025-12-29 15:06:00,2026-01-03 18:06:00.000000000,Feature Request,Low,Support Portal,123.0,False,5,False
TKT00022333,C03756,2025-08-09 12:22:00,2025-08-14 21:53:48.000000000,Integration,Medium,Support Portal,129.53,False,5,False
TKT00041567,C07129,2025-02-25 11:04:00,2025-02-28 09:08:11.999999999,Integration,Low,Phone,70.07,False,4,False
TKT00079157,C13749,2025-07-10 18:53:00,2025-07-12 23:27:12.000000000,Performance,Low,Chat,52.57,False,3,False
TKT00100883,C17518,2025-11-16 12:29:00,2025-11-17 05:42:48.000000000,Product Bug,High,Chat,17.23,False,4,False
TKT00028127,C04785,2025-06-04 11:26:00,2025-06-04 14:32:36.000000000,Performance,Critical,Support Portal,3.11,False,4,True
TKT00027403,C04636,2025-07-16 12:16:00,2025-07-17 03:24:24.000000000,Performance,Medium,Phone,15.14,False,4,False
TKT00053190,C09176,2024-11-24 13:16:00,2024-11-26 06:30:24.000000000,Integration,Medium,Chat,41.24,False,4,False
TKT00102932,C17871,2024-06-28 18:32:00,2024-06-30 08:51:48.000000000,Technical Issue,Medium,Email,38.33,True,3,False
TKT00033226,C05657,2024-03-21 14:23:00,2024-03-22 06:44:00.000000000,Product Bug,High,Phone,16.35,False,3,False
TKT00012189,C02021,2025-06-20 13:06:00,2025-06-21 06:20:23.999999999,Technical Issue,High,Phone,17.24,False,5,False
TKT00099935,C17309,2025-09-07 10:32:00,2025-09-07 20:47:00.000000000,Billing,Medium,Chat,10.25,False,3,False
TKT00012331,C02044,2024-08-29 17:25:00,2024-08-31 14:50:12.000000000,Integration,Medium,Chat,45.42,False,4,False
TKT00031921,C05439,2025-05-20 11:12:00,2025-05-21 07:34:12.000000000,Technical Issue,High,Phone,20.37,False,4,False
TKT00094367,C16317,2025-02-02 16:49:00,2025-02-05 10:05:48.000000000,Performance,Low,Chat,65.28,False,4,False
TKT00056886,C09793,2024-08-30 18:59:00,2024-09-03 12:12:12.000000000,Integration,Low,Phone,89.22,True,3,False
TKT00065814,C11358,2024-11-01 13:34:00,2024-11-02 23:11:11.999999999,Training / Onboarding,Medium,Phone,33.62,False,4,False
TKT00055812,C09626,2025-03-02 09:09:00,2025-03-03 11:10:12.000000000,Account Management,Medium,Email,26.02,False,4,False
TKT00064901,C11205,2025-09-13 13:08:00,2025-09-14 08:29:36.000000000,Technical Issue,High,Phone,19.36,False,5,False
TKT00099067,C17170,2025-09-08 15:21:00,2025-09-12 13:19:48.000000000,Product Bug,Low,Chat,93.98,False,4,False
TKT00094167,C16297,2024-10-22 17:40:00,2024-10-23 09:21:24.000000000,Training / Onboarding,Medium,Phone,15.69,False,4,False
TKT00019316,C03304,2025-06-28 18:12:00,2025-07-02 20:54:36.000000000,Product Bug,Low,Phone,98.71,False,4,False
TKT00039697,C06804,2024-04-24 12:16:00,2024-04-26 04:07:00.000000000,Account Management,Low,Email,39.85,False,5,False
TKT00066934,C11544,2025-10-30 17:04:00,2025-10-31 22:14:48.000000000,Integration,Medium,Support Portal,29.18,False,5,False
TKT00106181,C18469,2025-06-20 09:43:00,2025-06-21 16:22:00.000000000,Feature Request,High,Email,30.65,False,4,False
TKT00041968,C07225,2025-03-10 18:02:00,2025-03-11 19:00:12.000000000,Performance,Medium,Email,24.97,False,4,False
TKT00056476,C09735,2024-05-10 14:47:00,2024-05-12 09:05:00.000000000,Product Bug,Medium,Email,42.3,False,5,False
TKT00009961,C01655,2025-12-10 11:51:00,2025-12-14 11:01:48.000000000,Feature Request,High,Email,95.18,False,3,True
TKT00018272,C03092,2025-05-13 13:14:00,2025-05-15 06:26:00.000000000,Technical Issue,Medium,Phone,41.2,False,4,False
TKT00077166,C13341,2025-02-27 14:36:00,2025-02-28 08:54:00.000000000,Product Bug,High,Email,18.3,True,4,False
TKT00111226,C19400,2025-04-04 14:49:00,2025-04-05 20:50:12.000000000,Product Bug,High,Phone,30.02,False,4,False
TKT00027364,C04623,2024-11-25 15:12:00,2024-11-25 17:13:47.999999999,Account Management,Critical,Chat,2.03,False,3,True
TKT00088689,C15340,2024-06-04 18:44:00,2024-06-07 06:17:00.000000000,Training / Onboarding,Medium,Email,59.55,False,4,False
TKT00101618,C17628,2024-11-11 18:31:00,2024-11-12 23:46:36.000000000,Product Bug,High,Support Portal,29.26,False,4,False
TKT00065669,C11332,2025-10-30 17:58:00,2025-10-31 18:54:24.000000000,Training / Onboarding,Medium,Email,24.94,False,3,False
TKT00089979,C15557,2024-07-06 10:51:00,2024-07-06 22:25:48.000000000,Billing,Medium,Email,11.58,False,4,False
TKT00049333,C08551,2025-03-22 13:51:00,2025-03-26 18:43:48.000000000,Performance,Low,Email,100.88,False,4,False
TKT00050276,C08708,2025-04-18 14:30:00,2025-04-18 18:52:12.000000000,Performance,Critical,Email,4.37,False,3,True
TKT00056927,C09810,2025-10-15 12:31:00,2025-10-17 16:28:00.000000000,Integration,Medium,Phone,51.95,False,4,False
TKT00043551,C07525,2025-10-21 16:00:00,2025-10-24 01:27:00.000000000,Feature Request,Low,Phone,57.45,False,4,False
TKT00081114,C14103,2025-02-14 09:25:00,2025-02-15 06:58:36.000000000,Integration,Medium,Support Portal,21.56,False,5,False
TKT00090818,C15715,2024-08-26 08:13:00,2024-08-27 17:58:36.000000000,Technical Issue,High,Phone,33.76,False,5,False
TKT00110426,C19249,2024-06-25 09:29:00,2024-06-25 20:25:24.000000000,Performance,High,Phone,10.94,False,5,False
TKT00082309,C14274,2025-11-29 18:29:00,2025-12-03 00:08:00.000000000,Performance,Medium,Support Portal,77.65,False,2,False
TKT00043471,C07512,2024-03-09 12:17:00,2024-03-10 14:14:36.000000000,Account Management,Medium,Email,25.96,False,4,False
TKT00050196,C08680,2025-01-31 08:18:00,2025-02-03 09:16:12.000000000,Technical Issue,Medium,Email,72.97,False,4,False
TKT00111710,C19477,2025-11-16 09:48:00,2025-11-16 21:34:12.000000000,Technical Issue,High,Chat,11.77,False,3,True
TKT00050270,C08707,2025-08-13 09:47:00,2025-08-15 01:24:12.000000000,Training / Onboarding,Medium,Support Portal,39.62,False,4,False
TKT00021287,C03595,2025-01-19 18:35:00,2025-01-20 02:56:00.000000000,Billing,High,Email,8.35,False,3,False
TKT00110895,C19339,2024-11-14 09:07:00,2024-11-17 00:40:36.000000000,Product Bug,Low,Chat,63.56,False,3,False
TKT00065900,C11366,2025-06-17 17:48:00,2025-06-20 00:09:36.000000000,Feature Request,Medium,Support Portal,54.36,False,3,False
TKT00009811,C01631,2024-11-27 17:54:00,2024-11-29 09:12:00.000000000,Technical Issue,Medium,Chat,39.3,False,4,False
TKT00099972,C17314,2024-07-19 18:20:00,2024-07-21 17:50:36.000000000,Integration,Medium,Email,47.51,False,5,False
TKT00047943,C08307,2025-06-06 11:41:00,2025-06-07 22:55:24.000000000,Account Management,Low,Chat,35.24,False,5,False
TKT00024769,C04175,2025-10-02 18:30:00,2025-10-05 02:33:00.000000000,Account Management,Low,Email,56.05,False,3,False
TKT00028273,C04805,2025-06-07 18:22:00,2025-06-08 17:47:12.000000000,Integration,High,Support Portal,23.42,False,4,True
TKT00061831,C10707,2025-12-02 11:50:00,2025-12-03 23:26:36.000000000,Technical Issue,Medium,Chat,35.61,False,3,False
TKT00097581,C16890,2024-08-24 17:23:00,2024-08-27 04:05:00.000000000,Product Bug,Low,Chat,58.7,False,4,False
TKT00082508,C14301,2025-06-10 17:23:00,2025-06-16 15:06:47.999999999,Feature Request,Medium,Phone,141.73,False,3,True
TKT00023605,C03959,2024-08-26 09:17:00,2024-08-27 08:53:36.000000000,Technical Issue,Medium,Email,23.61,False,4,False
TKT00080623,C14018,2025-07-15 08:48:00,2025-07-15 22:55:12.000000000,Integration,Critical,Email,14.12,False,5,False
TKT00095587,C16534,2025-06-16 10:24:00,2025-06-17 13:28:12.000000000,Billing,Medium,Support Portal,27.07,False,4,False
TKT00006233,C01021,2025-08-15 12:25:00,2025-08-15 20:10:00.000000000,Performance,Critical,Email,7.75,False,4,False
TKT00046240,C07991,2025-04-05 09:46:00,2025-04-05 15:42:24.000000000,Integration,Critical,Phone,5.94,False,3,True
TKT00099163,C17191,2025-04-02 08:55:00,2025-04-03 19:34:35.999999999,Product Bug,Medium,Support Portal,34.66,True,5,False
TKT00035336,C05983,2025-04-09 09:12:00,2025-04-13 18:31:48.000000000,Feature Request,Low,Email,105.33,False,5,False
TKT00106336,C18495,2025-08-18 10:14:00,2025-08-19 05:13:24.000000000,Technical Issue,Medium,Email,18.99,False,4,False
TKT00114475,C19955,2024-10-22 09:27:00,2024-10-25 02:48:36.000000000,Performance,Medium,Support Portal,65.36,False,4,False
TKT00107781,C18759,2025-08-17 12:54:00,2025-08-18 23:06:36.000000000,Product Bug,High,Support Portal,34.21,True,4,False
TKT00006392,C01049,2024-04-22 14:51:00,2024-04-29 12:58:12.000000000,Feature Request,Low,Chat,166.12,False,4,False
TKT00078227,C13540,2025-11-27 09:12:00,2025-11-27 14:39:00.000000000,Technical Issue,High,Phone,5.45,False,5,False
TKT00104762,C18169,2025-12-10 09:27:00,2025-12-11 09:55:48.000000000,Feature Request,High,Phone,24.48,False,4,False
TKT00058295,C10080,2026-01-02 11:22:00,2026-01-04 14:18:24.000000000,Billing,Medium,Support Portal,50.94,False,3,False
TKT00075522,C13035,2025-11-02 13:38:00,2025-11-07 10:23:36.000000000,Technical Issue,Low,Support Portal,116.76,False,5,False
TKT00026684,C04513,2025-09-13 08:32:00,2025-09-15 19:59:36.000000000,Feature Request,Medium,Chat,59.46,False,4,False
TKT00003050,C00483,2025-04-03 09:50:00,2025-04-04 17:36:48.000000000,Feature Request,High,Email,31.78,False,5,False
TKT00057041,C09838,2025-10-29 17:18:00,2025-10-31 08:36:00.000000000,Technical Issue,Low,Support Portal,39.3,False,4,False
TKT00043558,C07528,2025-01-25 18:43:00,2025-01-27 00:49:00.000000000,Technical Issue,Medium,Phone,30.1,False,3,False
TKT00056957,C09813,2025-11-30 16:37:00,2025-12-01 01:56:48.000000000,Billing,High,Email,9.33,False,4,False
TKT00016504,C02769,2025-12-12 13:47:00,2025-12-13 14:05:36.000000000,Performance,Medium,Email,24.31,False,5,False
TKT00043475,C07512,2024-08-15 13:46:00,2024-08-16 09:15:24.000000000,Product Bug,High,Chat,19.49,False,5,False
TKT00060822,C10519,2024-05-08 14:03:00,2024-05-10 03:07:48.000000000,Technical Issue,Low,Support Portal,37.08,False,4,False
TKT00084028,C14536,2025-01-30 16:11:00,2025-02-01 09:03:12.000000000,Training / Onboarding,Medium,Chat,40.87,False,3,False
TKT00031809,C05426,2024-06-12 17:22:00,2024-06-14 05:02:12.000000000,Technical Issue,Medium,Email,35.67,False,4,False
TKT00062229,C10774,2024-10-17 16:56:00,2024-10-20 01:20:36.000000000,Technical Issue,Medium,Email,56.41,False,4,False
TKT00000414,C00058,2025-12-31 10:05:00,2025-12-31 13:11:00.000000000,Technical Issue,Critical,Phone,3.1,False,3,True
TKT00033564,C05686,2025-02-14 13:16:00,2025-02-16 14:52:36.000000000,Performance,Medium,Phone,49.61,False,4,False
TKT00079404,C13796,2025-01-01 09:23:00,2025-01-03 19:31:24.000000000,Technical Issue,Medium,Support Portal,58.14,False,3,False
TKT00001638,C00282,2025-08-26 08:39:00,2025-08-28 15:12:00.000000000,Product Bug,Medium,Support Portal,54.55,False,2,False
TKT00104172,C18066,2025-08-27 12:58:00,2025-08-28 06:31:35.999999999,Technical Issue,High,Email,17.56,False,4,False
TKT00069683,C12013,2025-04-09 14:21:00,2025-04-10 04:24:00.000000000,Account Management,High,Support Portal,14.05,False,4,True
TKT00057529,C09944,2025-06-16 18:52:00,2025-06-18 08:31:36.000000000,Technical Issue,Medium,Support Portal,37.66,False,5,False
TKT00087463,C15110,2025-03-21 12:12:00,2025-03-23 15:52:48.000000000,Training / Onboarding,Medium,Support Portal,51.68,False,5,False
TKT00016276,C02734,2025-03-04 09:57:00,2025-03-07 15:21:00.000000000,Integration,Medium,Email,77.4,False,5,False
TKT00006668,C01085,2025-10-07 11:38:00,2025-10-07 22:55:24.000000000,Technical Issue,High,Chat,11.29,False,4,False
TKT00056861,C09785,2025-03-20 13:36:00,2025-03-21 23:09:36.000000000,Training / Onboarding,Low,Support Portal,33.56,False,3,False
TKT00097734,C16923,2024-12-01 12:43:00,2024-12-06 04:09:24.000000000,Performance,Low,Chat,111.44,False,3,False
TKT00040422,C06922,2024-08-11 13:44:00,2024-08-13 20:02:00.000000000,Product Bug,Medium,Email,54.3,False,4,False
TKT00017550,C02978,2025-04-04 17:44:00,2025-04-07 13:26:00.000000000,Feature Request,Medium,Phone,67.7,False,4,False
TKT00096459,C16699,2024-11-25 18:51:00,2024-11-26 14:52:12.000000000,Technical Issue,High,Phone,20.02,False,4,False
TKT00001236,C00209,2025-12-30 10:44:00,2026-01-01 14:33:12.000000000,Technical Issue,Low,Email,51.82,False,4,False
TKT00113713,C19840,2024-12-04 09:54:00,2024-12-06 09:40:48.000000000,Technical Issue,Medium,Email,47.78,False,3,False
TKT00031365,C05350,2025-12-02 13:47:00,2025-12-03 06:59:36.000000000,Technical Issue,Medium,Support Portal,17.21,False,4,False
TKT00016070,C02707,2025-10-13 16:29:00,2025-10-14 13:52:24.000000000,Performance,High,Support Portal,21.39,False,4,False
TKT00008749,C01453,2025-10-30 12:56:00,2025-11-01 18:59:00.000000000,Feature Request,Medium,Chat,54.05,True,4,False
TKT00085727,C14817,2025-12-12 14:15:00,2025-12-14 01:27:00.000000000,Product Bug,Medium,Support Portal,35.2,False,5,False
TKT00072527,C12482,2024-06-14 14:58:00,2024-06-14 23:46:00.000000000,Training / Onboarding,High,Chat,8.8,False,4,False
TKT00007150,C01181,2024-06-23 13:43:00,2024-06-25 09:03:24.000000000,Technical Issue,Medium,Email,43.34,False,4,False
TKT00088127,C15246,2024-12-28 17:48:00,2024-12-28 21:20:24.000000000,Product Bug,Critical,Support Portal,3.54,False,4,False
TKT00070623,C12152,2025-09-18 10:32:00,2025-09-20 15:05:00.000000000,Account Management,Low,Email,52.55,False,4,True
TKT00031201,C05304,2024-02-18 13:34:00,2024-02-19 06:22:35.999999999,Integration,High,Support Portal,16.81,False,4,False
TKT00053183,C09176,2024-09-05 18:38:00,2024-09-05 21:42:12.000000000,Billing,Critical,Email,3.07,False,5,False
TKT00037895,C06488,2026-01-01 12:01:00,2026-01-02 17:36:24.000000000,Performance,Medium,Phone,29.59,False,4,False
TKT00084555,C14619,2025-05-04 16:53:00,2025-05-09 04:54:48.000000000,Technical Issue,Low,Chat,108.03,False,4,False
TKT00064146,C11078,2025-06-13 08:36:00,2025-06-15 16:22:48.000000000,Technical Issue,Low,Support Portal,55.78,False,3,False
TKT00090908,C15728,2025-08-15 13:34:00,2025-08-18 23:35:48.000000000,Product Bug,Medium,Chat,82.03,False,4,False
TKT00034629,C05857,2025-10-15 10:20:00,2025-10-16 14:20:00.000000000,Integration,Medium,Chat,28.0,False,5,False
TKT00094704,C16385,2025-10-21 09:54:00,2025-10-23 05:38:24.000000000,Billing,Low,Phone,43.74,False,5,False
TKT00035404,C05993,2024-06-26 15:46:00,2024-06-28 01:07:00.000000000,Training / Onboarding,Medium,Support Portal,33.35,False,4,False
TKT00108830,C18953,2024-08-16 17:01:00,2024-08-17 14:35:12.000000000,Technical Issue,Medium,Support Portal,21.57,False,4,True
TKT00012369,C02051,2025-12-11 11:43:00,2025-12-11 14:59:48.000000000,Billing,Critical,Support Portal,3.28,False,5,False
TKT00094217,C16309,2025-07-20 11:28:00,2025-07-20 16:36:24.000000000,Billing,Critical,Support Portal,5.14,False,4,False
TKT00073388,C12649,2025-11-11 08:18:00,2025-11-11 12:36:00.000000000,Account Management,High,Email,4.3,False,3,False
TKT00077822,C13452,2025-09-07 17:59:00,2025-09-09 19:23:36.000000000,Performance,Medium,Phone,49.41,True,4,False
TKT00084829,C14675,2025-06-03 08:35:00,2025-06-03 23:07:24.000000000,Technical Issue,Medium,Chat,14.54,False,3,False
TKT00054394,C09374,2024-06-02 16:06:00,2024-06-02 20:16:47.999999999,Technical Issue,Critical,Phone,4.18,False,4,False
TKT00001861,C00320,2025-05-10 13:23:00,2025-05-10 16:58:24.000000000,Technical Issue,Critical,Phone,3.59,False,4,True
TKT00096090,C16631,2025-11-28 14:26:00,2025-11-28 22:39:12.000000000,Technical Issue,High,Chat,8.22,False,4,False
TKT00052470,C09072,2025-04-27 11:43:00,2025-04-29 05:07:36.000000000,Technical Issue,Medium,Chat,41.41,False,4,False
TKT00041811,C07191,2025-01-21 12:25:00,2025-01-23 05:39:24.000000000,Technical Issue,Low,Chat,41.24,False,3,False
TKT00017558,C02978,2025-08-22 08:41:00,2025-08-26 16:57:12.000000000,Feature Request,Medium,Email,104.27,False,4,False
TKT00046113,C07979,2024-06-12 09:17:00,2024-06-13 21:00:47.999999999,Technical Issue,Medium,Email,35.73,False,5,False
TKT00045913,C07945,2025-09-07 14:11:00,2025-09-10 06:12:12.000000000,Technical Issue,Low,Support Portal,64.02,False,3,False
TKT00007691,C01258,2025-12-20 14:04:00,2025-12-21 00:52:00.000000000,Technical Issue,High,Chat,10.8,False,4,True
TKT00081766,C14180,2024-11-16 11:27:00,2024-11-19 11:03:36.000000000,Product Bug,Low,Chat,71.61,False,4,False
TKT00080977,C14075,2025-03-12 15:18:00,2025-03-13 09:30:36.000000000,Performance,High,Support Portal,18.21,False,3,True
TKT00088484,C15310,2025-01-18 12:22:00,2025-01-21 13:54:24.000000000,Integration,Medium,Email,73.54,False,4,False
TKT00080298,C13956,2025-10-21 08:54:00,2025-10-21 22:06:00.000000000,Account Management,High,Phone,13.2,False,4,False
TKT00030896,C05264,2024-12-14 11:25:00,2024-12-17 12:23:48.000000000,Integration,Medium,Email,72.98,False,4,True
TKT00039263,C06713,2024-11-30 17:22:00,2024-12-12 08:06:24.000000000,Feature Request,Low,Email,278.74,False,4,False
TKT00065236,C11262,2025-05-26 09:13:00,2025-05-29 14:11:12.000000000,Performance,Low,Phone,76.97,False,4,False
TKT00019650,C03356,2025-07-21 16:22:00,2025-07-23 09:46:00.000000000,Product Bug,Medium,Phone,41.4,False,4,False
TKT00026113,C04407,2025-08-24 17:59:00,2025-08-26 07:09:12.000000000,Performance,Medium,Phone,37.17,False,4,False
TKT00080451,C13984,2024-12-23 10:10:00,2024-12-24 23:53:48.000000000,Performance,Medium,Phone,37.73,False,5,False
TKT00076698,C13258,2025-12-06 12:15:00,2025-12-07 02:26:24.000000000,Performance,High,Email,14.19,False,3,False
TKT00061267,C10612,2025-01-07 09:12:00,2025-01-09 00:21:00.000000000,Technical Issue,Medium,Chat,39.15,False,4,False
TKT00102589,C17804,2025-09-01 10:26:00,2025-09-02 08:03:48.000000000,Training / Onboarding,Medium,Support Portal,21.63,False,3,False
TKT00010464,C01740,2025-01-27 16:01:00,2025-01-29 00:02:12.000000000,Training / Onboarding,Medium,Support Portal,32.02,True,5,False
TKT00100097,C17338,2025-04-07 18:42:00,2025-04-09 09:57:00.000000000,Technical Issue,Low,Support Portal,39.25,False,5,False
TKT00000594,C00097,2025-04-29 18:13:00,2025-05-01 08:37:36.000000000,Product Bug,Medium,Chat,38.41,False,5,False
TKT00070979,C12218,2025-12-05 09:41:00,2025-12-06 05:24:48.000000000,Product Bug,Medium,Email,19.73,False,5,False
TKT00052005,C09000,2026-01-10 15:03:00,2026-01-14 06:32:24.000000000,Feature Request,Medium,Support Portal,87.49,False,4,False
TKT00111143,C19375,2025-07-14 09:01:00,2025-07-17 16:41:12.000000000,Product Bug,Low,Support Portal,79.67,False,3,False
TKT00023516,C03954,2025-07-03 09:03:00,2025-07-05 03:25:48.000000000,Technical Issue,Medium,Email,42.38,False,4,False
TKT00111748,C19483,2025-10-20 14:09:00,2025-10-21 06:12:35.999999999,Billing,Medium,Email,16.06,False,4,False
TKT00070040,C12062,2024-07-20 17:43:00,2024-07-22 05:26:12.000000000,Integration,Medium,Phone,35.72,False,5,False
TKT00008397,C01391,2025-11-06 13:12:00,2025-11-07 11:06:36.000000000,Integration,High,Phone,21.91,False,4,False
TKT00022308,C03751,2025-02-07 08:46:00,2025-02-07 15:25:36.000000000,Billing,Critical,Phone,6.66,False,4,False
TKT00043179,C07454,2025-11-22 16:52:00,2025-11-23 21:33:24.000000000,Product Bug,High,Support Portal,28.69,False,3,False
TKT00071568,C12300,2024-04-19 17:17:00,2024-04-20 06:00:12.000000000,Technical Issue,High,Email,12.72,True,5,False
TKT00101355,C17591,2024-06-05 11:25:00,2024-06-06 08:24:24.000000000,Product Bug,Medium,Phone,20.99,True,3,False
TKT00022863,C03857,2025-01-31 12:09:00,2025-02-01 00:07:12.000000000,Integration,Medium,Email,11.97,False,5,False
TKT00048326,C08380,2025-08-06 10:47:00,2025-08-06 17:32:00.000000000,Training / Onboarding,High,Support Portal,6.75,False,4,False
TKT00081956,C14205,2025-01-24 10:08:00,2025-01-24 23:09:48.000000000,Technical Issue,High,Email,13.03,False,4,True
TKT00015716,C02655,2025-03-13 17:18:00,2025-03-14 11:28:12.000000000,Integration,Medium,Email,18.17,False,4,False
TKT00056907,C09803,2025-06-12 10:21:00,2025-06-13 14:56:24.000000000,Product Bug,Medium,Chat,28.59,False,4,False
TKT00024396,C04123,2024-12-29 14:56:00,2025-01-01 21:34:24.000000000,Performance,Low,Email,78.64,False,4,False
TKT00095750,C16576,2025-11-07 10:08:00,2025-11-11 07:47:36.000000000,Product Bug,Low,Email,93.66,False,4,False
TKT00086193,C14895,2025-09-17 17:56:00,2025-09-18 00:23:36.000000000,Product Bug,Critical,Support Portal,6.46,False,5,False
TKT00049312,C08549,2025-06-09 11:23:00,2025-06-10 10:32:00.000000000,Product Bug,Medium,Support Portal,23.15,False,3,True
TKT00034691,C05867,2025-04-09 14:09:00,2025-04-10 11:12:00.000000000,Performance,Medium,Chat,21.05,False,4,False
TKT00104942,C18223,2025-08-16 17:40:00,2025-08-17 20:00:24.000000000,Performance,Medium,Email,26.34,False,3,False
TKT00062868,C10880,2024-10-19 09:11:00,2024-10-20 19:06:12.000000000,Billing,Low,Chat,33.92,False,3,False
TKT00017860,C03033,2025-08-02 12:21:00,2025-08-07 16:36:00.000000000,Feature Request,Low,Support Portal,124.25,False,4,False
TKT00072559,C12493,2025-06-03 12:59:00,2025-06-05 00:44:36.000000000,Billing,Medium,Support Portal,35.76,False,4,False
TKT00110218,C19221,2024-11-05 18:00:00,2024-11-07 11:28:48.000000000,Technical Issue,High,Phone,41.48,False,4,False
TKT00020620,C03493,2024-12-24 16:42:00,2024-12-26 15:01:48.000000000,Performance,Low,Chat,46.33,False,4,False
TKT00043670,C07560,2025-10-20 12:46:00,2025-10-22 07:02:48.000000000,Integration,Medium,Email,42.28,False,4,False
TKT00071016,C12223,2025-06-01 08:07:00,2025-06-02 19:53:48.000000000,Training / Onboarding,High,Support Portal,35.78,False,4,False
TKT00099900,C17309,2024-09-22 14:36:00,2024-09-22 18:34:48.000000000,Technical Issue,Critical,Phone,3.98,True,3,False
TKT00102402,C17774,2025-10-21 11:10:00,2025-10-22 10:11:48.000000000,Performance,Medium,Support Portal,23.03,False,4,False
TKT00037393,C06392,2024-11-10 16:45:00,2024-11-13 07:40:12.000000000,Performance,Medium,Phone,62.92,False,3,False
TKT00063699,C10999,2025-03-31 18:31:00,2025-04-02 01:17:12.000000000,Billing,Low,Phone,30.77,False,4,False
TKT00064233,C11099,2025-05-29 14:41:00,2025-06-02 06:12:48.000000000,Feature Request,Medium,Phone,87.53,False,4,False
TKT00111606,C19459,2025-09-19 08:44:00,2025-09-20 02:52:59.999999999,Technical Issue,Medium,Chat,18.15,False,4,True
TKT00007091,C01174,2024-12-11 13:34:00,2024-12-12 15:28:36.000000000,Integration,High,Phone,25.91,False,4,False
TKT00048332,C08385,2025-10-27 10:02:00,2025-10-30 04:29:35.999999999,Account Management,Low,Phone,66.46,False,5,False
TKT00059694,C10314,2025-01-14 10:51:00,2025-01-14 21:09:00.000000000,Billing,High,Chat,10.3,True,4,False
TKT00074701,C12882,2024-12-15 10:52:00,2024-12-16 22:11:48.000000000,Product Bug,Medium,Email,35.33,False,4,False
TKT00093938,C16271,2025-09-25 08:22:00,2025-09-26 04:59:12.000000000,Performance,Medium,Chat,20.62,False,4,False
TKT00047615,C08243,2025-08-15 12:50:00,2025-08-16 21:36:12.000000000,Feature Request,High,Email,32.77,False,4,False
TKT00096332,C16676,2025-10-24 16:48:00,2025-10-28 13:23:24.000000000,Integration,Low,Support Portal,92.59,False,4,False
TKT00039961,C06842,2025-02-22 13:19:00,2025-02-22 15:26:12.000000000,Account Management,Critical,Phone,2.12,False,5,False
TKT00041092,C07036,2024-05-09 18:15:00,2024-05-11 09:03:00.000000000,Integration,Medium,Phone,38.8,True,4,False
TKT00002726,C00441,2025-07-21 10:06:00,2025-07-22 02:29:59.999999999,Performance,High,Support Portal,16.4,False,4,False
TKT00061821,C10706,2025-07-22 11:31:00,2025-07-23 12:15:24.000000000,Technical Issue,High,Chat,24.74,False,3,False
TKT00090471,C15653,2025-12-14 11:41:00,2025-12-15 18:38:00.000000000,Technical Issue,Medium,Email,30.95,False,4,False
TKT00011099,C01854,2025-03-27 13:41:00,2025-03-27 16:51:48.000000000,Technical Issue,Critical,Support Portal,3.18,False,4,False
TKT00099862,C17303,2025-05-21 16:59:00,2025-05-22 20:29:00.000000000,Technical Issue,Medium,Chat,27.5,False,2,True
TKT00079774,C13867,2025-08-29 12:53:00,2025-08-30 15:54:48.000000000,Technical Issue,High,Email,27.03,False,3,False
TKT00028741,C04884,2024-07-30 17:16:00,2024-07-31 08:08:48.000000000,Technical Issue,Medium,Support Portal,14.88,True,4,False
TKT00081154,C14104,2024-07-10 09:09:00,2024-07-12 15:36:00.000000000,Performance,Medium,Chat,54.45,False,3,True
TKT00080206,C13947,2024-05-26 15:18:00,2024-05-27 11:18:36.000000000,Technical Issue,Medium,Email,20.01,False,5,True
TKT00104169,C18064,2025-10-12 16:40:00,2025-10-14 18:20:48.000000000,Technical Issue,Medium,Chat,49.68,False,4,False
TKT00057596,C09953,2024-05-23 18:41:00,2024-05-24 00:50:36.000000000,Performance,High,Support Portal,6.16,True,4,False
TKT00070742,C12174,2024-04-28 12:10:00,2024-04-29 04:11:48.000000000,Product Bug,Medium,Support Portal,16.03,False,4,False
TKT00031083,C05292,2025-09-10 08:03:00,2025-09-12 02:48:36.000000000,Performance,Low,Support Portal,42.76,False,2,True
TKT00089115,C15415,2025-01-25 11:06:00,2025-01-28 18:25:12.000000000,Product Bug,Low,Email,79.32,False,4,False
TKT00040922,C07002,2024-10-07 10:02:00,2024-10-09 05:56:00.000000000,Training / Onboarding,Medium,Email,43.9,False,4,False
TKT00030821,C05254,2025-08-15 09:05:00,2025-08-18 11:17:36.000000000,Integration,Medium,Email,74.21,False,4,False
TKT00046246,C07992,2025-01-09 09:56:00,2025-01-10 08:17:36.000000000,Performance,High,Phone,22.36,False,4,False
TKT00017643,C02991,2025-04-14 11:01:00,2025-04-14 17:46:00.000000000,Performance,Critical,Support Portal,6.75,False,3,False
TKT00071587,C12303,2024-12-08 10:36:00,2024-12-09 04:31:48.000000000,Integration,High,Support Portal,17.93,False,5,False
TKT00033742,C05718,2025-02-19 10:48:00,2025-02-20 04:22:12.000000000,Technical Issue,Medium,Email,17.57,True,3,False
TKT00035521,C06018,2025-09-20 17:30:00,2025-09-21 09:12:36.000000000,Integration,High,Chat,15.71,False,4,False
TKT00099208,C17200,2025-05-27 16:38:00,2025-05-28 16:12:12.000000000,Technical Issue,Medium,Chat,23.57,False,4,False
TKT00025304,C04285,2025-08-25 12:48:00,2025-08-26 08:16:12.000000000,Technical Issue,High,Phone,19.47,False,5,True
TKT00106863,C18579,2025-04-04 13:06:00,2025-04-08 13:39:00.000000000,Technical Issue,Low,Email,96.55,False,4,False
TKT00038935,C06659,2025-03-22 12:52:00,2025-03-25 06:26:48.000000000,Technical Issue,Medium,Chat,65.58,False,4,False
TKT00056767,C09772,2025-10-24 12:57:00,2025-10-25 10:57:00.000000000,Technical Issue,Medium,Email,22.0,False,4,False
TKT00011752,C01968,2024-10-23 11:12:00,2024-10-27 10:38:24.000000000,Product Bug,Low,Phone,95.44,False,3,False
TKT00001642,C00282,2025-12-20 15:19:00,2025-12-21 19:53:48.000000000,Technical Issue,Medium,Email,28.58,False,4,False
TKT00090927,C15729,2025-10-31 17:43:00,2025-11-01 03:55:36.000000000,Performance,High,Phone,10.21,False,4,True
TKT00041031,C07022,2025-01-22 17:18:00,2025-01-24 15:06:00.000000000,Feature Request,Medium,Support Portal,45.8,False,4,False
TKT00030282,C05167,2025-06-19 13:44:00,2025-06-21 06:35:36.000000000,Product Bug,Low,Support Portal,40.86,False,4,False
TKT00013524,C02245,2025-08-12 17:59:00,2025-08-14 04:45:48.000000000,Integration,Medium,Chat,34.78,False,4,False
TKT00089497,C15478,2024-09-19 11:16:00,2024-09-20 00:34:00.000000000,Technical Issue,High,Chat,13.3,False,4,False
TKT00047209,C08177,2025-03-14 16:56:00,2025-03-15 17:48:12.000000000,Product Bug,High,Support Portal,24.87,False,5,False
TKT00109279,C19061,2024-12-21 14:01:00,2024-12-22 07:31:00.000000000,Technical Issue,Medium,Email,17.5,True,4,False
TKT00106072,C18443,2025-02-20 18:12:00,2025-02-24 03:15:00.000000000,Performance,Low,Email,81.05,False,4,False
TKT00064717,C11178,2025-11-12 08:59:00,2025-11-15 06:52:24.000000000,Feature Request,Medium,Support Portal,69.89,False,3,False
TKT00032538,C05547,2025-09-29 12:41:00,2025-09-30 00:58:24.000000000,Account Management,High,Chat,12.29,False,4,False
TKT00006236,C01021,2025-09-03 09:56:00,2025-09-04 05:36:12.000000000,Product Bug,Medium,Phone,19.67,False,3,False
TKT00053621,C09234,2025-11-22 15:46:00,2025-11-22 22:20:48.000000000,Feature Request,Critical,Chat,6.58,False,4,False
TKT00024238,C04087,2025-03-18 12:15:00,2025-03-20 08:45:36.000000000,Integration,Medium,Chat,44.51,False,3,True
TKT00038041,C06515,2025-10-31 17:33:00,2025-11-01 20:10:48.000000000,Technical Issue,Medium,Chat,26.63,False,3,False
TKT00110137,C19209,2025-11-14 09:38:00,2025-11-17 18:03:12.000000000,Integration,Low,Chat,80.42,False,4,False
TKT00043738,C07571,2025-01-30 09:34:00,2025-01-30 15:41:48.000000000,Technical Issue,Critical,Phone,6.13,False,3,False
TKT00017931,C03041,2024-08-24 09:56:00,2024-08-25 17:18:12.000000000,Training / Onboarding,Low,Phone,31.37,False,5,False
TKT00090548,C15667,2025-10-09 12:32:00,2025-10-09 18:08:36.000000000,Feature Request,Critical,Chat,5.61,False,4,False
TKT00102235,C17741,2025-08-07 18:45:00,2025-08-08 17:07:12.000000000,Performance,Medium,Chat,22.37,False,4,False
TKT00005855,C00948,2025-10-22 18:00:00,2025-10-22 22:45:36.000000000,Account Management,Critical,Support Portal,4.76,False,4,False
TKT00072386,C12456,2024-11-13 15:36:00,2024-11-18 02:19:48.000000000,Feature Request,Low,Support Portal,106.73,False,4,False
TKT00054542,C09398,2026-01-05 17:33:00,2026-01-06 16:17:24.000000000,Technical Issue,Medium,Support Portal,22.74,False,4,False
TKT00102432,C17784,2025-08-09 17:15:00,2025-08-10 06:38:24.000000000,Technical Issue,High,Chat,13.39,False,3,False
TKT00062972,C10895,2024-04-06 09:14:00,2024-04-06 13:12:48.000000000,Integration,Critical,Email,3.98,False,4,True
TKT00067872,C11700,2025-03-05 15:42:00,2025-03-06 04:24:36.000000000,Product Bug,High,Chat,12.71,False,3,False
TKT00074619,C12865,2025-10-28 13:44:00,2025-10-29 05:47:00.000000000,Product Bug,High,Email,16.05,False,3,False
TKT00061536,C10657,2025-09-23 08:34:00,2025-09-23 22:09:24.000000000,Performance,Medium,Phone,13.59,False,4,False
TKT00071631,C12309,2025-02-20 13:40:00,2025-02-22 15:28:36.000000000,Product Bug,Medium,Chat,49.81,False,3,False
TKT00012932,C02154,2025-11-15 09:36:00,2025-11-15 15:16:48.000000000,Account Management,High,Chat,5.68,False,4,False
TKT00094900,C16414,2025-09-06 13:20:00,2025-09-08 03:27:48.000000000,Feature Request,Medium,Email,38.13,True,3,True
TKT00068623,C11852,2024-08-28 13:27:00,2024-08-28 21:50:24.000000000,Account Management,High,Email,8.39,False,5,False
TKT00051148,C08862,2025-07-08 18:04:00,2025-07-10 17:56:12.000000000,Performance,Medium,Chat,47.87,True,4,False
TKT00098958,C17152,2025-11-17 16:47:00,2025-11-27 11:33:48.000000000,Performance,Low,Email,234.78,False,4,False
TKT00070049,C12062,2025-01-16 13:07:00,2025-01-17 22:04:00.000000000,Technical Issue,Medium,Chat,32.95,False,4,False
TKT00096669,C16733,2025-12-29 09:20:00,2026-01-01 09:49:23.999999999,Feature Request,High,Chat,72.49,False,2,False
TKT00035817,C06084,2024-10-04 15:27:00,2024-10-10 09:38:24.000000000,Performance,Low,Chat,138.19,False,4,False
TKT00062941,C10885,2025-10-13 17:50:00,2025-10-14 14:47:36.000000000,Integration,High,Support Portal,20.96,False,3,True
TKT00091540,C15855,2025-12-19 12:00:00,2025-12-20 13:26:24.000000000,Integration,Medium,Phone,25.44,True,5,False
TKT00054620,C09418,2025-03-25 13:30:00,2025-03-26 21:46:48.000000000,Technical Issue,Medium,Email,32.28,False,4,False
TKT00103097,C17889,2025-09-28 12:42:00,2025-10-01 09:29:24.000000000,Product Bug,Low,Phone,68.79,False,5,False
TKT00072188,C12416,2024-10-25 12:29:00,2024-10-27 04:31:24.000000000,Technical Issue,Medium,Chat,40.04,False,4,False
TKT00089505,C15478,2025-01-11 09:10:00,2025-01-12 01:28:00.000000000,Product Bug,Medium,Support Portal,16.3,False,4,False
TKT00014608,C02452,2024-08-26 11:04:00,2024-08-28 14:08:12.000000000,Feature Request,Medium,Support Portal,51.07,False,3,False
TKT00014484,C02431,2025-01-12 18:18:00,2025-01-13 11:03:36.000000000,Billing,Medium,Support Portal,16.76,False,3,True
TKT00065179,C11255,2025-05-06 13:32:00,2025-05-09 03:28:24.000000000,Technical Issue,Low,Phone,61.94,False,4,False
TKT00066132,C11402,2024-09-25 15:16:00,2024-09-27 14:42:24.000000000,Performance,Medium,Chat,47.44,False,4,False
TKT00114140,C19907,2025-02-03 12:15:00,2025-02-04 15:17:24.000000000,Account Management,Medium,Phone,27.04,False,3,False
TKT00055938,C09634,2025-05-18 15:13:00,2025-05-19 08:51:59.999999999,Integration,High,Chat,17.65,False,4,False
TKT00037470,C06412,2025-01-08 18:20:00,2025-01-09 13:01:24.000000000,Performance,Medium,Chat,18.69,False,5,False
TKT00042736,C07371,2025-06-03 17:40:00,2025-06-03 22:43:36.000000000,Performance,Critical,Email,5.06,False,4,True
TKT00112912,C19703,2024-12-08 10:50:00,2024-12-09 20:26:00.000000000,Training / Onboarding,Medium,Support Portal,33.6,False,5,False
TKT00030607,C05201,2026-01-02 12:42:00,2026-01-03 11:33:36.000000000,Technical Issue,Medium,Chat,22.86,False,5,False
TKT00106184,C18469,2025-08-05 13:31:00,2025-08-05 18:59:48.000000000,Account Management,Critical,Support Portal,5.48,False,3,True
TKT00037915,C06494,2024-06-26 18:12:00,2024-06-29 09:00:00.000000000,Product Bug,Low,Chat,62.8,False,4,False
TKT00017382,C02954,2025-04-29 09:07:00,2025-04-29 13:01:36.000000000,Billing,Critical,Support Portal,3.91,True,5,False
TKT00088925,C15377,2025-06-01 16:55:00,2025-06-02 16:53:12.000000000,Technical Issue,Medium,Phone,23.97,False,5,False
TKT00028441,C04830,2025-12-21 12:35:00,2025-12-22 18:36:12.000000000,Product Bug,Low,Phone,30.02,False,4,False
TKT00033889,C05739,2025-07-02 08:02:00,2025-07-05 02:07:59.999999999,Product Bug,Medium,Support Portal,66.1,False,4,False
TKT00105535,C18345,2024-08-09 09:54:00,2024-08-11 04:52:12.000000000,Product Bug,High,Support Portal,42.97,False,4,False
TKT00098760,C17128,2025-10-17 08:15:00,2025-10-18 08:40:12.000000000,Technical Issue,High,Chat,24.42,True,4,False
TKT00027759,C04698,2025-05-21 08:50:00,2025-05-24 13:37:24.000000000,Integration,Low,Chat,76.79,False,4,False
TKT00001939,C00331,2024-06-16 16:41:00,2024-06-17 02:24:12.000000000,Technical Issue,Critical,Chat,9.72,False,5,False
TKT00023189,C03908,2025-10-22 17:03:00,2025-10-23 04:36:00.000000000,Product Bug,High,Email,11.55,False,4,True
TKT00047256,C08182,2025-06-08 09:41:00,2025-06-10 09:50:36.000000000,Integration,Medium,Support Portal,48.16,False,3,False
TKT00025070,C04240,2024-10-02 09:56:00,2024-10-03 04:15:48.000000000,Performance,High,Phone,18.33,False,5,False
TKT00108593,C18931,2024-06-24 17:39:00,2024-06-25 06:44:24.000000000,Technical Issue,High,Chat,13.09,False,5,False
TKT00068365,C11795,2025-11-27 18:36:00,2025-11-28 11:52:48.000000000,Account Management,Medium,Chat,17.28,False,3,False
TKT00000831,C00149,2025-12-15 14:31:00,2025-12-16 20:29:48.000000000,Billing,Low,Chat,29.98,False,3,False
TKT00023446,C03938,2025-07-21 09:43:00,2025-07-22 12:10:36.000000000,Product Bug,High,Chat,26.46,False,4,False
TKT00007877,C01294,2024-08-18 12:28:00,2024-08-19 05:55:36.000000000,Technical Issue,High,Chat,17.46,True,4,False
TKT00043800,C07589,2025-10-18 15:50:00,2025-10-20 02:22:24.000000000,Performance,Medium,Support Portal,34.54,False,5,False
TKT00045843,C07932,2025-11-25 11:16:00,2025-11-25 18:41:12.000000000,Performance,Critical,Chat,7.42,False,4,False
TKT00042420,C07302,2025-10-12 17:23:00,2025-10-13 15:15:48.000000000,Integration,High,Support Portal,21.88,False,3,False
TKT00052323,C09053,2025-12-01 10:45:00,2025-12-02 11:24:00.000000000,Account Management,Medium,Support Portal,24.65,False,3,False
TKT00068568,C11841,2025-12-28 09:42:00,2025-12-29 06:00:00.000000000,Performance,Medium,Phone,20.3,False,4,False
TKT00026515,C04482,2026-01-08 14:36:00,2026-01-09 15:32:24.000000000,Product Bug,Medium,Chat,24.94,False,5,False
TKT00013002,C02158,2025-10-15 08:51:00,2025-10-17 05:00:36.000000000,Performance,Medium,Support Portal,44.16,False,4,False
TKT00069917,C12054,2024-06-10 14:40:00,2024-06-12 11:09:24.000000000,Integration,Medium,Email,44.49,False,5,False
TKT00035115,C05939,2024-12-06 12:31:00,2024-12-07 08:13:36.000000000,Performance,High,Email,19.71,True,4,True
TKT00037578,C06431,2025-05-21 14:47:00,2025-05-22 11:14:36.000000000,Technical Issue,Medium,Email,20.46,False,4,False
TKT00092730,C16068,2025-06-17 16:18:00,2025-06-19 01:35:24.000000000,Technical Issue,Medium,Chat,33.29,False,5,False
TKT00059579,C10300,2024-12-23 17:23:00,2024-12-23 23:39:48.000000000,Technical Issue,Critical,Chat,6.28,False,4,True
TKT00112059,C19529,2024-11-09 08:44:00,2024-11-10 07:18:48.000000000,Technical Issue,Medium,Email,22.58,False,4,False
TKT00088954,C15384,2024-09-13 08:39:00,2024-09-17 05:44:24.000000000,Integration,Medium,Chat,93.09,False,4,False
TKT00108917,C18972,2025-07-07 08:38:00,2025-07-10 02:40:24.000000000,Technical Issue,Low,Phone,66.04,False,4,False
TKT00018119,C03064,2024-09-12 13:13:00,2024-09-14 11:07:00.000000000,Technical Issue,Low,Phone,45.9,False,4,False
TKT00005824,C00947,2025-11-11 08:51:00,2025-11-12 00:09:36.000000000,Account Management,Medium,Email,15.31,False,5,False
TKT00001719,C00296,2024-09-19 17:30:00,2024-09-20 12:40:12.000000000,Technical Issue,High,Chat,19.17,True,4,True
TKT00068367,C11797,2025-03-12 10:52:00,2025-03-13 02:34:36.000000000,Billing,High,Support Portal,15.71,False,5,False
TKT00088737,C15342,2024-12-17 13:43:00,2024-12-17 21:20:48.000000000,Account Management,Critical,Phone,7.63,False,4,False
TKT00010406,C01731,2025-06-27 18:49:00,2025-06-30 06:17:48.000000000,Account Management,Low,Support Portal,59.48,False,4,False
TKT00063858,C11022,2024-12-04 17:18:00,2024-12-05 02:16:48.000000000,Technical Issue,High,Chat,8.98,False,4,True
TKT00058198,C10069,2025-05-11 15:45:00,2025-05-12 07:46:12.000000000,Billing,Medium,Chat,16.02,False,4,False
TKT00049364,C08554,2025-01-14 10:17:00,2025-01-15 18:11:00.000000000,Feature Request,Medium,Email,31.9,False,3,False
TKT00006317,C01037,2025-09-07 09:59:00,2025-09-09 01:18:48.000000000,Technical Issue,Medium,Support Portal,39.33,False,5,False
TKT00029684,C05045,2025-12-25 14:11:00,2025-12-28 14:19:24.000000000,Feature Request,Medium,Email,72.14,False,4,False
TKT00113194,C19754,2024-06-26 17:01:00,2024-06-26 22:29:12.000000000,Product Bug,Critical,Support Portal,5.47,True,4,False
TKT00024013,C04050,2025-08-24 11:26:00,2025-08-25 02:30:12.000000000,Performance,High,Support Portal,15.07,False,4,False
TKT00080620,C14016,2025-11-27 09:12:00,2025-11-27 19:42:00.000000000,Account Management,Medium,Phone,10.5,False,4,False
TKT00015571,C02627,2025-12-18 09:04:00,2025-12-18 22:10:36.000000000,Product Bug,High,Email,13.11,False,5,False
TKT00059837,C10337,2024-03-29 08:59:00,2024-03-30 23:26:36.000000000,Technical Issue,Medium,Chat,38.46,False,5,False
TKT00102115,C17718,2025-11-02 11:17:00,2025-11-04 01:42:48.000000000,Product Bug,Low,Support Portal,38.43,False,5,False
TKT00107579,C18718,2025-03-24 14:06:00,2025-03-25 15:13:12.000000000,Technical Issue,Medium,Support Portal,25.12,False,4,False
TKT00103989,C18035,2024-11-19 18:06:00,2024-11-21 19:37:12.000000000,Integration,Medium,Chat,49.52,False,3,True
TKT00033294,C05658,2024-11-28 13:05:00,2024-11-29 15:33:12.000000000,Billing,Low,Chat,26.47,False,4,False
TKT00097374,C16847,2025-09-02 13:26:00,2025-09-04 19:21:48.000000000,Technical Issue,Low,Support Portal,53.93,False,4,False
TKT00060300,C10435,2025-01-28 18:37:00,2025-01-31 11:32:48.000000000,Technical Issue,Medium,Chat,64.93,False,4,False
TKT00093082,C16141,2025-12-15 09:11:00,2025-12-15 19:24:12.000000000,Performance,High,Chat,10.22,False,3,True
TKT00017519,C02976,2025-08-11 09:28:00,2025-08-11 18:53:12.000000000,Billing,Medium,Support Portal,9.42,False,3,False
TKT00095592,C16534,2025-09-18 08:50:00,2025-09-19 21:06:12.000000000,Technical Issue,Low,Email,36.27,False,4,False
TKT00050821,C08814,2025-11-21 18:02:00,2025-11-24 16:44:35.999999999,Billing,Low,Chat,70.71,False,2,False
TKT00084594,C14629,2025-02-21 16:39:00,2025-02-24 09:06:00.000000000,Technical Issue,Medium,Phone,64.45,False,4,False
TKT00056375,C09723,2025-11-20 12:46:00,2025-11-21 06:26:12.000000000,Product Bug,High,Email,17.67,False,3,False
TKT00055788,C09622,2025-03-06 18:12:00,2025-03-09 08:49:12.000000000,Integration,Low,Email,62.62,False,3,False
TKT00062312,C10787,2025-08-20 18:44:00,2025-08-22 12:10:24.000000000,Technical Issue,Medium,Support Portal,41.44,True,3,False
TKT00029823,C05082,2025-07-07 18:46:00,2025-07-09 13:28:00.000000000,Product Bug,Medium,Phone,42.7,False,4,False
TKT00080662,C14023,2025-05-04 18:33:00,2025-05-05 04:58:48.000000000,Performance,High,Support Portal,10.43,False,3,True
TKT00045012,C07774,2025-03-19 13:02:00,2025-03-21 03:19:24.000000000,Account Management,Medium,Email,38.29,False,5,False
TKT00064285,C11106,2025-09-12 08:16:00,2025-09-12 21:31:00.000000000,Technical Issue,Medium,Support Portal,13.25,False,5,False
TKT00058062,C10048,2024-05-16 10:13:00,2024-05-17 11:02:12.000000000,Technical Issue,Medium,Support Portal,24.82,False,4,False
TKT00086428,C14970,2025-07-05 09:26:00,2025-07-05 15:52:24.000000000,Billing,High,Email,6.44,False,5,False
TKT00056774,C09773,2024-11-22 17:46:00,2024-11-22 21:00:24.000000000,Account Management,Critical,Chat,3.24,False,4,False
TKT00104586,C18143,2025-02-26 12:31:00,2025-02-27 19:59:12.000000000,Performance,High,Phone,31.47,False,4,False
TKT00089355,C15448,2025-10-12 09:33:00,2025-10-16 10:17:24.000000000,Integration,Low,Chat,96.74,False,4,False
TKT00019286,C03293,2025-04-30 14:10:00,2025-05-03 02:06:24.000000000,Feature Request,High,Support Portal,59.94,False,3,False
TKT00023157,C03903,2024-08-05 14:46:00,2024-08-06 07:22:36.000000000,Billing,Medium,Phone,16.61,False,4,True
TKT00111768,C19487,2025-05-19 10:45:00,2025-05-20 03:07:48.000000000,Performance,High,Support Portal,16.38,False,4,True
TKT00007327,C01200,2025-07-22 10:29:00,2025-07-23 03:23:36.000000000,Product Bug,Medium,Chat,16.91,False,5,False
TKT00054356,C09370,2025-08-11 10:41:00,2025-08-12 20:35:00.000000000,Technical Issue,Medium,Phone,33.9,False,3,True
TKT00065677,C11335,2025-06-20 16:57:00,2025-06-22 14:00:36.000000000,Training / Onboarding,Medium,Email,45.06,False,4,False
TKT00114556,C19963,2024-11-11 17:44:00,2024-11-13 10:01:24.000000000,Product Bug,Medium,Chat,40.29,False,4,False
TKT00048854,C08472,2025-10-25 13:38:00,2025-10-26 07:52:24.000000000,Performance,High,Support Portal,18.24,False,4,False
TKT00053487,C09221,2024-05-23 12:14:00,2024-05-24 10:53:36.000000000,Account Management,Medium,Chat,22.66,False,3,True
TKT00079056,C13728,2025-10-08 15:11:00,2025-10-11 12:20:36.000000000,Performance,Medium,Chat,69.16,False,3,False
TKT00064626,C11160,2025-07-24 08:21:00,2025-07-26 05:36:00.000000000,Product Bug,Medium,Email,45.25,False,4,False
TKT00050755,C08808,2024-12-31 15:50:00,2025-01-01 07:54:12.000000000,Training / Onboarding,Medium,Chat,16.07,False,4,False
TKT00023995,C04046,2024-12-15 12:17:00,2024-12-16 05:44:00.000000000,Technical Issue,Medium,Chat,17.45,False,3,False
TKT00042048,C07237,2025-03-04 09:13:00,2025-03-07 23:10:36.000000000,Performance,Low,Email,85.96,False,5,False
TKT00063665,C10993,2025-11-26 08:15:00,2025-11-27 04:25:48.000000000,Performance,High,Email,20.18,True,4,False
TKT00113853,C19849,2025-06-18 13:09:00,2025-06-22 01:10:12.000000000,Integration,Medium,Chat,84.02,False,2,True
TKT00033821,C05728,2025-06-26 11:07:00,2025-07-01 02:00:24.000000000,Performance,Medium,Phone,110.89,False,3,False
TKT00002409,C00391,2025-09-17 09:57:00,2025-09-17 13:53:24.000000000,Technical Issue,High,Phone,3.94,False,3,False
TKT00047662,C08254,2025-08-22 08:01:00,2025-08-25 03:13:35.999999999,Feature Request,Medium,Phone,67.21,False,4,False
TKT00074984,C12932,2024-06-27 14:48:00,2024-06-29 16:19:12.000000000,Integration,Medium,Email,49.52,False,4,False
TKT00053503,C09221,2025-06-09 09:18:00,2025-06-09 23:44:24.000000000,Account Management,Medium,Chat,14.44,False,4,False
TKT00059706,C10314,2025-08-31 11:15:00,2025-08-31 18:27:00.000000000,Technical Issue,Critical,Chat,7.2,False,3,True
TKT00038544,C06585,2025-12-14 15:32:00,2025-12-16 22:15:48.000000000,Technical Issue,Low,Phone,54.73,False,4,False
TKT00099091,C17178,2024-12-26 15:09:00,2024-12-27 10:31:12.000000000,Product Bug,Medium,Phone,19.37,True,5,False
TKT00057223,C09877,2024-12-22 16:29:00,2024-12-23 09:48:12.000000000,Technical Issue,Medium,Chat,17.32,False,3,False
TKT00041932,C07221,2025-01-26 09:25:00,2025-01-27 13:33:24.000000000,Account Management,Low,Support Portal,28.14,False,4,False
TKT00107805,C18768,2025-08-07 12:47:00,2025-08-08 06:21:47.999999999,Feature Request,High,Chat,17.58,False,3,True
TKT00024419,C04123,2025-06-11 14:04:00,2025-06-12 06:07:35.999999999,Product Bug,High,Support Portal,16.06,False,3,False
TKT00021625,C03636,2025-10-14 11:10:00,2025-10-17 20:40:00.000000000,Feature Request,Medium,Email,81.5,True,3,False
TKT00094084,C16285,2025-09-04 16:45:00,2025-09-05 13:49:12.000000000,Billing,High,Phone,21.07,False,3,True
TKT00003222,C00511,2025-05-22 15:56:00,2025-05-23 19:58:24.000000000,Technical Issue,Medium,Email,28.04,False,4,False
TKT00098077,C16980,2024-07-06 08:39:00,2024-07-07 03:16:48.000000000,Training / Onboarding,High,Chat,18.63,False,4,False
TKT00001636,C00282,2025-03-16 18:30:00,2025-03-19 05:31:48.000000000,Technical Issue,Low,Support Portal,59.03,False,4,False
TKT00002373,C00391,2024-06-25 12:06:00,2024-06-27 04:04:48.000000000,Product Bug,Medium,Email,39.98,False,4,False
TKT00083946,C14525,2025-08-12 10:41:00,2025-08-13 03:43:24.000000000,Technical Issue,Medium,Phone,17.04,False,4,False
TKT00006560,C01070,2025-07-29 08:02:00,2025-07-29 22:28:24.000000000,Performance,Medium,Email,14.44,False,4,False
TKT00088841,C15368,2025-07-15 08:59:00,2025-07-17 01:28:24.000000000,Product Bug,Medium,Email,40.49,False,5,False
TKT00050002,C08664,2024-09-04 13:54:00,2024-09-05 11:21:00.000000000,Integration,High,Support Portal,21.45,False,4,False
TKT00010844,C01804,2025-12-24 17:26:00,2025-12-25 20:58:24.000000000,Technical Issue,Medium,Phone,27.54,False,5,False
TKT00062489,C10818,2024-08-15 10:20:00,2024-08-18 10:40:24.000000000,Product Bug,Medium,Email,72.34,False,4,False
TKT00101630,C17629,2025-03-09 11:02:00,2025-03-10 16:48:12.000000000,Integration,High,Phone,29.77,False,4,True
TKT00058980,C10196,2025-11-29 12:33:00,2025-11-29 16:37:12.000000000,Account Management,High,Support Portal,4.07,False,4,False
TKT00058043,C10039,2024-08-27 14:12:00,2024-08-29 20:00:00.000000000,Integration,Medium,Phone,53.8,False,3,False
TKT00016767,C02824,2025-11-22 18:42:00,2025-11-23 03:01:12.000000000,Integration,Critical,Phone,8.32,False,4,True
TKT00087804,C15168,2025-01-30 09:17:00,2025-02-06 10:00:48.000000000,Feature Request,Medium,Email,168.73,False,4,False
TKT00007169,C01182,2025-05-17 12:16:00,2025-05-18 02:56:48.000000000,Billing,Medium,Chat,14.68,False,5,False
TKT00019067,C03249,2024-12-17 12:58:00,2024-12-18 18:29:48.000000000,Technical Issue,Medium,Phone,29.53,True,4,False
TKT00075935,C13122,2025-08-29 14:15:00,2025-09-02 03:57:00.000000000,Technical Issue,Low,Support Portal,85.7,False,5,False
TKT00050705,C08798,2025-01-25 18:55:00,2025-01-27 06:15:24.000000000,Integration,Medium,Phone,35.34,False,4,False
TKT00039017,C06678,2024-12-29 17:05:00,2024-12-30 09:26:36.000000000,Integration,Critical,Email,16.36,False,4,False
TKT00079861,C13883,2025-01-05 17:08:00,2025-01-08 22:32:00.000000000,Integration,Low,Phone,77.4,True,4,False
TKT00004339,C00697,2025-09-22 10:22:00,2025-09-24 16:07:36.000000000,Technical Issue,Low,Email,53.76,False,3,False
TKT00041195,C07050,2025-03-10 16:38:00,2025-03-12 18:05:36.000000000,Product Bug,Medium,Email,49.46,False,5,False
TKT00064531,C11137,2024-08-10 09:40:00,2024-08-12 22:48:24.000000000,Performance,Low,Chat,61.14,False,4,False
TKT00103770,C17985,2025-06-26 11:17:00,2025-06-26 15:33:48.000000000,Performance,Critical,Chat,4.28,False,4,False
TKT00051232,C08878,2024-06-14 17:15:00,2024-06-15 12:03:36.000000000,Product Bug,High,Chat,18.81,True,5,False
TKT00014828,C02483,2025-08-08 14:01:00,2025-08-11 04:05:48.000000000,Integration,Medium,Phone,62.08,False,4,False
TKT00090627,C15679,2025-09-03 15:22:00,2025-09-05 13:57:24.000000000,Billing,Medium,Email,46.59,False,3,False
TKT00005060,C00819,2024-11-05 12:14:00,2024-11-06 03:36:12.000000000,Billing,High,Support Portal,15.37,False,4,False
TKT00066118,C11400,2025-10-30 14:23:00,2025-10-31 03:38:36.000000000,Product Bug,High,Email,13.26,False,3,True
TKT00079766,C13864,2025-11-25 18:40:00,2025-11-28 20:26:48.000000000,Technical Issue,Low,Chat,73.78,False,4,False
TKT00008711,C01447,2025-08-20 11:16:00,2025-08-20 20:16:36.000000000,Training / Onboarding,High,Email,9.01,False,4,False
TKT00029268,C04975,2025-02-19 08:43:00,2025-02-21 07:30:24.000000000,Performance,Medium,Chat,46.79,False,4,False
TKT00041816,C07191,2025-07-10 11:20:00,2025-07-11 13:25:24.000000000,Product Bug,Medium,Chat,26.09,False,4,False
TKT00006767,C01109,2025-07-04 16:13:00,2025-07-04 19:15:24.000000000,Billing,Critical,Chat,3.04,True,4,True
TKT00035026,C05919,2025-08-05 08:52:00,2025-08-05 17:40:36.000000000,Billing,High,Support Portal,8.81,False,4,True
TKT00023895,C04030,2024-03-20 11:03:00,2024-03-22 12:52:12.000000000,Integration,Medium,Phone,49.82,False,4,True
TKT00002212,C00361,2025-06-06 18:28:00,2025-06-07 02:35:11.999999999,Integration,Critical,Email,8.12,False,5,False
TKT00036572,C06221,2024-09-30 11:09:00,2024-10-01 18:40:12.000000000,Billing,Medium,Email,31.52,False,5,False
TKT00098850,C17140,2024-07-30 11:47:00,2024-08-09 14:00:12.000000000,Feature Request,Low,Support Portal,242.22,False,5,False
TKT00104821,C18183,2025-08-06 13:16:00,2025-08-08 19:33:24.000000000,Product Bug,Low,Email,54.29,False,3,False
TKT00002392,C00391,2025-01-05 09:55:00,2025-01-06 09:20:12.000000000,Product Bug,Medium,Email,23.42,False,3,False
TKT00113957,C19867,2025-07-28 15:52:00,2025-07-28 18:27:24.000000000,Account Management,Critical,Chat,2.59,True,3,True
TKT00045089,C07788,2025-09-01 17:18:00,2025-09-03 22:15:36.000000000,Technical Issue,Low,Chat,52.96,False,4,False
TKT00064802,C11191,2024-12-20 15:44:00,2024-12-21 03:45:48.000000000,Billing,Medium,Email,12.03,False,5,False
TKT00009527,C01579,2025-03-01 14:54:00,2025-03-02 06:31:12.000000000,Billing,High,Chat,15.62,False,3,True
TKT00102834,C17855,2025-05-14 10:11:00,2025-05-14 19:06:48.000000000,Technical Issue,High,Phone,8.93,False,5,False
TKT00077077,C13329,2024-10-24 15:56:00,2024-10-27 15:18:12.000000000,Feature Request,Medium,Chat,71.37,False,4,False
TKT00035193,C05952,2026-01-11 15:16:00,2026-01-11 17:38:48.000000000,Billing,Critical,Chat,2.38,False,5,True
TKT00041262,C07071,2025-08-25 10:01:00,2025-08-29 09:48:24.000000000,Feature Request,Medium,Chat,95.79,False,4,False
TKT00109385,C19071,2024-09-30 12:03:00,2024-10-01 23:49:12.000000000,Product Bug,Medium,Chat,35.77,False,4,False
TKT00042656,C07347,2024-10-09 09:41:00,2024-10-10 18:08:00.000000000,Integration,High,Email,32.45,False,5,False
TKT00030070,C05123,2025-04-12 16:05:00,2025-04-14 02:44:00.000000000,Product Bug,Low,Chat,34.65,False,4,False
TKT00112895,C19701,2025-08-23 09:21:00,2025-08-28 22:45:00.000000000,Feature Request,Low,Phone,133.4,False,4,False
TKT00017499,C02972,2025-11-04 17:00:00,2025-11-04 23:02:24.000000000,Integration,Critical,Email,6.04,False,4,False
TKT00021166,C03575,2025-09-25 09:31:00,2025-09-26 07:13:36.000000000,Billing,Medium,Support Portal,21.71,False,4,False
TKT00057755,C09994,2026-01-06 17:06:00,2026-01-06 23:16:12.000000000,Account Management,Medium,Email,6.17,False,5,False
TKT00109200,C19043,2025-07-19 15:02:00,2025-07-22 01:12:48.000000000,Feature Request,Medium,Email,58.18,True,4,False
TKT00022330,C03754,2025-11-21 15:15:00,2025-11-22 17:16:48.000000000,Technical Issue,Medium,Support Portal,26.03,False,5,True
TKT00070782,C12182,2024-11-13 15:34:00,2024-11-15 22:46:00.000000000,Technical Issue,Medium,Phone,55.2,False,4,False
TKT00082145,C14236,2024-08-24 18:50:00,2024-08-26 02:35:00.000000000,Technical Issue,High,Email,31.75,False,4,False
TKT00103886,C18005,2026-01-07 08:17:00,2026-01-07 18:14:00.000000000,Billing,High,Email,9.95,False,5,False
TKT00062765,C10857,2025-12-28 15:47:00,2025-12-29 19:15:48.000000000,Technical Issue,Medium,Support Portal,27.48,False,5,False
TKT00058200,C10069,2025-11-11 14:32:00,2025-11-12 00:55:24.000000000,Account Management,High,Phone,10.39,False,4,False
TKT00014995,C02503,2025-11-09 15:15:00,2025-11-16 04:11:24.000000000,Feature Request,Medium,Support Portal,156.94,False,4,False
TKT00029912,C05098,2025-07-03 10:26:00,2025-07-04 11:20:00.000000000,Training / Onboarding,Medium,Email,24.9,False,4,False
TKT00039456,C06758,2025-07-28 09:17:00,2025-08-02 11:12:48.000000000,Feature Request,Low,Phone,121.93,False,4,False
TKT00051523,C08932,2025-04-14 18:25:00,2025-04-15 23:57:24.000000000,Integration,Medium,Support Portal,29.54,False,4,False
TKT00110852,C19337,2024-12-21 18:47:00,2024-12-24 02:44:00.000000000,Product Bug,Medium,Support Portal,55.95,True,4,False
TKT00070764,C12176,2025-05-30 11:27:00,2025-05-31 17:45:00.000000000,Product Bug,Medium,Phone,30.3,False,4,False
TKT00049548,C08581,2025-11-25 12:43:00,2025-11-26 14:37:00.000000000,Product Bug,Medium,Email,25.9,False,3,True
TKT00023949,C04038,2025-04-18 09:39:00,2025-04-19 06:07:12.000000000,Technical Issue,Medium,Phone,20.47,False,3,False
TKT00106941,C18607,2024-07-19 10:12:00,2024-07-20 04:59:24.000000000,Training / Onboarding,Medium,Email,18.79,True,4,False
TKT00045355,C07848,2025-09-26 17:38:00,2025-09-27 22:42:48.000000000,Technical Issue,Medium,Chat,29.08,False,4,False
TKT00059410,C10272,2025-06-05 11:50:00,2025-06-05 19:10:24.000000000,Technical Issue,High,Chat,7.34,False,5,False
TKT00075791,C13095,2024-10-05 16:34:00,2024-10-07 23:44:12.000000000,Product Bug,Medium,Email,55.17,False,3,True
TKT00005549,C00896,2025-11-23 08:49:00,2025-11-25 07:35:12.000000000,Technical Issue,Low,Support Portal,46.77,False,5,False
TKT00099146,C17188,2025-12-31 15:00:00,2026-01-01 13:56:24.000000000,Billing,Low,Phone,22.94,False,4,False
TKT00059746,C10316,2025-10-16 14:25:00,2025-10-18 10:16:36.000000000,Integration,Low,Email,43.86,False,3,False
TKT00061976,C10731,2025-10-09 11:47:00,2025-10-10 19:08:00.000000000,Product Bug,Medium,Phone,31.35,False,4,False
TKT00097954,C16951,2025-08-09 11:14:00,2025-08-10 10:23:00.000000000,Performance,High,Email,23.15,False,4,False
TKT00077291,C13366,2025-04-23 14:33:00,2025-04-25 23:42:00.000000000,Feature Request,Medium,Chat,57.15,False,3,False
TKT00102677,C17817,2025-10-02 09:54:00,2025-10-04 01:39:36.000000000,Performance,Medium,Email,39.76,False,4,False
TKT00023344,C03928,2024-10-20 12:50:00,2024-10-21 03:07:24.000000000,Billing,Medium,Chat,14.29,False,4,False
TKT00077779,C13443,2024-09-20 18:12:00,2024-09-23 12:46:48.000000000,Integration,Medium,Support Portal,66.58,False,4,False
TKT00081403,C14132,2024-10-07 13:59:00,2024-10-08 08:25:24.000000000,Technical Issue,High,Email,18.44,False,2,True
TKT00084909,C14682,2025-11-26 14:39:00,2025-11-30 03:01:48.000000000,Integration,Medium,Phone,84.38,False,3,True
TKT00081855,C14190,2026-01-09 11:01:00,2026-01-09 20:31:00.000000000,Technical Issue,Medium,Email,9.5,True,3,False
TKT00014068,C02342,2025-12-14 12:08:00,2025-12-17 01:08:36.000000000,Billing,Low,Phone,61.01,False,4,False
TKT00097562,C16887,2024-10-24 16:23:00,2024-10-25 03:33:48.000000000,Technical Issue,High,Chat,11.18,True,4,False
TKT00007396,C01213,2025-04-08 10:03:00,2025-04-09 18:10:11.999999999,Performance,Medium,Phone,32.12,False,4,False
TKT00048998,C08496,2025-03-06 14:09:00,2025-03-08 07:45:36.000000000,Product Bug,Medium,Email,41.61,False,5,False
TKT00057517,C09942,2025-12-24 12:22:00,2025-12-27 06:11:48.000000000,Product Bug,Medium,Email,65.83,False,4,False
TKT00010856,C01807,2025-04-10 16:45:00,2025-04-11 12:45:00.000000000,Account Management,Medium,Chat,20.0,False,4,False
TKT00009204,C01538,2025-10-22 09:17:00,2025-10-22 16:15:12.000000000,Technical Issue,Critical,Phone,6.97,False,4,False
TKT00074957,C12925,2024-09-09 08:01:00,2024-09-11 03:55:36.000000000,Product Bug,Medium,Email,43.91,True,4,False
TKT00068982,C11902,2025-08-08 14:40:00,2025-08-12 19:06:24.000000000,Technical Issue,Low,Chat,100.44,True,2,True
TKT00033024,C05624,2024-12-11 18:07:00,2024-12-13 02:18:23.999999999,Technical Issue,Medium,Chat,32.19,False,4,False
TKT00085964,C14862,2025-11-24 16:43:00,2025-11-25 14:38:48.000000000,Product Bug,High,Email,21.93,False,2,False
TKT00050060,C08668,2024-09-14 14:30:00,2024-09-15 06:12:36.000000000,Account Management,High,Phone,15.71,False,4,False
TKT00013239,C02202,2024-10-07 17:54:00,2024-10-08 10:21:36.000000000,Technical Issue,High,Email,16.46,False,4,False
TKT00052594,C09090,2024-09-29 17:52:00,2024-09-30 20:06:24.000000000,Technical Issue,Medium,Chat,26.24,False,4,False
TKT00058639,C10139,2025-12-29 11:56:00,2025-12-31 19:35:36.000000000,Technical Issue,Low,Phone,55.66,False,2,True
TKT00048454,C08404,2025-12-26 12:52:00,2025-12-27 19:53:48.000000000,Training / Onboarding,Medium,Chat,31.03,False,4,False
TKT00023490,C03951,2024-10-09 12:40:00,2024-10-10 18:18:24.000000000,Integration,High,Email,29.64,True,4,True
TKT00011492,C01920,2025-01-20 13:11:00,2025-01-21 16:59:00.000000000,Performance,High,Phone,27.8,False,4,False
TKT00033814,C05727,2026-01-08 08:34:00,2026-01-09 02:59:12.000000000,Integration,High,Support Portal,18.42,True,4,False
TKT00057314,C09888,2025-04-13 11:22:00,2025-04-15 10:22:36.000000000,Product Bug,Medium,Phone,47.01,False,5,False
TKT00054379,C09371,2025-12-03 16:07:00,2025-12-04 04:39:24.000000000,Feature Request,Critical,Chat,12.54,True,3,False
TKT00114752,C19998,2025-12-17 18:32:00,2025-12-19 17:47:36.000000000,Technical Issue,Medium,Phone,47.26,False,5,False
TKT00091850,C15921,2025-01-18 12:43:00,2025-01-25 09:31:00.000000000,Feature Request,Low,Email,164.8,False,5,False
TKT00025160,C04258,2025-08-12 13:23:00,2025-08-13 18:26:36.000000000,Billing,Low,Email,29.06,False,4,False
TKT00038572,C06595,2025-07-07 08:43:00,2025-07-07 16:56:12.000000000,Account Management,High,Support Portal,8.22,False,4,False
TKT00079807,C13870,2024-11-06 09:19:00,2024-11-07 07:52:00.000000000,Performance,Medium,Phone,22.55,False,4,False
TKT00059125,C10214,2025-12-23 14:36:00,2025-12-26 09:37:12.000000000,Technical Issue,Low,Phone,67.02,False,4,False
TKT00027193,C04596,2025-03-01 09:05:00,2025-03-02 17:15:12.000000000,Performance,High,Support Portal,32.17,False,3,True
TKT00104598,C18144,2025-02-16 14:05:00,2025-02-20 15:11:00.000000000,Technical Issue,Low,Support Portal,97.1,False,5,False
TKT00016658,C02796,2025-11-01 12:50:00,2025-11-02 15:19:24.000000000,Billing,Medium,Phone,26.49,False,5,False
TKT00022783,C03842,2024-10-22 13:58:00,2024-10-28 20:18:24.000000000,Integration,Low,Phone,150.34,False,4,False
TKT00041884,C07209,2025-09-12 14:16:00,2025-09-13 02:42:24.000000000,Training / Onboarding,High,Email,12.44,False,4,True
TKT00106959,C18607,2025-01-29 15:54:00,2025-01-30 21:46:48.000000000,Performance,Medium,Email,29.88,False,4,False
TKT00018743,C03197,2025-05-24 14:08:00,2025-05-27 06:40:24.000000000,Technical Issue,Low,Support Portal,64.54,False,4,False
TKT00107172,C18646,2024-09-21 15:51:00,2024-09-22 05:24:00.000000000,Billing,Medium,Chat,13.55,False,5,False
TKT00092729,C16068,2025-06-12 16:09:00,2025-06-14 03:41:24.000000000,Technical Issue,High,Support Portal,35.54,False,4,False
TKT00026139,C04409,2024-09-07 16:08:00,2024-09-08 11:26:36.000000000,Account Management,High,Email,19.31,False,5,False
TKT00002634,C00431,2025-10-26 14:33:00,2025-10-26 22:04:48.000000000,Account Management,High,Email,7.53,True,3,False
TKT00015632,C02639,2025-09-23 17:43:00,2025-09-24 09:43:36.000000000,Billing,Medium,Chat,16.01,False,4,False
TKT00014935,C02501,2025-03-06 11:12:00,2025-03-08 02:16:12.000000000,Technical Issue,Medium,Chat,39.07,False,3,False
TKT00029963,C05104,2025-03-16 16:51:00,2025-03-17 09:57:36.000000000,Training / Onboarding,Medium,Email,17.11,False,5,False
TKT00087433,C15106,2025-04-07 11:02:00,2025-04-07 14:44:00.000000000,Product Bug,Critical,Support Portal,3.7,False,4,False
TKT00038115,C06526,2025-03-25 09:52:00,2025-03-26 11:10:36.000000000,Product Bug,Medium,Email,25.31,False,4,False
TKT00026268,C04434,2025-01-04 08:52:00,2025-01-05 03:01:36.000000000,Technical Issue,Medium,Phone,18.16,False,4,False
TKT00059809,C10330,2025-07-15 17:23:00,2025-07-17 21:46:24.000000000,Integration,Medium,Email,52.39,True,3,False
TKT00015114,C02531,2025-03-28 14:28:00,2025-03-31 23:44:48.000000000,Account Management,Medium,Phone,81.28,False,4,False
TKT00062282,C10782,2025-06-25 08:56:00,2025-06-26 23:20:00.000000000,Performance,Medium,Email,38.4,False,5,False
TKT00065146,C11247,2025-09-07 12:10:00,2025-09-11 20:16:36.000000000,Integration,Low,Chat,104.11,False,3,False
TKT00008363,C01390,2025-02-12 17:47:00,2025-02-13 15:43:24.000000000,Account Management,Low,Support Portal,21.94,False,3,False
TKT00010679,C01772,2025-07-05 16:35:00,2025-07-07 06:50:00.000000000,Integration,Medium,Email,38.25,False,3,False
TKT00067323,C11608,2025-04-09 13:19:00,2025-04-11 07:42:24.000000000,Training / Onboarding,Low,Email,42.39,False,4,False
TKT00066580,C11493,2024-09-06 08:49:00,2024-09-08 06:12:24.000000000,Integration,Medium,Phone,45.39,False,4,False
TKT00079290,C13780,2024-01-22 10:57:00,2024-01-23 12:57:00.000000000,Integration,Medium,Chat,26.0,False,4,False
TKT00114213,C19915,2024-11-07 12:29:00,2024-11-08 06:11:36.000000000,Training / Onboarding,Medium,Support Portal,17.71,False,4,False
TKT00040715,C06966,2025-06-10 14:08:00,2025-06-12 13:09:12.000000000,Technical Issue,Medium,Chat,47.02,False,4,False
TKT00045443,C07869,2024-12-11 13:20:00,2024-12-12 08:17:36.000000000,Billing,Medium,Phone,18.96,False,3,False
TKT00010707,C01779,2024-10-02 14:18:00,2024-10-05 13:10:47.999999999,Feature Request,Medium,Email,70.88,False,4,False
TKT00056348,C09722,2025-04-28 11:13:00,2025-04-29 04:55:00.000000000,Technical Issue,Medium,Phone,17.7,False,3,False
TKT00035479,C06007,2025-11-25 08:52:00,2025-11-26 04:30:24.000000000,Performance,Medium,Support Portal,19.64,False,4,False
TKT00103462,C17938,2025-01-30 08:14:00,2025-01-31 00:18:47.999999999,Billing,Medium,Chat,16.08,False,5,False
TKT00064234,C11099,2025-08-10 08:25:00,2025-08-11 08:19:00.000000000,Technical Issue,Medium,Email,23.9,False,4,False
TKT00042166,C07252,2024-10-28 10:58:00,2024-10-29 18:53:48.000000000,Performance,Medium,Chat,31.93,False,4,False
TKT00028475,C04833,2025-01-08 18:41:00,2025-01-09 22:32:00.000000000,Technical Issue,Medium,Chat,27.85,False,3,True
TKT00070133,C12072,2025-05-06 14:10:00,2025-05-07 06:31:36.000000000,Billing,Medium,Phone,16.36,False,4,False
TKT00073497,C12669,2025-05-06 12:28:00,2025-05-07 00:32:12.000000000,Technical Issue,High,Chat,12.07,False,4,True
TKT00012036,C02003,2025-11-20 15:38:00,2025-11-23 16:38:36.000000000,Performance,Medium,Support Portal,73.01,False,3,False
TKT00052659,C09100,2024-03-07 18:28:00,2024-03-08 07:41:48.000000000,Product Bug,High,Email,13.23,False,3,False
TKT00049502,C08575,2025-03-19 16:09:00,2025-03-20 10:37:48.000000000,Integration,High,Phone,18.48,False,4,False
TKT00107411,C18697,2025-05-30 13:41:00,2025-05-31 15:59:36.000000000,Technical Issue,Medium,Chat,26.31,False,4,False
TKT00059187,C10220,2025-12-09 12:08:00,2025-12-11 07:45:48.000000000,Product Bug,Medium,Email,43.63,False,4,False
TKT00056686,C09760,2025-01-18 15:25:00,2025-01-19 20:40:36.000000000,Technical Issue,Low,Support Portal,29.26,False,4,False
TKT00036378,C06186,2025-04-02 15:41:00,2025-04-03 11:28:24.000000000,Performance,Medium,Email,19.79,True,3,False
TKT00112328,C19573,2025-11-01 10:45:00,2025-11-02 05:55:48.000000000,Account Management,Medium,Chat,19.18,False,3,False
TKT00041757,C07172,2024-11-18 11:51:00,2024-11-21 22:19:12.000000000,Integration,Low,Email,82.47,False,4,False
TKT00070132,C12072,2025-02-26 17:44:00,2025-03-01 08:02:36.000000000,Integration,Medium,Support Portal,62.31,False,4,False
TKT00063047,C10912,2025-12-04 09:52:00,2025-12-05 12:11:12.000000000,Product Bug,Medium,Chat,26.32,False,5,False
TKT00111320,C19415,2025-10-01 13:21:00,2025-10-02 13:38:24.000000000,Technical Issue,Medium,Phone,24.29,True,3,False
TKT00047726,C08265,2025-11-03 13:19:00,2025-11-06 17:21:24.000000000,Performance,Low,Chat,76.04,False,4,False
TKT00063323,C10952,2025-09-08 14:29:00,2025-09-10 04:54:12.000000000,Product Bug,Medium,Email,38.42,False,3,True
TKT00066623,C11499,2025-05-23 15:47:00,2025-05-23 22:02:00.000000000,Technical Issue,Critical,Email,6.25,False,4,True
TKT00026859,C04544,2026-01-02 13:25:00,2026-01-03 03:56:48.000000000,Account Management,Medium,Email,14.53,False,5,False
TKT00011407,C01910,2025-06-11 16:47:00,2025-06-13 00:56:00.000000000,Product Bug,Low,Chat,32.15,False,4,False
TKT00078355,C13569,2024-03-02 12:48:00,2024-03-04 12:03:00.000000000,Billing,Low,Email,47.25,False,5,False
TKT00023274,C03921,2024-10-13 15:28:00,2024-10-16 06:37:00.000000000,Integration,Medium,Phone,63.15,False,4,False
TKT00061134,C10595,2025-12-10 16:27:00,2025-12-12 07:43:12.000000000,Technical Issue,Low,Chat,39.27,False,4,True
TKT00016306,C02742,2024-11-30 11:30:00,2024-12-01 21:55:48.000000000,Technical Issue,Medium,Support Portal,34.43,False,4,False
TKT00084140,C14554,2026-01-04 15:44:00,2026-01-05 11:17:00.000000000,Account Management,Medium,Email,19.55,False,2,False
TKT00035074,C05925,2025-07-25 13:37:00,2025-07-26 16:23:48.000000000,Performance,Medium,Email,26.78,True,3,False
TKT00013463,C02234,2024-09-09 14:14:00,2024-09-10 10:43:24.000000000,Product Bug,Medium,Support Portal,20.49,False,4,False
TKT00024656,C04158,2025-12-08 11:58:00,2025-12-08 17:02:48.000000000,Account Management,High,Email,5.08,False,5,False
TKT00104049,C18050,2024-10-22 09:39:00,2024-10-27 13:56:24.000000000,Performance,Low,Email,124.29,False,3,False
TKT00101151,C17563,2025-12-09 12:59:00,2025-12-10 09:14:00.000000000,Integration,High,Phone,20.25,False,5,False
TKT00091946,C15936,2025-02-21 13:15:00,2025-02-24 08:31:48.000000000,Product Bug,Low,Phone,67.28,False,4,False
TKT00018907,C03223,2024-10-14 16:36:00,2024-10-15 23:49:12.000000000,Product Bug,Medium,Phone,31.22,True,4,False
TKT00053704,C09258,2025-01-31 11:27:00,2025-02-01 07:37:48.000000000,Account Management,Medium,Chat,20.18,False,3,False
TKT00012548,C02077,2025-04-09 18:38:00,2025-04-10 23:37:24.000000000,Performance,Medium,Chat,28.99,False,4,False
TKT00051434,C08907,2024-07-31 13:00:00,2024-08-01 07:35:24.000000000,Integration,Medium,Support Portal,18.59,False,4,True
TKT00053718,C09258,2025-07-28 18:22:00,2025-07-29 21:43:36.000000000,Product Bug,Medium,Chat,27.36,False,4,False
TKT00010765,C01789,2024-08-25 13:41:00,2024-08-26 13:42:48.000000000,Training / Onboarding,High,Phone,24.03,False,4,False
TKT00000506,C00077,2024-08-05 08:04:00,2024-08-06 02:52:36.000000000,Performance,Low,Email,18.81,False,4,False
TKT00034477,C05834,2025-06-15 17:56:00,2025-06-16 20:20:00.000000000,Account Management,Medium,Chat,26.4,True,3,False
TKT00041929,C07217,2025-10-27 13:24:00,2025-10-28 17:09:00.000000000,Integration,Medium,Chat,27.75,False,4,False
TKT00066371,C11450,2025-10-27 11:04:00,2025-10-28 05:07:35.999999999,Training / Onboarding,High,Email,18.06,False,4,False
TKT00054074,C09298,2025-07-15 16:41:00,2025-07-17 12:41:36.000000000,Feature Request,Medium,Phone,44.01,False,4,False
TKT00017984,C03046,2025-12-23 08:08:00,2025-12-23 21:27:12.000000000,Product Bug,High,Email,13.32,False,4,False
TKT00100204,C17361,2025-10-04 15:16:00,2025-10-08 02:05:48.000000000,Performance,Low,Chat,82.83,False,3,False
TKT00074435,C12832,2025-05-30 13:44:00,2025-06-01 06:07:24.000000000,Product Bug,Medium,Support Portal,40.39,False,4,False
TKT00099417,C17225,2025-11-12 13:13:00,2025-11-14 07:34:36.000000000,Billing,Medium,Email,42.36,False,4,False
TKT00043120,C07443,2024-04-13 16:08:00,2024-04-14 05:25:24.000000000,Account Management,Critical,Email,13.29,False,5,False
TKT00021790,C03663,2025-05-15 12:58:00,2025-05-15 20:12:24.000000000,Billing,Medium,Phone,7.24,False,3,True
TKT00092209,C15990,2025-09-23 12:13:00,2025-09-24 23:35:11.999999999,Performance,Medium,Email,35.37,False,5,False
TKT00044097,C07626,2025-03-07 17:17:00,2025-03-11 03:11:36.000000000,Product Bug,Low,Chat,81.91,False,4,False
TKT00105425,C18317,2025-09-21 09:53:00,2025-09-23 07:15:48.000000000,Technical Issue,Medium,Support Portal,45.38,False,4,False
TKT00059681,C10313,2024-10-22 17:41:00,2024-10-24 23:48:48.000000000,Technical Issue,Low,Support Portal,54.13,False,5,False
TKT00069555,C11990,2025-09-07 09:25:00,2025-09-10 11:04:00.000000000,Feature Request,Medium,Chat,73.65,False,5,False
TKT00009903,C01645,2024-07-24 10:13:00,2024-07-25 20:52:35.999999999,Product Bug,Medium,Phone,34.66,False,4,False
TKT00080917,C14068,2025-06-29 16:07:00,2025-07-03 03:16:36.000000000,Technical Issue,Low,Support Portal,83.16,False,4,False
TKT00070726,C12172,2025-02-24 16:46:00,2025-02-28 11:27:24.000000000,Technical Issue,Low,Chat,90.69,False,4,False
TKT00009556,C01585,2025-08-06 10:17:00,2025-08-09 20:05:00.000000000,Performance,Medium,Chat,81.8,False,3,False
TKT00048104,C08334,2025-12-02 18:54:00,2025-12-03 19:28:12.000000000,Technical Issue,Medium,Email,24.57,False,5,False
TKT00047011,C08143,2025-06-08 12:08:00,2025-06-10 03:34:24.000000000,Integration,Low,Chat,39.44,False,4,False
TKT00093673,C16232,2025-10-18 09:54:00,2025-10-20 10:48:36.000000000,Feature Request,High,Email,48.91,True,4,True
TKT00006813,C01123,2025-10-27 18:23:00,2025-10-28 13:45:12.000000000,Technical Issue,Medium,Support Portal,19.37,False,3,True
TKT00007113,C01174,2025-12-26 09:44:00,2025-12-28 03:21:12.000000000,Technical Issue,Medium,Chat,41.62,False,4,False
TKT00002708,C00441,2025-01-30 11:11:00,2025-01-31 02:57:12.000000000,Integration,High,Chat,15.77,False,4,False
TKT00052852,C09123,2025-07-03 11:11:00,2025-07-04 02:21:48.000000000,Product Bug,High,Email,15.18,False,3,False
TKT00024572,C04142,2025-08-20 10:13:00,2025-08-21 18:33:24.000000000,Technical Issue,High,Support Portal,32.34,True,4,True
TKT00065463,C11295,2025-04-22 12:15:00,2025-04-23 13:55:48.000000000,Technical Issue,Medium,Phone,25.68,False,4,False
TKT00015846,C02679,2025-07-17 13:40:00,2025-07-18 15:22:00.000000000,Performance,Medium,Support Portal,25.7,False,4,False
TKT00043112,C07441,2025-02-25 15:15:00,2025-03-01 09:21:36.000000000,Technical Issue,Low,Email,90.11,False,4,False
TKT00075001,C12932,2025-05-06 17:18:00,2025-05-07 20:54:00.000000000,Integration,Medium,Email,27.6,True,4,False
TKT00036128,C06141,2024-05-30 12:08:00,2024-05-31 03:45:48.000000000,Account Management,High,Phone,15.63,False,4,True
TKT00002286,C00379,2026-01-10 12:35:00,2026-01-12 15:36:12.000000000,Feature Request,Medium,Chat,51.02,True,4,False
TKT00005179,C00832,2025-01-21 17:18:00,2025-01-23 03:13:12.000000000,Billing,Medium,Chat,33.92,True,5,False
TKT00106918,C18605,2024-04-09 15:32:00,2024-04-11 13:06:48.000000000,Feature Request,High,Support Portal,45.58,False,5,False
TKT00076258,C13182,2024-12-04 12:22:00,2024-12-05 15:26:12.000000000,Performance,Medium,Chat,27.07,False,5,False
TKT00033602,C05694,2024-12-15 12:24:00,2024-12-19 05:09:36.000000000,Feature Request,Medium,Chat,88.76,True,4,False
TKT00032422,C05526,2024-05-12 18:00:00,2024-05-13 09:24:36.000000000,Billing,Medium,Support Portal,15.41,False,4,False
TKT00050044,C08666,2025-10-08 15:46:00,2025-10-09 13:25:36.000000000,Account Management,Medium,Chat,21.66,False,3,True
TKT00051369,C08902,2025-09-24 08:39:00,2025-09-25 04:36:00.000000000,Billing,Low,Email,19.95,False,5,False
TKT00016461,C02766,2025-06-08 13:48:00,2025-06-09 05:49:48.000000000,Performance,Medium,Phone,16.03,False,4,False
TKT00020425,C03452,2025-12-09 10:59:00,2025-12-10 17:21:12.000000000,Technical Issue,Medium,Phone,30.37,False,4,False
TKT00061488,C10648,2024-03-21 14:33:00,2024-03-22 03:48:00.000000000,Billing,High,Email,13.25,False,5,False
TKT00044034,C07611,2025-08-07 17:39:00,2025-08-09 14:31:48.000000000,Product Bug,Medium,Phone,44.88,False,3,False
TKT00061658,C10684,2025-07-02 08:28:00,2025-07-04 01:03:24.000000000,Technical Issue,Medium,Phone,40.59,False,4,False
TKT00054777,C09447,2025-02-14 16:52:00,2025-02-21 15:00:24.000000000,Product Bug,Low,Chat,166.14,False,4,False
TKT00077337,C13372,2024-05-25 14:57:00,2024-05-26 15:07:12.000000000,Technical Issue,Medium,Email,24.17,False,4,False
TKT00112822,C19680,2025-10-13 10:30:00,2025-10-17 02:08:24.000000000,Technical Issue,Low,Chat,87.64,False,4,False
TKT00071330,C12265,2025-03-07 12:48:00,2025-03-15 01:04:12.000000000,Training / Onboarding,Low,Phone,180.27,False,4,False
TKT00070958,C12214,2025-12-25 15:12:00,2025-12-25 17:19:48.000000000,Technical Issue,Critical,Email,2.13,False,4,False
TKT00085730,C14818,2024-05-30 14:03:00,2024-06-01 06:11:24.000000000,Feature Request,High,Support Portal,40.14,False,4,False
TKT00085687,C14809,2025-09-19 10:51:00,2025-09-21 07:46:12.000000000,Product Bug,High,Support Portal,44.92,False,4,False
TKT00059078,C10207,2024-11-05 12:30:00,2024-11-06 14:32:24.000000000,Feature Request,High,Chat,26.04,False,4,False
TKT00109310,C19062,2026-01-06 10:11:00,2026-01-09 05:26:36.000000000,Technical Issue,Low,Email,67.26,False,4,False
TKT00011390,C01910,2024-10-31 10:50:00,2024-10-31 12:42:12.000000000,Technical Issue,Critical,Chat,1.87,False,4,False
TKT00098934,C17151,2024-12-24 12:56:00,2024-12-29 09:33:48.000000000,Feature Request,Medium,Phone,116.63,True,4,False
TKT00063184,C10933,2025-11-14 13:33:00,2025-11-15 15:36:36.000000000,Technical Issue,Medium,Phone,26.06,False,4,False
TKT00094110,C16290,2024-10-06 11:58:00,2024-10-07 03:39:24.000000000,Integration,High,Email,15.69,False,4,False
TKT00072320,C12442,2026-01-10 08:07:00,2026-01-14 00:53:12.000000000,Integration,Medium,Email,88.77,False,4,False
TKT00072129,C12404,2025-09-11 17:23:00,2025-09-13 10:17:36.000000000,Feature Request,High,Chat,40.91,False,4,False
TKT00007985,C01314,2025-04-25 18:06:00,2025-05-01 09:26:24.000000000,Product Bug,Low,Phone,135.34,False,4,False
TKT00064151,C11078,2025-08-11 14:11:00,2025-08-12 18:14:36.000000000,Billing,Low,Chat,28.06,False,3,False
TKT00062619,C10841,2025-06-21 17:12:00,2025-06-22 02:33:36.000000000,Account Management,Medium,Phone,9.36,False,3,False
TKT00074868,C12910,2025-06-10 13:47:00,2025-06-11 20:51:48.000000000,Integration,Medium,Chat,31.08,False,4,False
TKT00050945,C08830,2025-04-02 15:13:00,2025-04-09 10:58:36.000000000,Feature Request,Low,Email,163.76,False,4,False
TKT00016127,C02713,2025-10-17 12:57:00,2025-10-17 20:57:00.000000000,Billing,High,Support Portal,8.0,False,4,False
TKT00026104,C04406,2025-10-28 09:45:00,2025-10-29 20:21:00.000000000,Performance,Low,Phone,34.6,False,4,False
TKT00099449,C17230,2025-09-26 13:31:00,2025-09-28 15:02:48.000000000,Performance,Medium,Chat,49.53,False,3,False
TKT00077002,C13312,2024-10-26 08:30:00,2024-10-26 17:37:12.000000000,Account Management,Medium,Email,9.12,False,4,False
TKT00067615,C11657,2025-09-24 08:17:00,2025-09-25 11:58:24.000000000,Technical Issue,Medium,Support Portal,27.69,False,5,False
TKT00038165,C06532,2025-05-17 18:13:00,2025-05-18 11:06:24.000000000,Technical Issue,High,Support Portal,16.89,False,5,False
TKT00060277,C10428,2025-12-07 15:59:00,2025-12-08 03:08:00.000000000,Account Management,High,Phone,11.15,True,4,False
TKT00066010,C11384,2024-07-12 16:21:00,2024-07-13 06:46:48.000000000,Technical Issue,Medium,Phone,14.43,False,4,False
TKT00046485,C08041,2024-08-08 08:30:00,2024-08-10 09:38:24.000000000,Product Bug,Medium,Phone,49.14,False,3,True
TKT00016130,C02716,2025-09-17 18:26:00,2025-09-18 11:13:24.000000000,Training / Onboarding,High,Email,16.79,False,3,False
TKT00016585,C02787,2024-06-22 13:57:00,2024-06-23 18:16:48.000000000,Performance,High,Email,28.33,False,5,False
TKT00097339,C16840,2024-09-04 11:38:00,2024-09-06 13:24:48.000000000,Technical Issue,Low,Support Portal,49.78,False,4,False
TKT00044822,C07753,2025-03-16 09:49:00,2025-03-17 07:12:24.000000000,Technical Issue,High,Phone,21.39,True,4,False
TKT00034047,C05762,2025-06-17 13:35:00,2025-06-18 03:45:48.000000000,Training / Onboarding,Medium,Phone,14.18,True,4,False
TKT00025960,C04387,2025-08-07 16:27:00,2025-08-08 10:31:47.999999999,Product Bug,High,Phone,18.08,False,3,False
TKT00083278,C14434,2025-08-01 15:53:00,2025-08-02 10:36:12.000000000,Product Bug,High,Support Portal,18.72,False,5,False
TKT00066266,C11429,2025-10-10 14:58:00,2025-10-12 02:41:12.000000000,Technical Issue,Medium,Support Portal,35.72,False,4,False
TKT00073936,C12743,2025-06-11 12:05:00,2025-06-12 03:29:00.000000000,Integration,High,Email,15.4,False,5,False
TKT00004851,C00787,2025-07-31 15:51:00,2025-08-01 07:35:24.000000000,Technical Issue,Medium,Chat,15.74,False,5,False
TKT00025402,C04302,2024-06-10 18:15:00,2024-06-12 05:47:59.999999999,Integration,Medium,Email,35.55,False,4,False
TKT00054462,C09387,2026-01-06 11:08:00,2026-01-07 21:07:24.000000000,Technical Issue,High,Support Portal,33.99,False,4,True
TKT00111738,C19480,2025-11-27 09:24:00,2025-11-28 15:21:36.000000000,Technical Issue,Low,Chat,29.96,False,5,False
TKT00011336,C01897,2024-07-30 10:59:00,2024-07-30 21:35:36.000000000,Training / Onboarding,High,Chat,10.61,False,5,False
TKT00105845,C18408,2025-04-13 10:38:00,2025-04-13 13:56:36.000000000,Training / Onboarding,Critical,Phone,3.31,True,4,True
TKT00080618,C14016,2025-10-18 11:32:00,2025-10-19 03:05:00.000000000,Billing,Low,Chat,15.55,False,4,False
TKT00057067,C09839,2025-09-09 18:00:00,2025-09-11 13:01:48.000000000,Product Bug,High,Support Portal,43.03,False,3,False
TKT00074804,C12905,2025-05-31 12:27:00,2025-06-01 06:24:00.000000000,Performance,Low,Chat,17.95,False,5,False
TKT00092445,C16031,2025-02-06 17:24:00,2025-02-10 19:46:48.000000000,Technical Issue,Low,Email,98.38,False,4,False
TKT00051134,C08857,2025-12-17 14:55:00,2025-12-21 12:38:12.000000000,Product Bug,Low,Email,93.72,False,4,False
TKT00068412,C11812,2026-01-04 15:25:00,2026-01-06 01:50:12.000000000,Performance,Medium,Chat,34.42,False,4,False
TKT00049681,C08608,2024-12-18 11:30:00,2024-12-20 14:07:48.000000000,Technical Issue,Low,Email,50.63,False,4,False
TKT00006071,C00979,2024-10-11 12:28:00,2024-10-14 10:47:48.000000000,Feature Request,High,Chat,70.33,False,4,False
TKT00099938,C17309,2025-10-10 09:37:00,2025-10-12 19:02:48.000000000,Technical Issue,Medium,Phone,57.43,False,3,False
TKT00008769,C01460,2024-07-29 17:53:00,2024-08-01 16:36:48.000000000,Training / Onboarding,Low,Chat,70.73,False,3,False
TKT00062694,C10855,2025-01-09 11:50:00,2025-01-10 03:38:00.000000000,Technical Issue,High,Chat,15.8,False,5,False
TKT00027584,C04670,2025-12-15 15:03:00,2025-12-15 23:25:48.000000000,Technical Issue,High,Email,8.38,False,4,False
TKT00015603,C02633,2024-08-10 11:23:00,2024-08-11 01:02:00.000000000,Performance,High,Chat,13.65,False,4,False
TKT00074586,C12861,2024-06-01 14:54:00,2024-06-02 05:40:12.000000000,Performance,High,Support Portal,14.77,False,4,True
TKT00044998,C07774,2024-04-23 09:38:00,2024-04-23 14:14:00.000000000,Integration,Critical,Email,4.6,True,3,True
TKT00068191,C11760,2025-04-20 10:40:00,2025-04-21 17:20:48.000000000,Integration,Medium,Phone,30.68,True,4,False
TKT00061340,C10619,2025-08-28 15:53:00,2025-09-02 15:49:24.000000000,Feature Request,Low,Chat,119.94,False,4,False
TKT00090536,C15664,2025-09-01 13:09:00,2025-09-02 22:15:00.000000000,Product Bug,High,Email,33.1,False,4,False
TKT00037061,C06319,2025-08-07 14:51:00,2025-08-13 16:14:23.999999999,Integration,Low,Support Portal,145.39,False,4,False
TKT00043081,C07432,2024-08-27 11:52:00,2024-08-28 08:47:48.000000000,Billing,Medium,Chat,20.93,False,4,False
TKT00000615,C00101,2025-07-22 14:45:00,2025-07-23 05:39:00.000000000,Integration,High,Phone,14.9,False,4,False
TKT00019185,C03269,2025-05-15 18:13:00,2025-05-16 07:22:00.000000000,Integration,High,Chat,13.15,False,3,False
TKT00027318,C04617,2024-09-18 18:30:00,2024-09-19 04:27:00.000000000,Billing,High,Phone,9.95,True,4,False
TKT00053452,C09217,2025-05-13 10:14:00,2025-05-14 14:15:12.000000000,Performance,Medium,Phone,28.02,False,4,False
TKT00010086,C01671,2024-09-17 11:24:00,2024-09-18 01:59:24.000000000,Billing,Medium,Chat,14.59,False,5,False
TKT00061646,C10679,2025-07-20 13:41:00,2025-07-22 00:25:24.000000000,Performance,High,Email,34.74,False,5,False
TKT00033919,C05747,2025-03-31 12:09:00,2025-04-03 15:01:48.000000000,Product Bug,Medium,Email,74.88,False,3,False
TKT00058526,C10114,2025-03-05 18:58:00,2025-03-06 14:14:12.000000000,Product Bug,High,Phone,19.27,True,4,False
TKT00014831,C02483,2025-09-26 13:23:00,2025-09-27 03:17:00.000000000,Performance,Medium,Chat,13.9,False,4,False
TKT00035608,C06027,2025-09-26 11:58:00,2025-09-30 20:59:48.000000000,Integration,Low,Email,105.03,False,3,False
TKT00082498,C14300,2025-09-30 14:09:00,2025-10-04 07:19:12.000000000,Technical Issue,Low,Support Portal,89.17,False,4,False
TKT00101174,C17569,2024-11-01 12:49:00,2024-11-02 07:26:12.000000000,Technical Issue,High,Email,18.62,False,4,False
TKT00059207,C10225,2025-02-06 16:50:00,2025-02-08 01:12:48.000000000,Integration,Medium,Chat,32.38,True,4,False
TKT00052360,C09057,2025-08-29 16:41:00,2025-08-29 20:14:00.000000000,Product Bug,Critical,Support Portal,3.55,True,4,True
TKT00078786,C13667,2025-12-29 09:57:00,2026-01-04 04:33:00.000000000,Technical Issue,Low,Chat,138.6,False,3,False
TKT00100944,C17527,2025-07-09 17:21:00,2025-07-11 20:42:36.000000000,Product Bug,Medium,Phone,51.36,False,4,False
TKT00036342,C06183,2025-08-17 12:44:00,2025-08-22 23:16:24.000000000,Performance,Low,Email,130.54,False,3,False
TKT00072024,C12386,2025-01-11 17:50:00,2025-01-12 11:24:47.999999999,Training / Onboarding,High,Support Portal,17.58,False,5,False
TKT00087056,C15052,2025-05-18 09:37:00,2025-05-19 03:26:47.999999999,Performance,High,Phone,17.83,False,4,False
TKT00035337,C05983,2025-05-13 15:29:00,2025-05-14 12:15:12.000000000,Performance,Low,Chat,20.77,False,5,False
TKT00073950,C12748,2025-03-28 12:29:00,2025-03-29 06:16:24.000000000,Account Management,High,Support Portal,17.79,False,4,True
TKT00100849,C17514,2025-03-07 10:54:00,2025-03-09 00:23:24.000000000,Technical Issue,Medium,Chat,37.49,False,4,False
TKT00009342,C01556,2025-06-04 09:29:00,2025-06-05 00:10:24.000000000,Account Management,High,Chat,14.69,False,4,False
TKT00113497,C19799,2026-01-01 16:48:00,2026-01-02 17:12:00.000000000,Performance,Medium,Email,24.4,False,5,False
TKT00004144,C00656,2025-08-28 08:12:00,2025-08-29 00:10:12.000000000,Billing,Medium,Phone,15.97,False,4,False
TKT00055138,C09509,2025-01-14 14:28:00,2025-01-16 15:11:12.000000000,Product Bug,Medium,Support Portal,48.72,True,3,False
TKT00031079,C05292,2025-05-18 15:13:00,2025-05-21 06:28:00.000000000,Product Bug,High,Chat,63.25,False,3,True
TKT00020749,C03502,2025-04-26 08:32:00,2025-04-26 19:40:24.000000000,Technical Issue,High,Support Portal,11.14,False,4,False
TKT00024662,C04161,2024-07-12 09:44:00,2024-07-15 00:32:36.000000000,Technical Issue,Medium,Support Portal,62.81,False,4,True
TKT00083359,C14445,2025-06-20 08:22:00,2025-06-20 21:45:24.000000000,Product Bug,High,Phone,13.39,False,4,False
TKT00047889,C08296,2025-03-26 14:23:00,2025-03-27 21:44:36.000000000,Technical Issue,Medium,Email,31.36,False,5,False
TKT00013767,C02286,2024-07-06 16:14:00,2024-07-12 06:30:12.000000000,Technical Issue,Low,Support Portal,134.27,False,5,False
TKT00091185,C15778,2025-12-06 10:25:00,2025-12-08 12:59:48.000000000,Training / Onboarding,Low,Phone,50.58,False,4,False
TKT00008290,C01375,2025-06-28 08:30:00,2025-06-29 09:15:36.000000000,Performance,High,Phone,24.76,False,5,False
TKT00008530,C01411,2025-01-15 16:35:00,2025-01-18 17:08:36.000000000,Technical Issue,Medium,Support Portal,72.56,False,4,False
TKT00056756,C09772,2024-11-25 10:49:00,2024-11-27 17:47:48.000000000,Integration,Low,Chat,54.98,False,3,False
TKT00063530,C10978,2025-05-24 16:01:00,2025-05-25 14:16:00.000000000,Account Management,Medium,Email,22.25,False,3,False
TKT00102049,C17710,2024-04-17 10:50:00,2024-04-18 04:20:00.000000000,Performance,High,Chat,17.5,False,3,False
TKT00095443,C16497,2025-05-14 12:05:00,2025-05-18 00:57:12.000000000,Product Bug,Low,Support Portal,84.87,False,4,False
TKT00047682,C08255,2025-08-26 10:59:00,2025-08-27 09:51:12.000000000,Account Management,High,Email,22.87,False,4,False
TKT00083826,C14512,2025-07-20 13:31:00,2025-07-22 06:08:48.000000000,Integration,High,Chat,40.63,False,3,False
TKT00017716,C03012,2024-12-04 08:34:00,2024-12-04 11:53:12.000000000,Technical Issue,Critical,Chat,3.32,True,4,False
TKT00095515,C16515,2025-08-02 13:38:00,2025-08-05 13:21:12.000000000,Performance,Low,Email,71.72,False,4,False
TKT00085117,C14725,2025-08-28 18:48:00,2025-08-29 11:19:48.000000000,Account Management,Low,Support Portal,16.53,False,3,False
TKT00048664,C08438,2026-01-05 08:31:00,2026-01-05 17:07:35.999999999,Technical Issue,High,Chat,8.61,False,5,False
TKT00027521,C04661,2025-04-03 11:06:00,2025-04-12 01:31:12.000000000,Integration,Low,Phone,206.42,False,5,False
TKT00051020,C08839,2024-12-03 12:57:00,2024-12-05 03:54:00.000000000,Technical Issue,Medium,Email,38.95,False,5,False
TKT00024573,C04142,2025-10-06 14:30:00,2025-10-10 01:43:48.000000000,Product Bug,Low,Phone,83.23,False,4,False
TKT00011427,C01912,2025-11-21 08:03:00,2025-11-21 23:01:12.000000000,Account Management,Medium,Email,14.97,True,4,False
TKT00074191,C12785,2025-01-10 08:42:00,2025-01-14 03:53:24.000000000,Product Bug,Low,Email,91.19,False,4,False
TKT00078691,C13629,2025-04-27 09:55:00,2025-04-29 22:41:48.000000000,Feature Request,High,Email,60.78,False,4,False
TKT00003237,C00516,2025-04-07 08:22:00,2025-04-09 00:20:12.000000000,Product Bug,High,Phone,39.97,False,4,True
TKT00069992,C12058,2025-05-23 18:11:00,2025-05-24 11:03:48.000000000,Performance,High,Chat,16.88,False,4,False
TKT00029953,C05103,2025-02-02 11:54:00,2025-02-02 19:55:47.999999999,Product Bug,High,Chat,8.03,False,4,True
TKT00079238,C13765,2025-02-03 17:04:00,2025-02-04 20:06:24.000000000,Account Management,Medium,Email,27.04,False,5,False
TKT00034734,C05872,2025-08-25 15:20:00,2025-08-29 03:51:48.000000000,Feature Request,Medium,Support Portal,84.53,False,4,True
TKT00002544,C00410,2025-10-11 09:07:00,2025-10-14 03:37:36.000000000,Integration,Medium,Chat,66.51,False,4,False
TKT00093083,C16141,2025-12-15 13:37:00,2025-12-17 10:28:00.000000000,Integration,Medium,Phone,44.85,False,5,False
TKT00023645,C03969,2025-09-30 12:30:00,2025-10-02 12:32:24.000000000,Product Bug,Low,Support Portal,48.04,True,3,False
TKT00112431,C19601,2025-10-27 17:00:00,2025-10-28 09:33:35.999999999,Technical Issue,Medium,Phone,16.56,False,4,False
TKT00055491,C09565,2025-11-11 13:00:00,2025-11-14 09:50:59.999999999,Billing,Low,Email,68.85,False,3,False
TKT00040994,C07007,2025-07-15 15:04:00,2025-07-17 02:33:24.000000000,Performance,Medium,Phone,35.49,False,3,False
TKT00036333,C06182,2025-05-23 16:30:00,2025-05-24 08:59:23.999999999,Training / Onboarding,Medium,Email,16.49,False,4,False
TKT00060436,C10458,2024-07-25 17:16:00,2024-07-28 04:24:24.000000000,Product Bug,Medium,Chat,59.14,False,4,False
TKT00099937,C17309,2025-09-18 18:22:00,2025-09-19 23:31:00.000000000,Training / Onboarding,Medium,Phone,29.15,False,3,False
TKT00033874,C05738,2025-10-26 08:43:00,2025-10-29 19:17:48.000000000,Integration,Low,Chat,82.58,False,4,False
TKT00050235,C08695,2025-05-05 11:31:00,2025-05-05 22:21:24.000000000,Product Bug,High,Support Portal,10.84,False,5,False
TKT00095963,C16607,2024-04-19 14:07:00,2024-04-20 12:40:00.000000000,Technical Issue,Medium,Phone,22.55,False,4,False
TKT00043141,C07445,2025-08-21 10:42:00,2025-08-22 18:35:24.000000000,Product Bug,Medium,Email,31.89,True,3,False
TKT00086209,C14906,2025-07-17 18:18:00,2025-07-17 22:27:00.000000000,Billing,High,Email,4.15,False,4,False
TKT00038394,C06567,2025-07-23 10:48:00,2025-07-24 22:51:36.000000000,Feature Request,Medium,Phone,36.06,False,5,False
TKT00103052,C17880,2024-11-19 18:51:00,2024-11-21 10:39:36.000000000,Technical Issue,Medium,Email,39.81,False,4,False
TKT00095925,C16599,2025-11-07 13:44:00,2025-11-08 08:06:12.000000000,Performance,High,Support Portal,18.37,False,5,False
TKT00032009,C05451,2024-06-21 14:38:00,2024-06-22 20:46:24.000000000,Technical Issue,Medium,Support Portal,30.14,True,4,False
TKT00016170,C02724,2025-10-18 11:15:00,2025-10-26 09:36:00.000000000,Feature Request,Low,Chat,190.35,False,4,False
TKT00069847,C12036,2025-06-18 16:21:00,2025-06-19 07:10:12.000000000,Feature Request,Critical,Phone,14.82,False,3,False
TKT00013507,C02243,2025-11-24 18:16:00,2025-11-26 23:22:36.000000000,Product Bug,Low,Phone,53.11,False,3,False
TKT00026689,C04516,2025-11-15 18:31:00,2025-11-18 21:34:00.000000000,Performance,Low,Support Portal,75.05,False,4,False
TKT00052598,C09090,2024-11-01 12:37:00,2024-11-03 20:53:48.000000000,Technical Issue,Low,Support Portal,56.28,False,4,False
TKT00081329,C14125,2024-12-07 10:31:00,2024-12-07 16:05:48.000000000,Product Bug,Critical,Support Portal,5.58,False,4,False
TKT00064061,C11068,2025-07-22 17:21:00,2025-07-23 17:15:36.000000000,Technical Issue,Medium,Chat,23.91,True,3,False
TKT00059703,C10314,2025-07-11 17:30:00,2025-07-12 13:58:12.000000000,Product Bug,High,Phone,20.47,False,3,False
TKT00073033,C12587,2024-07-09 11:26:00,2024-07-11 05:28:24.000000000,Account Management,Low,Email,42.04,False,4,False
TKT00087720,C15158,2025-11-08 16:17:00,2025-11-13 16:56:00.000000000,Feature Request,Low,Phone,120.65,False,3,False
TKT00006399,C01049,2024-07-29 16:58:00,2024-08-07 01:05:48.000000000,Feature Request,Low,Chat,200.13,False,3,False
TKT00008278,C01375,2025-01-18 12:16:00,2025-01-19 21:03:59.999999999,Product Bug,Medium,Email,32.8,False,5,False
TKT00053574,C09229,2024-06-01 17:06:00,2024-06-03 03:39:36.000000000,Technical Issue,Medium,Email,34.56,False,4,True
TKT00009802,C01631,2024-05-29 08:47:00,2024-05-31 14:07:24.000000000,Technical Issue,Medium,Email,53.34,False,4,False
TKT00089164,C15425,2025-08-15 15:51:00,2025-08-17 13:47:24.000000000,Performance,Medium,Support Portal,45.94,False,5,False
TKT00014409,C02412,2025-11-10 18:02:00,2025-11-11 05:30:12.000000000,Product Bug,Medium,Email,11.47,False,5,False
TKT00064979,C11227,2024-12-29 08:40:00,2024-12-30 11:26:12.000000000,Performance,High,Support Portal,26.77,False,5,False
TKT00113187,C19754,2024-05-06 12:54:00,2024-05-08 04:12:36.000000000,Performance,Medium,Phone,39.31,False,5,False
TKT00028179,C04790,2024-11-08 17:54:00,2024-11-10 05:37:12.000000000,Performance,Medium,Phone,35.72,True,4,False
TKT00066586,C11494,2025-03-14 15:58:00,2025-03-16 23:41:12.000000000,Product Bug,Low,Phone,55.72,False,4,False
TKT00085189,C14739,2025-06-27 13:03:00,2025-06-28 07:15:00.000000000,Billing,Medium,Email,18.2,False,3,True
TKT00055991,C09642,2025-07-29 15:09:00,2025-07-31 05:51:36.000000000,Technical Issue,Low,Support Portal,38.71,False,4,False
TKT00075892,C13118,2025-05-19 08:38:00,2025-05-22 05:32:36.000000000,Technical Issue,Low,Email,68.91,False,4,False
TKT00073858,C12733,2025-08-18 12:33:00,2025-08-19 18:28:12.000000000,Account Management,Low,Chat,29.92,False,4,False
TKT00105295,C18293,2025-04-19 18:34:00,2025-04-22 04:18:24.000000000,Product Bug,Medium,Phone,57.74,False,3,False
TKT00009574,C01593,2024-07-04 12:44:00,2024-07-05 10:27:12.000000000,Technical Issue,High,Support Portal,21.72,False,3,False
TKT00067549,C11645,2024-10-18 09:05:00,2024-10-20 06:21:12.000000000,Performance,Low,Chat,45.27,False,4,False
TKT00026733,C04524,2024-09-21 16:57:00,2024-09-22 16:06:00.000000000,Technical Issue,Medium,Email,23.15,False,4,False
TKT00004907,C00797,2025-09-03 15:16:00,2025-09-04 15:57:24.000000000,Technical Issue,Medium,Chat,24.69,False,4,False
TKT00090207,C15586,2025-02-28 08:58:00,2025-03-01 20:21:24.000000000,Technical Issue,Medium,Chat,35.39,False,5,False
TKT00034200,C05787,2025-07-24 17:31:00,2025-07-25 21:19:36.000000000,Integration,High,Email,27.81,True,4,False
TKT00109750,C19147,2024-05-09 08:27:00,2024-05-10 16:49:11.999999999,Technical Issue,High,Phone,32.37,False,5,True
TKT00017338,C02949,2024-11-30 11:59:00,2024-12-02 11:56:36.000000000,Training / Onboarding,Medium,Support Portal,47.96,False,5,False
TKT00002695,C00441,2024-10-20 18:39:00,2024-10-21 05:46:12.000000000,Billing,High,Chat,11.12,False,4,False
TKT00052918,C09131,2025-03-11 12:11:00,2025-03-14 18:05:36.000000000,Integration,Low,Chat,77.91,False,5,False
TKT00064952,C11217,2025-01-18 13:39:00,2025-01-19 03:46:12.000000000,Technical Issue,Medium,Phone,14.12,False,4,False
TKT00099338,C17212,2024-07-15 09:59:00,2024-07-15 16:51:12.000000000,Billing,High,Phone,6.87,False,4,False
TKT00054168,C09327,2025-08-01 15:29:00,2025-08-02 18:56:36.000000000,Billing,Low,Phone,27.46,False,4,False
TKT00047723,C08265,2025-09-01 12:35:00,2025-09-02 11:33:12.000000000,Technical Issue,Medium,Chat,22.97,False,3,False
TKT00060871,C10535,2025-09-02 17:12:00,2025-09-10 07:05:24.000000000,Feature Request,Low,Support Portal,181.89,False,4,False
TKT00087670,C15143,2025-07-07 08:46:00,2025-07-07 18:37:00.000000000,Performance,High,Chat,9.85,False,4,True
TKT00083585,C14478,2026-01-05 16:29:00,2026-01-06 23:31:24.000000000,Product Bug,Medium,Email,31.04,False,4,False
TKT00101993,C17702,2024-10-24 14:25:00,2024-10-26 03:13:00.000000000,Performance,High,Phone,36.8,False,4,False
TKT00054515,C09397,2025-05-30 09:42:00,2025-06-11 05:43:11.999999999,Feature Request,Low,Chat,284.02,False,4,False
TKT00084285,C14583,2025-07-07 15:13:00,2025-07-08 22:11:48.000000000,Performance,Low,Email,30.98,False,3,False
TKT00045707,C07913,2025-12-23 13:54:00,2025-12-24 02:09:00.000000000,Technical Issue,Medium,Chat,12.25,False,3,False
TKT00055994,C09644,2024-05-27 18:39:00,2024-05-31 00:51:00.000000000,Technical Issue,Low,Chat,78.2,False,3,False
TKT00111222,C19396,2025-06-19 12:18:00,2025-06-19 23:57:00.000000000,Billing,Medium,Support Portal,11.65,False,5,False
TKT00021202,C03581,2025-09-18 11:53:00,2025-09-19 22:36:12.000000000,Feature Request,High,Chat,34.72,False,5,False
TKT00052702,C09105,2025-10-02 16:45:00,2025-10-04 12:30:36.000000000,Technical Issue,Low,Phone,43.76,False,4,False
TKT00083762,C14506,2026-01-07 10:17:00,2026-01-07 18:43:24.000000000,Performance,High,Chat,8.44,False,5,False
TKT00035464,C06004,2025-12-24 16:49:00,2025-12-25 08:11:12.000000000,Billing,Medium,Email,15.37,False,4,False
TKT00012483,C02069,2025-12-15 15:44:00,2025-12-15 20:46:24.000000000,Technical Issue,Critical,Phone,5.04,False,4,False
TKT00078935,C13695,2025-07-09 15:53:00,2025-07-14 08:57:48.000000000,Billing,Low,Phone,113.08,False,4,False
TKT00084506,C14615,2024-06-05 18:35:00,2024-06-06 19:14:36.000000000,Account Management,Medium,Email,24.66,False,5,False
TKT00020951,C03535,2025-09-26 18:01:00,2025-10-09 11:54:24.000000000,Feature Request,Low,Chat,305.89,False,4,False
TKT00067940,C11716,2025-10-12 18:16:00,2025-10-13 15:43:36.000000000,Feature Request,Medium,Chat,21.46,False,3,False
TKT00013261,C02207,2026-01-06 08:16:00,2026-01-06 22:30:24.000000000,Integration,Critical,Chat,14.24,False,4,True
TKT00016511,C02773,2025-12-15 14:12:00,2025-12-16 10:32:24.000000000,Product Bug,Medium,Email,20.34,False,4,False
TKT00083953,C14527,2024-10-02 18:09:00,2024-10-08 17:51:36.000000000,Integration,Low,Email,143.71,False,4,False
TKT00090163,C15583,2025-11-30 18:27:00,2025-12-02 17:04:12.000000000,Billing,Medium,Chat,46.62,False,4,False
TKT00004314,C00695,2025-11-26 10:47:00,2025-11-28 08:18:48.000000000,Integration,Medium,Phone,45.53,False,3,False
TKT00054308,C09358,2025-11-16 14:39:00,2025-11-17 11:45:36.000000000,Performance,High,Chat,21.11,True,3,False
TKT00087844,C15176,2025-09-25 12:43:00,2025-09-29 00:31:00.000000000,Technical Issue,Low,Chat,83.8,False,4,False
TKT00014125,C02356,2025-12-28 08:26:00,2025-12-28 18:09:12.000000000,Integration,Critical,Email,9.72,True,3,True
TKT00014753,C02467,2025-09-08 08:50:00,2025-09-08 19:24:12.000000000,Integration,Critical,Chat,10.57,False,5,True
TKT00039774,C06822,2024-09-03 09:15:00,2024-09-04 02:31:48.000000000,Product Bug,High,Email,17.28,False,4,False
TKT00080788,C14048,2025-07-15 10:34:00,2025-07-22 23:34:00.000000000,Product Bug,Low,Support Portal,181.0,False,4,False
TKT00105395,C18306,2025-10-24 13:40:00,2025-10-29 01:07:36.000000000,Integration,Medium,Chat,107.46,False,3,False
TKT00018645,C03174,2025-09-22 14:03:00,2025-09-23 05:00:00.000000000,Product Bug,Medium,Email,14.95,False,4,True
TKT00032790,C05580,2025-04-30 14:15:00,2025-05-02 05:27:36.000000000,Feature Request,Medium,Chat,39.21,False,5,False
TKT00109022,C18994,2024-05-06 17:42:00,2024-05-07 17:58:12.000000000,Product Bug,Medium,Chat,24.27,False,4,False
TKT00006185,C01014,2025-01-18 13:51:00,2025-01-20 19:47:24.000000000,Performance,Medium,Email,53.94,False,4,False
TKT00048066,C08329,2025-06-13 14:50:00,2025-06-14 18:11:36.000000000,Product Bug,High,Email,27.36,False,3,False
TKT00042873,C07399,2025-04-26 09:47:00,2025-04-26 17:51:48.000000000,Billing,High,Support Portal,8.08,False,3,False
TKT00081997,C14208,2025-04-05 18:54:00,2025-04-06 04:01:48.000000000,Performance,High,Chat,9.13,False,4,False
TKT00109061,C19012,2025-10-02 14:29:00,2025-10-04 06:41:00.000000000,Performance,Medium,Email,40.2,False,5,False
TKT00006400,C01049,2024-08-14 14:58:00,2024-08-16 21:36:24.000000000,Technical Issue,Medium,Phone,54.64,True,4,False
TKT00093147,C16153,2025-03-22 11:43:00,2025-03-25 11:34:36.000000000,Technical Issue,Low,Email,71.86,False,4,False
TKT00058495,C10110,2025-07-12 10:19:00,2025-07-15 05:55:36.000000000,Billing,Low,Email,67.61,False,4,False
TKT00094755,C16394,2025-01-29 10:38:00,2025-01-31 04:45:12.000000000,Technical Issue,Medium,Support Portal,42.12,False,4,False
TKT00063979,C11047,2025-08-08 15:53:00,2025-08-13 02:04:24.000000000,Product Bug,Low,Email,106.19,False,4,False
TKT00006768,C01109,2025-07-29 12:26:00,2025-07-30 07:14:36.000000000,Product Bug,High,Support Portal,18.81,False,4,False
TKT00078151,C13529,2025-01-24 09:20:00,2025-01-25 19:15:12.000000000,Training / Onboarding,Medium,Support Portal,33.92,False,4,False
TKT00072692,C12516,2025-12-11 14:45:00,2025-12-12 08:36:00.000000000,Account Management,Medium,Email,17.85,False,5,False
TKT00104504,C18122,2025-10-05 11:37:00,2025-10-06 08:58:00.000000000,Billing,Medium,Chat,21.35,False,4,False
TKT00019298,C03299,2025-11-27 14:34:00,2025-11-29 22:33:24.000000000,Product Bug,Low,Phone,55.99,False,4,False
TKT00038021,C06511,2024-11-07 17:37:00,2024-11-08 17:13:36.000000000,Billing,Medium,Support Portal,23.61,False,4,False
TKT00068171,C11755,2024-09-16 17:24:00,2024-09-19 19:15:36.000000000,Feature Request,Medium,Email,73.86,False,5,False
TKT00031506,C05379,2025-06-28 15:12:00,2025-07-01 00:29:24.000000000,Integration,Medium,Email,57.29,False,3,False
TKT00047345,C08204,2025-12-07 17:47:00,2025-12-07 23:51:12.000000000,Billing,High,Support Portal,6.07,False,4,False
TKT00107184,C18648,2025-11-20 12:15:00,2025-11-21 09:17:24.000000000,Product Bug,Medium,Email,21.04,False,4,False
TKT00100509,C17430,2024-07-27 13:49:00,2024-07-28 13:43:36.000000000,Technical Issue,Medium,Phone,23.91,False,4,False
TKT00059945,C10353,2025-04-15 13:59:00,2025-04-16 11:17:00.000000000,Integration,Medium,Phone,21.3,False,4,False
TKT00036384,C06188,2025-11-22 08:48:00,2025-11-24 07:11:24.000000000,Product Bug,Medium,Support Portal,46.39,False,5,False
TKT00018356,C03103,2025-09-26 10:45:00,2025-09-26 14:27:36.000000000,Product Bug,Critical,Chat,3.71,False,4,False
TKT00024869,C04200,2024-10-17 12:24:00,2024-10-22 10:54:00.000000000,Integration,Low,Phone,118.5,False,4,False
TKT00054763,C09445,2025-07-20 18:35:00,2025-07-21 11:27:12.000000000,Product Bug,Medium,Support Portal,16.87,False,5,False
TKT00006419,C01049,2025-10-16 11:38:00,2025-10-17 16:24:12.000000000,Feature Request,Medium,Support Portal,28.77,False,5,False
TKT00026579,C04493,2025-03-04 12:34:00,2025-03-06 16:57:24.000000000,Technical Issue,Medium,Chat,52.39,False,3,False
TKT00041997,C07230,2025-06-30 18:48:00,2025-07-01 03:24:35.999999999,Billing,High,Chat,8.61,False,4,False
TKT00094178,C16300,2025-08-25 11:53:00,2025-08-26 09:55:24.000000000,Technical Issue,Medium,Chat,22.04,True,5,False
TKT00027556,C04667,2025-10-02 08:36:00,2025-10-02 19:58:48.000000000,Account Management,Medium,Phone,11.38,False,5,False
TKT00011165,C01862,2025-03-18 11:40:00,2025-03-20 07:38:12.000000000,Integration,Medium,Email,43.97,False,3,False
TKT00080140,C13928,2025-04-10 09:23:00,2025-04-11 13:21:12.000000000,Billing,Medium,Support Portal,27.97,False,3,True
TKT00012092,C02006,2024-03-12 14:33:00,2024-03-14 05:06:36.000000000,Billing,Low,Chat,38.56,False,4,False
TKT00061149,C10598,2025-01-14 17:00:00,2025-01-17 03:49:48.000000000,Technical Issue,Low,Support Portal,58.83,False,4,False
TKT00040184,C06882,2025-10-27 08:38:00,2025-10-28 18:44:36.000000000,Technical Issue,Medium,Chat,34.11,False,3,False
TKT00007529,C01237,2025-07-01 11:33:00,2025-07-02 14:09:36.000000000,Billing,Medium,Email,26.61,False,4,False
TKT00042199,C07253,2025-08-21 09:17:00,2025-08-22 08:58:24.000000000,Technical Issue,Medium,Phone,23.69,False,4,False
TKT00075779,C13094,2025-01-25 11:04:00,2025-01-26 05:07:00.000000000,Product Bug,Medium,Chat,18.05,True,4,False
TKT00096929,C16776,2025-06-06 17:18:00,2025-06-07 21:13:48.000000000,Billing,Low,Chat,27.93,False,4,False
TKT00058103,C10054,2024-10-14 09:56:00,2024-10-16 02:08:36.000000000,Account Management,Medium,Phone,40.21,False,5,False
TKT00062504,C10820,2025-07-01 15:35:00,2025-07-04 20:44:00.000000000,Billing,Low,Phone,77.15,False,5,False
TKT00059300,C10253,2024-12-04 14:42:00,2024-12-06 11:54:36.000000000,Product Bug,Medium,Phone,45.21,False,3,False
TKT00065316,C11273,2024-08-10 16:34:00,2024-08-11 23:57:24.000000000,Performance,High,Chat,31.39,False,4,False
TKT00018347,C03103,2025-07-02 08:39:00,2025-07-03 22:47:24.000000000,Training / Onboarding,Medium,Email,38.14,False,3,False
TKT00090760,C15701,2025-10-11 11:38:00,2025-10-14 18:26:00.000000000,Feature Request,High,Support Portal,78.8,False,5,False
TKT00100614,C17453,2025-11-04 13:16:00,2025-11-05 10:17:12.000000000,Training / Onboarding,High,Phone,21.02,False,2,True
TKT00085100,C14724,2025-03-12 16:28:00,2025-03-12 18:31:36.000000000,Training / Onboarding,Critical,Chat,2.06,False,4,False
TKT00000743,C00116,2025-12-22 10:01:00,2025-12-25 00:51:24.000000000,Performance,Medium,Support Portal,62.84,False,3,False
TKT00036203,C06149,2024-06-17 08:01:00,2024-06-19 00:41:48.000000000,Performance,Medium,Phone,40.68,False,4,False
TKT00004912,C00798,2025-07-12 16:06:00,2025-07-14 10:00:36.000000000,Billing,Low,Chat,41.91,False,4,False
TKT00014725,C02462,2025-10-06 11:10:00,2025-10-07 11:22:00.000000000,Technical Issue,Medium,Chat,24.2,False,4,False
TKT00039647,C06795,2025-05-13 13:46:00,2025-05-15 13:43:00.000000000,Technical Issue,Low,Support Portal,47.95,False,4,False
TKT00016786,C02826,2025-11-19 16:27:00,2025-11-24 05:58:12.000000000,Integration,Medium,Chat,109.52,False,3,False
TKT00050577,C08774,2025-08-11 16:08:00,2025-08-16 21:12:12.000000000,Feature Request,Low,Email,125.07,False,3,False
TKT00062129,C10760,2025-09-25 18:19:00,2025-09-25 21:58:36.000000000,Account Management,Critical,Email,3.66,False,4,False
TKT00021963,C03708,2025-12-05 16:31:00,2025-12-06 01:31:36.000000000,Technical Issue,High,Chat,9.01,False,5,False
TKT00083579,C14478,2025-10-02 14:29:00,2025-10-03 00:56:36.000000000,Account Management,High,Phone,10.46,False,4,False
TKT00032291,C05496,2025-02-07 10:01:00,2025-02-08 04:09:24.000000000,Performance,Medium,Email,18.14,False,5,False
TKT00072860,C12555,2025-07-18 11:22:00,2025-07-19 06:10:36.000000000,Billing,Medium,Chat,18.81,False,4,False
TKT00047900,C08299,2025-03-10 17:52:00,2025-03-13 13:38:12.000000000,Feature Request,Medium,Support Portal,67.77,False,3,False
TKT00108656,C18932,2024-04-01 11:41:00,2024-04-02 17:13:24.000000000,Performance,Medium,Phone,29.54,False,5,False
TKT00071968,C12369,2024-05-30 15:38:00,2024-05-31 09:52:24.000000000,Product Bug,Medium,Email,18.24,False,4,False
TKT00087832,C15174,2025-10-20 08:42:00,2025-10-20 17:37:48.000000000,Integration,Critical,Chat,8.93,False,4,False
TKT00062157,C10764,2025-02-02 14:44:00,2025-02-03 19:15:12.000000000,Product Bug,Medium,Support Portal,28.52,True,4,False
TKT00008580,C01416,2025-03-26 11:09:00,2025-03-26 17:58:48.000000000,Technical Issue,Critical,Chat,6.83,False,3,False
TKT00020877,C03522,2024-11-06 09:33:00,2024-11-06 16:11:24.000000000,Integration,Critical,Chat,6.64,False,4,False
TKT00040843,C06983,2024-11-20 16:16:00,2024-11-22 14:16:36.000000000,Training / Onboarding,Low,Phone,46.01,False,4,False
TKT00101020,C17544,2025-12-13 10:02:00,2025-12-18 00:12:48.000000000,Product Bug,Low,Phone,110.18,False,3,False
TKT00083972,C14527,2025-08-11 16:12:00,2025-08-12 10:46:12.000000000,Product Bug,Medium,Support Portal,18.57,False,4,False
TKT00018155,C03064,2025-06-25 11:00:00,2025-06-28 11:37:12.000000000,Feature Request,Medium,Chat,72.62,False,3,False
TKT00093157,C16155,2024-03-07 18:46:00,2024-03-08 07:40:36.000000000,Account Management,Medium,Chat,12.91,False,5,False
TKT00045127,C07796,2025-11-11 17:36:00,2025-11-13 16:34:48.000000000,Product Bug,Medium,Phone,46.98,False,5,False
TKT00082194,C14245,2025-10-19 08:04:00,2025-10-20 17:29:12.000000000,Technical Issue,Medium,Support Portal,33.42,False,4,False
TKT00050492,C08748,2025-11-27 13:01:00,2025-11-28 18:05:12.000000000,Feature Request,High,Chat,29.07,False,5,True
TKT00017614,C02989,2026-01-06 15:21:00,2026-01-08 06:43:48.000000000,Technical Issue,Medium,Support Portal,39.38,False,4,False
TKT00070336,C12109,2024-05-10 08:22:00,2024-05-14 23:02:48.000000000,Feature Request,Low,Support Portal,110.68,False,4,False
TKT00101660,C17632,2025-04-20 16:27:00,2025-04-22 00:58:12.000000000,Technical Issue,Medium,Chat,32.52,False,4,False
TKT00054453,C09387,2025-08-29 15:09:00,2025-08-29 23:38:24.000000000,Account Management,High,Chat,8.49,False,4,True
TKT00090820,C15715,2024-10-27 09:06:00,2024-11-01 09:11:24.000000000,Feature Request,Medium,Chat,120.09,False,3,False
TKT00034124,C05773,2025-11-10 17:48:00,2025-11-11 03:16:12.000000000,Integration,High,Support Portal,9.47,False,3,False
TKT00041648,C07152,2025-03-09 11:41:00,2025-03-11 05:43:24.000000000,Product Bug,Low,Email,42.04,False,5,False
TKT00052760,C09119,2025-04-22 15:56:00,2025-04-23 15:55:24.000000000,Technical Issue,Medium,Chat,23.99,False,4,False
TKT00108062,C18831,2025-10-15 15:13:00,2025-10-16 13:28:00.000000000,Billing,Medium,Email,22.25,False,4,False
TKT00052984,C09138,2025-09-04 18:22:00,2025-09-05 22:50:12.000000000,Account Management,Low,Chat,28.47,False,4,False
TKT00023818,C04013,2025-02-17 12:47:00,2025-02-18 01:36:12.000000000,Billing,High,Chat,12.82,False,5,False
TKT00067777,C11684,2025-10-17 14:05:00,2025-10-18 05:43:24.000000000,Account Management,Medium,Support Portal,15.64,False,5,False
TKT00060734,C10507,2024-05-15 13:33:00,2024-05-17 04:58:12.000000000,Integration,Medium,Phone,39.42,False,4,False
TKT00059916,C10349,2025-08-26 13:43:00,2025-08-28 10:58:00.000000000,Technical Issue,Medium,Email,45.25,False,5,False
TKT00043980,C07605,2025-04-08 12:41:00,2025-04-20 05:39:12.000000000,Feature Request,Low,Chat,280.97,False,5,False
TKT00096651,C16733,2025-03-25 15:17:00,2025-03-26 20:58:24.000000000,Technical Issue,Medium,Phone,29.69,False,4,False
TKT00022282,C03743,2025-10-05 10:33:00,2025-10-07 00:54:36.000000000,Technical Issue,Medium,Phone,38.36,False,4,False
TKT00021885,C03685,2025-01-08 16:28:00,2025-01-10 06:17:48.000000000,Technical Issue,Low,Chat,37.83,False,3,False
TKT00086777,C15027,2025-07-09 14:24:00,2025-07-10 00:58:12.000000000,Billing,High,Chat,10.57,False,3,True
TKT00050851,C08820,2025-07-27 10:12:00,2025-07-31 01:07:48.000000000,Product Bug,Low,Email,86.93,False,5,False
TKT00054976,C09493,2024-06-08 14:21:00,2024-06-08 17:22:12.000000000,Technical Issue,Critical,Phone,3.02,False,4,False
TKT00007432,C01222,2024-12-03 18:35:00,2024-12-06 09:46:24.000000000,Product Bug,Medium,Chat,63.19,False,4,False
TKT00073008,C12583,2025-08-03 08:14:00,2025-08-04 15:44:00.000000000,Integration,Medium,Email,31.5,False,3,False
TKT00038463,C06572,2025-11-14 08:49:00,2025-11-15 09:39:24.000000000,Technical Issue,Medium,Support Portal,24.84,False,4,False
TKT00011082,C01848,2025-05-12 14:55:00,2025-05-13 09:44:12.000000000,Technical Issue,Medium,Email,18.82,False,3,False
TKT00035749,C06061,2025-08-18 09:09:00,2025-08-19 21:24:36.000000000,Technical Issue,Medium,Email,36.26,False,4,False
TKT00015479,C02600,2026-01-07 16:39:00,2026-01-08 06:06:00.000000000,Account Management,Medium,Support Portal,13.45,True,4,False
TKT00049953,C08655,2025-12-10 16:12:00,2025-12-13 02:56:24.000000000,Integration,Medium,Email,58.74,False,4,False
TKT00000963,C00162,2025-09-06 11:19:00,2025-09-07 03:10:36.000000000,Technical Issue,High,Chat,15.86,False,4,True
TKT00032846,C05595,2025-11-30 18:57:00,2025-12-02 07:57:00.000000000,Billing,Low,Phone,37.0,False,4,False
TKT00015284,C02569,2024-06-22 18:41:00,2024-06-27 09:08:36.000000000,Feature Request,Medium,Support Portal,110.46,False,3,False
TKT00023144,C03902,2025-09-26 18:20:00,2025-09-28 01:05:00.000000000,Technical Issue,High,Support Portal,30.75,False,4,False
TKT00113445,C19788,2025-09-25 10:42:00,2025-09-25 19:47:24.000000000,Account Management,High,Phone,9.09,False,4,False
TKT00073807,C12718,2025-04-10 15:07:00,2025-04-11 22:18:24.000000000,Technical Issue,Medium,Chat,31.19,False,4,False
TKT00102008,C17702,2025-06-17 12:06:00,2025-06-17 19:57:00.000000000,Performance,High,Email,7.85,False,5,False
TKT00004473,C00713,2025-09-25 14:20:00,2025-09-27 04:04:24.000000000,Integration,Medium,Phone,37.74,False,3,True
TKT00078248,C13544,2025-12-18 17:59:00,2025-12-23 16:55:24.000000000,Feature Request,Low,Email,118.94,False,3,False
TKT00088435,C15300,2025-11-10 10:32:00,2025-11-10 18:10:24.000000000,Billing,High,Chat,7.64,False,4,False
TKT00040366,C06912,2026-01-07 12:48:00,2026-01-08 10:06:00.000000000,Technical Issue,Medium,Email,21.3,False,3,False
TKT00006412,C01049,2025-05-24 11:54:00,2025-05-26 17:12:36.000000000,Feature Request,Medium,Email,53.31,False,4,False
TKT00046887,C08123,2025-11-18 13:44:00,2025-11-19 23:43:24.000000000,Billing,Medium,Phone,33.99,False,5,False
TKT00086471,C14980,2024-07-21 17:22:00,2024-07-23 09:00:24.000000000,Technical Issue,Medium,Email,39.64,False,3,False
TKT00022496,C03780,2025-11-28 17:31:00,2025-11-29 00:33:24.000000000,Billing,High,Support Portal,7.04,True,4,False
TKT00021914,C03689,2025-09-21 09:19:00,2025-09-22 02:22:00.000000000,Account Management,High,Chat,17.05,False,4,False
TKT00094821,C16402,2024-12-20 08:34:00,2024-12-21 14:59:48.000000000,Account Management,Medium,Support Portal,30.43,False,3,True
TKT00034901,C05901,2025-05-06 11:33:00,2025-05-09 17:31:12.000000000,Technical Issue,Low,Support Portal,77.97,False,4,False
TKT00093989,C16276,2025-03-20 15:30:00,2025-03-27 02:09:00.000000000,Feature Request,Low,Chat,154.65,False,3,False
TKT00046255,C07992,2025-10-08 10:06:00,2025-10-14 10:25:12.000000000,Technical Issue,Low,Email,144.32,False,3,False
TKT00046397,C08027,2025-11-23 12:58:00,2025-11-25 07:59:12.000000000,Integration,Medium,Chat,43.02,False,4,False
TKT00028276,C04805,2025-11-01 12:57:00,2025-11-07 03:03:00.000000000,Training / Onboarding,Low,Email,134.1,False,2,False
TKT00091263,C15798,2025-09-10 18:34:00,2025-09-11 10:14:48.000000000,Billing,Medium,Email,15.68,False,5,False
TKT00038814,C06633,2025-11-21 12:35:00,2025-11-22 12:35:36.000000000,Technical Issue,Medium,Email,24.01,False,5,False
TKT00046121,C07979,2024-12-08 08:15:00,2024-12-09 10:16:12.000000000,Product Bug,Medium,Chat,26.02,False,5,False
TKT00012897,C02149,2025-11-29 17:11:00,2025-11-30 22:32:36.000000000,Technical Issue,Low,Email,29.36,False,3,False
TKT00061206,C10608,2025-08-08 09:26:00,2025-08-09 18:44:36.000000000,Product Bug,Medium,Chat,33.31,False,5,False
TKT00005708,C00923,2025-08-13 18:29:00,2025-08-14 12:20:00.000000000,Technical Issue,Medium,Support Portal,17.85,False,4,False
TKT00045754,C07916,2025-10-30 14:10:00,2025-10-31 10:31:36.000000000,Technical Issue,Medium,Support Portal,20.36,False,3,False
TKT00098571,C17095,2025-08-14 16:33:00,2025-08-15 20:43:12.000000000,Technical Issue,High,Chat,28.17,False,5,True
TKT00073673,C12700,2024-05-28 13:32:00,2024-05-31 19:41:36.000000000,Integration,Low,Phone,78.16,False,3,False
TKT00051635,C08944,2025-06-09 18:49:00,2025-06-10 10:44:48.000000000,Integration,High,Phone,15.93,False,4,False
TKT00033853,C05736,2025-04-25 12:07:00,2025-04-26 19:10:00.000000000,Technical Issue,Low,Support Portal,31.05,False,5,False
TKT00105008,C18230,2024-10-29 12:32:00,2024-10-31 13:53:36.000000000,Performance,Medium,Phone,49.36,False,4,False
TKT00090250,C15607,2024-12-08 10:55:00,2024-12-10 07:11:12.000000000,Billing,Low,Email,44.27,False,4,False
TKT00009680,C01603,2024-11-04 17:47:00,2024-11-05 00:41:00.000000000,Performance,High,Chat,6.9,False,4,False
TKT00001875,C00321,2025-01-20 15:19:00,2025-01-24 09:45:24.000000000,Product Bug,Medium,Phone,90.44,False,5,False
TKT00059496,C10286,2025-08-24 12:38:00,2025-08-25 18:24:12.000000000,Billing,High,Chat,29.77,False,4,False
TKT00114665,C19985,2025-04-16 17:55:00,2025-04-19 09:47:12.000000000,Technical Issue,Low,Phone,63.87,False,4,False
TKT00054322,C09361,2025-02-05 09:09:00,2025-02-13 00:19:48.000000000,Product Bug,Low,Chat,183.18,False,5,False
TKT00068889,C11883,2026-01-03 17:25:00,2026-01-04 16:58:00.000000000,Billing,Medium,Chat,23.55,False,5,False
TKT00044114,C07628,2025-02-26 11:13:00,2025-02-26 19:23:48.000000000,Integration,Critical,Support Portal,8.18,False,4,True
TKT00081172,C14105,2025-03-25 08:55:00,2025-03-26 04:08:48.000000000,Technical Issue,High,Email,19.23,False,4,False
TKT00092329,C16013,2025-02-14 09:21:00,2025-02-21 20:43:48.000000000,Feature Request,Low,Support Portal,179.38,False,5,False
TKT00062646,C10846,2025-03-06 10:25:00,2025-03-07 22:31:00.000000000,Feature Request,Medium,Chat,36.1,False,5,False
TKT00094437,C16334,2025-06-10 10:34:00,2025-06-11 12:20:48.000000000,Training / Onboarding,Medium,Email,25.78,False,4,False
TKT00097071,C16799,2025-11-15 17:03:00,2025-11-17 22:51:00.000000000,Performance,Low,Chat,53.8,False,4,False
TKT00089587,C15489,2025-12-05 10:38:00,2025-12-06 01:48:48.000000000,Performance,Medium,Chat,15.18,False,5,False
TKT00049209,C08530,2025-10-02 08:47:00,2025-10-04 14:23:00.000000000,Technical Issue,Low,Chat,53.6,False,3,False
TKT00089062,C15403,2025-09-13 18:07:00,2025-09-16 06:56:12.000000000,Account Management,Low,Phone,60.82,False,3,False
TKT00103533,C17956,2024-05-11 13:42:00,2024-05-12 12:59:24.000000000,Account Management,Medium,Chat,23.29,False,5,False
TKT00092560,C16046,2025-04-20 12:43:00,2025-04-20 14:29:48.000000000,Billing,Critical,Phone,1.78,False,3,False
TKT00107989,C18812,2025-08-23 15:45:00,2025-08-27 03:13:12.000000000,Product Bug,Medium,Support Portal,83.47,False,5,False
TKT00101185,C17569,2025-12-07 09:28:00,2025-12-08 06:42:24.000000000,Performance,Medium,Phone,21.24,False,4,False
TKT00013122,C02179,2025-07-03 12:02:00,2025-07-04 19:00:12.000000000,Training / Onboarding,Medium,Phone,30.97,False,5,False
TKT00041598,C07141,2026-01-07 17:54:00,2026-01-11 07:33:00.000000000,Product Bug,Low,Email,85.65,False,4,False
TKT00083180,C14418,2024-10-01 11:10:00,2024-10-02 01:19:00.000000000,Technical Issue,Critical,Chat,14.15,False,3,False
TKT00100093,C17337,2025-12-21 15:31:00,2025-12-22 11:10:36.000000000,Product Bug,High,Chat,19.66,False,3,False
TKT00011052,C01844,2025-12-18 17:43:00,2025-12-19 06:20:48.000000000,Account Management,Medium,Email,12.63,False,4,False
TKT00063987,C11047,2026-01-05 08:33:00,2026-01-09 07:04:48.000000000,Product Bug,Low,Email,94.53,False,4,False
TKT00015502,C02609,2025-08-29 14:53:00,2025-08-30 13:37:24.000000000,Billing,High,Phone,22.74,False,4,False
TKT00013167,C02184,2025-09-27 13:18:00,2025-09-30 20:25:48.000000000,Training / Onboarding,Low,Chat,79.13,False,4,False
TKT00010241,C01701,2025-04-21 12:37:00,2025-04-23 14:02:48.000000000,Product Bug,Medium,Phone,49.43,False,5,False
TKT00101534,C17617,2025-08-07 08:46:00,2025-08-08 03:37:36.000000000,Technical Issue,High,Email,18.86,False,5,False
TKT00064788,C11188,2025-03-06 17:45:00,2025-03-08 02:10:12.000000000,Product Bug,Medium,Chat,32.42,False,4,False
TKT00051958,C08992,2025-04-07 11:23:00,2025-04-09 05:14:36.000000000,Integration,High,Support Portal,41.86,False,4,False
TKT00064390,C11122,2024-06-26 17:25:00,2024-06-29 15:13:00.000000000,Performance,Medium,Phone,69.8,False,3,False
TKT00057743,C09992,2025-04-04 17:03:00,2025-04-06 00:36:36.000000000,Integration,Medium,Chat,31.56,False,5,True
TKT00014890,C02494,2025-05-21 17:09:00,2025-05-22 11:22:48.000000000,Technical Issue,Medium,Support Portal,18.23,True,3,False
TKT00066554,C11487,2025-07-01 15:19:00,2025-07-01 17:51:24.000000000,Billing,Critical,Chat,2.54,False,3,True
TKT00003549,C00554,2025-08-14 18:47:00,2025-08-15 06:03:48.000000000,Account Management,High,Chat,11.28,False,4,False
TKT00094889,C16414,2025-02-12 10:36:00,2025-02-14 10:10:12.000000000,Integration,Medium,Email,47.57,False,3,True
TKT00073434,C12659,2024-10-13 13:27:00,2024-10-14 10:00:00.000000000,Technical Issue,High,Chat,20.55,False,4,False
TKT00075669,C13063,2025-06-21 13:14:00,2025-06-26 08:20:36.000000000,Technical Issue,Low,Chat,115.11,False,3,False
TKT00048872,C08475,2025-09-11 09:13:00,2025-09-12 22:02:12.000000000,Feature Request,Medium,Email,36.82,False,5,False
TKT00039766,C06822,2024-07-24 08:07:00,2024-07-25 00:08:12.000000000,Performance,High,Phone,16.02,False,4,False
TKT00094366,C16317,2025-01-31 08:49:00,2025-02-01 09:52:36.000000000,Account Management,Medium,Support Portal,25.06,False,4,False
TKT00080552,C14009,2025-02-16 13:46:00,2025-02-17 17:59:12.000000000,Feature Request,High,Email,28.22,True,4,False
TKT00098929,C17151,2024-08-06 09:12:00,2024-08-07 09:13:12.000000000,Technical Issue,High,Chat,24.02,False,4,False
TKT00080773,C14045,2025-08-06 10:48:00,2025-08-07 11:58:48.000000000,Billing,Medium,Phone,25.18,False,4,False
TKT00051293,C08887,2025-02-02 10:51:00,2025-02-03 19:01:48.000000000,Performance,Medium,Support Portal,32.18,False,5,False
TKT00053147,C09171,2025-01-19 14:27:00,2025-01-20 15:55:12.000000000,Account Management,Medium,Chat,25.47,False,5,False
TKT00101714,C17642,2025-04-09 10:13:00,2025-04-10 09:21:24.000000000,Performance,Medium,Support Portal,23.14,False,4,False
TKT00101380,C17591,2025-11-07 13:21:00,2025-11-10 22:18:36.000000000,Product Bug,Low,Chat,80.96,False,4,False
TKT00029057,C04943,2025-06-21 08:37:00,2025-06-21 13:34:00.000000000,Performance,Critical,Phone,4.95,False,5,False
TKT00003706,C00587,2025-07-07 15:27:00,2025-07-07 22:28:48.000000000,Technical Issue,High,Email,7.03,False,3,False
TKT00026924,C04560,2025-09-14 18:36:00,2025-09-15 08:15:36.000000000,Performance,Critical,Chat,13.66,False,3,False
TKT00042623,C07334,2026-01-02 10:34:00,2026-01-07 17:20:12.000000000,Feature Request,Medium,Email,126.77,False,4,False
TKT00099113,C17179,2025-12-14 17:14:00,2025-12-16 16:38:36.000000000,Technical Issue,Medium,Chat,47.41,False,5,False
TKT00082081,C14231,2025-05-24 13:34:00,2025-05-25 13:38:12.000000000,Product Bug,Medium,Chat,24.07,False,5,False
TKT00055385,C09544,2024-05-17 11:18:00,2024-05-18 14:47:24.000000000,Technical Issue,Medium,Email,27.49,False,4,False
TKT00094538,C16363,2025-09-27 12:05:00,2025-09-28 13:03:48.000000000,Training / Onboarding,Medium,Chat,24.98,False,4,False
TKT00073499,C12669,2025-10-24 16:23:00,2025-10-26 14:27:12.000000000,Integration,Low,Support Portal,46.07,False,5,False
TKT00006204,C01018,2024-11-27 16:58:00,2024-11-30 04:29:48.000000000,Technical Issue,Low,Email,59.53,False,3,False
TKT00091891,C15928,2024-09-21 15:53:00,2024-09-23 11:23:36.000000000,Integration,Medium,Chat,43.51,False,4,False
TKT00044921,C07760,2025-08-08 12:29:00,2025-08-08 21:45:12.000000000,Technical Issue,Medium,Support Portal,9.27,False,4,False
TKT00019142,C03264,2025-08-27 12:42:00,2025-08-28 20:16:12.000000000,Technical Issue,Medium,Chat,31.57,False,3,False
TKT00112166,C19556,2025-05-31 14:34:00,2025-06-04 00:08:12.000000000,Feature Request,Medium,Support Portal,81.57,False,4,False
TKT00084149,C14555,2025-06-21 12:23:00,2025-06-22 21:33:48.000000000,Technical Issue,Medium,Email,33.18,False,5,False
TKT00110046,C19193,2025-07-01 10:31:00,2025-07-06 01:42:24.000000000,Technical Issue,Low,Chat,111.19,False,3,False
TKT00068887,C11883,2025-12-18 16:50:00,2025-12-19 13:46:24.000000000,Integration,High,Chat,20.94,False,4,False
TKT00104145,C18060,2025-01-27 15:33:00,2025-01-27 18:23:24.000000000,Technical Issue,Critical,Chat,2.84,False,3,True
TKT00029893,C05096,2025-11-22 10:31:00,2025-11-24 17:41:12.000000000,Integration,Low,Support Portal,55.17,False,4,False
TKT00101167,C17565,2026-01-04 13:46:00,2026-01-07 00:22:00.000000000,Performance,Medium,Phone,58.6,False,4,False
TKT00084274,C14580,2025-01-21 09:55:00,2025-01-22 03:28:35.999999999,Billing,Medium,Support Portal,17.56,False,4,False
TKT00021241,C03585,2025-01-19 14:35:00,2025-01-20 13:00:12.000000000,Product Bug,Medium,Chat,22.42,False,4,False
TKT00067801,C11692,2024-07-02 11:11:00,2024-07-02 20:45:48.000000000,Billing,Medium,Chat,9.58,False,5,False
TKT00026775,C04527,2024-05-01 18:11:00,2024-05-02 15:36:48.000000000,Performance,High,Chat,21.43,False,5,True
TKT00101287,C17582,2025-10-04 14:09:00,2025-10-05 03:52:48.000000000,Performance,High,Email,13.73,False,4,True
TKT00108641,C18931,2025-09-19 11:50:00,2025-09-19 18:45:12.000000000,Billing,Medium,Phone,6.92,False,3,False
TKT00019916,C03382,2024-10-11 17:29:00,2024-10-11 20:12:12.000000000,Billing,Critical,Support Portal,2.72,False,5,False
TKT00014337,C02394,2025-09-23 10:42:00,2025-09-24 21:43:12.000000000,Technical Issue,Medium,Phone,35.02,False,4,False
TKT00021500,C03621,2024-09-09 18:41:00,2024-09-17 00:29:00.000000000,Feature Request,Medium,Email,173.8,False,3,False
TKT00103860,C17998,2024-12-15 10:37:00,2024-12-16 16:41:48.000000000,Technical Issue,Medium,Email,30.08,False,3,False
TKT00038397,C06567,2025-12-06 09:29:00,2025-12-08 09:37:24.000000000,Product Bug,Low,Phone,48.14,False,4,False
TKT00089473,C15469,2024-11-30 17:47:00,2024-12-02 12:21:48.000000000,Technical Issue,Low,Email,42.58,False,5,False
TKT00107409,C18697,2025-04-26 11:19:00,2025-04-29 08:10:36.000000000,Technical Issue,Low,Phone,68.86,False,4,False
TKT00084202,C14562,2025-01-01 15:18:00,2025-01-02 21:03:00.000000000,Technical Issue,Low,Chat,29.75,False,5,False
TKT00076112,C13153,2025-02-01 12:23:00,2025-02-02 09:02:36.000000000,Billing,Medium,Email,20.66,True,4,False
TKT00025272,C04278,2025-09-02 13:55:00,2025-09-03 09:36:24.000000000,Billing,Medium,Phone,19.69,False,5,False
TKT00083933,C14524,2025-02-21 15:50:00,2025-02-23 16:42:12.000000000,Product Bug,Medium,Email,48.87,False,3,False
TKT00000492,C00074,2025-10-06 09:20:00,2025-10-08 09:17:00.000000000,Technical Issue,Medium,Chat,47.95,False,4,False
TKT00097827,C16934,2025-01-10 15:47:00,2025-01-15 00:03:12.000000000,Account Management,Low,Chat,104.27,False,5,False
TKT00006528,C01063,2024-08-17 18:33:00,2024-08-20 20:07:12.000000000,Performance,Low,Email,73.57,False,5,False
TKT00015467,C02599,2025-11-05 13:17:00,2025-11-06 12:09:12.000000000,Billing,Medium,Chat,22.87,False,5,False
TKT00042814,C07389,2025-06-02 17:03:00,2025-06-04 15:07:12.000000000,Technical Issue,Medium,Email,46.07,False,4,False
TKT00029945,C05100,2025-10-29 10:25:00,2025-11-01 10:15:24.000000000,Feature Request,High,Support Portal,71.84,False,4,False
TKT00085374,C14755,2025-12-13 09:46:00,2025-12-15 22:15:24.000000000,Technical Issue,Medium,Chat,60.49,False,4,False
TKT00106419,C18506,2024-08-28 10:26:00,2024-08-30 14:30:48.000000000,Integration,Medium,Phone,52.08,False,3,False
TKT00079317,C13782,2025-07-03 08:21:00,2025-07-03 14:49:48.000000000,Technical Issue,Critical,Phone,6.48,False,4,False
TKT00074287,C12801,2024-12-27 18:31:00,2024-12-28 02:40:36.000000000,Account Management,High,Support Portal,8.16,False,4,False
TKT00032983,C05615,2025-08-03 13:30:00,2025-08-04 04:55:48.000000000,Account Management,Medium,Support Portal,15.43,False,4,False
TKT00018528,C03149,2025-12-01 09:00:00,2025-12-03 06:19:12.000000000,Technical Issue,Medium,Support Portal,45.32,False,4,False
TKT00029110,C04952,2024-07-17 17:39:00,2024-07-18 12:01:48.000000000,Technical Issue,Medium,Email,18.38,False,4,False
TKT00005138,C00825,2025-10-05 12:21:00,2025-10-08 09:39:00.000000000,Technical Issue,Medium,Email,69.3,False,5,False
TKT00011923,C01992,2024-05-07 11:42:00,2024-05-08 14:12:36.000000000,Performance,High,Support Portal,26.51,False,4,False
TKT00059451,C10276,2025-05-26 09:20:00,2025-06-02 03:26:00.000000000,Performance,Low,Chat,162.1,False,3,False
TKT00017527,C02977,2024-11-07 09:46:00,2024-11-07 21:16:36.000000000,Technical Issue,High,Chat,11.51,False,4,False
TKT00046671,C08075,2025-01-17 16:10:00,2025-01-18 06:46:00.000000000,Technical Issue,High,Chat,14.6,False,4,False
TKT00010513,C01745,2025-09-07 14:00:00,2025-09-08 21:32:24.000000000,Billing,Low,Chat,31.54,False,5,False
TKT00104678,C18158,2024-07-17 09:22:00,2024-07-18 07:48:24.000000000,Product Bug,High,Email,22.44,False,4,True
TKT00001450,C00241,2025-07-13 09:41:00,2025-07-14 05:17:36.000000000,Performance,Medium,Email,19.61,False,4,False
TKT00061826,C10707,2025-09-09 18:24:00,2025-09-11 10:15:36.000000000,Training / Onboarding,Medium,Chat,39.86,False,4,True
TKT00040359,C06911,2025-05-18 15:45:00,2025-05-22 01:39:00.000000000,Performance,Low,Chat,81.9,False,4,False
TKT00079760,C13862,2025-09-28 13:13:00,2025-09-28 18:51:24.000000000,Product Bug,Critical,Chat,5.64,False,4,True
TKT00080232,C13947,2025-06-04 08:21:00,2025-06-04 16:11:24.000000000,Performance,High,Email,7.84,True,3,False
TKT00064672,C11174,2024-11-18 11:06:00,2024-11-18 21:32:24.000000000,Technical Issue,High,Chat,10.44,False,4,True
TKT00005175,C00832,2024-10-21 14:14:00,2024-10-25 20:39:48.000000000,Feature Request,Medium,Phone,102.43,False,4,False
TKT00090682,C15687,2025-09-08 13:06:00,2025-09-08 23:02:24.000000000,Integration,High,Email,9.94,False,4,False
TKT00106197,C18472,2024-08-13 12:51:00,2024-08-15 05:51:00.000000000,Integration,High,Support Portal,41.0,False,5,False
TKT00010331,C01717,2025-12-24 09:46:00,2025-12-25 21:00:24.000000000,Account Management,Low,Chat,35.24,False,5,False
TKT00110913,C19339,2025-07-20 17:55:00,2025-07-21 16:07:00.000000000,Billing,Medium,Email,22.2,False,4,False
TKT00087345,C15097,2025-01-24 09:54:00,2025-01-25 09:31:48.000000000,Product Bug,Medium,Email,23.63,False,4,False
TKT00014044,C02339,2024-11-18 17:44:00,2024-11-19 23:15:12.000000000,Product Bug,Medium,Email,29.52,False,4,False
TKT00009386,C01560,2024-07-07 15:31:00,2024-07-10 14:04:36.000000000,Feature Request,Low,Email,70.56,False,4,False
TKT00017064,C02886,2025-09-22 09:11:00,2025-09-22 23:22:24.000000000,Product Bug,High,Support Portal,14.19,False,5,False
TKT00027514,C04661,2024-12-09 14:32:00,2024-12-11 11:15:12.000000000,Feature Request,High,Chat,44.72,False,4,False
TKT00113042,C19734,2024-10-06 09:09:00,2024-10-06 18:58:48.000000000,Integration,High,Chat,9.83,False,3,True
TKT00105919,C18424,2025-07-31 11:39:00,2025-08-01 08:39:36.000000000,Product Bug,High,Chat,21.01,False,3,False
TKT00035788,C06069,2025-09-18 15:42:00,2025-09-19 23:21:00.000000000,Technical Issue,Medium,Email,31.65,False,4,False
TKT00032831,C05592,2025-10-14 13:20:00,2025-10-15 10:17:36.000000000,Performance,High,Email,20.96,True,3,False
TKT00057524,C09943,2025-08-23 15:54:00,2025-08-24 00:05:24.000000000,Integration,Critical,Email,8.19,False,3,True
TKT00099498,C17239,2025-03-10 12:29:00,2025-03-11 05:48:12.000000000,Product Bug,Medium,Phone,17.32,False,4,False
TKT00090077,C15570,2025-11-21 09:30:00,2025-11-23 18:10:12.000000000,Technical Issue,Low,Support Portal,56.67,False,4,False
TKT00062883,C10880,2025-06-30 10:24:00,2025-07-01 17:26:24.000000000,Technical Issue,Medium,Phone,31.04,False,4,False
TKT00017967,C03042,2025-08-18 15:40:00,2025-08-19 06:50:48.000000000,Technical Issue,Medium,Email,15.18,False,5,False
TKT00003419,C00534,2024-06-25 10:09:00,2024-06-25 14:55:12.000000000,Product Bug,Critical,Phone,4.77,False,4,True
TKT00020628,C03493,2025-02-20 08:13:00,2025-02-21 18:54:23.999999999,Technical Issue,Medium,Email,34.69,False,3,False
TKT00089920,C15553,2025-10-13 13:06:00,2025-10-14 11:12:36.000000000,Performance,Medium,Chat,22.11,False,4,False
TKT00099913,C17309,2025-02-08 14:33:00,2025-02-12 21:30:00.000000000,Integration,Low,Support Portal,102.95,False,3,False
TKT00041138,C07038,2025-12-14 17:40:00,2025-12-16 21:02:48.000000000,Performance,Medium,Chat,51.38,False,4,False
TKT00082377,C14283,2025-06-16 08:39:00,2025-06-17 06:49:12.000000000,Performance,High,Support Portal,22.17,False,4,False
TKT00045942,C07947,2024-07-29 18:13:00,2024-07-31 09:01:00.000000000,Performance,High,Phone,38.8,True,3,True
TKT00107983,C18812,2025-03-04 12:22:00,2025-03-06 23:25:36.000000000,Training / Onboarding,Low,Chat,59.06,False,5,False
TKT00007647,C01252,2024-01-12 13:13:00,2024-01-14 02:40:36.000000000,Product Bug,Low,Chat,37.46,False,4,False
TKT00087451,C15107,2025-06-02 17:29:00,2025-06-03 15:56:36.000000000,Billing,Medium,Support Portal,22.46,False,4,False
TKT00080129,C13924,2024-06-25 08:10:00,2024-06-26 06:01:00.000000000,Billing,Medium,Phone,21.85,False,4,False
TKT00079757,C13862,2025-07-17 10:45:00,2025-07-17 18:25:12.000000000,Product Bug,High,Email,7.67,False,5,False
TKT00077688,C13427,2024-11-18 12:46:00,2024-11-20 14:37:36.000000000,Technical Issue,Medium,Phone,49.86,False,4,False
TKT00078434,C13577,2025-04-12 17:34:00,2025-04-14 08:01:36.000000000,Account Management,Medium,Chat,38.46,False,4,False
TKT00103742,C17979,2025-06-30 12:45:00,2025-07-01 00:17:24.000000000,Technical Issue,Medium,Chat,11.54,False,4,False
TKT00097074,C16800,2025-06-01 15:05:00,2025-06-03 06:00:48.000000000,Training / Onboarding,Medium,Chat,38.93,True,4,False
TKT00065158,C11248,2025-12-23 08:39:00,2025-12-29 00:12:36.000000000,Performance,Low,Email,135.56,False,4,False
TKT00071733,C12332,2024-05-20 14:39:00,2024-05-24 16:21:00.000000000,Product Bug,Medium,Email,97.7,False,5,False
TKT00060026,C10372,2025-02-18 16:38:00,2025-02-19 05:02:36.000000000,Technical Issue,Medium,Email,12.41,False,4,False
TKT00109005,C18992,2025-07-07 14:30:00,2025-07-09 14:03:36.000000000,Technical Issue,Low,Email,47.56,False,4,False
TKT00097209,C16820,2025-04-03 13:26:00,2025-04-04 12:42:12.000000000,Performance,Medium,Support Portal,23.27,True,3,False
TKT00109338,C19066,2025-10-09 18:14:00,2025-10-11 08:15:48.000000000,Technical Issue,Medium,Email,38.03,False,4,False
TKT00085973,C14864,2025-02-22 10:07:00,2025-02-24 10:43:36.000000000,Integration,Low,Email,48.61,False,4,False
TKT00017319,C02939,2025-12-04 10:50:00,2025-12-06 18:08:00.000000000,Technical Issue,Medium,Email,55.3,False,3,False
TKT00094259,C16312,2025-11-15 11:10:00,2025-11-16 16:03:24.000000000,Performance,Medium,Chat,28.89,False,4,False
TKT00080494,C13995,2025-06-07 14:09:00,2025-06-16 02:04:12.000000000,Feature Request,Low,Chat,203.92,False,4,False
TKT00023945,C04038,2025-02-05 14:21:00,2025-02-07 05:57:00.000000000,Technical Issue,Medium,Chat,39.6,False,3,False
TKT00045661,C07909,2025-03-08 16:03:00,2025-03-09 08:45:36.000000000,Product Bug,Medium,Email,16.71,False,5,False
TKT00015767,C02667,2025-02-10 11:59:00,2025-02-12 11:58:24.000000000,Product Bug,Medium,Email,47.99,False,4,False
TKT00019112,C03254,2025-05-10 17:50:00,2025-05-14 18:21:12.000000000,Integration,Low,Phone,96.52,False,4,False
TKT00028046,C04779,2024-06-24 11:12:00,2024-06-26 03:44:24.000000000,Technical Issue,Medium,Chat,40.54,False,4,False
TKT00043631,C07550,2024-11-23 09:12:00,2024-11-25 09:19:48.000000000,Feature Request,Medium,Chat,48.13,False,4,False
TKT00017833,C03031,2024-08-30 14:31:00,2024-08-31 00:22:36.000000000,Billing,High,Chat,9.86,False,4,False
TKT00087725,C15158,2025-11-29 12:02:00,2025-12-03 18:46:24.000000000,Performance,Low,Support Portal,102.74,False,4,False
TKT00112015,C19521,2025-09-16 09:00:00,2025-09-17 05:15:00.000000000,Performance,High,Chat,20.25,False,5,False
TKT00019537,C03337,2025-04-17 14:40:00,2025-04-19 05:48:24.000000000,Billing,Low,Support Portal,39.14,False,4,False
TKT00093898,C16265,2025-08-27 14:34:00,2025-08-27 19:10:00.000000000,Billing,High,Chat,4.6,False,4,False
TKT00040110,C06876,2025-07-21 15:45:00,2025-07-22 14:22:48.000000000,Technical Issue,Medium,Chat,22.63,False,4,False
TKT00064469,C11134,2024-12-21 13:01:00,2024-12-21 22:56:12.000000000,Performance,High,Chat,9.92,False,4,True
TKT00070778,C12182,2024-09-12 09:23:00,2024-09-15 02:09:48.000000000,Account Management,Low,Support Portal,64.78,False,3,False
TKT00018199,C03079,2025-08-25 18:25:00,2025-08-28 05:50:12.000000000,Account Management,Medium,Chat,59.42,False,3,False
TKT00055128,C09507,2025-10-09 18:06:00,2025-10-09 22:15:36.000000000,Technical Issue,Critical,Phone,4.16,False,3,True
TKT00022725,C03836,2025-04-16 14:06:00,2025-04-19 14:50:23.999999999,Product Bug,Low,Chat,72.74,False,3,False
TKT00003615,C00569,2025-06-08 13:20:00,2025-06-13 18:26:00.000000000,Product Bug,Low,Email,125.1,False,4,False
TKT00087214,C15078,2024-09-14 12:10:00,2024-09-15 06:56:48.000000000,Training / Onboarding,High,Phone,18.78,False,4,False
TKT00015351,C02579,2024-09-29 18:44:00,2024-10-02 07:38:36.000000000,Feature Request,Medium,Phone,60.91,False,4,False
TKT00066859,C11527,2024-06-19 10:56:00,2024-06-20 20:53:00.000000000,Performance,Medium,Phone,33.95,False,4,False
TKT00029609,C05036,2024-12-11 17:06:00,2024-12-13 21:56:24.000000000,Performance,Low,Phone,52.84,False,3,False
TKT00073794,C12717,2024-11-10 14:23:00,2024-11-12 01:17:00.000000000,Product Bug,Medium,Phone,34.9,False,4,False
TKT00018334,C03096,2025-05-19 13:35:00,2025-05-20 11:39:12.000000000,Product Bug,Medium,Email,22.07,True,4,False
TKT00055203,C09516,2025-10-22 16:35:00,2025-10-23 07:54:12.000000000,Technical Issue,Medium,Chat,15.32,False,4,False
TKT00086245,C14913,2025-12-23 16:43:00,2025-12-25 00:15:24.000000000,Integration,Medium,Phone,31.54,False,4,False
TKT00055647,C09586,2025-08-05 10:03:00,2025-08-08 23:36:00.000000000,Feature Request,Medium,Support Portal,85.55,False,5,False
TKT00009640,C01601,2025-01-12 18:49:00,2025-01-13 03:40:00.000000000,Billing,High,Phone,8.85,False,3,False
TKT00066754,C11515,2024-08-31 17:30:00,2024-09-02 02:42:36.000000000,Technical Issue,Medium,Phone,33.21,False,3,False
TKT00067888,C11703,2025-05-27 18:56:00,2025-06-02 23:59:36.000000000,Technical Issue,Low,Support Portal,149.06,False,4,False
TKT00061252,C10610,2024-11-05 16:09:00,2024-11-06 18:19:12.000000000,Account Management,Medium,Phone,26.17,False,5,False
TKT00065761,C11350,2024-03-28 18:01:00,2024-03-29 23:50:48.000000000,Performance,Medium,Support Portal,29.83,False,5,False
TKT00010948,C01826,2024-08-12 09:53:00,2024-08-12 21:03:48.000000000,Technical Issue,Medium,Support Portal,11.18,False,4,False
TKT00067223,C11585,2024-10-20 10:55:00,2024-10-22 03:32:12.000000000,Training / Onboarding,Medium,Chat,40.62,False,5,False
TKT00112837,C19690,2025-03-20 11:16:00,2025-03-21 22:03:59.999999999,Technical Issue,Medium,Phone,34.8,False,4,False
TKT00089765,C15521,2026-01-07 11:17:00,2026-01-08 06:32:36.000000000,Technical Issue,Medium,Support Portal,19.26,False,4,False
TKT00057380,C09892,2024-12-25 09:22:00,2024-12-26 14:12:24.000000000,Product Bug,High,Phone,28.84,False,5,False
TKT00090105,C15572,2026-01-04 09:18:00,2026-01-05 14:15:36.000000000,Feature Request,High,Chat,28.96,False,4,True
TKT00074351,C12815,2025-06-14 09:24:00,2025-06-15 20:21:00.000000000,Account Management,Medium,Chat,34.95,False,4,False
TKT00044335,C07677,2024-12-22 14:35:00,2024-12-23 09:37:24.000000000,Account Management,Medium,Support Portal,19.04,False,5,False
TKT00078640,C13625,2025-06-29 15:08:00,2025-06-29 21:55:24.000000000,Billing,High,Chat,6.79,False,4,False
TKT00068560,C11841,2025-08-26 15:52:00,2025-08-27 19:25:36.000000000,Performance,High,Email,27.56,False,4,False
TKT00088874,C15372,2025-04-17 12:14:00,2025-04-19 07:20:00.000000000,Performance,Medium,Email,43.1,False,4,False
TKT00019846,C03377,2025-04-15 15:57:00,2025-04-16 00:42:00.000000000,Technical Issue,High,Support Portal,8.75,False,4,False
TKT00079497,C13816,2025-03-12 12:20:00,2025-03-12 17:16:24.000000000,Billing,Critical,Phone,4.94,False,4,True
TKT00098433,C17057,2024-10-15 18:07:00,2024-10-17 00:58:00.000000000,Technical Issue,Medium,Support Portal,30.85,False,5,False
TKT00028089,C04782,2025-10-22 15:20:00,2025-10-24 16:33:12.000000000,Feature Request,Medium,Email,49.22,False,4,False
TKT00013849,C02303,2025-02-06 16:00:00,2025-02-06 22:59:24.000000000,Account Management,Critical,Phone,6.99,False,5,False
TKT00098415,C17053,2024-06-28 17:37:00,2024-06-29 20:11:48.000000000,Billing,Low,Chat,26.58,False,4,False
TKT00029789,C05079,2025-09-30 17:18:00,2025-10-01 00:33:36.000000000,Product Bug,Critical,Support Portal,7.26,False,4,True
TKT00051295,C08890,2025-05-21 17:12:00,2025-05-22 23:57:36.000000000,Account Management,Low,Chat,30.76,False,4,False
TKT00085148,C14732,2025-08-11 15:57:00,2025-08-13 06:58:48.000000000,Technical Issue,Low,Support Portal,39.03,False,5,False
TKT00075106,C12946,2025-11-27 11:21:00,2025-11-29 23:06:36.000000000,Technical Issue,Low,Phone,59.76,False,3,False
TKT00034725,C05870,2025-01-01 16:16:00,2025-01-03 11:52:00.000000000,Account Management,Low,Chat,43.6,False,5,False
TKT00105147,C18262,2024-08-03 18:52:00,2024-08-03 22:10:36.000000000,Billing,Critical,Phone,3.31,False,4,False
TKT00086828,C15031,2025-03-17 12:20:00,2025-03-19 18:44:36.000000000,Feature Request,Medium,Email,54.41,False,4,False
TKT00108439,C18895,2025-12-20 12:03:00,2025-12-22 14:14:24.000000000,Performance,Medium,Email,50.19,False,5,False
TKT00046992,C08140,2024-07-29 16:24:00,2024-07-31 21:42:00.000000000,Technical Issue,Medium,Phone,53.3,False,3,False
TKT00030949,C05268,2025-10-08 14:43:00,2025-10-08 21:05:48.000000000,Billing,High,Support Portal,6.38,False,4,False
TKT00027689,C04685,2025-08-16 17:07:00,2025-08-17 11:39:24.000000000,Technical Issue,High,Chat,18.54,False,4,False
TKT00064074,C11071,2025-01-12 10:43:00,2025-01-13 12:09:24.000000000,Performance,Medium,Chat,25.44,False,4,False
TKT00087990,C15211,2025-04-02 15:50:00,2025-04-04 17:42:12.000000000,Performance,Medium,Email,49.87,False,4,False
TKT00019920,C03382,2024-12-28 17:33:00,2024-12-29 14:55:48.000000000,Performance,High,Phone,21.38,False,3,True
TKT00015294,C02569,2025-01-25 17:39:00,2025-01-28 00:26:24.000000000,Performance,Medium,Support Portal,54.79,False,3,False
TKT00085499,C14782,2024-09-11 17:02:00,2024-09-13 01:18:48.000000000,Performance,High,Support Portal,32.28,False,4,False
TKT00049107,C08515,2025-07-11 10:30:00,2025-07-12 05:20:24.000000000,Billing,Medium,Email,18.84,False,3,False
TKT00054427,C09377,2025-09-28 13:17:00,2025-09-30 07:59:36.000000000,Billing,Low,Email,42.71,False,4,False
TKT00051942,C08989,2025-12-29 16:36:00,2025-12-30 11:39:36.000000000,Integration,High,Support Portal,19.06,False,4,False
TKT00065483,C11303,2024-11-21 16:49:00,2024-11-24 08:53:11.999999999,Technical Issue,Low,Chat,64.07,False,4,False
TKT00065427,C11287,2025-12-02 18:11:00,2025-12-04 13:11:00.000000000,Integration,Medium,Chat,43.0,False,4,False
TKT00052447,C09070,2025-10-09 16:04:00,2025-10-10 10:17:48.000000000,Integration,High,Chat,18.23,False,4,False
TKT00076326,C13191,2024-06-29 18:19:00,2024-06-30 21:48:24.000000000,Integration,Medium,Chat,27.49,True,4,False
TKT00004130,C00653,2025-08-11 10:16:00,2025-08-14 05:02:12.000000000,Feature Request,High,Phone,66.77,True,3,True
TKT00069685,C12013,2025-05-10 15:09:00,2025-05-11 04:37:48.000000000,Account Management,Medium,Phone,13.48,False,4,True
TKT00090651,C15680,2025-05-06 17:08:00,2025-05-08 18:17:36.000000000,Technical Issue,Low,Email,49.16,False,4,False
TKT00051626,C08944,2025-01-08 08:40:00,2025-01-11 20:28:00.000000000,Technical Issue,Medium,Chat,83.8,False,2,True
TKT00096526,C16705,2025-12-02 12:07:00,2025-12-02 20:38:12.000000000,Training / Onboarding,High,Chat,8.52,False,4,False
TKT00112942,C19713,2025-10-29 08:49:00,2025-11-01 05:19:00.000000000,Integration,Low,Email,68.5,False,4,False
TKT00069040,C11911,2025-02-05 13:24:00,2025-02-09 01:08:24.000000000,Product Bug,Low,Phone,83.74,False,3,False
TKT00103404,C17928,2025-09-11 13:13:00,2025-09-15 19:25:36.000000000,Product Bug,Low,Chat,102.21,False,4,False
TKT00055613,C09584,2024-08-10 08:00:00,2024-08-11 09:52:48.000000000,Account Management,Medium,Phone,25.88,False,3,False
TKT00081598,C14152,2025-04-29 09:52:00,2025-05-01 04:53:12.000000000,Performance,Medium,Chat,43.02,False,3,False
TKT00041072,C07032,2025-10-03 12:04:00,2025-10-07 21:31:00.000000000,Technical Issue,Low,Phone,105.45,False,5,False
TKT00073576,C12681,2025-06-24 12:46:00,2025-06-26 09:10:36.000000000,Product Bug,Low,Email,44.41,False,4,False
TKT00037534,C06424,2025-07-21 11:40:00,2025-07-21 16:00:59.999999999,Technical Issue,Critical,Email,4.35,False,4,False
TKT00112017,C19521,2025-10-30 13:40:00,2025-11-02 02:21:24.000000000,Technical Issue,Medium,Email,60.69,False,4,False
TKT00114675,C19986,2025-12-10 09:41:00,2025-12-14 08:07:24.000000000,Integration,Low,Chat,94.44,False,5,False
TKT00100708,C17475,2025-04-03 18:34:00,2025-04-06 17:39:59.999999999,Product Bug,Low,Email,71.1,False,3,False
TKT00034255,C05799,2024-05-17 08:56:00,2024-05-18 17:52:23.999999999,Technical Issue,Medium,Support Portal,32.94,False,4,False
TKT00027718,C04693,2024-05-26 10:59:00,2024-05-28 18:57:12.000000000,Technical Issue,Low,Email,55.97,False,4,False
TKT00107190,C18649,2025-05-31 17:48:00,2025-06-02 18:09:00.000000000,Integration,Low,Chat,48.35,False,3,False
TKT00014425,C02418,2024-10-31 18:08:00,2024-11-02 23:15:48.000000000,Integration,Medium,Chat,53.13,False,3,False
TKT00090431,C15652,2024-09-02 08:54:00,2024-09-04 04:45:36.000000000,Product Bug,Medium,Chat,43.86,False,3,False
TKT00082913,C14366,2024-05-11 11:55:00,2024-05-13 02:44:48.000000000,Product Bug,Medium,Email,38.83,False,4,False
TKT00077529,C13396,2026-01-05 08:39:00,2026-01-06 20:13:12.000000000,Product Bug,Medium,Chat,35.57,False,5,False
TKT00001444,C00240,2025-10-11 10:11:00,2025-10-13 12:24:48.000000000,Product Bug,Medium,Chat,50.23,False,3,False
TKT00044291,C07671,2025-07-22 18:29:00,2025-07-23 01:17:00.000000000,Billing,High,Phone,6.8,False,3,True
TKT00102438,C17784,2025-10-06 17:52:00,2025-10-09 07:46:00.000000000,Integration,High,Chat,61.9,False,4,False
TKT00111628,C19467,2025-11-27 11:57:00,2025-11-28 02:25:12.000000000,Account Management,Medium,Support Portal,14.47,False,4,False
TKT00084122,C14548,2025-06-16 17:26:00,2025-06-22 21:54:48.000000000,Feature Request,Medium,Phone,148.48,False,4,False
TKT00027879,C04737,2025-06-30 11:54:00,2025-07-03 16:28:48.000000000,Integration,Medium,Phone,76.58,False,4,False
TKT00049075,C08510,2025-02-06 15:07:00,2025-02-06 23:18:24.000000000,Billing,Medium,Chat,8.19,False,4,False
TKT00067182,C11580,2025-02-18 17:42:00,2025-02-19 17:25:48.000000000,Billing,Medium,Chat,23.73,False,4,True
TKT00045269,C07830,2025-01-17 12:24:00,2025-01-18 07:06:36.000000000,Training / Onboarding,Low,Phone,18.71,False,4,False
TKT00047204,C08177,2024-12-15 10:40:00,2024-12-16 12:50:48.000000000,Billing,Medium,Chat,26.18,False,4,False
TKT00029869,C05093,2025-12-09 18:06:00,2025-12-11 13:55:12.000000000,Training / Onboarding,Medium,Email,43.82,False,4,False
TKT00042611,C07333,2024-06-24 11:47:00,2024-06-24 20:10:24.000000000,Performance,Critical,Phone,8.39,True,2,True
TKT00001421,C00235,2025-09-30 18:55:00,2025-10-02 16:17:48.000000000,Product Bug,Low,Chat,45.38,False,4,False
TKT00112940,C19713,2025-09-26 13:17:00,2025-09-28 12:21:12.000000000,Performance,Medium,Support Portal,47.07,False,4,False
TKT00104811,C18182,2024-06-02 13:03:00,2024-06-02 20:30:36.000000000,Technical Issue,High,Phone,7.46,True,4,False
TKT00057313,C09888,2025-01-22 12:45:00,2025-01-23 20:42:36.000000000,Product Bug,High,Email,31.96,False,4,False
TKT00079977,C13896,2024-09-18 11:32:00,2024-09-19 23:21:12.000000000,Product Bug,Medium,Phone,35.82,False,3,False
TKT00004107,C00650,2024-07-29 15:17:00,2024-07-31 04:08:00.000000000,Product Bug,Medium,Chat,36.85,False,4,False
TKT00106260,C18479,2025-11-13 16:50:00,2025-11-14 12:39:48.000000000,Technical Issue,Medium,Support Portal,19.83,False,4,False
TKT00082879,C14363,2025-02-24 18:28:00,2025-02-25 13:34:00.000000000,Product Bug,Medium,Support Portal,19.1,False,4,False
TKT00038728,C06626,2024-10-11 14:43:00,2024-10-12 11:37:00.000000000,Product Bug,High,Phone,20.9,False,4,False
TKT00109058,C19012,2025-08-13 11:22:00,2025-08-15 04:46:00.000000000,Performance,Low,Email,41.4,False,5,False
TKT00063545,C10982,2025-09-06 10:46:00,2025-09-07 12:41:48.000000000,Performance,Medium,Phone,25.93,False,4,False
TKT00073260,C12620,2025-10-16 10:23:00,2025-10-16 12:33:48.000000000,Technical Issue,Critical,Support Portal,2.18,False,3,False
TKT00075812,C13099,2025-05-13 13:43:00,2025-05-17 04:19:00.000000000,Feature Request,Medium,Email,86.6,False,5,False
TKT00103121,C17891,2025-11-04 08:46:00,2025-11-05 10:35:48.000000000,Technical Issue,Medium,Chat,25.83,False,3,False
TKT00009188,C01534,2025-10-01 16:25:00,2025-10-02 22:36:24.000000000,Integration,Medium,Phone,30.19,False,4,False
TKT00102647,C17812,2024-12-26 16:44:00,2024-12-28 17:00:12.000000000,Product Bug,Medium,Phone,48.27,False,4,False
TKT00038617,C06602,2025-10-26 17:24:00,2025-10-28 10:10:12.000000000,Training / Onboarding,Low,Email,40.77,True,5,False
TKT00037755,C06465,2026-01-10 13:52:00,2026-01-12 04:11:48.000000000,Performance,Medium,Phone,38.33,True,4,False
TKT00111040,C19355,2025-04-22 18:47:00,2025-04-23 02:46:24.000000000,Technical Issue,High,Phone,7.99,True,2,True
TKT00114692,C19989,2025-05-02 11:08:00,2025-05-04 07:22:24.000000000,Billing,Low,Support Portal,44.24,False,4,False
TKT00040774,C06974,2025-03-27 15:51:00,2025-03-30 08:06:00.000000000,Integration,Medium,Chat,64.25,False,3,False
TKT00024776,C04176,2025-07-23 09:05:00,2025-07-23 22:06:48.000000000,Product Bug,High,Email,13.03,False,5,False
TKT00110731,C19307,2025-12-08 13:42:00,2025-12-09 13:54:00.000000000,Billing,Medium,Chat,24.2,False,4,False
TKT00017255,C02924,2025-03-31 11:10:00,2025-04-05 16:24:24.000000000,Product Bug,Low,Email,125.24,False,4,False
TKT00072160,C12413,2025-12-05 14:46:00,2025-12-08 13:09:24.000000000,Performance,Low,Phone,70.39,False,4,False
TKT00007696,C01260,2025-07-08 13:29:00,2025-07-09 17:52:24.000000000,Product Bug,Medium,Email,28.39,False,5,False
TKT00019371,C03311,2024-11-10 12:02:00,2024-11-14 07:48:12.000000000,Feature Request,Medium,Phone,91.77,False,4,False
TKT00008970,C01494,2024-03-11 11:21:00,2024-03-14 10:56:59.999999999,Product Bug,Low,Email,71.6,False,3,False
TKT00005865,C00951,2025-06-28 14:58:00,2025-07-01 05:55:36.000000000,Performance,Medium,Email,62.96,False,4,False
TKT00093285,C16172,2026-01-11 15:45:00,2026-01-14 08:55:48.000000000,Technical Issue,Low,Support Portal,65.18,False,3,False
TKT00047041,C08152,2024-10-09 13:55:00,2024-10-10 14:08:48.000000000,Performance,High,Support Portal,24.23,True,4,False
TKT00112010,C19517,2025-10-17 13:00:00,2025-10-20 10:09:36.000000000,Technical Issue,Low,Support Portal,69.16,False,3,False
TKT00026916,C04560,2025-06-24 11:51:00,2025-06-26 19:36:00.000000000,Training / Onboarding,Medium,Chat,55.75,False,4,False
TKT00056073,C09660,2024-03-24 11:46:00,2024-04-01 22:00:24.000000000,Performance,Low,Chat,202.24,False,3,False
TKT00008474,C01405,2025-04-24 13:52:00,2025-04-26 08:32:12.000000000,Billing,Low,Support Portal,42.67,False,5,False
TKT00101838,C17675,2025-09-13 11:58:00,2025-09-15 07:52:00.000000000,Performance,Medium,Chat,43.9,True,4,False
TKT00113067,C19738,2025-04-18 17:45:00,2025-04-19 00:19:48.000000000,Product Bug,Critical,Phone,6.58,True,4,True
TKT00004569,C00727,2025-01-20 12:57:00,2025-01-23 16:30:00.000000000,Technical Issue,Low,Support Portal,75.55,False,4,False
TKT00055684,C09591,2025-08-21 14:32:00,2025-08-22 11:24:48.000000000,Technical Issue,Medium,Support Portal,20.88,False,3,False
TKT00006844,C01131,2025-11-27 15:34:00,2025-11-30 18:52:36.000000000,Technical Issue,Medium,Chat,75.31,False,4,False
TKT00000466,C00073,2024-12-27 18:49:00,2024-12-29 05:50:12.000000000,Technical Issue,Medium,Email,35.02,False,4,False
TKT00045366,C07854,2025-12-05 15:26:00,2025-12-07 03:17:36.000000000,Training / Onboarding,Low,Support Portal,35.86,False,4,False
TKT00087967,C15207,2025-07-26 09:16:00,2025-07-27 10:37:36.000000000,Performance,Medium,Support Portal,25.36,False,3,True
TKT00033193,C05650,2024-10-09 14:26:00,2024-10-12 23:54:12.000000000,Training / Onboarding,Low,Support Portal,81.47,False,4,False
TKT00055587,C09575,2025-03-25 12:10:00,2025-03-27 02:56:12.000000000,Integration,Medium,Chat,38.77,False,4,False
TKT00066914,C11538,2025-06-02 11:15:00,2025-06-03 21:35:24.000000000,Technical Issue,Medium,Chat,34.34,False,4,False
TKT00098840,C17136,2025-12-23 12:03:00,2025-12-26 05:06:00.000000000,Feature Request,Medium,Email,65.05,False,4,False
TKT00034590,C05854,2024-03-18 09:46:00,2024-03-27 16:48:24.000000000,Feature Request,Low,Email,223.04,False,4,False
TKT00041807,C07189,2025-08-19 13:25:00,2025-08-20 03:42:24.000000000,Account Management,Medium,Support Portal,14.29,False,4,False
TKT00026467,C04470,2025-11-19 18:53:00,2025-11-20 20:22:24.000000000,Billing,Medium,Phone,25.49,False,3,False
TKT00002938,C00467,2025-01-17 18:12:00,2025-01-17 20:07:12.000000000,Billing,Critical,Support Portal,1.92,False,3,True
TKT00006457,C01055,2025-06-20 09:13:00,2025-06-23 10:28:36.000000000,Integration,Medium,Support Portal,73.26,False,3,False
TKT00096049,C16621,2025-05-09 11:12:00,2025-05-13 10:40:12.000000000,Feature Request,Medium,Email,95.47,False,4,False
TKT00007879,C01294,2024-10-22 11:19:00,2024-10-24 06:47:48.000000000,Billing,Low,Email,43.48,False,3,False
TKT00029663,C05042,2024-09-25 13:47:00,2024-09-27 00:01:24.000000000,Technical Issue,Medium,Email,34.24,False,3,True
TKT00061878,C10713,2025-05-16 15:58:00,2025-05-18 20:52:36.000000000,Account Management,Medium,Chat,52.91,False,4,False
TKT00042828,C07391,2025-05-01 18:12:00,2025-05-02 16:39:36.000000000,Technical Issue,Medium,Chat,22.46,False,5,False
TKT00064164,C11082,2024-09-03 15:18:00,2024-09-06 03:26:24.000000000,Integration,Medium,Chat,60.14,False,5,False
TKT00005773,C00937,2025-04-27 10:13:00,2025-04-27 18:54:24.000000000,Billing,High,Email,8.69,False,3,False
TKT00053778,C09264,2024-05-06 09:34:00,2024-05-06 20:51:24.000000000,Performance,High,Chat,11.29,False,4,False
TKT00031135,C05297,2025-08-11 16:42:00,2025-08-13 07:40:12.000000000,Technical Issue,Medium,Phone,38.97,False,3,False
TKT00006144,C00995,2025-06-30 16:25:00,2025-07-02 02:02:11.999999999,Product Bug,Medium,Email,33.62,False,5,False
TKT00110827,C19333,2025-01-20 15:02:00,2025-01-20 20:04:24.000000000,Technical Issue,Critical,Support Portal,5.04,False,3,True
TKT00002030,C00338,2024-06-27 16:52:00,2024-06-28 01:50:12.000000000,Account Management,High,Chat,8.97,False,5,False
TKT00053155,C09174,2025-10-18 12:53:00,2025-10-20 06:09:12.000000000,Product Bug,Medium,Email,41.27,False,5,False
TKT00069353,C11956,2025-04-19 17:41:00,2025-04-19 23:27:48.000000000,Account Management,High,Email,5.78,False,4,False
TKT00087892,C15194,2025-10-21 12:21:00,2025-10-22 10:55:48.000000000,Technical Issue,Medium,Email,22.58,False,5,False
TKT00089928,C15553,2025-12-08 15:47:00,2025-12-12 01:21:12.000000000,Product Bug,Low,Phone,81.57,False,3,False
TKT00067782,C11684,2026-01-03 17:54:00,2026-01-04 00:08:24.000000000,Performance,Critical,Support Portal,6.24,False,4,True
TKT00086344,C14945,2025-08-29 14:41:00,2025-08-31 11:42:12.000000000,Integration,Medium,Email,45.02,False,4,False
TKT00052373,C09058,2025-05-20 17:22:00,2025-05-22 23:14:48.000000000,Feature Request,Medium,Email,53.88,False,4,False
TKT00087796,C15168,2024-04-25 17:33:00,2024-04-28 23:45:00.000000000,Feature Request,Medium,Chat,78.2,False,3,False
TKT00053209,C09176,2025-08-22 14:31:00,2025-08-23 13:55:36.000000000,Billing,Medium,Chat,23.41,True,4,False
TKT00082232,C14260,2025-04-10 18:20:00,2025-04-13 07:09:12.000000000,Technical Issue,Medium,Email,60.82,False,4,False
TKT00072113,C12395,2024-11-14 17:35:00,2024-11-16 03:15:12.000000000,Performance,Low,Phone,33.67,False,4,False
TKT00084975,C14698,2025-12-16 18:59:00,2025-12-16 22:55:24.000000000,Integration,Critical,Chat,3.94,False,3,True
TKT00083474,C14459,2024-07-23 17:21:00,2024-07-25 03:58:11.999999999,Training / Onboarding,Medium,Support Portal,34.62,False,4,False
TKT00108761,C18940,2025-02-22 12:45:00,2025-02-25 04:16:12.000000000,Billing,Low,Support Portal,63.52,False,4,False
TKT00012809,C02136,2025-07-16 09:58:00,2025-07-16 13:45:24.000000000,Technical Issue,Critical,Support Portal,3.79,True,4,False
TKT00061431,C10637,2025-02-09 12:29:00,2025-02-09 23:26:00.000000000,Performance,High,Phone,10.95,False,3,False
TKT00057216,C09875,2025-04-27 12:50:00,2025-04-29 21:28:24.000000000,Training / Onboarding,Low,Phone,56.64,False,4,False
TKT00046302,C08006,2025-07-21 12:28:00,2025-07-24 17:41:12.000000000,Training / Onboarding,Low,Email,77.22,False,3,False
TKT00008536,C01411,2025-06-16 16:52:00,2025-06-17 23:04:00.000000000,Training / Onboarding,Medium,Phone,30.2,True,2,True
TKT00026117,C04407,2025-10-02 18:23:00,2025-10-04 00:17:00.000000000,Billing,Medium,Chat,29.9,False,4,False
TKT00019064,C03249,2024-11-15 09:32:00,2024-11-15 19:34:24.000000000,Technical Issue,High,Email,10.04,False,4,False
TKT00080900,C14067,2025-03-30 12:11:00,2025-03-31 18:17:36.000000000,Performance,Medium,Support Portal,30.11,False,4,True
TKT00039704,C06806,2025-11-17 11:07:00,2025-11-19 10:31:36.000000000,Technical Issue,Medium,Support Portal,47.41,False,5,False
TKT00040085,C06865,2025-10-21 12:09:00,2025-10-23 03:35:24.000000000,Performance,Medium,Email,39.44,True,5,False
TKT00088377,C15289,2025-07-27 08:16:00,2025-07-28 00:35:12.000000000,Performance,Medium,Support Portal,16.32,False,3,True
TKT00013592,C02257,2024-08-27 12:54:00,2024-08-27 22:43:12.000000000,Training / Onboarding,High,Chat,9.82,False,5,False
TKT00070280,C12100,2025-03-18 13:49:00,2025-03-19 23:06:59.999999999,Product Bug,Medium,Email,33.3,False,4,False
TKT00049403,C08560,2025-09-26 16:05:00,2025-09-28 00:54:12.000000000,Integration,Medium,Email,32.82,False,3,False
TKT00030176,C05147,2025-02-15 11:32:00,2025-02-16 01:18:48.000000000,Technical Issue,High,Phone,13.78,False,4,True
TKT00015511,C02614,2024-05-29 12:09:00,2024-06-02 08:54:00.000000000,Feature Request,Medium,Email,92.75,False,4,False
TKT00026719,C04522,2025-12-11 08:35:00,2025-12-12 21:35:36.000000000,Product Bug,Medium,Support Portal,37.01,False,4,False
TKT00077400,C13384,2024-10-25 15:53:00,2024-11-04 07:30:12.000000000,Integration,Low,Email,231.62,False,2,False
TKT00002589,C00424,2025-08-12 14:15:00,2025-08-15 18:07:12.000000000,Technical Issue,Low,Support Portal,75.87,False,4,False
TKT00062315,C10787,2025-09-28 16:03:00,2025-09-29 02:06:36.000000000,Technical Issue,High,Email,10.06,False,3,False
TKT00032386,C05519,2024-08-07 11:15:00,2024-08-09 06:19:12.000000000,Feature Request,High,Chat,43.07,False,4,False
TKT00086562,C14995,2025-01-31 17:29:00,2025-02-01 06:26:36.000000000,Technical Issue,High,Support Portal,12.96,True,4,False
TKT00008190,C01359,2025-11-06 08:34:00,2025-11-06 23:07:00.000000000,Technical Issue,High,Support Portal,14.55,False,4,False
TKT00033012,C05622,2025-07-28 16:08:00,2025-07-30 21:05:00.000000000,Integration,Medium,Email,52.95,False,3,False
TKT00036670,C06241,2025-08-26 11:36:00,2025-08-27 09:39:36.000000000,Technical Issue,High,Chat,22.06,True,4,True
TKT00035997,C06107,2025-11-29 17:48:00,2025-12-01 04:45:00.000000000,Performance,Medium,Phone,34.95,False,4,False
TKT00024999,C04225,2025-05-25 18:24:00,2025-05-26 18:00:00.000000000,Performance,Medium,Chat,23.6,False,4,False
TKT00040946,C07002,2025-10-05 13:17:00,2025-10-06 23:24:48.000000000,Performance,High,Phone,34.13,False,4,True
TKT00021738,C03659,2025-09-11 16:20:00,2025-09-12 14:23:00.000000000,Technical Issue,Medium,Email,22.05,False,4,False
TKT00047231,C08178,2025-09-10 17:32:00,2025-09-11 22:33:12.000000000,Performance,Medium,Support Portal,29.02,False,4,False
TKT00009542,C01585,2024-09-05 14:59:00,2024-09-06 06:42:48.000000000,Product Bug,High,Email,15.73,False,4,False
TKT00015976,C02701,2024-09-08 13:26:00,2024-09-10 10:22:24.000000000,Technical Issue,Medium,Email,44.94,False,4,False
TKT00066854,C11526,2025-10-24 15:15:00,2025-10-26 11:33:36.000000000,Account Management,Low,Phone,44.31,False,5,False
TKT00023100,C03893,2024-10-12 11:58:00,2024-10-13 02:24:24.000000000,Technical Issue,High,Email,14.44,False,4,False
TKT00096319,C16676,2025-04-01 16:18:00,2025-04-03 13:50:24.000000000,Product Bug,Medium,Email,45.54,True,3,False
TKT00010253,C01702,2024-08-25 18:05:00,2024-08-27 16:15:12.000000000,Integration,Medium,Chat,46.17,True,4,False
TKT00090990,C15739,2025-04-10 16:53:00,2025-04-11 12:07:24.000000000,Account Management,Low,Support Portal,19.24,False,4,False
TKT00014299,C02390,2025-12-29 10:41:00,2026-01-07 04:18:48.000000000,Integration,Low,Email,209.63,False,4,False
TKT00057701,C09980,2025-04-12 18:44:00,2025-04-13 12:36:48.000000000,Account Management,Medium,Phone,17.88,False,4,False
TKT00058005,C10036,2025-02-03 16:47:00,2025-02-04 05:26:00.000000000,Technical Issue,High,Phone,12.65,False,4,False
TKT00018750,C03197,2025-08-04 16:48:00,2025-08-08 00:42:00.000000000,Feature Request,Medium,Phone,79.9,False,3,False
TKT00092864,C16099,2025-08-24 11:23:00,2025-08-26 20:28:24.000000000,Feature Request,Low,Phone,57.09,False,5,False
TKT00088323,C15279,2025-01-07 16:26:00,2025-01-13 09:47:36.000000000,Feature Request,Low,Phone,137.36,False,4,False
TKT00014682,C02461,2025-07-09 13:12:00,2025-07-10 01:07:48.000000000,Technical Issue,High,Support Portal,11.93,False,3,False
TKT00010437,C01735,2025-10-18 18:26:00,2025-10-21 06:03:12.000000000,Product Bug,Medium,Support Portal,59.62,False,3,False
TKT00076678,C13255,2024-08-18 17:55:00,2024-08-20 13:07:00.000000000,Performance,Low,Email,43.2,False,4,False
TKT00004476,C00713,2025-11-09 18:24:00,2025-11-10 23:02:24.000000000,Feature Request,High,Email,28.64,False,3,True
TKT00084406,C14602,2024-10-20 12:59:00,2024-10-24 06:50:00.000000000,Performance,Low,Chat,89.85,False,4,False
TKT00069348,C11956,2025-01-29 11:14:00,2025-01-30 10:00:48.000000000,Product Bug,High,Chat,22.78,False,4,False
TKT00081799,C14183,2024-09-16 12:26:00,2024-09-18 13:57:12.000000000,Performance,Medium,Support Portal,49.52,False,3,False
TKT00025023,C04234,2024-05-25 10:06:00,2024-05-25 23:13:48.000000000,Technical Issue,High,Support Portal,13.13,False,5,False
TKT00085976,C14864,2025-07-23 17:21:00,2025-07-26 17:37:48.000000000,Technical Issue,Low,Support Portal,72.28,False,5,False
TKT00010219,C01699,2025-08-20 14:53:00,2025-08-22 13:17:00.000000000,Product Bug,Medium,Chat,46.4,False,3,False
TKT00089629,C15507,2024-08-20 16:12:00,2024-08-21 22:46:48.000000000,Technical Issue,Medium,Phone,30.58,False,4,False
TKT00094099,C16289,2024-08-19 15:14:00,2024-08-20 06:23:00.000000000,Integration,High,Email,15.15,False,4,False
TKT00104852,C18192,2024-09-15 14:02:00,2024-09-16 14:05:00.000000000,Technical Issue,Medium,Email,24.05,False,4,False
TKT00079598,C13836,2025-08-11 15:15:00,2025-08-11 22:30:00.000000000,Performance,High,Email,7.25,False,4,False
TKT00000279,C00032,2025-01-01 14:19:00,2025-01-03 00:36:24.000000000,Integration,Medium,Chat,34.29,False,4,True
TKT00072287,C12429,2025-09-18 11:44:00,2025-09-20 01:27:48.000000000,Integration,Medium,Phone,37.73,False,5,False
TKT00089338,C15446,2025-11-16 13:29:00,2025-11-20 22:41:00.000000000,Performance,Low,Support Portal,105.2,False,4,False
TKT00103232,C17897,2025-06-02 18:06:00,2025-06-02 22:55:12.000000000,Billing,High,Phone,4.82,False,5,False
TKT00036894,C06290,2025-02-03 12:20:00,2025-02-05 17:50:00.000000000,Performance,Low,Email,53.5,False,3,False
TKT00090206,C15586,2025-01-31 10:25:00,2025-01-31 18:58:36.000000000,Product Bug,High,Support Portal,8.56,False,4,False
TKT00021442,C03615,2025-09-07 08:12:00,2025-09-08 16:11:24.000000000,Technical Issue,Medium,Chat,31.99,False,4,False
TKT00077183,C13348,2025-07-18 09:13:00,2025-07-21 02:32:48.000000000,Product Bug,Medium,Email,65.33,False,4,False
TKT00027757,C04698,2024-11-08 13:35:00,2024-11-10 04:21:12.000000000,Billing,Low,Chat,38.77,False,4,False
TKT00045733,C07916,2025-01-24 11:45:00,2025-01-24 22:07:12.000000000,Product Bug,Medium,Chat,10.37,False,3,False
TKT00053784,C09264,2024-08-14 10:48:00,2024-08-15 00:43:48.000000000,Billing,Medium,Email,13.93,False,3,True
TKT00032529,C05547,2025-04-24 10:03:00,2025-04-25 14:36:36.000000000,Integration,Medium,Chat,28.56,False,4,False
TKT00007749,C01272,2025-11-07 18:32:00,2025-11-10 13:21:11.999999999,Technical Issue,Medium,Support Portal,66.82,False,4,False
TKT00067064,C11558,2025-08-08 18:52:00,2025-08-09 13:54:24.000000000,Technical Issue,High,Support Portal,19.04,False,4,False
TKT00078325,C13564,2025-10-29 13:17:00,2025-10-29 20:09:12.000000000,Technical Issue,High,Phone,6.87,False,3,True
TKT00038433,C06570,2025-09-11 17:46:00,2025-09-12 00:38:12.000000000,Technical Issue,Critical,Support Portal,6.87,False,4,False
TKT00049952,C08653,2025-12-06 10:13:00,2025-12-07 18:10:00.000000000,Performance,Medium,Email,31.95,False,5,False
TKT00056442,C09730,2025-12-05 15:01:00,2025-12-05 23:57:24.000000000,Account Management,High,Phone,8.94,False,3,False
TKT00035577,C06021,2025-11-15 12:17:00,2025-11-16 20:34:24.000000000,Billing,Low,Email,32.29,False,4,False
TKT00057167,C09866,2025-04-29 11:37:00,2025-05-01 10:04:00.000000000,Technical Issue,Medium,Chat,46.45,False,4,False
TKT00114479,C19955,2024-12-04 16:13:00,2024-12-06 05:44:48.000000000,Billing,Low,Chat,37.53,False,5,False
TKT00000036,C00003,2025-05-31 09:59:00,2025-06-01 00:51:12.000000000,Product Bug,High,Phone,14.87,True,3,True
TKT00075135,C12950,2025-08-20 11:40:00,2025-08-21 02:31:36.000000000,Technical Issue,Medium,Email,14.86,False,4,False
TKT00086401,C14963,2025-10-25 11:14:00,2025-10-28 23:24:12.000000000,Feature Request,Medium,Chat,84.17,False,4,False
TKT00066920,C11540,2025-01-24 16:20:00,2025-01-28 00:14:00.000000000,Feature Request,Low,Chat,79.9,True,4,False
TKT00031330,C05339,2025-08-14 14:32:00,2025-08-16 19:42:48.000000000,Account Management,Low,Email,53.18,False,2,True
TKT00014985,C02503,2025-07-30 18:22:00,2025-07-31 05:06:24.000000000,Account Management,High,Email,10.74,False,4,True
TKT00020131,C03405,2025-06-19 16:42:00,2025-06-20 03:43:12.000000000,Technical Issue,High,Chat,11.02,False,3,False
TKT00063559,C10985,2025-03-03 15:48:00,2025-03-04 02:31:48.000000000,Integration,High,Support Portal,10.73,False,4,False
TKT00013917,C02320,2024-10-11 14:57:00,2024-10-12 22:09:36.000000000,Account Management,Low,Phone,31.21,False,4,False
TKT00008342,C01387,2025-09-13 13:11:00,2025-09-14 10:11:00.000000000,Technical Issue,High,Support Portal,21.0,False,5,False
TKT00106047,C18438,2025-10-13 17:12:00,2025-10-25 13:45:36.000000000,Feature Request,Low,Email,284.56,False,5,False
TKT00029507,C05022,2025-11-13 18:52:00,2025-11-14 23:47:48.000000000,Performance,Medium,Email,28.93,False,4,False
TKT00003822,C00600,2024-11-01 15:07:00,2024-11-04 09:02:12.000000000,Performance,Medium,Phone,65.92,False,3,False
TKT00051809,C08970,2025-09-04 16:14:00,2025-09-06 00:29:36.000000000,Technical Issue,Low,Chat,32.26,False,4,False
TKT00062265,C10779,2024-11-23 18:09:00,2024-11-25 01:47:24.000000000,Integration,High,Email,31.64,False,5,False
TKT00066722,C11512,2025-03-20 13:57:00,2025-03-25 04:10:48.000000000,Feature Request,Medium,Chat,110.23,False,4,False
TKT00017096,C02894,2025-06-21 13:06:00,2025-06-21 21:24:36.000000000,Account Management,High,Email,8.31,False,5,False
TKT00031191,C05303,2025-07-06 18:02:00,2025-07-06 23:36:12.000000000,Integration,Critical,Chat,5.57,False,4,False
TKT00111669,C19473,2024-12-30 12:09:00,2024-12-31 03:28:48.000000000,Billing,High,Phone,15.33,True,4,False
TKT00058149,C10060,2025-11-05 16:48:00,2025-11-05 22:07:12.000000000,Technical Issue,Critical,Support Portal,5.32,False,4,False
TKT00111581,C19456,2024-08-18 10:21:00,2024-08-18 23:41:24.000000000,Performance,High,Support Portal,13.34,False,4,False
TKT00010183,C01692,2025-09-19 09:38:00,2025-09-21 05:29:36.000000000,Technical Issue,Medium,Chat,43.86,False,4,False
TKT00092718,C16068,2024-10-06 10:14:00,2024-10-06 21:57:48.000000000,Integration,Critical,Support Portal,11.73,False,5,False
TKT00063614,C10990,2024-10-06 12:19:00,2024-10-13 19:41:48.000000000,Feature Request,Medium,Support Portal,175.38,False,4,False
TKT00040965,C07005,2025-05-24 15:39:00,2025-05-24 23:12:00.000000000,Technical Issue,Critical,Email,7.55,False,4,True
TKT00092582,C16049,2025-06-17 10:23:00,2025-06-19 07:29:36.000000000,Training / Onboarding,Medium,Chat,45.11,False,4,False
TKT00081908,C14202,2025-11-20 18:43:00,2025-11-21 00:58:00.000000000,Technical Issue,High,Chat,6.25,True,4,True
TKT00027478,C04652,2025-02-14 09:31:00,2025-02-15 00:11:48.000000000,Billing,Medium,Support Portal,14.68,False,5,False
TKT00077945,C13479,2025-06-05 08:01:00,2025-06-06 18:59:47.999999999,Integration,Medium,Support Portal,34.98,True,5,False
TKT00080161,C13940,2024-05-06 12:40:00,2024-05-09 02:09:24.000000000,Integration,Low,Email,61.49,False,4,False
TKT00000863,C00152,2025-12-29 10:12:00,2025-12-30 11:22:12.000000000,Technical Issue,High,Email,25.17,False,4,False
TKT00003634,C00574,2025-03-02 14:50:00,2025-03-02 22:42:48.000000000,Billing,High,Email,7.88,False,3,False
TKT00045072,C07787,2025-12-13 11:22:00,2025-12-14 10:54:24.000000000,Performance,Medium,Phone,23.54,False,4,False
TKT00086132,C14885,2025-11-05 10:19:00,2025-11-06 13:22:36.000000000,Technical Issue,Medium,Chat,27.06,False,4,False
TKT00073798,C12717,2025-01-28 08:56:00,2025-01-29 23:27:48.000000000,Product Bug,Low,Email,38.53,False,3,False
TKT00066995,C11550,2025-08-10 11:35:00,2025-08-11 05:53:36.000000000,Technical Issue,High,Phone,18.31,False,4,False
TKT00028076,C04781,2025-07-09 13:43:00,2025-07-17 04:16:00.000000000,Feature Request,Low,Support Portal,182.55,False,4,False
TKT00088602,C15328,2025-11-12 16:17:00,2025-11-14 06:01:24.000000000,Product Bug,Medium,Chat,37.74,False,4,True
TKT00043683,C07561,2025-10-28 16:17:00,2025-10-29 11:27:48.000000000,Product Bug,Medium,Support Portal,19.18,False,4,False
TKT00028080,C04781,2025-12-04 09:33:00,2025-12-07 02:49:12.000000000,Product Bug,Low,Email,65.27,False,3,False
TKT00076800,C13278,2025-07-12 12:02:00,2025-07-14 01:40:24.000000000,Technical Issue,Medium,Chat,37.64,False,5,False
TKT00025067,C04239,2025-11-29 16:45:00,2025-12-01 00:35:24.000000000,Technical Issue,Medium,Chat,31.84,False,5,False
TKT00051153,C08862,2025-11-13 15:45:00,2025-11-15 00:32:24.000000000,Product Bug,Medium,Email,32.79,False,4,True
TKT00076158,C13166,2025-05-15 10:28:00,2025-05-16 11:41:12.000000000,Billing,Low,Email,25.22,False,4,False
TKT00055900,C09632,2025-01-15 12:01:00,2025-01-15 18:17:12.000000000,Technical Issue,Critical,Email,6.27,True,2,True
TKT00022613,C03797,2025-02-28 10:25:00,2025-03-02 02:19:00.000000000,Feature Request,High,Chat,39.9,False,3,False
TKT00108524,C18918,2025-10-14 13:59:00,2025-10-15 00:06:48.000000000,Training / Onboarding,High,Support Portal,10.13,False,4,False
TKT00038877,C06648,2025-02-08 17:36:00,2025-02-09 08:24:00.000000000,Technical Issue,High,Phone,14.8,False,4,False
TKT00022101,C03719,2025-06-07 15:59:00,2025-06-10 20:41:00.000000000,Performance,Low,Email,76.7,False,4,False
TKT00033706,C05717,2024-05-28 12:53:00,2024-05-29 06:33:12.000000000,Technical Issue,Medium,Email,17.67,False,4,False
TKT00071757,C12340,2025-09-06 10:10:00,2025-09-11 12:52:36.000000000,Integration,Low,Chat,122.71,False,3,False
TKT00056159,C09682,2024-11-04 14:42:00,2024-11-14 04:10:48.000000000,Feature Request,Low,Email,229.48,False,4,False
TKT00027721,C04693,2024-07-03 18:17:00,2024-07-04 20:30:12.000000000,Billing,Low,Chat,26.22,False,5,False
TKT00063356,C10955,2025-12-09 16:57:00,2025-12-14 04:21:36.000000000,Feature Request,Medium,Phone,107.41,False,4,False
TKT00057931,C10032,2024-10-28 17:59:00,2024-10-29 10:24:12.000000000,Integration,Medium,Phone,16.42,False,3,True
TKT00056766,C09772,2025-10-19 09:26:00,2025-10-20 08:00:48.000000000,Billing,Medium,Chat,22.58,True,4,False
TKT00067941,C11716,2025-11-16 12:11:00,2025-11-18 01:01:24.000000000,Performance,Medium,Email,36.84,False,5,False
TKT00024456,C04128,2025-06-04 11:12:00,2025-06-08 15:31:48.000000000,Integration,Low,Email,100.33,False,3,False
TKT00042561,C07327,2025-09-10 17:12:00,2025-09-13 16:21:00.000000000,Account Management,Low,Support Portal,71.15,False,4,False
TKT00039230,C06704,2024-05-07 15:40:00,2024-05-11 03:03:24.000000000,Feature Request,Medium,Support Portal,83.39,False,5,False
TKT00034979,C05908,2025-09-20 10:15:00,2025-09-20 20:54:00.000000000,Training / Onboarding,High,Chat,10.65,False,5,False
TKT00022286,C03743,2025-10-28 15:05:00,2025-10-29 18:11:36.000000000,Account Management,Medium,Phone,27.11,False,3,False
TKT00057710,C09984,2025-04-01 13:48:00,2025-04-02 10:23:24.000000000,Integration,High,Support Portal,20.59,False,5,False
TKT00110301,C19234,2025-03-09 09:18:00,2025-03-09 20:34:12.000000000,Integration,High,Email,11.27,False,3,False
TKT00087552,C15122,2025-06-14 10:43:00,2025-06-16 12:54:24.000000000,Product Bug,Medium,Phone,50.19,False,3,False
TKT00031998,C05447,2026-01-02 16:24:00,2026-01-03 20:21:00.000000000,Feature Request,High,Chat,27.95,True,3,False
TKT00057453,C09929,2024-11-28 12:14:00,2024-11-29 08:33:12.000000000,Product Bug,Medium,Support Portal,20.32,False,4,False
TKT00088033,C15219,2024-05-27 14:53:00,2024-05-28 11:05:00.000000000,Integration,High,Phone,20.2,False,4,False
TKT00036240,C06154,2024-09-03 16:40:00,2024-09-06 11:20:12.000000000,Technical Issue,Medium,Chat,66.67,False,4,False
TKT00106710,C18545,2024-03-23 17:06:00,2024-03-25 00:29:24.000000000,Product Bug,High,Email,31.39,False,4,False
TKT00102754,C17835,2025-10-28 17:14:00,2025-10-29 21:24:48.000000000,Integration,Medium,Chat,28.18,False,4,False
TKT00073471,C12664,2025-08-15 16:58:00,2025-08-16 05:06:24.000000000,Technical Issue,High,Email,12.14,False,4,False
TKT00001802,C00316,2025-05-11 17:22:00,2025-05-11 23:56:48.000000000,Integration,Critical,Chat,6.58,False,3,False
TKT00112539,C19624,2024-09-22 15:58:00,2024-09-23 18:10:00.000000000,Product Bug,Medium,Phone,26.2,False,4,False
TKT00026025,C04394,2025-12-11 11:00:00,2025-12-11 21:38:24.000000000,Performance,High,Email,10.64,True,3,False
TKT00071663,C12314,2025-11-28 12:41:00,2025-11-30 08:12:12.000000000,Technical Issue,Low,Support Portal,43.52,False,5,False
TKT00048345,C08387,2025-07-08 08:10:00,2025-07-09 02:41:48.000000000,Performance,Medium,Chat,18.53,False,4,False
TKT00007120,C01176,2024-10-29 11:52:00,2024-11-02 03:43:36.000000000,Training / Onboarding,Low,Chat,87.86,False,4,False
TKT00011337,C01897,2024-10-19 10:35:00,2024-10-20 14:07:24.000000000,Technical Issue,Medium,Email,27.54,False,5,False
TKT00107260,C18664,2025-11-16 12:54:00,2025-11-18 21:31:48.000000000,Performance,Medium,Support Portal,56.63,False,3,False
TKT00084036,C14536,2025-08-10 11:09:00,2025-08-11 01:40:12.000000000,Integration,High,Email,14.52,False,4,False
TKT00077009,C13312,2025-03-17 14:33:00,2025-03-18 10:36:00.000000000,Feature Request,High,Support Portal,20.05,False,5,False
TKT00026779,C04527,2024-09-26 18:47:00,2024-09-27 09:06:12.000000000,Integration,Medium,Chat,14.32,False,4,False
TKT00031763,C05420,2024-11-03 10:02:00,2024-11-05 03:09:12.000000000,Product Bug,Medium,Chat,41.12,False,5,False
TKT00093460,C16193,2024-10-18 10:28:00,2024-10-19 01:01:00.000000000,Product Bug,High,Chat,14.55,False,3,False
TKT00040992,C07007,2025-06-23 18:51:00,2025-06-25 07:22:12.000000000,Billing,Medium,Phone,36.52,False,4,False
TKT00057763,C09996,2025-06-19 18:56:00,2025-06-20 03:32:00.000000000,Account Management,High,Chat,8.6,False,4,False
TKT00072260,C12422,2024-07-07 08:59:00,2024-07-10 17:52:24.000000000,Product Bug,Medium,Email,80.89,False,5,False
TKT00086205,C14900,2025-08-27 17:44:00,2025-08-28 12:44:36.000000000,Product Bug,Medium,Email,19.01,False,5,False
TKT00012562,C02077,2025-09-29 08:06:00,2025-09-30 03:30:36.000000000,Performance,High,Chat,19.41,False,3,False
TKT00014150,C02362,2025-10-18 12:07:00,2025-10-19 16:13:36.000000000,Performance,High,Email,28.11,False,3,False
TKT00076139,C13160,2025-12-01 16:34:00,2025-12-02 19:28:00.000000000,Product Bug,High,Support Portal,26.9,False,4,False
TKT00004271,C00684,2025-03-27 09:35:00,2025-03-30 12:30:48.000000000,Product Bug,Low,Chat,74.93,False,4,False
TKT00060831,C10519,2024-10-19 10:32:00,2024-10-19 17:18:12.000000000,Billing,Medium,Phone,6.77,False,5,False
TKT00042644,C07338,2025-12-24 15:45:00,2025-12-27 04:45:00.000000000,Performance,Low,Email,61.0,False,4,False
TKT00065967,C11374,2025-06-09 16:31:00,2025-06-11 16:20:48.000000000,Feature Request,Medium,Chat,47.83,False,3,True
TKT00035038,C05921,2025-02-08 15:13:00,2025-02-09 07:41:11.999999999,Technical Issue,High,Email,16.47,False,4,False
TKT00011776,C01972,2024-12-15 16:49:00,2024-12-17 11:17:48.000000000,Technical Issue,Medium,Support Portal,42.48,False,3,False
TKT00064252,C11101,2025-12-03 15:55:00,2025-12-04 19:01:36.000000000,Technical Issue,Low,Phone,27.11,False,4,False
TKT00010426,C01735,2025-01-15 13:07:00,2025-01-15 23:26:48.000000000,Billing,High,Support Portal,10.33,False,3,True
TKT00014888,C02494,2025-05-16 08:48:00,2025-05-16 20:54:00.000000000,Performance,High,Support Portal,12.1,False,4,False
TKT00104116,C18056,2024-06-20 09:29:00,2024-06-25 12:39:48.000000000,Product Bug,Low,Email,123.18,False,3,False
TKT00019084,C03249,2025-06-22 10:56:00,2025-06-22 18:20:00.000000000,Account Management,High,Email,7.4,True,4,False
TKT00051246,C08882,2025-09-17 14:58:00,2025-09-17 21:53:12.000000000,Performance,High,Email,6.92,False,3,True
TKT00105739,C18380,2025-10-04 18:02:00,2025-10-05 08:03:48.000000000,Training / Onboarding,High,Support Portal,14.03,True,3,False
TKT00067611,C11655,2025-05-28 12:31:00,2025-05-30 13:58:00.000000000,Performance,Medium,Phone,49.45,False,3,False
TKT00051965,C08994,2025-02-05 14:36:00,2025-02-07 17:35:24.000000000,Training / Onboarding,Low,Chat,50.99,False,4,False
TKT00081522,C14142,2025-03-24 10:59:00,2025-03-27 18:29:36.000000000,Performance,Medium,Support Portal,79.51,False,4,False
TKT00053454,C09217,2025-06-11 18:12:00,2025-06-12 06:18:36.000000000,Technical Issue,High,Email,12.11,False,3,True
TKT00060265,C10427,2025-12-21 09:01:00,2025-12-24 01:17:48.000000000,Product Bug,Medium,Phone,64.28,False,3,False
TKT00106148,C18462,2025-09-18 08:34:00,2025-09-20 13:00:24.000000000,Integration,Medium,Chat,52.44,False,4,False
TKT00016862,C02840,2025-08-19 10:12:00,2025-08-21 03:58:48.000000000,Integration,Low,Phone,41.78,False,4,False
TKT00033506,C05676,2025-08-19 14:42:00,2025-08-21 12:48:36.000000000,Technical Issue,Low,Email,46.11,False,5,False
TKT00078515,C13592,2025-10-01 18:45:00,2025-10-06 04:46:48.000000000,Product Bug,Low,Email,106.03,False,4,False
TKT00045056,C07783,2024-10-27 17:15:00,2024-10-30 13:40:48.000000000,Feature Request,Medium,Chat,68.43,False,3,False
TKT00056297,C09713,2025-10-07 18:02:00,2025-10-08 23:50:36.000000000,Performance,Medium,Email,29.81,False,4,True
TKT00097659,C16907,2025-04-03 11:06:00,2025-04-04 01:20:24.000000000,Training / Onboarding,High,Phone,14.24,True,3,False
TKT00047153,C08168,2025-02-17 09:50:00,2025-02-17 19:22:24.000000000,Technical Issue,Medium,Phone,9.54,False,4,False
TKT00013244,C02204,2024-12-15 16:19:00,2024-12-17 14:10:00.000000000,Performance,Medium,Phone,45.85,True,4,False
TKT00015514,C02614,2024-07-25 18:11:00,2024-07-27 05:34:24.000000000,Product Bug,Low,Email,35.39,False,4,False
TKT00101084,C17557,2025-10-02 13:13:00,2025-10-03 19:02:48.000000000,Product Bug,High,Chat,29.83,False,5,False
TKT00021679,C03650,2025-02-07 18:17:00,2025-02-08 13:41:36.000000000,Performance,High,Support Portal,19.41,False,3,False
TKT00102646,C17812,2024-12-06 17:51:00,2024-12-08 08:56:24.000000000,Product Bug,Medium,Phone,39.09,False,5,True
TKT00073640,C12698,2024-06-17 17:18:00,2024-06-22 17:12:00.000000000,Product Bug,Low,Chat,119.9,False,4,False
TKT00040064,C06861,2025-07-24 16:58:00,2025-07-25 05:21:24.000000000,Technical Issue,High,Phone,12.39,False,4,False
TKT00035827,C06084,2025-10-01 13:44:00,2025-10-04 19:48:48.000000000,Technical Issue,Low,Support Portal,78.08,False,4,False
TKT00050779,C08811,2025-11-16 08:33:00,2025-11-17 18:33:00.000000000,Technical Issue,Medium,Email,34.0,False,4,False
TKT00071394,C12275,2025-12-08 10:48:00,2025-12-09 12:01:12.000000000,Performance,Medium,Support Portal,25.22,False,4,False
TKT00033332,C05664,2024-08-20 13:28:00,2024-08-22 17:08:12.000000000,Product Bug,Medium,Chat,51.67,False,4,False
TKT00067473,C11630,2025-06-15 13:01:00,2025-06-16 19:55:36.000000000,Technical Issue,Medium,Phone,30.91,False,4,False
TKT00098547,C17089,2025-08-23 12:05:00,2025-08-27 04:05:00.000000000,Feature Request,Low,Email,88.0,False,5,False
TKT00078010,C13494,2025-08-02 16:18:00,2025-08-03 07:52:12.000000000,Account Management,High,Chat,15.57,False,4,False
TKT00065145,C11247,2025-08-14 13:39:00,2025-08-15 09:11:24.000000000,Account Management,High,Chat,19.54,False,3,False
TKT00109916,C19167,2025-11-27 13:09:00,2025-11-27 17:06:00.000000000,Product Bug,Critical,Email,3.95,False,4,False
TKT00066639,C11503,2025-07-25 16:59:00,2025-07-26 18:28:24.000000000,Technical Issue,Medium,Support Portal,25.49,False,5,False
TKT00114474,C19955,2024-09-07 09:59:00,2024-09-11 20:56:36.000000000,Performance,Low,Phone,106.96,False,4,False
TKT00029307,C04983,2024-12-31 12:39:00,2025-01-02 17:31:48.000000000,Account Management,Low,Email,52.88,False,3,False
TKT00006246,C01024,2025-02-06 12:36:00,2025-02-12 11:01:48.000000000,Integration,Low,Chat,142.43,False,4,False
TKT00062365,C10796,2025-06-06 11:53:00,2025-06-08 18:43:24.000000000,Integration,Medium,Email,54.84,False,4,False
TKT00023792,C04012,2025-01-30 15:30:00,2025-01-31 00:10:48.000000000,Product Bug,High,Chat,8.68,False,4,False
TKT00107225,C18657,2024-05-16 12:20:00,2024-05-16 15:51:12.000000000,Technical Issue,Critical,Chat,3.52,False,4,False
TKT00093775,C16247,2024-05-31 16:36:00,2024-06-05 10:06:36.000000000,Performance,Low,Phone,113.51,False,4,False
TKT00019305,C03303,2024-06-22 10:51:00,2024-06-23 23:35:24.000000000,Account Management,Low,Phone,36.74,False,5,False
TKT00056178,C09685,2026-01-10 15:29:00,2026-01-13 03:57:48.000000000,Feature Request,Medium,Support Portal,60.48,False,4,False
TKT00010964,C01829,2025-11-13 08:14:00,2025-11-13 14:17:36.000000000,Performance,Critical,Phone,6.06,False,3,False
TKT00073627,C12696,2024-07-09 10:21:00,2024-07-11 00:18:36.000000000,Performance,Medium,Phone,37.96,False,4,False
TKT00004197,C00664,2025-01-19 09:10:00,2025-01-19 16:38:48.000000000,Billing,High,Email,7.48,False,5,False
TKT00008075,C01336,2026-01-06 16:08:00,2026-01-07 03:08:00.000000000,Integration,Critical,Chat,11.0,True,4,False
TKT00015193,C02550,2024-10-22 13:10:00,2024-10-25 19:05:12.000000000,Technical Issue,Medium,Chat,77.92,False,5,False
TKT00017815,C03026,2025-05-18 12:40:00,2025-05-22 03:15:24.000000000,Product Bug,Low,Chat,86.59,False,4,False
TKT00031824,C05426,2025-09-27 10:06:00,2025-09-30 17:46:12.000000000,Technical Issue,Low,Chat,79.67,False,4,False
TKT00055151,C09509,2025-08-06 11:23:00,2025-08-07 06:00:48.000000000,Performance,High,Email,18.63,True,3,False
TKT00077743,C13439,2025-06-26 18:41:00,2025-06-27 10:52:24.000000000,Account Management,Medium,Phone,16.19,False,4,False
TKT00063431,C10965,2025-02-07 13:24:00,2025-02-09 04:12:00.000000000,Technical Issue,Medium,Email,38.8,False,5,False
TKT00029181,C04962,2025-09-14 10:06:00,2025-09-17 12:48:36.000000000,Feature Request,High,Phone,74.71,False,4,False
TKT00082138,C14234,2025-12-07 16:06:00,2025-12-09 07:07:12.000000000,Technical Issue,Medium,Support Portal,39.02,False,4,False
TKT00039692,C06803,2025-04-26 09:52:00,2025-04-27 10:50:48.000000000,Account Management,High,Support Portal,24.98,False,5,False
TKT00063120,C10926,2025-08-03 17:12:00,2025-08-05 13:48:00.000000000,Performance,Medium,Email,44.6,False,4,False
TKT00030662,C05215,2024-12-14 12:09:00,2024-12-17 14:03:36.000000000,Feature Request,Medium,Chat,73.91,False,4,False
TKT00026103,C04406,2025-10-16 15:36:00,2025-10-23 18:25:48.000000000,Performance,Low,Chat,170.83,False,4,False
TKT00085605,C14805,2024-12-15 11:36:00,2024-12-17 01:00:36.000000000,Performance,Medium,Email,37.41,False,4,False
TKT00000884,C00154,2025-10-09 09:08:00,2025-10-11 08:32:36.000000000,Feature Request,Medium,Chat,47.41,True,4,False
TKT00079691,C13854,2025-02-23 14:47:00,2025-02-24 04:55:24.000000000,Account Management,Medium,Email,14.14,False,4,False
TKT00042777,C07377,2025-01-01 17:16:00,2025-01-02 18:46:00.000000000,Integration,Medium,Phone,25.5,False,4,False
TKT00088084,C15235,2025-08-22 09:27:00,2025-08-28 12:41:24.000000000,Feature Request,Low,Support Portal,147.24,False,5,False
TKT00062697,C10855,2025-01-26 16:53:00,2025-01-28 06:56:00.000000000,Performance,Low,Support Portal,38.05,False,4,False
TKT00004344,C00697,2026-01-10 15:56:00,2026-01-13 12:50:36.000000000,Technical Issue,Medium,Chat,68.91,False,3,False
TKT00022310,C03751,2025-03-20 13:38:00,2025-03-21 07:35:00.000000000,Product Bug,High,Chat,17.95,False,4,True
TKT00056842,C09780,2025-07-17 17:49:00,2025-07-17 22:46:36.000000000,Technical Issue,Critical,Phone,4.96,False,4,False
TKT00024039,C04054,2025-04-18 10:39:00,2025-04-22 03:23:24.000000000,Performance,Low,Support Portal,88.74,False,4,False
TKT00038051,C06517,2024-11-19 10:07:00,2024-11-20 18:52:00.000000000,Integration,High,Email,32.75,False,4,False
TKT00014330,C02393,2025-06-22 08:22:00,2025-06-23 00:06:24.000000000,Technical Issue,Medium,Email,15.74,False,4,False
TKT00098662,C17105,2025-09-07 18:23:00,2025-09-10 05:54:48.000000000,Feature Request,Medium,Support Portal,59.53,False,4,False
TKT00064079,C11071,2025-02-25 18:47:00,2025-02-26 17:34:24.000000000,Training / Onboarding,Medium,Chat,22.79,False,5,False
TKT00070934,C12205,2024-09-21 11:09:00,2024-09-23 18:53:24.000000000,Product Bug,Medium,Support Portal,55.74,True,3,False
TKT00047387,C08211,2025-08-24 13:55:00,2025-08-24 17:52:00.000000000,Billing,High,Phone,3.95,False,4,False
TKT00111584,C19456,2024-09-18 10:32:00,2024-09-22 13:09:12.000000000,Feature Request,Low,Phone,98.62,False,4,False
TKT00112525,C19621,2024-10-20 17:14:00,2024-10-22 08:21:48.000000000,Product Bug,Medium,Phone,39.13,False,4,False
TKT00108625,C18931,2025-02-28 18:04:00,2025-03-02 01:51:24.000000000,Integration,High,Phone,31.79,False,4,False
TKT00038034,C06512,2025-05-21 13:29:00,2025-05-25 13:17:00.000000000,Product Bug,Low,Support Portal,95.8,False,4,False
TKT00067619,C11658,2025-06-23 16:14:00,2025-06-25 05:35:36.000000000,Technical Issue,Medium,Email,37.36,False,4,False
TKT00048803,C08465,2024-09-24 14:31:00,2024-09-24 20:51:24.000000000,Account Management,High,Support Portal,6.34,False,4,False
TKT00105127,C18252,2025-09-17 09:54:00,2025-09-22 13:51:36.000000000,Feature Request,Low,Support Portal,123.96,False,5,False
TKT00112619,C19632,2025-05-31 08:42:00,2025-06-01 06:37:48.000000000,Billing,Medium,Support Portal,21.93,False,5,False
TKT00110094,C19203,2025-08-18 13:50:00,2025-08-19 17:24:12.000000000,Integration,Medium,Phone,27.57,False,4,False
TKT00047864,C08291,2025-03-16 11:52:00,2025-03-16 22:31:00.000000000,Training / Onboarding,High,Chat,10.65,False,4,False
TKT00002111,C00345,2025-08-28 15:46:00,2025-08-29 09:53:48.000000000,Account Management,Medium,Phone,18.13,False,4,False
TKT00078879,C13687,2024-05-12 10:27:00,2024-05-15 22:34:48.000000000,Performance,Medium,Chat,84.13,False,4,False
TKT00058092,C10051,2025-10-08 09:47:00,2025-10-09 05:05:36.000000000,Performance,Medium,Support Portal,19.31,False,3,False
TKT00104282,C18080,2025-04-03 09:42:00,2025-04-04 12:50:24.000000000,Performance,Medium,Support Portal,27.14,False,3,True
TKT00047022,C08145,2024-10-31 12:44:00,2024-11-01 22:19:24.000000000,Technical Issue,Medium,Email,33.59,False,4,False
TKT00004471,C00713,2025-09-03 14:42:00,2025-09-06 21:46:48.000000000,Product Bug,Low,Chat,79.08,False,3,False
TKT00015316,C02572,2025-02-15 17:40:00,2025-02-17 13:48:24.000000000,Product Bug,Medium,Email,44.14,True,3,False
TKT00004644,C00743,2025-11-26 13:45:00,2025-11-26 16:30:36.000000000,Account Management,Critical,Chat,2.76,False,5,True
TKT00011406,C01910,2025-06-12 18:13:00,2025-06-13 22:26:12.000000000,Technical Issue,Low,Chat,28.22,False,4,False
TKT00052841,C09123,2024-11-11 10:48:00,2024-11-14 02:08:24.000000000,Product Bug,Medium,Chat,63.34,False,4,False
TKT00089565,C15488,2024-08-04 11:06:00,2024-08-05 19:14:24.000000000,Product Bug,Medium,Chat,32.14,False,4,False
TKT00047502,C08229,2024-07-21 11:58:00,2024-07-22 03:26:48.000000000,Billing,High,Chat,15.48,False,4,False
TKT00014167,C02366,2025-03-05 14:26:00,2025-03-06 01:51:12.000000000,Performance,High,Chat,11.42,False,3,True
TKT00068553,C11841,2025-06-06 13:01:00,2025-06-06 19:11:48.000000000,Technical Issue,Critical,Chat,6.18,True,3,False
TKT00040950,C07002,2025-10-22 09:07:00,2025-10-28 06:43:36.000000000,Product Bug,Low,Phone,141.61,False,3,False
TKT00050829,C08816,2025-02-14 16:43:00,2025-02-16 03:47:48.000000000,Product Bug,Medium,Support Portal,35.08,False,5,False
TKT00065271,C11267,2025-03-12 11:17:00,2025-03-13 22:15:47.999999999,Integration,Medium,Email,34.98,False,4,False
TKT00012744,C02116,2025-03-28 12:43:00,2025-03-30 17:31:36.000000000,Performance,Low,Email,52.81,False,4,False
TKT00076986,C13305,2024-10-21 10:36:00,2024-10-22 13:42:00.000000000,Training / Onboarding,Medium,Email,27.1,False,5,False
TKT00037976,C06507,2025-07-21 14:57:00,2025-07-23 13:22:12.000000000,Feature Request,High,Support Portal,46.42,True,3,False
TKT00009321,C01550,2025-08-02 18:05:00,2025-08-02 23:33:12.000000000,Billing,High,Chat,5.47,False,4,False
TKT00104506,C18123,2025-11-19 15:03:00,2025-11-20 12:12:36.000000000,Billing,Medium,Support Portal,21.16,False,5,False
TKT00100632,C17459,2024-05-31 14:46:00,2024-06-03 05:43:36.000000000,Performance,Medium,Chat,62.96,False,5,False
TKT00011203,C01867,2025-08-15 18:57:00,2025-08-17 01:15:00.000000000,Integration,Medium,Phone,30.3,False,4,False
TKT00087039,C15050,2024-04-17 08:46:00,2024-04-18 01:28:00.000000000,Training / Onboarding,High,Chat,16.7,False,5,False
TKT00062731,C10856,2025-02-27 13:57:00,2025-02-28 14:49:48.000000000,Technical Issue,Medium,Email,24.88,False,4,False
TKT00053277,C09186,2025-11-22 11:51:00,2025-11-23 02:25:48.000000000,Technical Issue,Medium,Phone,14.58,False,5,False
TKT00083217,C14424,2025-01-20 17:41:00,2025-01-21 15:12:48.000000000,Technical Issue,Medium,Support Portal,21.53,False,5,False
TKT00035819,C06084,2025-01-11 09:21:00,2025-01-11 21:07:12.000000000,Training / Onboarding,High,Support Portal,11.77,True,3,True
TKT00009431,C01561,2025-09-29 15:30:00,2025-10-04 11:07:48.000000000,Performance,Medium,Email,115.63,False,3,False
TKT00046757,C08082,2025-09-15 16:21:00,2025-09-16 20:04:48.000000000,Product Bug,Medium,Email,27.73,True,4,False
TKT00104795,C18179,2025-04-26 09:10:00,2025-05-02 01:07:36.000000000,Integration,Low,Phone,135.96,False,4,False
TKT00104920,C18216,2025-05-23 16:56:00,2025-05-24 14:26:36.000000000,Technical Issue,High,Chat,21.51,False,5,False
TKT00038951,C06666,2025-01-08 08:12:00,2025-01-09 12:08:24.000000000,Product Bug,Medium,Chat,27.94,True,4,False
TKT00065667,C11332,2025-09-16 10:49:00,2025-09-17 04:38:12.000000000,Account Management,Medium,Email,17.82,True,3,False
TKT00057433,C09924,2025-12-27 13:46:00,2025-12-31 12:40:00.000000000,Performance,Low,Email,94.9,False,4,False
TKT00081344,C14126,2025-09-18 08:02:00,2025-09-19 12:35:00.000000000,Product Bug,Medium,Chat,28.55,False,3,False
TKT00057290,C09886,2025-09-03 16:59:00,2025-09-04 02:12:48.000000000,Account Management,High,Support Portal,9.23,False,4,False
TKT00063374,C10957,2025-12-13 13:44:00,2025-12-19 13:26:36.000000000,Feature Request,Medium,Email,143.71,False,5,False
TKT00061747,C10697,2025-10-12 08:05:00,2025-10-13 06:42:12.000000000,Account Management,Low,Phone,22.62,False,4,False
TKT00026556,C04493,2024-08-26 11:49:00,2024-08-30 00:25:36.000000000,Integration,Medium,Phone,84.61,False,3,False
TKT00057369,C09891,2025-09-04 09:15:00,2025-09-05 17:51:36.000000000,Technical Issue,High,Email,32.61,False,3,False
TKT00049325,C08549,2025-11-09 11:19:00,2025-11-14 08:12:24.000000000,Feature Request,Medium,Chat,116.89,True,3,False
TKT00055253,C09523,2025-05-09 16:41:00,2025-05-10 08:47:36.000000000,Training / Onboarding,Medium,Support Portal,16.11,False,4,False
TKT00101778,C17662,2024-04-05 12:19:00,2024-04-06 10:25:00.000000000,Technical Issue,Medium,Email,22.1,False,5,False
TKT00095727,C16570,2025-06-11 08:02:00,2025-06-12 07:15:12.000000000,Billing,Medium,Phone,23.22,False,3,False
TKT00046966,C08132,2025-11-29 11:55:00,2025-11-30 03:04:00.000000000,Account Management,High,Chat,15.15,False,4,True
TKT00016934,C02856,2025-09-22 18:22:00,2025-09-22 22:43:36.000000000,Technical Issue,Critical,Email,4.36,False,4,True
TKT00077489,C13391,2025-06-30 12:44:00,2025-07-05 01:45:12.000000000,Performance,Low,Chat,109.02,False,4,False
TKT00033298,C05658,2025-02-10 11:04:00,2025-02-12 03:14:48.000000000,Technical Issue,High,Phone,40.18,False,3,False
TKT00038968,C06667,2025-10-05 18:52:00,2025-10-06 08:04:00.000000000,Technical Issue,High,Email,13.2,False,4,False
TKT00025075,C04240,2024-11-03 10:42:00,2024-11-04 00:06:00.000000000,Technical Issue,High,Chat,13.4,False,4,False
TKT00010022,C01665,2025-04-19 12:27:00,2025-04-21 10:25:12.000000000,Product Bug,High,Phone,45.97,False,4,False
TKT00024011,C04050,2025-06-13 17:43:00,2025-06-14 19:57:24.000000000,Product Bug,Medium,Support Portal,26.24,False,4,False
TKT00038592,C06595,2026-01-01 11:53:00,2026-01-04 05:31:24.000000000,Training / Onboarding,Medium,Email,65.64,False,4,False
TKT00043747,C07571,2025-08-02 12:36:00,2025-08-04 06:18:00.000000000,Account Management,Low,Email,41.7,False,5,False
TKT00068175,C11755,2025-04-03 13:42:00,2025-04-03 21:35:24.000000000,Product Bug,Critical,Chat,7.89,False,4,True
TKT00012496,C02071,2025-03-26 12:20:00,2025-03-28 23:36:12.000000000,Technical Issue,Low,Support Portal,59.27,False,3,False
TKT00025835,C04364,2025-06-09 10:43:00,2025-06-09 21:40:00.000000000,Technical Issue,High,Phone,10.95,False,4,True
TKT00029821,C05082,2025-06-24 14:51:00,2025-06-26 10:00:36.000000000,Product Bug,Medium,Chat,43.16,False,4,False
TKT00090694,C15690,2025-08-29 18:47:00,2025-08-31 14:23:36.000000000,Technical Issue,Low,Support Portal,43.61,False,3,False
TKT00015477,C02600,2025-12-16 16:18:00,2025-12-17 17:06:00.000000000,Product Bug,Medium,Email,24.8,False,5,False
TKT00016618,C02789,2025-11-06 09:24:00,2025-11-08 01:53:24.000000000,Technical Issue,Medium,Email,40.49,False,4,False
TKT00010899,C01820,2025-04-20 08:04:00,2025-04-21 20:26:48.000000000,Product Bug,Medium,Email,36.38,False,4,False
TKT00008552,C01412,2025-11-25 09:51:00,2025-11-27 03:57:36.000000000,Performance,Low,Support Portal,42.11,True,4,False
TKT00011097,C01854,2025-03-22 14:13:00,2025-03-23 19:44:48.000000000,Technical Issue,Medium,Chat,29.53,False,4,False
TKT00112916,C19705,2025-10-24 12:19:00,2025-10-25 01:00:24.000000000,Technical Issue,High,Chat,12.69,False,4,False
TKT00005331,C00859,2025-12-15 10:01:00,2025-12-15 18:31:36.000000000,Billing,Medium,Chat,8.51,False,4,False
TKT00113527,C19817,2025-01-29 09:29:00,2025-01-31 03:11:00.000000000,Technical Issue,High,Phone,41.7,False,4,True
TKT00011987,C02001,2025-06-25 13:00:00,2025-06-25 16:13:12.000000000,Technical Issue,Critical,Support Portal,3.22,False,5,False
TKT00021921,C03692,2025-10-18 12:10:00,2025-10-20 21:20:12.000000000,Performance,Medium,Phone,57.17,False,4,False
TKT00100296,C17376,2025-11-25 15:51:00,2025-11-26 20:00:00.000000000,Product Bug,Medium,Email,28.15,False,4,False
TKT00000699,C00116,2024-06-16 12:07:00,2024-06-18 04:52:36.000000000,Product Bug,Medium,Chat,40.76,True,4,False
TKT00112509,C19615,2024-05-02 15:19:00,2024-05-03 07:44:48.000000000,Product Bug,High,Chat,16.43,False,4,False
TKT00040657,C06952,2025-10-13 09:28:00,2025-10-14 21:04:36.000000000,Performance,Medium,Chat,35.61,False,4,False
TKT00096692,C16739,2025-01-05 11:59:00,2025-01-05 21:56:00.000000000,Technical Issue,High,Chat,9.95,False,4,False
TKT00056590,C09748,2025-01-15 18:57:00,2025-01-17 02:19:12.000000000,Training / Onboarding,Medium,Chat,31.37,False,4,False
TKT00071652,C12311,2026-01-08 12:56:00,2026-01-14 22:00:12.000000000,Feature Request,Low,Chat,153.07,True,4,False
TKT00111611,C19460,2025-04-13 13:12:00,2025-04-14 22:01:48.000000000,Performance,Medium,Phone,32.83,False,3,False
TKT00092528,C16044,2025-11-08 17:40:00,2025-11-10 11:55:36.000000000,Integration,Medium,Chat,42.26,False,4,False
TKT00035310,C05980,2025-10-26 10:31:00,2025-10-27 20:37:36.000000000,Performance,Low,Chat,34.11,False,3,False
TKT00103888,C18008,2025-08-13 11:41:00,2025-08-14 11:18:48.000000000,Technical Issue,Medium,Chat,23.63,False,4,False
TKT00058281,C10077,2025-08-23 18:34:00,2025-08-26 03:57:24.000000000,Feature Request,Medium,Email,57.39,False,4,False
TKT00090234,C15602,2024-12-08 08:05:00,2024-12-11 08:35:36.000000000,Product Bug,Low,Chat,72.51,False,3,False
TKT00064866,C11201,2025-10-30 13:06:00,2025-10-30 23:59:24.000000000,Performance,High,Phone,10.89,False,5,False
TKT00055602,C09580,2024-05-06 13:28:00,2024-05-06 21:29:12.000000000,Performance,Critical,Chat,8.02,False,5,True
TKT00083011,C14378,2025-11-21 10:34:00,2025-11-22 03:11:48.000000000,Training / Onboarding,High,Phone,16.63,True,3,True
TKT00059189,C10220,2025-12-24 16:57:00,2025-12-27 23:43:48.000000000,Technical Issue,Medium,Phone,78.78,False,4,False
TKT00034792,C05885,2025-01-26 12:28:00,2025-01-27 18:31:00.000000000,Integration,Medium,Chat,30.05,False,4,False
TKT00008444,C01403,2025-08-19 11:34:00,2025-08-20 04:49:36.000000000,Integration,High,Support Portal,17.26,False,4,True
TKT00078602,C13613,2024-02-10 14:57:00,2024-02-12 01:55:47.999999999,Technical Issue,Medium,Email,34.98,False,3,False
TKT00032451,C05526,2025-03-23 08:11:00,2025-03-26 02:27:12.000000000,Performance,Medium,Email,66.27,True,4,False
TKT00024432,C04123,2025-10-11 17:33:00,2025-10-11 19:45:00.000000000,Billing,Critical,Chat,2.2,False,3,True
TKT00037291,C06372,2024-07-18 11:54:00,2024-07-19 06:34:12.000000000,Training / Onboarding,Medium,Chat,18.67,False,5,False
TKT00059255,C10242,2025-01-22 18:15:00,2025-01-26 10:23:24.000000000,Product Bug,Low,Phone,88.14,False,3,False
TKT00008035,C01326,2025-08-08 13:07:00,2025-08-09 19:04:00.000000000,Integration,High,Phone,29.95,False,4,False
TKT00034343,C05811,2025-11-20 12:00:00,2025-11-22 00:31:12.000000000,Billing,Low,Chat,36.52,False,5,False
TKT00059237,C10234,2025-04-01 16:31:00,2025-04-03 03:25:35.999999999,Product Bug,Medium,Email,34.91,False,5,False
TKT00112219,C19565,2025-12-06 14:08:00,2025-12-07 10:28:24.000000000,Account Management,Medium,Chat,20.34,True,3,False
TKT00036542,C06214,2025-03-15 12:09:00,2025-03-16 11:46:48.000000000,Performance,Medium,Phone,23.63,False,4,False
TKT00001764,C00308,2025-09-29 12:05:00,2025-09-30 01:33:12.000000000,Technical Issue,High,Phone,13.47,False,5,False
TKT00083051,C14386,2024-12-22 13:55:00,2024-12-23 21:47:48.000000000,Performance,Medium,Email,31.88,False,4,False
TKT00098722,C17118,2025-11-09 14:33:00,2025-11-11 22:04:12.000000000,Training / Onboarding,Medium,Email,55.52,False,3,True
TKT00063419,C10963,2025-06-09 08:07:00,2025-06-10 15:55:36.000000000,Integration,Medium,Chat,31.81,False,5,False
TKT00097183,C16817,2024-06-04 09:05:00,2024-06-05 03:42:12.000000000,Product Bug,High,Phone,18.62,False,5,False
TKT00032780,C05579,2025-03-19 10:05:00,2025-03-22 19:05:00.000000000,Performance,Low,Email,81.0,False,3,False
TKT00089939,C15554,2024-07-16 11:22:00,2024-07-17 06:56:12.000000000,Product Bug,Medium,Support Portal,19.57,False,4,False
TKT00066290,C11433,2025-07-18 15:12:00,2025-07-22 06:15:00.000000000,Technical Issue,Medium,Chat,87.05,True,4,False
TKT00053940,C09275,2025-10-09 11:02:00,2025-10-12 06:52:59.999999999,Feature Request,High,Support Portal,67.85,False,4,False
TKT00035491,C06010,2025-06-01 09:09:00,2025-06-04 19:22:12.000000000,Product Bug,Low,Email,82.22,False,4,False
TKT00026585,C04493,2025-05-20 18:30:00,2025-05-23 06:52:48.000000000,Technical Issue,Low,Support Portal,60.38,True,3,False
TKT00016114,C02711,2025-03-01 08:10:00,2025-03-02 02:22:00.000000000,Training / Onboarding,Medium,Phone,18.2,False,4,False
TKT00051521,C08925,2026-01-06 09:40:00,2026-01-07 10:56:48.000000000,Technical Issue,Medium,Email,25.28,False,3,False
TKT00029436,C05011,2024-03-01 18:54:00,2024-03-02 06:52:12.000000000,Account Management,Medium,Phone,11.97,False,5,False
TKT00111059,C19357,2025-01-08 15:02:00,2025-01-14 18:03:48.000000000,Product Bug,Low,Email,147.03,False,4,False
TKT00047962,C08311,2024-11-23 15:49:00,2024-11-27 11:28:36.000000000,Technical Issue,Low,Chat,91.66,False,4,False
TKT00063504,C10973,2024-09-16 10:18:00,2024-09-17 10:44:24.000000000,Training / Onboarding,High,Phone,24.44,False,4,False
TKT00073161,C12602,2025-08-28 16:43:00,2025-08-29 10:16:00.000000000,Product Bug,High,Email,17.55,False,3,False
TKT00009164,C01532,2025-04-21 17:33:00,2025-04-23 09:43:12.000000000,Integration,High,Email,40.17,False,3,True
TKT00026277,C04435,2025-10-19 18:57:00,2025-10-23 19:55:12.000000000,Product Bug,Medium,Support Portal,96.97,False,3,False
TKT00067684,C11670,2025-11-22 10:46:00,2025-11-23 23:23:12.000000000,Performance,Medium,Chat,36.62,False,4,False
TKT00107705,C18742,2025-01-02 15:20:00,2025-01-03 21:21:48.000000000,Technical Issue,Medium,Support Portal,30.03,False,4,False
TKT00010819,C01802,2024-04-22 09:46:00,2024-04-25 15:25:00.000000000,Feature Request,Medium,Chat,77.65,False,4,False
TKT00040679,C06958,2024-11-26 16:25:00,2024-11-27 13:30:24.000000000,Billing,Medium,Email,21.09,False,5,False
TKT00099871,C17305,2025-08-27 14:02:00,2025-08-31 17:11:00.000000000,Performance,Low,Support Portal,99.15,False,2,True
TKT00037001,C06309,2024-07-23 17:43:00,2024-07-27 00:29:12.000000000,Product Bug,Low,Support Portal,78.77,False,3,False
TKT00010367,C01720,2025-08-10 12:05:00,2025-08-12 04:47:36.000000000,Technical Issue,Low,Phone,40.71,False,4,False
TKT00066757,C11515,2024-09-03 15:11:00,2024-09-05 04:03:12.000000000,Product Bug,Medium,Phone,36.87,False,4,False
TKT00014533,C02436,2025-09-16 15:36:00,2025-09-19 19:53:24.000000000,Technical Issue,Medium,Email,76.29,False,4,False
TKT00018068,C03058,2025-06-14 16:31:00,2025-06-16 12:57:24.000000000,Training / Onboarding,Medium,Chat,44.44,False,5,False
TKT00078281,C13554,2025-10-19 12:48:00,2025-10-20 17:39:36.000000000,Product Bug,High,Phone,28.86,False,4,False
TKT00012601,C02083,2025-11-05 11:08:00,2025-11-06 12:11:00.000000000,Integration,High,Chat,25.05,False,3,False
TKT00043009,C07419,2025-09-25 15:35:00,2025-09-26 07:03:48.000000000,Integration,High,Phone,15.48,False,5,False
TKT00080127,C13924,2024-06-08 14:03:00,2024-06-11 13:13:48.000000000,Product Bug,Low,Email,71.18,False,4,False
TKT00036040,C06123,2025-10-20 15:27:00,2025-10-22 20:15:00.000000000,Product Bug,Medium,Chat,52.8,False,3,False
TKT00110180,C19217,2025-10-30 16:44:00,2025-10-31 05:54:12.000000000,Billing,Medium,Chat,13.17,False,3,True
TKT00057219,C09877,2024-09-19 12:45:00,2024-09-20 04:49:47.999999999,Product Bug,Medium,Phone,16.08,False,3,True
TKT00053744,C09259,2024-09-18 18:44:00,2024-09-21 01:47:00.000000000,Feature Request,High,Chat,55.05,True,3,False
TKT00079222,C13759,2024-08-21 17:41:00,2024-08-22 06:56:00.000000000,Performance,Medium,Email,13.25,False,4,False
TKT00030025,C05117,2025-12-04 10:08:00,2025-12-05 10:30:12.000000000,Performance,Medium,Support Portal,24.37,False,4,False
TKT00082259,C14266,2025-10-27 11:35:00,2025-10-30 02:59:00.000000000,Product Bug,Low,Chat,63.4,False,4,False
TKT00088767,C15347,2025-10-10 14:23:00,2025-10-12 16:35:00.000000000,Performance,Low,Phone,50.2,False,4,False
TKT00008593,C01417,2025-09-12 11:45:00,2025-09-12 17:33:00.000000000,Technical Issue,High,Support Portal,5.8,False,4,False
TKT00079832,C13871,2025-02-11 10:38:00,2025-02-15 05:15:48.000000000,Technical Issue,Low,Email,90.63,False,4,False
TKT00065000,C11229,2024-09-29 14:19:00,2024-10-08 06:03:24.000000000,Feature Request,Low,Phone,207.74,False,4,False
TKT00007969,C01311,2024-12-10 12:25:00,2024-12-11 00:38:48.000000000,Performance,High,Email,12.23,False,3,True
TKT00008312,C01379,2024-06-17 09:24:00,2024-06-18 04:02:24.000000000,Technical Issue,High,Email,18.64,False,3,False
TKT00093819,C16251,2024-05-14 08:55:00,2024-05-16 18:00:24.000000000,Product Bug,Medium,Chat,57.09,False,5,False
TKT00026937,C04561,2025-04-08 09:03:00,2025-04-08 13:58:12.000000000,Account Management,High,Phone,4.92,False,5,False
TKT00086753,C15025,2025-06-19 10:07:00,2025-06-21 11:27:24.000000000,Integration,Medium,Email,49.34,False,3,True
TKT00063719,C11000,2025-11-15 14:25:00,2025-11-18 06:17:48.000000000,Feature Request,Medium,Support Portal,63.88,False,5,False
TKT00053314,C09191,2025-03-09 15:57:00,2025-03-10 22:39:00.000000000,Technical Issue,Low,Email,30.7,True,4,False
TKT00070587,C12144,2024-10-05 15:42:00,2024-10-08 20:04:48.000000000,Billing,Low,Phone,76.38,False,4,True
TKT00013442,C02231,2024-12-16 12:36:00,2024-12-18 05:59:24.000000000,Technical Issue,Medium,Chat,41.39,True,4,False
TKT00006427,C01050,2025-11-23 10:47:00,2025-11-26 22:16:24.000000000,Feature Request,Medium,Email,83.49,False,4,False
TKT00031176,C05303,2024-10-17 13:31:00,2024-10-18 16:17:48.000000000,Technical Issue,Low,Chat,26.78,False,3,False
TKT00049262,C08540,2025-11-19 14:42:00,2025-11-20 04:09:00.000000000,Billing,High,Chat,13.45,False,4,False
TKT00057682,C09972,2024-12-30 13:36:00,2024-12-31 17:37:12.000000000,Technical Issue,Medium,Support Portal,28.02,False,4,True
TKT00050419,C08728,2025-09-29 12:38:00,2025-10-02 02:34:24.000000000,Training / Onboarding,Medium,Phone,61.94,False,3,False
TKT00053126,C09167,2025-12-08 12:05:00,2025-12-09 15:32:00.000000000,Account Management,Low,Phone,27.45,False,4,False
TKT00080437,C13979,2025-05-14 09:02:00,2025-05-14 22:48:48.000000000,Technical Issue,High,Phone,13.78,False,5,False
TKT00028812,C04897,2025-08-20 12:59:00,2025-08-23 05:10:24.000000000,Feature Request,Medium,Phone,64.19,False,4,False
TKT00024363,C04116,2025-10-22 14:44:00,2025-10-24 03:46:24.000000000,Technical Issue,Low,Support Portal,37.04,False,4,False
TKT00066856,C11526,2025-12-02 17:48:00,2025-12-05 20:28:12.000000000,Technical Issue,Low,Email,74.67,False,3,False
TKT00066945,C11546,2025-09-24 10:11:00,2025-09-27 10:35:00.000000000,Performance,Low,Chat,72.4,False,4,False
TKT00040039,C06851,2024-12-16 18:55:00,2024-12-18 16:33:24.000000000,Feature Request,High,Support Portal,45.64,False,5,False
TKT00002339,C00386,2025-09-20 17:20:00,2025-09-21 22:33:48.000000000,Product Bug,High,Email,29.23,False,4,False
TKT00012402,C02057,2024-08-02 12:53:00,2024-08-03 06:21:48.000000000,Billing,Medium,Phone,17.48,False,4,False
TKT00084409,C14602,2025-02-24 15:23:00,2025-02-25 02:54:12.000000000,Billing,High,Support Portal,11.52,False,4,False
TKT00032910,C05603,2025-12-08 12:24:00,2025-12-13 01:25:12.000000000,Feature Request,Medium,Chat,109.02,False,4,False
TKT00032691,C05570,2024-10-17 15:49:00,2024-10-19 21:27:24.000000000,Feature Request,Medium,Support Portal,53.64,False,4,False
TKT00037774,C06466,2025-02-01 11:11:00,2025-02-05 07:56:00.000000000,Integration,Low,Phone,92.75,False,4,False
TKT00017503,C02973,2025-07-03 09:26:00,2025-07-04 16:37:24.000000000,Billing,Low,Email,31.19,False,4,False
TKT00045714,C07916,2024-07-07 12:02:00,2024-07-07 15:00:12.000000000,Technical Issue,Critical,Support Portal,2.97,False,5,True
TKT00075442,C13010,2024-10-02 09:07:00,2024-10-03 09:52:36.000000000,Technical Issue,Medium,Email,24.76,False,5,False
TKT00051476,C08913,2025-04-21 10:22:00,2025-04-21 21:07:00.000000000,Technical Issue,Medium,Phone,10.75,False,4,False
TKT00108211,C18863,2025-05-12 11:30:00,2025-05-16 05:22:12.000000000,Feature Request,Low,Phone,89.87,False,3,True
TKT00091900,C15928,2025-01-13 15:09:00,2025-01-14 14:56:24.000000000,Product Bug,Medium,Support Portal,23.79,False,3,False
TKT00091490,C15840,2025-10-30 12:05:00,2025-10-31 00:58:24.000000000,Technical Issue,High,Chat,12.89,False,3,False
TKT00083263,C14428,2025-06-30 13:04:00,2025-07-01 13:29:12.000000000,Billing,Medium,Phone,24.42,False,4,False
TKT00019489,C03330,2025-12-18 18:36:00,2025-12-19 15:08:24.000000000,Technical Issue,Medium,Phone,20.54,False,5,False
TKT00057309,C09887,2025-09-28 17:08:00,2025-09-29 15:41:36.000000000,Training / Onboarding,Medium,Phone,22.56,False,3,False
TKT00020883,C03522,2025-03-13 10:28:00,2025-03-14 04:02:47.999999999,Feature Request,Critical,Chat,17.58,True,4,True
TKT00060975,C10555,2026-01-05 15:57:00,2026-01-10 05:24:36.000000000,Feature Request,Low,Chat,109.46,False,4,False
TKT00109183,C19041,2025-05-06 12:42:00,2025-05-10 04:27:36.000000000,Integration,Medium,Chat,87.76,False,4,False
TKT00114131,C19903,2025-12-24 17:25:00,2025-12-25 10:29:12.000000000,Training / Onboarding,High,Support Portal,17.07,False,4,False
TKT00009625,C01601,2024-08-21 11:40:00,2024-08-22 18:24:24.000000000,Technical Issue,Medium,Phone,30.74,False,4,False
TKT00004557,C00725,2025-05-07 10:52:00,2025-05-08 08:44:48.000000000,Technical Issue,Low,Email,21.88,False,4,False
TKT00074104,C12769,2025-12-31 17:32:00,2026-01-01 09:23:36.000000000,Account Management,High,Chat,15.86,False,4,False
TKT00100926,C17525,2024-11-20 16:33:00,2024-11-23 00:03:36.000000000,Product Bug,Medium,Phone,55.51,False,4,False
TKT00024252,C04093,2025-06-21 16:20:00,2025-06-21 23:08:00.000000000,Training / Onboarding,Critical,Phone,6.8,True,3,False
TKT00080857,C14057,2025-03-18 14:52:00,2025-03-18 23:51:24.000000000,Training / Onboarding,High,Support Portal,8.99,False,4,False
TKT00103892,C18009,2025-12-17 12:40:00,2025-12-21 15:44:12.000000000,Feature Request,Medium,Support Portal,99.07,False,4,False
TKT00074927,C12919,2024-08-21 12:12:00,2024-08-23 01:06:00.000000000,Technical Issue,Low,Email,36.9,False,5,False
TKT00063633,C10990,2025-06-25 11:42:00,2025-06-27 11:42:00.000000000,Billing,Low,Email,48.0,True,5,False
TKT00010815,C01799,2025-08-05 18:19:00,2025-08-06 09:26:48.000000000,Billing,High,Chat,15.13,False,5,False
TKT00002976,C00478,2024-03-03 15:08:00,2024-03-05 02:43:24.000000000,Account Management,Low,Chat,35.59,False,4,False
TKT00111135,C19375,2024-10-05 15:13:00,2024-10-07 05:04:00.000000000,Integration,Medium,Chat,37.85,False,4,False
TKT00051033,C08840,2024-09-30 13:27:00,2024-10-03 06:22:48.000000000,Product Bug,Medium,Phone,64.93,False,4,False
TKT00049018,C08504,2025-04-23 14:18:00,2025-04-25 12:34:48.000000000,Account Management,Low,Email,46.28,False,4,False
TKT00028359,C04821,2024-02-14 11:43:00,2024-02-17 05:26:48.000000000,Performance,Low,Support Portal,65.73,False,4,False
TKT00060247,C10419,2025-08-03 09:32:00,2025-08-04 00:49:24.000000000,Performance,High,Phone,15.29,False,4,False
TKT00048752,C08455,2025-10-19 09:31:00,2025-10-21 09:52:36.000000000,Performance,Medium,Chat,48.36,False,5,False
TKT00096053,C16621,2025-07-12 13:50:00,2025-07-14 07:56:36.000000000,Billing,Low,Support Portal,42.11,False,5,False
TKT00099259,C17201,2025-12-21 13:45:00,2025-12-22 00:08:24.000000000,Technical Issue,High,Chat,10.39,True,4,False
TKT00004282,C00686,2024-11-22 14:27:00,2024-11-24 11:30:00.000000000,Account Management,Low,Phone,45.05,False,4,False
TKT00083989,C14527,2025-12-30 12:13:00,2025-12-30 18:38:12.000000000,Technical Issue,High,Chat,6.42,False,4,False
TKT00006348,C01042,2024-10-25 12:20:00,2024-10-26 15:23:36.000000000,Integration,Medium,Phone,27.06,False,5,False
TKT00000165,C00012,2026-01-09 09:35:00,2026-01-09 14:00:47.999999999,Technical Issue,Critical,Chat,4.43,False,4,False
TKT00109182,C19041,2025-04-24 13:30:00,2025-04-25 09:04:48.000000000,Billing,Medium,Support Portal,19.58,False,4,False
TKT00035326,C05983,2024-09-27 10:08:00,2024-09-29 02:15:12.000000000,Billing,Low,Support Portal,40.12,False,5,False
TKT00105407,C18311,2024-06-17 11:57:00,2024-06-18 06:08:24.000000000,Training / Onboarding,Medium,Chat,18.19,False,4,False
TKT00094762,C16394,2025-03-23 12:32:00,2025-03-24 23:05:36.000000000,Product Bug,Medium,Chat,34.56,False,4,False
TKT00042813,C07389,2025-05-24 09:46:00,2025-05-26 21:38:48.000000000,Product Bug,Medium,Chat,59.88,False,4,False
TKT00042039,C07235,2025-03-04 14:40:00,2025-03-06 07:19:36.000000000,Product Bug,Medium,Email,40.66,False,4,False
TKT00087801,C15168,2024-11-14 12:32:00,2024-11-15 11:23:36.000000000,Integration,High,Support Portal,22.86,True,4,False
TKT00066642,C11505,2024-06-03 17:03:00,2024-06-04 15:11:24.000000000,Performance,High,Support Portal,22.14,False,4,False
TKT00049292,C08545,2025-12-02 15:09:00,2025-12-03 14:15:00.000000000,Account Management,Medium,Email,23.1,False,3,False
TKT00083541,C14469,2025-11-10 10:15:00,2025-11-10 13:49:12.000000000,Account Management,Critical,Phone,3.57,False,3,False
TKT00054139,C09318,2025-12-13 10:08:00,2025-12-14 00:05:00.000000000,Technical Issue,Medium,Support Portal,13.95,False,3,False
TKT00081078,C14099,2024-09-04 12:08:00,2024-09-05 22:35:00.000000000,Product Bug,Medium,Phone,34.45,False,4,False
TKT00072537,C12489,2024-04-15 14:43:00,2024-04-18 10:40:35.999999999,Performance,Medium,Chat,67.96,False,4,False
TKT00079822,C13870,2025-10-21 18:01:00,2025-10-24 22:45:24.000000000,Performance,Low,Email,76.74,False,4,False
TKT00039562,C06783,2024-12-28 15:31:00,2024-12-31 14:14:12.000000000,Account Management,Low,Chat,70.72,False,4,False
TKT00093403,C16188,2024-03-19 16:33:00,2024-03-20 02:52:48.000000000,Performance,Medium,Chat,10.33,False,4,False
TKT00113019,C19732,2025-07-07 15:48:00,2025-07-08 23:09:36.000000000,Product Bug,High,Chat,31.36,False,4,False
TKT00051065,C08844,2025-09-11 12:05:00,2025-09-12 13:56:00.000000000,Technical Issue,Low,Phone,25.85,False,4,False
TKT00018365,C03103,2025-12-02 18:18:00,2025-12-02 23:36:36.000000000,Product Bug,Critical,Support Portal,5.31,False,4,False
TKT00044442,C07693,2025-06-30 17:29:00,2025-07-04 22:32:00.000000000,Product Bug,Medium,Chat,101.05,True,2,False
TKT00032083,C05465,2024-06-01 15:52:00,2024-06-02 21:56:48.000000000,Technical Issue,Medium,Phone,30.08,False,3,False
TKT00003601,C00566,2024-02-21 16:55:00,2024-02-22 15:38:48.000000000,Performance,High,Phone,22.73,False,4,False
TKT00054601,C09415,2025-10-04 10:28:00,2025-10-04 12:38:12.000000000,Performance,Critical,Email,2.17,False,4,True
TKT00049686,C08608,2025-06-11 16:20:00,2025-06-13 03:03:12.000000000,Technical Issue,Medium,Support Portal,34.72,False,5,False
TKT00101718,C17642,2025-07-27 18:24:00,2025-07-30 06:12:00.000000000,Integration,Low,Phone,59.8,False,4,False
TKT00103735,C17979,2025-03-16 14:08:00,2025-03-16 23:05:36.000000000,Technical Issue,Critical,Support Portal,8.96,False,4,True
TKT00052369,C09058,2025-04-26 15:15:00,2025-04-27 07:51:36.000000000,Product Bug,High,Chat,16.61,False,4,False
TKT00048874,C08475,2026-01-06 12:19:00,2026-01-07 04:22:00.000000000,Product Bug,High,Email,16.05,False,4,False
TKT00051658,C08950,2025-12-27 09:00:00,2025-12-28 23:24:36.000000000,Training / Onboarding,Medium,Email,38.41,True,4,False
TKT00035905,C06097,2025-08-05 14:25:00,2025-08-08 18:11:12.000000000,Technical Issue,Low,Email,75.77,False,4,False
TKT00098699,C17109,2025-10-23 12:11:00,2025-10-24 23:18:48.000000000,Training / Onboarding,Low,Email,35.13,False,4,False
TKT00039731,C06817,2025-04-17 18:32:00,2025-04-19 09:00:48.000000000,Integration,Medium,Phone,38.48,False,5,False
TKT00071758,C12340,2025-09-18 16:36:00,2025-09-19 18:58:48.000000000,Technical Issue,Medium,Chat,26.38,False,4,False
TKT00056596,C09748,2025-08-03 15:43:00,2025-08-04 23:20:48.000000000,Product Bug,Medium,Phone,31.63,False,3,False
TKT00094919,C16418,2025-04-24 15:59:00,2025-04-25 10:27:12.000000000,Product Bug,High,Email,18.47,False,5,False
TKT00025285,C04281,2025-03-04 15:08:00,2025-03-08 09:30:12.000000000,Feature Request,Low,Support Portal,90.37,False,4,False
TKT00072312,C12436,2026-01-07 12:30:00,2026-01-09 07:18:36.000000000,Product Bug,Medium,Email,42.81,False,5,False
TKT00015322,C02573,2025-11-05 09:10:00,2025-11-06 00:20:12.000000000,Product Bug,High,Phone,15.17,False,3,True
TKT00074308,C12804,2024-07-20 16:07:00,2024-07-22 02:00:24.000000000,Account Management,Medium,Chat,33.89,False,5,False
TKT00087936,C15205,2025-03-04 18:26:00,2025-03-05 18:37:24.000000000,Technical Issue,Medium,Support Portal,24.19,False,4,False
TKT00001739,C00297,2025-12-28 16:35:00,2025-12-29 12:25:24.000000000,Product Bug,High,Phone,19.84,False,2,True
TKT00029858,C05085,2025-12-06 10:07:00,2025-12-06 22:40:00.000000000,Technical Issue,Medium,Email,12.55,False,4,False
TKT00098771,C17129,2025-09-02 16:50:00,2025-09-04 01:38:36.000000000,Integration,Medium,Support Portal,32.81,False,5,False
