customer_id,week_start,active_users,sessions,active_days,usage_minutes,features_used,p001_sessions,p002_sessions,p003_sessions,p004_sessions,p005_sessions
C17333,2025-01-20,0,0,0,0,0,0,0,0,0,0
C16212,2023-09-18,0,0,0,0,0,0,0,0,0,0
C01333,2025-11-10,27,157,6,2894,2,107,0,50,0,0
C17810,2024-05-06,0,0,0,0,0,0,0,0,0,0
C13393,2024-02-26,0,0,0,0,0,0,0,0,0,0
C03390,2023-05-08,0,0,0,0,0,0,0,0,0,0
C08715,2023-08-14,0,0,0,0,0,0,0,0,0,0
C01203,2024-05-27,0,0,0,0,0,0,0,0,0,0
C02385,2024-09-23,0,0,0,0,0,0,0,0,0,0
C06728,2024-11-11,0,0,0,0,0,0,0,0,0,0
C17932,2023-01-23,0,0,0,0,0,0,0,0,0,0
C14676,2025-06-02,0,0,0,0,0,0,0,0,0,0
C13881,2024-12-09,0,0,0,0,0,0,0,0,0,0
C07118,2025-03-24,356,2118,4,39867,3,1264,0,0,498,356
C12406,2025-03-17,0,0,0,0,0,0,0,0,0,0
C12941,2023-09-18,0,0,0,0,0,0,0,0,0,0
C09785,2025-11-03,7,46,7,859,2,35,11,0,0,0
C04001,2025-02-03,0,0,0,0,0,0,0,0,0,0
C02934,2023-05-29,0,0,0,0,0,0,0,0,0,0
C10575,2025-10-27,0,0,0,0,0,0,0,0,0,0
C18854,2023-01-30,0,0,0,0,0,0,0,0,0,0
C00633,2023-10-30,0,0,0,0,0,0,0,0,0,0
C15167,2023-10-30,0,0,0,0,0,0,0,0,0,0
C02641,2025-09-08,521,2301,7,51371,2,1812,0,0,0,489
C18244,2025-04-21,0,0,0,0,0,0,0,0,0,0
C11867,2025-08-18,37,141,5,2572,1,141,0,0,0,0
C19214,2025-12-22,0,0,0,0,0,0,0,0,0,0
C07953,2024-02-12,0,0,0,0,0,0,0,0,0,0
C00720,2025-06-09,180,1412,7,29183,5,522,239,315,191,145
C14440,2024-10-21,0,0,0,0,0,0,0,0,0,0
C00419,2025-10-06,0,0,0,0,0,0,0,0,0,0
C15020,2023-05-15,0,0,0,0,0,0,0,0,0,0
C13690,2023-07-10,0,0,0,0,0,0,0,0,0,0
C10611,2024-09-09,0,0,0,0,0,0,0,0,0,0
C18869,2023-04-03,0,0,0,0,0,0,0,0,0,0
C15871,2023-02-06,0,0,0,0,0,0,0,0,0,0
C19888,2023-01-02,0,0,0,0,0,0,0,0,0,0
C12956,2024-03-18,0,0,0,0,0,0,0,0,0,0
C19996,2025-07-28,0,0,0,0,0,0,0,0,0,0
C02921,2024-04-01,0,0,0,0,0,0,0,0,0,0
C16500,2023-01-16,0,0,0,0,0,0,0,0,0,0
C18619,2024-04-01,0,0,0,0,0,0,0,0,0,0
C10887,2023-01-02,0,0,0,0,0,0,0,0,0,0
C15376,2024-03-04,0,0,0,0,0,0,0,0,0,0
C17140,2023-08-14,0,0,0,0,0,0,0,0,0,0
C14487,2024-10-14,13,50,4,847,1,50,0,0,0,0
C00837,2025-10-13,44,184,6,3717,2,143,0,0,41,0
C13193,2025-10-20,0,0,0,0,0,0,0,0,0,0
C08030,2024-02-26,0,0,0,0,0,0,0,0,0,0
C04257,2025-11-24,3,14,4,247,2,11,3,0,0,0
C02087,2024-11-11,0,0,0,0,0,0,0,0,0,0
C07728,2025-10-20,12,24,3,362,1,24,0,0,0,0
C10658,2023-10-09,0,0,0,0,0,0,0,0,0,0
C02668,2023-02-06,0,0,0,0,0,0,0,0,0,0
C08929,2023-07-24,0,0,0,0,0,0,0,0,0,0
C15157,2024-04-01,0,0,0,0,0,0,0,0,0,0
C14103,2023-03-06,0,0,0,0,0,0,0,0,0,0
C11308,2025-05-05,2037,18658,7,346647,5,7168,3329,3589,2571,2001
C13033,2023-10-30,0,0,0,0,0,0,0,0,0,0
C18197,2023-10-30,0,0,0,0,0,0,0,0,0,0
C11694,2023-08-14,0,0,0,0,0,0,0,0,0,0
C14830,2025-05-26,1020,7188,7,151688,4,2915,1379,1642,1252,0
C16998,2023-03-27,0,0,0,0,0,0,0,0,0,0
C06392,2024-12-30,105,668,6,11337,4,323,132,136,77,0
C01804,2023-11-20,0,0,0,0,0,0,0,0,0,0
C00903,2023-02-13,0,0,0,0,0,0,0,0,0,0
C03887,2025-08-11,1341,9938,7,203219,4,4668,2306,0,1723,1241
C09601,2025-11-10,0,0,0,0,0,0,0,0,0,0
C17393,2025-09-22,131,944,7,16408,3,455,214,275,0,0
C01118,2024-12-09,0,0,0,0,0,0,0,0,0,0
C07603,2023-04-24,0,0,0,0,0,0,0,0,0,0
C04276,2023-11-20,0,0,0,0,0,0,0,0,0,0
C05972,2025-11-03,0,0,0,0,0,0,0,0,0,0
C03002,2025-05-12,0,0,0,0,0,0,0,0,0,0
C18123,2023-12-25,0,0,0,0,0,0,0,0,0,0
C17630,2023-04-10,0,0,0,0,0,0,0,0,0,0
C03622,2025-10-13,0,0,0,0,0,0,0,0,0,0
C06093,2023-01-16,0,0,0,0,0,0,0,0,0,0
C09206,2025-11-10,117,364,4,6748,1,364,0,0,0,0
C17263,2025-08-25,0,0,0,0,0,0,0,0,0,0
C02899,2023-04-24,0,0,0,0,0,0,0,0,0,0
C08199,2025-07-28,0,0,0,0,0,0,0,0,0,0
C14550,2024-11-04,0,0,0,0,0,0,0,0,0,0
C11794,2023-05-22,0,0,0,0,0,0,0,0,0,0
C11851,2024-04-29,0,0,0,0,0,0,0,0,0,0
C13156,2023-09-18,0,0,0,0,0,0,0,0,0,0
C12420,2023-02-13,0,0,0,0,0,0,0,0,0,0
C19837,2024-03-25,0,0,0,0,0,0,0,0,0,0
C11902,2025-03-10,22,73,5,1217,1,73,0,0,0,0
C01646,2024-12-30,0,0,0,0,0,0,0,0,0,0
C07592,2024-05-06,0,0,0,0,0,0,0,0,0,0
C12616,2023-09-25,0,0,0,0,0,0,0,0,0,0
C16171,2023-12-25,0,0,0,0,0,0,0,0,0,0
C01394,2024-05-06,0,0,0,0,0,0,0,0,0,0
C02915,2024-09-30,29,101,7,2307,1,101,0,0,0,0
C10584,2025-08-18,0,0,0,0,0,0,0,0,0,0
C15700,2024-10-28,0,0,0,0,0,0,0,0,0,0
C16830,2024-10-21,0,0,0,0,0,0,0,0,0,0
C02695,2023-01-16,0,0,0,0,0,0,0,0,0,0
C19802,2023-09-25,0,0,0,0,0,0,0,0,0,0
C03340,2025-03-24,0,0,0,0,0,0,0,0,0,0
C07514,2023-06-05,0,0,0,0,0,0,0,0,0,0
C14561,2025-08-18,79,447,6,8030,2,283,0,164,0,0
C18250,2024-09-09,0,0,0,0,0,0,0,0,0,0
C14066,2024-12-09,203,1619,4,31213,4,728,365,0,310,216
C13177,2025-08-25,0,0,0,0,0,0,0,0,0,0
C12144,2024-01-22,0,0,0,0,0,0,0,0,0,0
C03979,2024-03-18,0,0,0,0,0,0,0,0,0,0
C18804,2023-06-19,0,0,0,0,0,0,0,0,0,0
C08888,2023-05-15,0,0,0,0,0,0,0,0,0,0
C15753,2023-07-03,0,0,0,0,0,0,0,0,0,0
C10734,2023-05-08,0,0,0,0,0,0,0,0,0,0
C19515,2024-08-26,5,23,4,457,2,15,8,0,0,0
C18728,2024-09-09,0,0,0,0,0,0,0,0,0,0
C10049,2024-12-16,0,0,0,0,0,0,0,0,0,0
C16922,2023-04-17,0,0,0,0,0,0,0,0,0,0
C08402,2024-12-09,6,15,3,307,1,15,0,0,0,0
C09745,2023-03-27,0,0,0,0,0,0,0,0,0,0
C12526,2024-06-03,0,0,0,0,0,0,0,0,0,0
C09059,2025-07-07,5,21,4,414,1,21,0,0,0,0
C05354,2025-10-27,0,0,0,0,0,0,0,0,0,0
C07117,2026-01-05,0,0,0,0,0,0,0,0,0,0
C16287,2024-07-15,0,0,0,0,0,0,0,0,0,0
C04218,2023-11-06,0,0,0,0,0,0,0,0,0,0
C11062,2024-01-22,0,0,0,0,0,0,0,0,0,0
C19092,2023-06-26,0,0,0,0,0,0,0,0,0,0
C04457,2025-09-15,7,28,6,459,1,28,0,0,0,0
C06820,2024-09-09,0,0,0,0,0,0,0,0,0,0
C12900,2023-01-16,0,0,0,0,0,0,0,0,0,0
C18132,2025-06-23,0,0,0,0,0,0,0,0,0,0
C10388,2023-04-17,0,0,0,0,0,0,0,0,0,0
C05095,2023-01-02,0,0,0,0,0,0,0,0,0,0
C06665,2023-04-24,0,0,0,0,0,0,0,0,0,0
C02881,2025-08-04,0,0,0,0,0,0,0,0,0,0
C03349,2024-03-11,0,0,0,0,0,0,0,0,0,0
C17955,2024-07-08,0,0,0,0,0,0,0,0,0,0
C18336,2023-11-27,0,0,0,0,0,0,0,0,0,0
C03539,2023-12-25,0,0,0,0,0,0,0,0,0,0
C09320,2024-04-01,0,0,0,0,0,0,0,0,0,0
C07044,2023-08-14,0,0,0,0,0,0,0,0,0,0
C08260,2024-04-01,0,0,0,0,0,0,0,0,0,0
C19366,2023-11-27,0,0,0,0,0,0,0,0,0,0
C19949,2025-12-22,18,116,7,2362,3,71,29,16,0,0
C10068,2024-03-18,0,0,0,0,0,0,0,0,0,0
C05009,2024-04-01,0,0,0,0,0,0,0,0,0,0
C02457,2024-05-13,0,0,0,0,0,0,0,0,0,0
C04503,2025-10-06,142,464,4,7732,1,464,0,0,0,0
C09115,2023-12-18,0,0,0,0,0,0,0,0,0,0
C16142,2025-09-15,0,0,0,0,0,0,0,0,0,0
C08118,2024-04-22,0,0,0,0,0,0,0,0,0,0
C18925,2023-09-18,0,0,0,0,0,0,0,0,0,0
C16797,2023-04-03,0,0,0,0,0,0,0,0,0,0
C01418,2025-05-26,112,678,7,13869,2,450,228,0,0,0
C06082,2024-12-16,0,0,0,0,0,0,0,0,0,0
C16111,2024-11-04,0,0,0,0,0,0,0,0,0,0
C17785,2025-09-22,0,0,0,0,0,0,0,0,0,0
C08484,2023-09-11,0,0,0,0,0,0,0,0,0,0
C11102,2025-07-07,0,0,0,0,0,0,0,0,0,0
C04297,2023-03-06,0,0,0,0,0,0,0,0,0,0
C15059,2023-11-20,0,0,0,0,0,0,0,0,0,0
C18346,2025-09-15,4,22,6,367,2,13,0,9,0,0
C05672,2024-03-11,0,0,0,0,0,0,0,0,0,0
C12361,2024-10-21,0,0,0,0,0,0,0,0,0,0
C10577,2025-07-14,0,0,0,0,0,0,0,0,0,0
C07712,2023-03-20,0,0,0,0,0,0,0,0,0,0
C13486,2023-05-01,0,0,0,0,0,0,0,0,0,0
C17026,2025-11-17,0,0,0,0,0,0,0,0,0,0
C10936,2023-10-09,0,0,0,0,0,0,0,0,0,0
C04455,2025-01-06,0,0,0,0,0,0,0,0,0,0
C11340,2024-04-08,0,0,0,0,0,0,0,0,0,0
C10353,2025-06-02,83,331,6,6506,3,201,0,66,0,64
C08552,2025-03-10,0,0,0,0,0,0,0,0,0,0
C07653,2025-03-17,34,147,5,3137,1,147,0,0,0,0
C13504,2023-01-09,0,0,0,0,0,0,0,0,0,0
C14463,2025-09-01,233,1223,7,22107,3,660,0,366,0,197
C16824,2025-05-05,199,1137,6,19582,3,644,0,276,217,0
C17682,2024-03-25,0,0,0,0,0,0,0,0,0,0
C15815,2023-11-06,0,0,0,0,0,0,0,0,0,0
C04918,2025-03-17,0,0,0,0,0,0,0,0,0,0
C05196,2024-10-21,394,2421,6,42608,3,1259,0,699,463,0
C10324,2023-09-18,0,0,0,0,0,0,0,0,0,0
C17531,2024-12-09,100,529,7,9466,2,342,0,187,0,0
C00924,2023-04-10,0,0,0,0,0,0,0,0,0,0
C08889,2025-02-24,0,0,0,0,0,0,0,0,0,0
C11854,2025-06-09,0,0,0,0,0,0,0,0,0,0
C03170,2024-02-05,0,0,0,0,0,0,0,0,0,0
C19294,2024-02-19,0,0,0,0,0,0,0,0,0,0
C07091,2023-05-01,0,0,0,0,0,0,0,0,0,0
C12047,2025-02-17,0,0,0,0,0,0,0,0,0,0
C14439,2025-03-03,17,91,6,1494,3,51,14,26,0,0
C15610,2023-07-31,0,0,0,0,0,0,0,0,0,0
C01106,2024-02-19,0,0,0,0,0,0,0,0,0,0
C03098,2023-12-04,0,0,0,0,0,0,0,0,0,0
C06897,2025-03-03,0,0,0,0,0,0,0,0,0,0
C14263,2023-01-09,0,0,0,0,0,0,0,0,0,0
C06881,2025-01-20,0,0,0,0,0,0,0,0,0,0
C07909,2025-06-23,26,79,3,1209,1,79,0,0,0,0
C07993,2023-03-06,0,0,0,0,0,0,0,0,0,0
C05837,2023-09-11,0,0,0,0,0,0,0,0,0,0
C00748,2023-06-12,0,0,0,0,0,0,0,0,0,0
C09117,2023-11-20,0,0,0,0,0,0,0,0,0,0
C04978,2025-05-26,0,0,0,0,0,0,0,0,0,0
C02505,2023-04-03,0,0,0,0,0,0,0,0,0,0
C04568,2025-02-24,0,0,0,0,0,0,0,0,0,0
C00134,2025-07-07,0,0,0,0,0,0,0,0,0,0
C15813,2025-05-05,0,0,0,0,0,0,0,0,0,0
C03785,2025-12-01,0,0,0,0,0,0,0,0,0,0
C00533,2024-06-03,0,0,0,0,0,0,0,0,0,0
C07591,2024-05-06,0,0,0,0,0,0,0,0,0,0
C02740,2023-04-10,0,0,0,0,0,0,0,0,0,0
C08123,2024-03-25,0,0,0,0,0,0,0,0,0,0
C02922,2023-11-27,0,0,0,0,0,0,0,0,0,0
C10656,2025-03-24,0,0,0,0,0,0,0,0,0,0
C02178,2025-03-10,628,3972,7,84222,3,2271,1081,0,0,620
C15992,2025-06-30,1710,17479,7,328653,5,6604,3313,3321,2379,1862
C09876,2023-09-18,0,0,0,0,0,0,0,0,0,0
C15663,2023-09-18,0,0,0,0,0,0,0,0,0,0
C19222,2025-05-05,7,26,6,537,2,18,0,0,0,8
C19025,2025-04-07,104,525,6,9249,2,360,0,165,0,0
C07832,2024-03-11,0,0,0,0,0,0,0,0,0,0
C11488,2024-06-24,0,0,0,0,0,0,0,0,0,0
C06254,2025-02-10,25,113,7,1874,2,93,0,0,20,0
C15418,2023-06-19,0,0,0,0,0,0,0,0,0,0
C14112,2023-04-24,0,0,0,0,0,0,0,0,0,0
C06892,2023-09-11,0,0,0,0,0,0,0,0,0,0
C17287,2023-05-15,0,0,0,0,0,0,0,0,0,0
C10167,2024-08-19,0,0,0,0,0,0,0,0,0,0
C08896,2024-12-09,0,0,0,0,0,0,0,0,0,0
C14476,2024-03-11,0,0,0,0,0,0,0,0,0,0
C01592,2024-12-23,0,0,0,0,0,0,0,0,0,0
C19928,2023-07-31,0,0,0,0,0,0,0,0,0,0
C18596,2023-12-25,0,0,0,0,0,0,0,0,0,0
C14650,2024-10-28,452,2570,7,40160,3,1527,0,0,590,453
C19249,2024-11-18,29,98,3,1743,1,98,0,0,0,0
C06683,2025-09-22,510,3766,7,77237,3,1940,890,936,0,0
C07652,2024-11-11,0,0,0,0,0,0,0,0,0,0
C17951,2025-07-28,1567,11026,7,236363,3,5849,3056,0,2121,0
C02579,2024-09-16,20,68,4,1366,1,68,0,0,0,0
C16345,2024-09-09,0,0,0,0,0,0,0,0,0,0
C06635,2023-12-04,0,0,0,0,0,0,0,0,0,0
C11087,2024-11-18,0,0,0,0,0,0,0,0,0,0
C19716,2024-05-27,0,0,0,0,0,0,0,0,0,0
C19560,2025-05-26,0,0,0,0,0,0,0,0,0,0
C17227,2024-11-04,0,0,0,0,0,0,0,0,0,0
C06287,2024-01-01,0,0,0,0,0,0,0,0,0,0
C05629,2024-03-25,0,0,0,0,0,0,0,0,0,0
C18420,2023-05-15,0,0,0,0,0,0,0,0,0,0
C06463,2024-04-08,0,0,0,0,0,0,0,0,0,0
C07427,2023-11-13,0,0,0,0,0,0,0,0,0,0
C15150,2024-02-19,0,0,0,0,0,0,0,0,0,0
C05748,2025-11-03,0,0,0,0,0,0,0,0,0,0
C07918,2023-04-17,0,0,0,0,0,0,0,0,0,0
C17716,2023-08-07,0,0,0,0,0,0,0,0,0,0
C07291,2024-01-22,0,0,0,0,0,0,0,0,0,0
C16712,2024-05-06,17,77,6,1297,2,60,0,0,17,0
C02223,2023-05-29,0,0,0,0,0,0,0,0,0,0
C02007,2024-09-30,14,48,2,943,1,48,0,0,0,0
C01508,2024-08-12,0,0,0,0,0,0,0,0,0,0
C12491,2025-07-21,0,0,0,0,0,0,0,0,0,0
C11870,2025-05-12,1,4,4,61,1,4,0,0,0,0
C01448,2026-01-05,0,0,0,0,0,0,0,0,0,0
C12776,2024-03-18,0,0,0,0,0,0,0,0,0,0
C19424,2024-04-29,0,0,0,0,0,0,0,0,0,0
C07163,2023-02-20,0,0,0,0,0,0,0,0,0,0
C02203,2024-10-14,0,0,0,0,0,0,0,0,0,0
C05551,2024-06-17,0,0,0,0,0,0,0,0,0,0
C14023,2023-06-05,0,0,0,0,0,0,0,0,0,0
C09263,2025-02-17,329,1524,6,32127,2,1194,0,0,0,330
C11621,2025-11-10,0,0,0,0,0,0,0,0,0,0
C02824,2025-01-13,0,0,0,0,0,0,0,0,0,0
C10451,2023-03-20,0,0,0,0,0,0,0,0,0,0
C00235,2023-10-23,0,0,0,0,0,0,0,0,0,0
C01136,2023-08-21,0,0,0,0,0,0,0,0,0,0
C01322,2024-03-18,3,4,4,70,1,4,0,0,0,0
C05746,2023-04-17,0,0,0,0,0,0,0,0,0,0
C06876,2025-04-21,7,39,6,702,2,31,0,0,0,8
C03409,2024-01-29,0,0,0,0,0,0,0,0,0,0
C07735,2024-08-05,0,0,0,0,0,0,0,0,0,0
C05307,2024-06-17,0,0,0,0,0,0,0,0,0,0
C07924,2025-02-10,0,0,0,0,0,0,0,0,0,0
C12338,2025-07-28,0,0,0,0,0,0,0,0,0,0
C06239,2023-02-13,0,0,0,0,0,0,0,0,0,0
C00785,2023-08-14,0,0,0,0,0,0,0,0,0,0
C14502,2024-12-30,0,0,0,0,0,0,0,0,0,0
C17622,2023-09-18,0,0,0,0,0,0,0,0,0,0
C13454,2025-11-03,0,0,0,0,0,0,0,0,0,0
C13900,2023-11-06,0,0,0,0,0,0,0,0,0,0
C19455,2025-09-29,0,0,0,0,0,0,0,0,0,0
C09264,2025-03-10,0,0,0,0,0,0,0,0,0,0
C10890,2023-09-25,0,0,0,0,0,0,0,0,0,0
C11742,2024-01-01,0,0,0,0,0,0,0,0,0,0
C02344,2024-01-22,0,0,0,0,0,0,0,0,0,0
C05198,2025-09-22,0,0,0,0,0,0,0,0,0,0
C12587,2023-08-07,0,0,0,0,0,0,0,0,0,0
C03307,2025-07-21,35,184,5,3565,2,140,0,0,44,0
C08528,2024-07-15,0,0,0,0,0,0,0,0,0,0
C17474,2024-04-15,92,511,6,10314,2,355,156,0,0,0
C00676,2024-09-09,7,31,4,713,2,22,9,0,0,0
C12890,2024-03-25,0,0,0,0,0,0,0,0,0,0
C19881,2024-03-11,0,0,0,0,0,0,0,0,0,0
C11239,2025-04-14,111,499,6,10306,2,328,171,0,0,0
C12497,2024-03-25,0,0,0,0,0,0,0,0,0,0
C17657,2024-01-01,0,0,0,0,0,0,0,0,0,0
C04606,2024-08-26,0,0,0,0,0,0,0,0,0,0
C10878,2023-12-11,0,0,0,0,0,0,0,0,0,0
C08992,2025-10-13,0,0,0,0,0,0,0,0,0,0
C08299,2024-07-22,20,68,7,1330,1,68,0,0,0,0
C14180,2025-08-04,0,0,0,0,0,0,0,0,0,0
C05926,2024-12-16,0,0,0,0,0,0,0,0,0,0
C09021,2023-01-23,0,0,0,0,0,0,0,0,0,0
C05143,2025-05-12,0,0,0,0,0,0,0,0,0,0
C04180,2024-12-16,0,0,0,0,0,0,0,0,0,0
C05395,2025-01-27,0,0,0,0,0,0,0,0,0,0
C03184,2025-05-05,0,0,0,0,0,0,0,0,0,0
C08924,2023-10-23,0,0,0,0,0,0,0,0,0,0
C13136,2024-12-23,123,596,7,10802,3,349,144,0,0,103
C15772,2023-12-18,0,0,0,0,0,0,0,0,0,0
C08197,2025-02-17,0,0,0,0,0,0,0,0,0,0
C07800,2024-04-08,55,273,7,3734,2,184,0,0,89,0
C10439,2025-02-10,2104,19268,7,393921,5,7182,3437,3736,2857,2056
C09384,2023-07-24,0,0,0,0,0,0,0,0,0,0
C18308,2024-12-23,0,0,0,0,0,0,0,0,0,0
C19880,2023-07-03,0,0,0,0,0,0,0,0,0,0
C08808,2025-08-04,0,0,0,0,0,0,0,0,0,0
C19164,2025-06-23,0,0,0,0,0,0,0,0,0,0
C07035,2024-10-21,7,21,5,337,1,21,0,0,0,0
C05409,2024-07-22,0,0,0,0,0,0,0,0,0,0
C06172,2025-09-08,10,29,5,613,1,29,0,0,0,0
C16055,2023-08-07,0,0,0,0,0,0,0,0,0,0
C17005,2023-06-19,0,0,0,0,0,0,0,0,0,0
C13509,2024-12-02,7,29,5,542,3,13,13,0,3,0
C06775,2023-12-04,0,0,0,0,0,0,0,0,0,0
C02909,2024-05-13,0,0,0,0,0,0,0,0,0,0
C05805,2024-11-11,0,0,0,0,0,0,0,0,0,0
C01793,2024-07-08,10,48,7,829,2,37,11,0,0,0
C04519,2025-09-29,54,394,7,7811,4,188,94,0,63,49
C04758,2024-10-14,0,0,0,0,0,0,0,0,0,0
C10184,2024-04-29,0,0,0,0,0,0,0,0,0,0
C05597,2024-06-17,1274,5614,6,111644,2,4354,0,0,0,1260
C18802,2024-11-18,0,0,0,0,0,0,0,0,0,0
C04086,2024-06-10,0,0,0,0,0,0,0,0,0,0
C09921,2024-03-11,0,0,0,0,0,0,0,0,0,0
C01039,2024-11-18,11,65,7,1110,3,39,15,11,0,0
C15926,2023-01-02,0,0,0,0,0,0,0,0,0,0
C10235,2025-06-09,0,0,0,0,0,0,0,0,0,0
C08526,2023-02-06,0,0,0,0,0,0,0,0,0,0
C04535,2025-09-08,11,26,4,413,1,26,0,0,0,0
C10735,2024-01-01,0,0,0,0,0,0,0,0,0,0
C18738,2025-02-17,0,0,0,0,0,0,0,0,0,0
C18431,2025-03-31,21,76,5,1214,2,53,0,0,23,0
C15328,2024-11-04,27,246,7,4309,4,100,33,72,41,0
C16557,2023-01-23,0,0,0,0,0,0,0,0,0,0
C01392,2023-11-06,0,0,0,0,0,0,0,0,0,0
C15757,2024-03-04,0,0,0,0,0,0,0,0,0,0
C06831,2023-10-02,0,0,0,0,0,0,0,0,0,0
C01643,2023-11-06,0,0,0,0,0,0,0,0,0,0
C03085,2023-01-16,0,0,0,0,0,0,0,0,0,0
C18985,2024-12-30,0,0,0,0,0,0,0,0,0,0
C12061,2024-04-01,8,67,7,1235,3,30,0,16,21,0
C02790,2023-10-16,0,0,0,0,0,0,0,0,0,0
C17562,2023-02-13,0,0,0,0,0,0,0,0,0,0
C04697,2025-10-06,16,66,6,1228,3,40,0,0,16,10
C00769,2024-10-28,14,81,5,1219,2,54,27,0,0,0
C13937,2025-06-16,0,0,0,0,0,0,0,0,0,0
C17795,2023-04-10,0,0,0,0,0,0,0,0,0,0
C01965,2025-03-24,0,0,0,0,0,0,0,0,0,0
C18034,2023-01-30,0,0,0,0,0,0,0,0,0,0
C05565,2023-05-15,0,0,0,0,0,0,0,0,0,0
C09926,2023-11-13,0,0,0,0,0,0,0,0,0,0
C17234,2024-09-16,150,456,3,7940,1,456,0,0,0,0
C03659,2023-10-02,0,0,0,0,0,0,0,0,0,0
C17072,2023-04-17,0,0,0,0,0,0,0,0,0,0
C11980,2023-03-20,0,0,0,0,0,0,0,0,0,0
C07297,2023-09-18,0,0,0,0,0,0,0,0,0,0
C16767,2024-11-18,0,0,0,0,0,0,0,0,0,0
C18332,2024-03-04,0,0,0,0,0,0,0,0,0,0
C16070,2025-02-03,8,56,6,1142,4,31,9,9,7,0
C18172,2024-09-16,0,0,0,0,0,0,0,0,0,0
C16667,2024-10-14,445,2893,7,47915,3,1515,798,0,580,0
C04894,2023-08-21,0,0,0,0,0,0,0,0,0,0
C18222,2024-05-20,0,0,0,0,0,0,0,0,0,0
C09589,2024-02-19,0,0,0,0,0,0,0,0,0,0
C02518,2023-10-09,0,0,0,0,0,0,0,0,0,0
C15826,2024-04-01,0,0,0,0,0,0,0,0,0,0
C12587,2023-02-27,0,0,0,0,0,0,0,0,0,0
C00226,2024-08-26,0,0,0,0,0,0,0,0,0,0
C12025,2023-01-16,0,0,0,0,0,0,0,0,0,0
C01331,2023-05-29,0,0,0,0,0,0,0,0,0,0
C01584,2023-05-01,0,0,0,0,0,0,0,0,0,0
C14525,2024-04-08,0,0,0,0,0,0,0,0,0,0
C17195,2023-07-17,0,0,0,0,0,0,0,0,0,0
C04537,2025-12-22,180,726,5,14684,2,556,0,0,0,170
C19314,2025-10-06,0,0,0,0,0,0,0,0,0,0
C15318,2025-09-01,0,0,0,0,0,0,0,0,0,0
C01482,2023-08-07,0,0,0,0,0,0,0,0,0,0
C10371,2025-03-17,0,0,0,0,0,0,0,0,0,0
C10481,2025-04-28,270,2193,7,44107,5,839,419,452,298,185
C14776,2024-07-22,0,0,0,0,0,0,0,0,0,0
C03839,2024-10-14,407,2187,5,43476,2,1421,766,0,0,0
C16311,2024-05-06,0,0,0,0,0,0,0,0,0,0
C08856,2023-11-13,0,0,0,0,0,0,0,0,0,0
C16537,2024-07-22,0,0,0,0,0,0,0,0,0,0
C07460,2025-12-15,0,0,0,0,0,0,0,0,0,0
C18709,2025-10-06,0,0,0,0,0,0,0,0,0,0
C14870,2023-05-01,0,0,0,0,0,0,0,0,0,0
C08450,2023-10-02,0,0,0,0,0,0,0,0,0,0
C14186,2023-09-25,0,0,0,0,0,0,0,0,0,0
C17791,2023-10-02,0,0,0,0,0,0,0,0,0,0
C07663,2023-04-03,0,0,0,0,0,0,0,0,0,0
C02732,2025-03-31,10,51,7,962,3,38,8,0,0,5
C02714,2025-08-18,0,0,0,0,0,0,0,0,0,0
C04358,2023-04-17,0,0,0,0,0,0,0,0,0,0
C18312,2023-09-11,0,0,0,0,0,0,0,0,0,0
C09057,2024-01-22,0,0,0,0,0,0,0,0,0,0
C05364,2023-10-09,0,0,0,0,0,0,0,0,0,0
C06447,2024-12-16,0,0,0,0,0,0,0,0,0,0
C08175,2024-12-09,0,0,0,0,0,0,0,0,0,0
C11452,2023-04-24,0,0,0,0,0,0,0,0,0,0
C07658,2025-02-03,0,0,0,0,0,0,0,0,0,0
C00636,2024-03-18,0,0,0,0,0,0,0,0,0,0
C07518,2023-02-27,0,0,0,0,0,0,0,0,0,0
C11613,2025-05-12,0,0,0,0,0,0,0,0,0,0
C13352,2023-04-24,0,0,0,0,0,0,0,0,0,0
C13710,2024-12-30,36,281,6,5293,4,120,58,0,51,52
C00821,2023-11-27,0,0,0,0,0,0,0,0,0,0
C02596,2024-12-23,0,0,0,0,0,0,0,0,0,0
C13603,2023-11-06,0,0,0,0,0,0,0,0,0,0
C07884,2024-08-12,0,0,0,0,0,0,0,0,0,0
C08183,2024-11-11,0,0,0,0,0,0,0,0,0,0
C19054,2023-11-13,0,0,0,0,0,0,0,0,0,0
C12700,2025-06-02,25,124,6,2434,2,79,45,0,0,0
C04292,2024-02-05,0,0,0,0,0,0,0,0,0,0
C06471,2023-01-30,0,0,0,0,0,0,0,0,0,0
C15501,2025-03-10,0,0,0,0,0,0,0,0,0,0
C18700,2025-06-23,6,18,5,303,1,18,0,0,0,0
C07579,2025-06-30,0,0,0,0,0,0,0,0,0,0
C18387,2023-04-10,0,0,0,0,0,0,0,0,0,0
C10784,2023-10-16,0,0,0,0,0,0,0,0,0,0
C07817,2023-07-03,0,0,0,0,0,0,0,0,0,0
C15981,2024-02-12,0,0,0,0,0,0,0,0,0,0
C01028,2025-06-16,0,0,0,0,0,0,0,0,0,0
C11394,2025-08-11,0,0,0,0,0,0,0,0,0,0
C06236,2024-03-18,0,0,0,0,0,0,0,0,0,0
C17084,2025-12-29,0,0,0,0,0,0,0,0,0,0
C04845,2025-11-24,0,0,0,0,0,0,0,0,0,0
C09530,2024-12-23,16,52,5,997,1,52,0,0,0,0
C16016,2023-07-03,0,0,0,0,0,0,0,0,0,0
C18453,2024-07-29,0,0,0,0,0,0,0,0,0,0
C04478,2023-11-06,0,0,0,0,0,0,0,0,0,0
C11981,2025-05-26,0,0,0,0,0,0,0,0,0,0
C05743,2024-12-02,458,4442,7,84851,5,1613,853,870,639,467
C14606,2025-05-05,0,0,0,0,0,0,0,0,0,0
C14158,2024-06-24,0,0,0,0,0,0,0,0,0,0
C01209,2025-09-22,0,0,0,0,0,0,0,0,0,0
C03012,2024-06-03,0,0,0,0,0,0,0,0,0,0
C15217,2025-12-08,36,150,4,2685,1,150,0,0,0,0
C01304,2023-06-12,0,0,0,0,0,0,0,0,0,0
C08307,2023-08-21,0,0,0,0,0,0,0,0,0,0
C07496,2025-03-03,89,404,7,8109,2,324,0,0,0,80
C13519,2023-03-27,0,0,0,0,0,0,0,0,0,0
C10275,2023-12-11,0,0,0,0,0,0,0,0,0,0
C13089,2023-09-25,0,0,0,0,0,0,0,0,0,0
C03802,2025-05-19,0,0,0,0,0,0,0,0,0,0
C07853,2024-09-02,0,0,0,0,0,0,0,0,0,0
C05116,2025-12-15,0,0,0,0,0,0,0,0,0,0
C13774,2023-12-11,0,0,0,0,0,0,0,0,0,0
C14900,2025-02-03,0,0,0,0,0,0,0,0,0,0
C08011,2025-07-14,0,0,0,0,0,0,0,0,0,0
C17275,2023-04-10,0,0,0,0,0,0,0,0,0,0
C17845,2024-07-08,0,0,0,0,0,0,0,0,0,0
C18507,2024-01-22,0,0,0,0,0,0,0,0,0,0
C17183,2024-11-11,0,0,0,0,0,0,0,0,0,0
C02341,2025-04-07,22,166,7,3062,3,85,43,0,38,0
C00364,2025-05-12,3,16,7,307,4,9,0,1,4,2
C18308,2023-09-18,0,0,0,0,0,0,0,0,0,0
C05458,2024-10-21,0,0,0,0,0,0,0,0,0,0
C10059,2023-05-29,0,0,0,0,0,0,0,0,0,0
C03310,2025-06-23,52,291,6,6042,2,199,92,0,0,0
C09103,2024-04-15,0,0,0,0,0,0,0,0,0,0
C15403,2023-12-11,0,0,0,0,0,0,0,0,0,0
C10255,2023-09-18,0,0,0,0,0,0,0,0,0,0
C11317,2023-05-29,0,0,0,0,0,0,0,0,0,0
C18499,2025-11-10,0,0,0,0,0,0,0,0,0,0
C09757,2025-01-06,0,0,0,0,0,0,0,0,0,0
C13341,2023-04-10,0,0,0,0,0,0,0,0,0,0
C16178,2025-11-17,0,0,0,0,0,0,0,0,0,0
C03385,2024-09-30,0,0,0,0,0,0,0,0,0,0
C05459,2023-09-25,0,0,0,0,0,0,0,0,0,0
C04532,2025-02-24,0,0,0,0,0,0,0,0,0,0
C11721,2025-07-21,25,126,6,2132,2,109,0,0,0,17
C10185,2025-01-13,0,0,0,0,0,0,0,0,0,0
C19876,2025-03-03,0,0,0,0,0,0,0,0,0,0
C16975,2024-01-22,0,0,0,0,0,0,0,0,0,0
C04089,2024-04-01,0,0,0,0,0,0,0,0,0,0
C08141,2025-09-08,19,77,5,1436,1,77,0,0,0,0
C07994,2025-02-03,0,0,0,0,0,0,0,0,0,0
C14105,2025-05-12,2657,15983,5,276562,3,8471,4347,0,3165,0
C12006,2025-09-22,0,0,0,0,0,0,0,0,0,0
C05424,2025-11-10,6,18,6,369,1,18,0,0,0,0
C07425,2023-04-17,0,0,0,0,0,0,0,0,0,0
C13936,2024-05-06,0,0,0,0,0,0,0,0,0,0
C02496,2024-07-01,0,0,0,0,0,0,0,0,0,0
C06299,2023-11-06,0,0,0,0,0,0,0,0,0,0
C10757,2024-01-22,0,0,0,0,0,0,0,0,0,0
C01574,2024-01-01,0,0,0,0,0,0,0,0,0,0
C13786,2024-10-28,0,0,0,0,0,0,0,0,0,0
C04308,2025-03-03,5,28,7,482,2,17,0,0,11,0
C02103,2024-12-23,0,0,0,0,0,0,0,0,0,0
C00426,2024-04-01,0,0,0,0,0,0,0,0,0,0
C06133,2024-03-11,460,3504,6,65899,4,1615,0,791,631,467
C12731,2023-02-13,0,0,0,0,0,0,0,0,0,0
C12638,2024-10-28,0,0,0,0,0,0,0,0,0,0
C08226,2024-01-01,0,0,0,0,0,0,0,0,0,0
C17927,2023-11-06,0,0,0,0,0,0,0,0,0,0
C02493,2023-04-17,0,0,0,0,0,0,0,0,0,0
C17472,2024-04-01,0,0,0,0,0,0,0,0,0,0
C19038,2023-03-27,0,0,0,0,0,0,0,0,0,0
C09855,2023-09-18,0,0,0,0,0,0,0,0,0,0
C12130,2025-03-17,0,0,0,0,0,0,0,0,0,0
C09287,2023-09-25,0,0,0,0,0,0,0,0,0,0
C10903,2024-06-10,0,0,0,0,0,0,0,0,0,0
C17767,2024-04-01,0,0,0,0,0,0,0,0,0,0
C04058,2025-04-21,777,3370,5,74480,2,2259,1111,0,0,0
C07591,2023-09-18,0,0,0,0,0,0,0,0,0,0
C08071,2024-05-13,0,0,0,0,0,0,0,0,0,0
C14354,2025-06-16,0,0,0,0,0,0,0,0,0,0
C14760,2025-04-28,7,31,5,463,1,31,0,0,0,0
C17675,2023-01-02,0,0,0,0,0,0,0,0,0,0
C04007,2023-07-03,0,0,0,0,0,0,0,0,0,0
C10294,2023-08-21,0,0,0,0,0,0,0,0,0,0
C01202,2025-02-24,0,0,0,0,0,0,0,0,0,0
C16797,2023-11-13,0,0,0,0,0,0,0,0,0,0
C08128,2024-07-29,0,0,0,0,0,0,0,0,0,0
C17315,2025-07-07,0,0,0,0,0,0,0,0,0,0
C14941,2025-11-24,0,0,0,0,0,0,0,0,0,0
C11325,2024-07-01,0,0,0,0,0,0,0,0,0,0
C13230,2023-01-23,0,0,0,0,0,0,0,0,0,0
C15617,2023-02-27,0,0,0,0,0,0,0,0,0,0
C02269,2024-12-23,87,470,5,9312,3,233,0,161,76,0
C18052,2025-09-15,0,0,0,0,0,0,0,0,0,0
C12813,2024-04-29,0,0,0,0,0,0,0,0,0,0
C13271,2023-12-04,0,0,0,0,0,0,0,0,0,0
C08640,2024-07-08,0,0,0,0,0,0,0,0,0,0
C15929,2025-06-16,8,27,7,546,1,27,0,0,0,0
C10240,2024-05-06,0,0,0,0,0,0,0,0,0,0
C11272,2023-11-06,0,0,0,0,0,0,0,0,0,0
C16392,2024-04-22,0,0,0,0,0,0,0,0,0,0
C03196,2025-11-03,0,0,0,0,0,0,0,0,0,0
C12642,2025-11-17,8,8,2,169,1,8,0,0,0,0
C04470,2024-01-01,0,0,0,0,0,0,0,0,0,0
C17687,2024-06-24,0,0,0,0,0,0,0,0,0,0
C10982,2024-05-27,0,0,0,0,0,0,0,0,0,0
C05996,2023-11-06,0,0,0,0,0,0,0,0,0,0
C17954,2023-09-11,0,0,0,0,0,0,0,0,0,0
C17415,2024-07-08,0,0,0,0,0,0,0,0,0,0
C01178,2025-07-21,9,41,5,745,2,34,0,0,0,7
C06223,2024-11-25,0,0,0,0,0,0,0,0,0,0
C15742,2025-05-12,14,62,7,1267,2,39,23,0,0,0
C01279,2024-12-23,0,0,0,0,0,0,0,0,0,0
C09873,2025-07-28,39,209,5,4655,3,119,46,44,0,0
C16758,2025-09-29,0,0,0,0,0,0,0,0,0,0
C18591,2025-11-24,43,281,7,5530,2,190,0,91,0,0
C08895,2023-08-21,0,0,0,0,0,0,0,0,0,0
C19583,2023-10-02,0,0,0,0,0,0,0,0,0,0
C18548,2023-11-27,0,0,0,0,0,0,0,0,0,0
C12793,2024-01-08,0,0,0,0,0,0,0,0,0,0
C15334,2023-07-31,0,0,0,0,0,0,0,0,0,0
C07701,2023-06-26,0,0,0,0,0,0,0,0,0,0
C18235,2024-11-25,0,0,0,0,0,0,0,0,0,0
C08499,2024-09-30,0,0,0,0,0,0,0,0,0,0
C07910,2025-05-12,0,0,0,0,0,0,0,0,0,0
C11144,2024-06-10,0,0,0,0,0,0,0,0,0,0
C17974,2025-11-24,0,0,0,0,0,0,0,0,0,0
C04619,2025-12-08,0,0,0,0,0,0,0,0,0,0
C19868,2023-09-04,0,0,0,0,0,0,0,0,0,0
C13811,2023-04-17,0,0,0,0,0,0,0,0,0,0
C06987,2024-10-28,67,435,4,7837,3,232,112,0,91,0
C16754,2023-09-11,0,0,0,0,0,0,0,0,0,0
C13507,2024-04-15,2,12,6,172,1,12,0,0,0,0
C17802,2025-02-17,0,0,0,0,0,0,0,0,0,0
C11356,2023-10-02,0,0,0,0,0,0,0,0,0,0
C14940,2025-08-25,0,0,0,0,0,0,0,0,0,0
C08743,2023-11-13,0,0,0,0,0,0,0,0,0,0
C04798,2024-01-08,0,0,0,0,0,0,0,0,0,0
C19013,2025-04-28,0,0,0,0,0,0,0,0,0,0
C11617,2025-02-10,67,308,4,6261,2,249,0,0,0,59
C08633,2023-09-11,0,0,0,0,0,0,0,0,0,0
C14912,2024-05-27,53,190,5,3467,1,190,0,0,0,0
C19321,2025-10-27,0,0,0,0,0,0,0,0,0,0
C19917,2023-10-09,0,0,0,0,0,0,0,0,0,0
C02851,2025-07-14,0,0,0,0,0,0,0,0,0,0
C19206,2025-09-29,0,0,0,0,0,0,0,0,0,0
C01728,2025-10-06,0,0,0,0,0,0,0,0,0,0
C03350,2024-07-22,24,100,5,1843,2,69,0,0,31,0
C17462,2025-12-08,0,0,0,0,0,0,0,0,0,0
C06172,2023-07-31,0,0,0,0,0,0,0,0,0,0
C08538,2025-06-16,0,0,0,0,0,0,0,0,0,0
C01416,2023-03-06,0,0,0,0,0,0,0,0,0,0
C13471,2024-04-01,0,0,0,0,0,0,0,0,0,0
C09950,2023-11-06,0,0,0,0,0,0,0,0,0,0
C11333,2023-08-07,0,0,0,0,0,0,0,0,0,0
C14194,2025-06-30,0,0,0,0,0,0,0,0,0,0
C04129,2024-10-07,345,2558,7,50642,4,1180,611,0,451,316
C03096,2023-12-25,0,0,0,0,0,0,0,0,0,0
C17184,2023-01-16,0,0,0,0,0,0,0,0,0,0
C11345,2024-01-15,0,0,0,0,0,0,0,0,0,0
C07099,2023-10-30,0,0,0,0,0,0,0,0,0,0
C16562,2026-01-05,0,0,0,0,0,0,0,0,0,0
C15467,2024-03-11,0,0,0,0,0,0,0,0,0,0
C08108,2023-01-09,0,0,0,0,0,0,0,0,0,0
C19733,2023-03-20,0,0,0,0,0,0,0,0,0,0
C15253,2025-10-13,0,0,0,0,0,0,0,0,0,0
C04539,2025-07-21,0,0,0,0,0,0,0,0,0,0
C06015,2025-03-31,0,0,0,0,0,0,0,0,0,0
C04068,2024-06-17,0,0,0,0,0,0,0,0,0,0
C02309,2024-01-29,0,0,0,0,0,0,0,0,0,0
C15826,2023-01-23,0,0,0,0,0,0,0,0,0,0
C02619,2025-01-27,0,0,0,0,0,0,0,0,0,0
C14540,2024-11-11,0,0,0,0,0,0,0,0,0,0
C02900,2025-03-24,0,0,0,0,0,0,0,0,0,0
C09045,2025-09-15,0,0,0,0,0,0,0,0,0,0
C15006,2024-01-22,0,0,0,0,0,0,0,0,0,0
C18724,2025-03-24,0,0,0,0,0,0,0,0,0,0
C19649,2024-05-06,0,0,0,0,0,0,0,0,0,0
C12623,2024-03-18,0,0,0,0,0,0,0,0,0,0
C11021,2023-06-12,0,0,0,0,0,0,0,0,0,0
C01263,2025-03-10,0,0,0,0,0,0,0,0,0,0
C16838,2023-08-28,0,0,0,0,0,0,0,0,0,0
C16904,2024-12-16,0,0,0,0,0,0,0,0,0,0
C13314,2025-11-17,405,3043,7,63568,4,1345,679,621,0,398
C00262,2025-07-07,476,3214,7,58562,3,1733,868,0,613,0
C11819,2025-05-26,0,0,0,0,0,0,0,0,0,0
C16915,2023-03-13,0,0,0,0,0,0,0,0,0,0
C18974,2023-11-06,0,0,0,0,0,0,0,0,0,0
C14191,2024-05-06,0,0,0,0,0,0,0,0,0,0
C18060,2024-12-09,164,782,6,12123,2,556,0,0,226,0
C17590,2023-11-27,0,0,0,0,0,0,0,0,0,0
C01784,2023-01-02,0,0,0,0,0,0,0,0,0,0
C19232,2023-01-30,0,0,0,0,0,0,0,0,0,0
C03362,2024-03-04,0,0,0,0,0,0,0,0,0,0
C05638,2025-09-22,0,0,0,0,0,0,0,0,0,0
C12945,2025-03-17,9,22,4,484,1,22,0,0,0,0
C15668,2025-03-31,0,0,0,0,0,0,0,0,0,0
C16679,2025-09-22,0,0,0,0,0,0,0,0,0,0
C17224,2024-12-23,45,413,7,8778,4,160,97,97,59,0
C05488,2024-07-22,0,0,0,0,0,0,0,0,0,0
C02324,2023-10-09,0,0,0,0,0,0,0,0,0,0
C00379,2024-05-06,0,0,0,0,0,0,0,0,0,0
C11265,2023-04-24,0,0,0,0,0,0,0,0,0,0
C05064,2026-01-05,0,0,0,0,0,0,0,0,0,0
C08120,2024-10-07,0,0,0,0,0,0,0,0,0,0
C17003,2024-12-02,45,206,6,3767,2,154,0,0,0,52
C19415,2025-10-27,12,40,3,576,1,40,0,0,0,0
C12547,2024-08-05,0,0,0,0,0,0,0,0,0,0
C03815,2025-06-23,0,0,0,0,0,0,0,0,0,0
C15315,2023-07-31,0,0,0,0,0,0,0,0,0,0
C04660,2025-11-24,27,179,7,3728,2,104,0,75,0,0
C10691,2025-06-16,0,0,0,0,0,0,0,0,0,0
C06798,2023-09-25,0,0,0,0,0,0,0,0,0,0
C19526,2024-07-29,0,0,0,0,0,0,0,0,0,0
C00308,2024-04-08,0,0,0,0,0,0,0,0,0,0
C01610,2024-06-17,0,0,0,0,0,0,0,0,0,0
C07217,2025-01-27,271,1572,7,28168,3,987,0,0,332,253
C11275,2024-10-28,0,0,0,0,0,0,0,0,0,0
C03490,2023-09-18,0,0,0,0,0,0,0,0,0,0
C15422,2025-04-14,23,168,7,3661,3,103,44,0,0,21
C11412,2025-03-31,0,0,0,0,0,0,0,0,0,0
C16188,2023-09-04,0,0,0,0,0,0,0,0,0,0
C15251,2024-04-29,0,0,0,0,0,0,0,0,0,0
C12185,2024-09-16,0,0,0,0,0,0,0,0,0,0
C19942,2025-08-25,0,0,0,0,0,0,0,0,0,0
C08444,2024-01-08,0,0,0,0,0,0,0,0,0,0
C12116,2024-05-06,0,0,0,0,0,0,0,0,0,0
C05718,2024-09-02,382,2781,6,51289,4,1172,533,606,470,0
C11798,2025-08-11,0,0,0,0,0,0,0,0,0,0
C07055,2023-05-08,0,0,0,0,0,0,0,0,0,0
C12337,2023-01-23,0,0,0,0,0,0,0,0,0,0
C00459,2023-04-24,0,0,0,0,0,0,0,0,0,0
C14596,2024-02-26,0,0,0,0,0,0,0,0,0,0
C18117,2024-11-04,0,0,0,0,0,0,0,0,0,0
C12208,2024-02-26,0,0,0,0,0,0,0,0,0,0
C08603,2025-06-16,0,0,0,0,0,0,0,0,0,0
C08296,2024-02-26,0,0,0,0,0,0,0,0,0,0
C16670,2025-04-21,0,0,0,0,0,0,0,0,0,0
C10939,2024-12-02,0,0,0,0,0,0,0,0,0,0
C09260,2025-02-17,52,364,6,6530,3,190,0,98,76,0
C09847,2023-04-10,0,0,0,0,0,0,0,0,0,0
C09165,2023-01-23,0,0,0,0,0,0,0,0,0,0
C07683,2025-05-05,46,228,7,3918,2,162,0,66,0,0
C09641,2024-04-01,0,0,0,0,0,0,0,0,0,0
C06008,2024-09-09,0,0,0,0,0,0,0,0,0,0
C11057,2024-05-20,0,0,0,0,0,0,0,0,0,0
C19804,2023-07-10,0,0,0,0,0,0,0,0,0,0
C02318,2023-01-09,0,0,0,0,0,0,0,0,0,0
C14626,2024-12-30,0,0,0,0,0,0,0,0,0,0
C02907,2025-04-07,0,0,0,0,0,0,0,0,0,0
C13915,2025-04-14,0,0,0,0,0,0,0,0,0,0
C18835,2023-05-29,0,0,0,0,0,0,0,0,0,0
C12821,2024-10-21,0,0,0,0,0,0,0,0,0,0
C08880,2025-12-08,8,45,7,893,2,30,15,0,0,0
C09977,2023-06-19,0,0,0,0,0,0,0,0,0,0
C11450,2023-01-30,0,0,0,0,0,0,0,0,0,0
C03032,2024-12-30,0,0,0,0,0,0,0,0,0,0
C04078,2024-04-15,0,0,0,0,0,0,0,0,0,0
C06614,2024-06-10,0,0,0,0,0,0,0,0,0,0
C12592,2023-05-08,0,0,0,0,0,0,0,0,0,0
C15376,2023-03-27,0,0,0,0,0,0,0,0,0,0
C12734,2024-07-01,0,0,0,0,0,0,0,0,0,0
C00713,2024-03-04,110,503,7,10008,2,334,0,169,0,0
C02014,2025-06-02,2,15,6,238,1,15,0,0,0,0
C07631,2024-07-08,5,31,7,566,1,31,0,0,0,0
C12663,2024-07-22,630,3788,7,85638,2,2503,0,1285,0,0
C19706,2023-08-28,0,0,0,0,0,0,0,0,0,0
C19792,2023-10-09,0,0,0,0,0,0,0,0,0,0
C16194,2023-06-26,0,0,0,0,0,0,0,0,0,0
C04913,2024-01-08,0,0,0,0,0,0,0,0,0,0
C14032,2023-06-26,0,0,0,0,0,0,0,0,0,0
C03280,2024-09-09,3,15,5,255,1,15,0,0,0,0
C14333,2024-02-19,0,0,0,0,0,0,0,0,0,0
C18451,2023-12-18,0,0,0,0,0,0,0,0,0,0
C06319,2023-09-04,0,0,0,0,0,0,0,0,0,0
C17352,2024-02-05,0,0,0,0,0,0,0,0,0,0
C11896,2025-09-15,0,0,0,0,0,0,0,0,0,0
C15828,2025-04-21,0,0,0,0,0,0,0,0,0,0
C11934,2024-06-17,0,0,0,0,0,0,0,0,0,0
C17718,2025-11-10,69,199,6,3512,1,199,0,0,0,0
C09857,2025-02-03,0,0,0,0,0,0,0,0,0,0
C03999,2023-04-24,0,0,0,0,0,0,0,0,0,0
C01027,2023-12-18,0,0,0,0,0,0,0,0,0,0
C17212,2023-06-05,0,0,0,0,0,0,0,0,0,0
C09705,2025-02-10,0,0,0,0,0,0,0,0,0,0
C07522,2023-06-26,0,0,0,0,0,0,0,0,0,0
C05066,2024-05-13,0,0,0,0,0,0,0,0,0,0
C06624,2025-10-27,0,0,0,0,0,0,0,0,0,0
C15036,2024-06-24,0,0,0,0,0,0,0,0,0,0
C06885,2025-08-18,0,0,0,0,0,0,0,0,0,0
C09960,2023-06-05,0,0,0,0,0,0,0,0,0,0
C05766,2025-01-13,94,524,5,9394,2,334,190,0,0,0
C07219,2025-08-04,0,0,0,0,0,0,0,0,0,0
C13218,2024-05-06,0,0,0,0,0,0,0,0,0,0
C13234,2024-02-05,0,0,0,0,0,0,0,0,0,0
C14413,2024-02-12,0,0,0,0,0,0,0,0,0,0
C01955,2024-05-27,0,0,0,0,0,0,0,0,0,0
C15941,2023-10-16,0,0,0,0,0,0,0,0,0,0
C08868,2024-06-17,0,0,0,0,0,0,0,0,0,0
C14383,2023-11-13,0,0,0,0,0,0,0,0,0,0
C09349,2025-12-29,0,0,0,0,0,0,0,0,0,0
C09665,2025-11-10,17,85,7,1483,2,68,0,0,17,0
C17301,2023-01-23,0,0,0,0,0,0,0,0,0,0
C14458,2024-02-12,0,0,0,0,0,0,0,0,0,0
C18793,2025-04-21,0,0,0,0,0,0,0,0,0,0
C09345,2025-03-24,0,0,0,0,0,0,0,0,0,0
C10869,2023-05-22,0,0,0,0,0,0,0,0,0,0
C14320,2025-01-06,0,0,0,0,0,0,0,0,0,0
C19422,2024-07-29,0,0,0,0,0,0,0,0,0,0
C08728,2024-04-15,0,0,0,0,0,0,0,0,0,0
C03336,2024-07-29,0,0,0,0,0,0,0,0,0,0
C06820,2023-04-10,0,0,0,0,0,0,0,0,0,0
C02752,2024-10-07,0,0,0,0,0,0,0,0,0,0
C08545,2023-05-15,0,0,0,0,0,0,0,0,0,0
C01722,2023-11-06,0,0,0,0,0,0,0,0,0,0
C13311,2024-11-18,48,234,6,4319,2,173,0,61,0,0
C16065,2024-07-15,0,0,0,0,0,0,0,0,0,0
C09397,2024-01-08,0,0,0,0,0,0,0,0,0,0
C02194,2023-02-27,0,0,0,0,0,0,0,0,0,0
C02863,2024-06-10,0,0,0,0,0,0,0,0,0,0
C17707,2024-08-26,0,0,0,0,0,0,0,0,0,0
C11594,2024-03-25,0,0,0,0,0,0,0,0,0,0
C06902,2024-02-12,0,0,0,0,0,0,0,0,0,0
C04305,2023-12-25,0,0,0,0,0,0,0,0,0,0
C15272,2024-04-29,293,938,4,18828,1,938,0,0,0,0
C09248,2025-01-20,0,0,0,0,0,0,0,0,0,0
C13510,2025-11-17,149,875,5,15052,3,444,214,217,0,0
C11940,2023-10-16,0,0,0,0,0,0,0,0,0,0
C04770,2023-01-09,0,0,0,0,0,0,0,0,0,0
C15397,2023-01-23,0,0,0,0,0,0,0,0,0,0
C10857,2025-01-27,133,752,6,13577,3,450,0,182,120,0
C04102,2024-12-09,93,410,7,7302,2,275,135,0,0,0
C14655,2025-10-27,32,197,7,3802,2,120,77,0,0,0
C18897,2025-11-24,0,0,0,0,0,0,0,0,0,0
C05336,2023-04-24,0,0,0,0,0,0,0,0,0,0
C07920,2023-08-21,0,0,0,0,0,0,0,0,0,0
C07380,2025-03-24,66,382,6,6903,2,297,0,0,85,0
C19034,2023-11-27,0,0,0,0,0,0,0,0,0,0
C01516,2024-03-04,0,0,0,0,0,0,0,0,0,0
C17085,2025-06-02,0,0,0,0,0,0,0,0,0,0
C04716,2024-01-01,0,0,0,0,0,0,0,0,0,0
C16283,2025-12-22,0,0,0,0,0,0,0,0,0,0
C02107,2025-07-07,507,2699,7,48613,2,1785,0,914,0,0
C17902,2024-11-18,0,0,0,0,0,0,0,0,0,0
C00229,2025-08-04,348,2288,5,46754,3,1102,551,635,0,0
C13312,2023-01-09,0,0,0,0,0,0,0,0,0,0
C02557,2025-02-17,0,0,0,0,0,0,0,0,0,0
C19285,2024-07-08,0,0,0,0,0,0,0,0,0,0
C00934,2023-06-12,0,0,0,0,0,0,0,0,0,0
C18058,2024-10-28,60,328,5,5798,2,234,94,0,0,0
C07270,2023-08-21,0,0,0,0,0,0,0,0,0,0
C06053,2025-11-03,0,0,0,0,0,0,0,0,0,0
C05025,2023-07-24,0,0,0,0,0,0,0,0,0,0
C16330,2024-04-29,39,311,7,5579,3,138,96,0,77,0
C09555,2023-07-31,0,0,0,0,0,0,0,0,0,0
C08435,2024-09-23,413,3282,6,61094,4,1457,707,723,0,395
C13947,2025-06-09,113,496,6,9779,2,343,153,0,0,0
C01669,2025-04-14,5,32,7,688,3,17,8,7,0,0
C18439,2026-01-05,0,0,0,0,0,0,0,0,0,0
C16625,2025-05-12,0,0,0,0,0,0,0,0,0,0
C01729,2025-02-17,0,0,0,0,0,0,0,0,0,0
C05923,2025-07-21,0,0,0,0,0,0,0,0,0,0
C10968,2023-01-02,0,0,0,0,0,0,0,0,0,0
C19845,2024-01-29,0,0,0,0,0,0,0,0,0,0
C02321,2023-12-11,0,0,0,0,0,0,0,0,0,0
C12277,2024-10-14,0,0,0,0,0,0,0,0,0,0
C10830,2023-03-27,0,0,0,0,0,0,0,0,0,0
C06485,2023-05-15,0,0,0,0,0,0,0,0,0,0
C15830,2024-03-25,0,0,0,0,0,0,0,0,0,0
C18868,2024-01-15,0,0,0,0,0,0,0,0,0,0
C16499,2023-01-02,0,0,0,0,0,0,0,0,0,0
C05500,2024-05-13,3,19,7,367,3,10,1,8,0,0
C09511,2024-04-22,253,2109,5,44049,5,732,430,396,295,256
C14853,2024-10-07,0,0,0,0,0,0,0,0,0,0
C14479,2024-09-02,0,0,0,0,0,0,0,0,0,0
C18107,2024-01-29,0,0,0,0,0,0,0,0,0,0
C00318,2024-04-15,0,0,0,0,0,0,0,0,0,0
C18816,2023-11-13,0,0,0,0,0,0,0,0,0,0
C03695,2023-12-18,0,0,0,0,0,0,0,0,0,0
C06804,2025-09-29,0,0,0,0,0,0,0,0,0,0
C10259,2025-02-03,0,0,0,0,0,0,0,0,0,0
C07504,2023-02-27,0,0,0,0,0,0,0,0,0,0
C16099,2023-08-07,0,0,0,0,0,0,0,0,0,0
C06176,2024-07-22,0,0,0,0,0,0,0,0,0,0
C10158,2024-12-30,141,848,6,14836,3,475,0,273,0,100
C16250,2025-02-17,360,1997,7,36950,2,1333,664,0,0,0
C13250,2025-04-28,0,0,0,0,0,0,0,0,0,0
C03412,2025-03-10,0,0,0,0,0,0,0,0,0,0
C04513,2023-02-06,0,0,0,0,0,0,0,0,0,0
C14417,2024-03-18,0,0,0,0,0,0,0,0,0,0
C16881,2025-01-06,57,346,5,7770,2,230,116,0,0,0
C10150,2025-02-10,0,0,0,0,0,0,0,0,0,0
C07959,2023-12-18,0,0,0,0,0,0,0,0,0,0
C17033,2023-11-20,0,0,0,0,0,0,0,0,0,0
C02808,2023-09-11,0,0,0,0,0,0,0,0,0,0
C01395,2025-04-21,0,0,0,0,0,0,0,0,0,0
C19325,2024-10-14,0,0,0,0,0,0,0,0,0,0
C06536,2025-06-16,13,55,6,1018,2,44,0,0,0,11
C00198,2023-04-17,0,0,0,0,0,0,0,0,0,0
C12523,2023-02-20,0,0,0,0,0,0,0,0,0,0
C10038,2025-07-21,0,0,0,0,0,0,0,0,0,0
C12895,2025-08-25,244,1295,6,22471,2,918,377,0,0,0
C17979,2024-04-15,0,0,0,0,0,0,0,0,0,0
C18394,2024-03-18,0,0,0,0,0,0,0,0,0,0
C12341,2025-09-29,0,0,0,0,0,0,0,0,0,0
C10392,2023-06-26,0,0,0,0,0,0,0,0,0,0
C11728,2025-11-24,363,3047,6,56540,4,1296,617,679,455,0
C06457,2023-09-04,0,0,0,0,0,0,0,0,0,0
C15208,2025-12-22,0,0,0,0,0,0,0,0,0,0
C18455,2023-03-13,0,0,0,0,0,0,0,0,0,0
C11381,2025-04-07,0,0,0,0,0,0,0,0,0,0
C10152,2025-08-11,0,0,0,0,0,0,0,0,0,0
C10182,2023-04-17,0,0,0,0,0,0,0,0,0,0
C08565,2025-02-24,0,0,0,0,0,0,0,0,0,0
C01389,2025-10-13,0,0,0,0,0,0,0,0,0,0
C08079,2023-09-25,0,0,0,0,0,0,0,0,0,0
C08021,2024-12-30,0,0,0,0,0,0,0,0,0,0
C08278,2024-07-08,0,0,0,0,0,0,0,0,0,0
C16892,2025-09-29,0,0,0,0,0,0,0,0,0,0
C12636,2023-12-18,0,0,0,0,0,0,0,0,0,0
C14936,2023-05-15,0,0,0,0,0,0,0,0,0,0
C06431,2025-08-11,9,35,4,622,2,24,0,0,11,0
C10792,2025-02-10,0,0,0,0,0,0,0,0,0,0
C08380,2024-07-08,0,0,0,0,0,0,0,0,0,0
C10450,2024-10-21,0,0,0,0,0,0,0,0,0,0
C18876,2023-10-16,0,0,0,0,0,0,0,0,0,0
C18058,2024-04-01,58,315,7,5431,2,211,104,0,0,0
C12248,2024-06-17,0,0,0,0,0,0,0,0,0,0
C09322,2023-07-24,0,0,0,0,0,0,0,0,0,0
C09994,2023-02-13,0,0,0,0,0,0,0,0,0,0
C16409,2024-03-25,0,0,0,0,0,0,0,0,0,0
C07431,2023-10-02,0,0,0,0,0,0,0,0,0,0
C16719,2025-06-23,0,0,0,0,0,0,0,0,0,0
C07277,2023-08-07,0,0,0,0,0,0,0,0,0,0
C09382,2024-12-02,0,0,0,0,0,0,0,0,0,0
C11910,2023-05-22,0,0,0,0,0,0,0,0,0,0
C10166,2024-07-29,1040,8346,6,174087,4,3895,1934,0,1456,1061
C10393,2024-03-04,0,0,0,0,0,0,0,0,0,0
C17047,2025-03-17,0,0,0,0,0,0,0,0,0,0
C13526,2023-10-09,0,0,0,0,0,0,0,0,0,0
C19736,2023-08-21,0,0,0,0,0,0,0,0,0,0
C19596,2023-05-22,0,0,0,0,0,0,0,0,0,0
C05046,2024-09-09,0,0,0,0,0,0,0,0,0,0
C15551,2023-01-02,0,0,0,0,0,0,0,0,0,0
C10337,2024-01-08,0,0,0,0,0,0,0,0,0,0
C19817,2024-12-30,6,17,4,382,1,17,0,0,0,0
C17003,2025-01-06,46,206,6,3935,2,154,0,0,0,52
C16299,2024-09-09,0,0,0,0,0,0,0,0,0,0
C14210,2023-07-10,0,0,0,0,0,0,0,0,0,0
C18219,2023-04-17,0,0,0,0,0,0,0,0,0,0
C10196,2024-07-01,0,0,0,0,0,0,0,0,0,0
C19967,2024-12-09,0,0,0,0,0,0,0,0,0,0
C04933,2024-12-23,0,0,0,0,0,0,0,0,0,0
C08196,2024-10-28,0,0,0,0,0,0,0,0,0,0
C16356,2025-03-03,0,0,0,0,0,0,0,0,0,0
C10649,2024-01-15,0,0,0,0,0,0,0,0,0,0
C15811,2023-01-09,0,0,0,0,0,0,0,0,0,0
C04385,2025-03-17,0,0,0,0,0,0,0,0,0,0
C16017,2023-05-29,0,0,0,0,0,0,0,0,0,0
C12931,2024-07-15,0,0,0,0,0,0,0,0,0,0
C13778,2025-01-20,0,0,0,0,0,0,0,0,0,0
C03077,2023-02-13,0,0,0,0,0,0,0,0,0,0
C12625,2025-11-17,0,0,0,0,0,0,0,0,0,0
C05173,2024-06-03,0,0,0,0,0,0,0,0,0,0
C03044,2023-06-19,0,0,0,0,0,0,0,0,0,0
C13287,2026-01-05,105,720,7,13481,5,264,145,121,115,75
C12467,2025-08-04,0,0,0,0,0,0,0,0,0,0
C13560,2023-01-16,0,0,0,0,0,0,0,0,0,0
C10288,2023-03-27,0,0,0,0,0,0,0,0,0,0
C03288,2023-04-10,0,0,0,0,0,0,0,0,0,0
C13244,2025-04-14,0,0,0,0,0,0,0,0,0,0
C11053,2025-12-29,0,0,0,0,0,0,0,0,0,0
C04619,2024-08-12,8,40,7,761,3,30,0,7,0,3
C06951,2024-07-01,0,0,0,0,0,0,0,0,0,0
C19458,2024-12-09,0,0,0,0,0,0,0,0,0,0
C15905,2025-04-28,819,4349,7,78830,2,3081,0,0,1268,0
C06175,2024-07-15,0,0,0,0,0,0,0,0,0,0
C08973,2024-02-12,0,0,0,0,0,0,0,0,0,0
C07663,2024-06-24,0,0,0,0,0,0,0,0,0,0
C12940,2024-01-29,0,0,0,0,0,0,0,0,0,0
C07628,2023-09-18,0,0,0,0,0,0,0,0,0,0
C15803,2024-08-19,0,0,0,0,0,0,0,0,0,0
C03217,2024-04-15,0,0,0,0,0,0,0,0,0,0
C10121,2025-06-16,0,0,0,0,0,0,0,0,0,0
C15154,2023-10-02,0,0,0,0,0,0,0,0,0,0
C13147,2025-06-30,0,0,0,0,0,0,0,0,0,0
C13356,2023-02-20,0,0,0,0,0,0,0,0,0,0
C17036,2024-03-04,0,0,0,0,0,0,0,0,0,0
C18678,2023-11-13,0,0,0,0,0,0,0,0,0,0
C08755,2025-04-14,0,0,0,0,0,0,0,0,0,0
C15471,2024-06-10,17,103,5,1807,2,73,0,0,30,0
C15996,2025-06-02,0,0,0,0,0,0,0,0,0,0
C10504,2023-05-29,0,0,0,0,0,0,0,0,0,0
C16802,2023-08-14,0,0,0,0,0,0,0,0,0,0
C05272,2024-06-03,0,0,0,0,0,0,0,0,0,0
C06539,2023-03-06,0,0,0,0,0,0,0,0,0,0
C10163,2023-11-13,0,0,0,0,0,0,0,0,0,0
C09284,2023-10-16,0,0,0,0,0,0,0,0,0,0
C18314,2023-09-25,0,0,0,0,0,0,0,0,0,0
C03557,2023-11-27,0,0,0,0,0,0,0,0,0,0
C03035,2023-12-25,0,0,0,0,0,0,0,0,0,0
C16658,2024-04-08,0,0,0,0,0,0,0,0,0,0
C02977,2024-12-16,42,225,7,5101,3,117,48,60,0,0
C04769,2024-10-14,0,0,0,0,0,0,0,0,0,0
C18109,2024-05-13,0,0,0,0,0,0,0,0,0,0
C16525,2023-07-31,0,0,0,0,0,0,0,0,0,0
C08938,2025-03-24,0,0,0,0,0,0,0,0,0,0
C11767,2025-08-04,162,765,6,17449,2,557,0,0,0,208
C00157,2023-08-14,0,0,0,0,0,0,0,0,0,0
C16679,2025-04-07,0,0,0,0,0,0,0,0,0,0
C15902,2024-08-12,0,0,0,0,0,0,0,0,0,0
C00535,2025-03-17,0,0,0,0,0,0,0,0,0,0
C14735,2024-12-23,288,1600,6,34051,2,1030,0,570,0,0
C09918,2025-12-29,16,46,6,825,1,46,0,0,0,0
C15356,2025-01-27,0,0,0,0,0,0,0,0,0,0
C06292,2024-07-29,0,0,0,0,0,0,0,0,0,0
C05232,2023-06-05,0,0,0,0,0,0,0,0,0,0
C18603,2025-04-07,0,0,0,0,0,0,0,0,0,0
C04962,2025-10-27,25,170,7,3315,3,102,0,42,0,26
C04835,2024-10-07,0,0,0,0,0,0,0,0,0,0
C04357,2023-05-22,0,0,0,0,0,0,0,0,0,0
C10343,2024-03-25,0,0,0,0,0,0,0,0,0,0
C13557,2025-06-16,0,0,0,0,0,0,0,0,0,0
C10884,2024-04-01,0,0,0,0,0,0,0,0,0,0
C03191,2023-11-06,0,0,0,0,0,0,0,0,0,0
C18563,2023-08-28,0,0,0,0,0,0,0,0,0,0
C17370,2024-11-04,0,0,0,0,0,0,0,0,0,0
C05281,2024-11-18,0,0,0,0,0,0,0,0,0,0
C13995,2025-10-06,42,222,7,3930,2,128,0,94,0,0
C10562,2023-06-12,0,0,0,0,0,0,0,0,0,0
C07707,2025-11-17,1,4,6,66,1,0,0,0,4,0
C03402,2024-11-04,0,0,0,0,0,0,0,0,0,0
C07678,2024-08-19,0,0,0,0,0,0,0,0,0,0
C08597,2025-02-10,0,0,0,0,0,0,0,0,0,0
C16953,2024-07-01,0,0,0,0,0,0,0,0,0,0
C13287,2025-11-03,99,641,6,12412,5,246,97,129,92,77
C02140,2025-11-17,0,0,0,0,0,0,0,0,0,0
C17885,2024-12-30,4,12,4,175,1,12,0,0,0,0
C12603,2024-01-15,0,0,0,0,0,0,0,0,0,0
C12051,2024-11-11,0,0,0,0,0,0,0,0,0,0
C19552,2024-12-09,0,0,0,0,0,0,0,0,0,0
C14678,2025-08-04,349,2015,6,34485,2,1328,0,687,0,0
C00268,2025-03-17,0,0,0,0,0,0,0,0,0,0
C12977,2023-08-28,0,0,0,0,0,0,0,0,0,0
C12748,2023-07-31,0,0,0,0,0,0,0,0,0,0
C00070,2023-06-12,0,0,0,0,0,0,0,0,0,0
C17815,2023-09-18,0,0,0,0,0,0,0,0,0,0
C02590,2025-10-27,54,180,6,3510,1,180,0,0,0,0
C15920,2023-08-28,0,0,0,0,0,0,0,0,0,0
C09904,2025-10-27,0,0,0,0,0,0,0,0,0,0
C08719,2025-08-18,0,0,0,0,0,0,0,0,0,0
C15392,2025-01-27,0,0,0,0,0,0,0,0,0,0
C18590,2023-09-04,0,0,0,0,0,0,0,0,0,0
C14586,2026-01-05,0,0,0,0,0,0,0,0,0,0
C00927,2025-06-02,0,0,0,0,0,0,0,0,0,0
C09701,2024-12-02,13,53,6,922,2,33,0,0,0,20
C05407,2025-08-18,0,0,0,0,0,0,0,0,0,0
C11905,2024-06-24,0,0,0,0,0,0,0,0,0,0
C15822,2023-03-06,0,0,0,0,0,0,0,0,0,0
C16769,2025-02-10,0,0,0,0,0,0,0,0,0,0
C14517,2024-12-09,0,0,0,0,0,0,0,0,0,0
C06939,2025-11-10,0,0,0,0,0,0,0,0,0,0
C18326,2023-09-25,0,0,0,0,0,0,0,0,0,0
C15009,2025-04-14,13,44,4,907,2,27,17,0,0,0
C01077,2023-04-17,0,0,0,0,0,0,0,0,0,0
C11550,2024-01-29,0,0,0,0,0,0,0,0,0,0
C14220,2024-12-02,0,0,0,0,0,0,0,0,0,0
C10610,2023-06-05,0,0,0,0,0,0,0,0,0,0
C09093,2025-12-15,6,28,5,580,2,23,0,0,0,5
C01696,2024-09-09,0,0,0,0,0,0,0,0,0,0
C01094,2025-03-17,0,0,0,0,0,0,0,0,0,0
C09264,2025-12-29,0,0,0,0,0,0,0,0,0,0
C07718,2023-08-14,0,0,0,0,0,0,0,0,0,0
C18231,2023-03-13,0,0,0,0,0,0,0,0,0,0
C04618,2024-02-05,0,0,0,0,0,0,0,0,0,0
C07176,2025-12-15,0,0,0,0,0,0,0,0,0,0
C11447,2024-07-08,0,0,0,0,0,0,0,0,0,0
C14662,2025-12-15,22,82,6,1516,2,49,33,0,0,0
C07524,2024-02-05,0,0,0,0,0,0,0,0,0,0
C08503,2024-02-19,0,0,0,0,0,0,0,0,0,0
C09233,2024-12-02,0,0,0,0,0,0,0,0,0,0
C15925,2025-10-06,0,0,0,0,0,0,0,0,0,0
C06862,2024-08-19,0,0,0,0,0,0,0,0,0,0
C00062,2025-07-07,0,0,0,0,0,0,0,0,0,0
C03808,2024-06-24,0,0,0,0,0,0,0,0,0,0
C11727,2025-08-18,5,13,3,250,1,13,0,0,0,0
C03001,2024-07-01,432,2450,6,41449,2,1697,0,753,0,0
C18933,2025-04-28,234,1182,7,24575,2,791,0,391,0,0
C03923,2024-12-16,0,0,0,0,0,0,0,0,0,0
C09125,2025-06-02,2380,16763,6,332441,3,8848,4434,0,3481,0
C03436,2024-12-02,168,806,7,14543,2,516,290,0,0,0
C09075,2023-11-06,0,0,0,0,0,0,0,0,0,0
C08843,2023-10-02,0,0,0,0,0,0,0,0,0,0
C08060,2023-10-30,0,0,0,0,0,0,0,0,0,0
C06601,2025-01-20,5,21,5,379,1,21,0,0,0,0
C08609,2023-06-05,0,0,0,0,0,0,0,0,0,0
C00926,2024-07-22,0,0,0,0,0,0,0,0,0,0
C12210,2023-04-17,0,0,0,0,0,0,0,0,0,0
C14411,2023-01-23,0,0,0,0,0,0,0,0,0,0
C16862,2025-05-12,2604,21891,7,413908,4,9091,4534,4658,3608,0
C16014,2023-01-02,0,0,0,0,0,0,0,0,0,0
C06331,2025-06-02,45,220,7,3751,2,183,0,0,0,37
C08582,2024-09-02,0,0,0,0,0,0,0,0,0,0
C19375,2024-01-22,0,0,0,0,0,0,0,0,0,0
C19419,2023-11-13,0,0,0,0,0,0,0,0,0,0
C16591,2023-07-31,0,0,0,0,0,0,0,0,0,0
C02196,2025-06-09,0,0,0,0,0,0,0,0,0,0
C12002,2024-09-09,0,0,0,0,0,0,0,0,0,0
C06737,2023-12-18,0,0,0,0,0,0,0,0,0,0
C14373,2025-01-27,0,0,0,0,0,0,0,0,0,0
C15241,2025-04-21,0,0,0,0,0,0,0,0,0,0
C12887,2024-09-23,0,0,0,0,0,0,0,0,0,0
C13767,2025-06-16,0,0,0,0,0,0,0,0,0,0
C11433,2025-04-14,90,413,6,6470,2,300,0,0,113,0
C06195,2023-05-01,0,0,0,0,0,0,0,0,0,0
C03245,2023-07-10,0,0,0,0,0,0,0,0,0,0
C14207,2024-03-04,0,0,0,0,0,0,0,0,0,0
C16308,2024-04-01,0,0,0,0,0,0,0,0,0,0
C05221,2024-12-30,38,159,5,2971,2,120,0,0,0,39
C04861,2025-03-24,0,0,0,0,0,0,0,0,0,0
C07059,2024-09-02,870,7855,6,126053,4,3323,1588,1710,1234,0
C13563,2023-03-06,0,0,0,0,0,0,0,0,0,0
C15136,2023-05-22,0,0,0,0,0,0,0,0,0,0
C19995,2024-09-23,0,0,0,0,0,0,0,0,0,0
C05624,2024-02-26,0,0,0,0,0,0,0,0,0,0
C02450,2024-07-22,0,0,0,0,0,0,0,0,0,0
C00388,2024-07-01,0,0,0,0,0,0,0,0,0,0
C03110,2024-10-21,0,0,0,0,0,0,0,0,0,0
C01214,2025-08-25,0,0,0,0,0,0,0,0,0,0
C13532,2025-06-02,0,0,0,0,0,0,0,0,0,0
C18041,2023-05-01,0,0,0,0,0,0,0,0,0,0
C19163,2024-10-21,5,30,6,535,2,19,11,0,0,0
C14088,2024-05-13,0,0,0,0,0,0,0,0,0,0
C08706,2024-01-01,0,0,0,0,0,0,0,0,0,0
C03507,2024-03-18,0,0,0,0,0,0,0,0,0,0
C13542,2024-02-05,0,0,0,0,0,0,0,0,0,0
C13191,2024-09-16,6,10,3,165,1,10,0,0,0,0
C00666,2023-07-10,0,0,0,0,0,0,0,0,0,0
C07979,2025-08-25,0,0,0,0,0,0,0,0,0,0
C12077,2025-04-21,0,0,0,0,0,0,0,0,0,0
C00934,2025-01-13,0,0,0,0,0,0,0,0,0,0
C00531,2024-03-18,0,0,0,0,0,0,0,0,0,0
C09657,2025-12-01,73,421,7,8606,2,274,0,147,0,0
C00714,2024-09-30,0,0,0,0,0,0,0,0,0,0
C17854,2025-03-24,0,0,0,0,0,0,0,0,0,0
C03107,2024-03-25,0,0,0,0,0,0,0,0,0,0
C03085,2023-08-14,0,0,0,0,0,0,0,0,0,0
C12177,2024-09-16,4,23,7,436,3,9,0,8,6,0
C17249,2024-02-12,0,0,0,0,0,0,0,0,0,0
C08208,2025-06-30,0,0,0,0,0,0,0,0,0,0
C12615,2024-12-23,24,104,6,2135,1,104,0,0,0,0
C07068,2024-02-12,0,0,0,0,0,0,0,0,0,0
C05788,2024-11-18,679,4655,6,85243,3,2540,1177,0,938,0
C04258,2023-06-12,0,0,0,0,0,0,0,0,0,0
C12132,2023-01-16,0,0,0,0,0,0,0,0,0,0
C16245,2023-07-24,0,0,0,0,0,0,0,0,0,0
C15992,2023-09-11,0,0,0,0,0,0,0,0,0,0
C13933,2025-02-24,0,0,0,0,0,0,0,0,0,0
C01736,2023-09-25,0,0,0,0,0,0,0,0,0,0
C08419,2025-07-21,0,0,0,0,0,0,0,0,0,0
C13901,2023-04-03,0,0,0,0,0,0,0,0,0,0
C15621,2024-07-15,0,0,0,0,0,0,0,0,0,0
C00133,2023-11-13,0,0,0,0,0,0,0,0,0,0
C09157,2024-07-01,0,0,0,0,0,0,0,0,0,0
C06645,2024-03-11,0,0,0,0,0,0,0,0,0,0
C16970,2024-01-29,0,0,0,0,0,0,0,0,0,0
C03642,2023-08-21,0,0,0,0,0,0,0,0,0,0
C02100,2025-12-08,0,0,0,0,0,0,0,0,0,0
C11149,2024-11-25,29,235,6,4380,3,123,57,55,0,0
C15206,2024-06-03,0,0,0,0,0,0,0,0,0,0
C11194,2023-07-10,0,0,0,0,0,0,0,0,0,0
C15969,2025-06-16,2,11,5,213,2,9,2,0,0,0
C05425,2025-11-10,4839,17013,6,330580,1,17013,0,0,0,0
C13382,2023-12-18,0,0,0,0,0,0,0,0,0,0
C16888,2023-02-13,0,0,0,0,0,0,0,0,0,0
C12553,2023-02-13,0,0,0,0,0,0,0,0,0,0
C01941,2023-07-31,0,0,0,0,0,0,0,0,0,0
C12625,2025-01-06,6043,59244,6,1252805,5,22187,11031,11308,8310,6408
C16032,2024-10-07,353,1905,7,33377,2,1260,0,645,0,0
C18249,2025-12-01,0,0,0,0,0,0,0,0,0,0
C13531,2025-09-22,471,2871,6,49119,3,1605,0,863,0,403
C16598,2024-04-08,0,0,0,0,0,0,0,0,0,0
C10177,2024-09-30,0,0,0,0,0,0,0,0,0,0
C13710,2024-02-05,37,261,5,5107,4,120,56,0,59,26
C13482,2025-09-08,0,0,0,0,0,0,0,0,0,0
C01193,2025-10-27,0,0,0,0,0,0,0,0,0,0
C09305,2024-04-22,0,0,0,0,0,0,0,0,0,0
C18864,2024-03-25,0,0,0,0,0,0,0,0,0,0
C02678,2023-09-11,0,0,0,0,0,0,0,0,0,0
C13883,2023-04-10,0,0,0,0,0,0,0,0,0,0
C08489,2025-11-03,0,0,0,0,0,0,0,0,0,0
C08834,2023-01-16,0,0,0,0,0,0,0,0,0,0
C02224,2024-08-05,0,0,0,0,0,0,0,0,0,0
C17836,2025-12-01,0,0,0,0,0,0,0,0,0,0
C17310,2025-07-28,537,5446,6,110534,5,1998,1036,1052,760,600
C03302,2023-10-09,0,0,0,0,0,0,0,0,0,0
C09950,2023-09-18,0,0,0,0,0,0,0,0,0,0
C19640,2023-11-13,0,0,0,0,0,0,0,0,0,0
C00519,2025-11-10,0,0,0,0,0,0,0,0,0,0
C06190,2025-12-01,0,0,0,0,0,0,0,0,0,0
C02965,2024-09-02,0,0,0,0,0,0,0,0,0,0
C04038,2024-01-01,0,0,0,0,0,0,0,0,0,0
C00992,2025-01-06,0,0,0,0,0,0,0,0,0,0
C10980,2023-09-11,0,0,0,0,0,0,0,0,0,0
C18003,2024-03-11,0,0,0,0,0,0,0,0,0,0
C15290,2025-04-14,68,377,5,7721,2,277,100,0,0,0
C09412,2024-09-23,37,188,6,3281,2,130,0,58,0,0
C17235,2025-03-10,0,0,0,0,0,0,0,0,0,0
C03769,2024-05-13,0,0,0,0,0,0,0,0,0,0
C13908,2023-04-17,0,0,0,0,0,0,0,0,0,0
C10572,2024-08-26,0,0,0,0,0,0,0,0,0,0
C11475,2024-12-16,0,0,0,0,0,0,0,0,0,0
C00332,2025-01-27,0,0,0,0,0,0,0,0,0,0
C10804,2023-11-13,0,0,0,0,0,0,0,0,0,0
C11685,2024-07-29,0,0,0,0,0,0,0,0,0,0
C17955,2025-05-05,0,0,0,0,0,0,0,0,0,0
C12718,2025-12-01,0,0,0,0,0,0,0,0,0,0
C08089,2025-02-10,0,0,0,0,0,0,0,0,0,0
C16238,2024-01-22,0,0,0,0,0,0,0,0,0,0
C13228,2023-03-13,0,0,0,0,0,0,0,0,0,0
C04619,2024-03-04,9,51,7,982,3,21,0,17,0,13
C07679,2026-01-05,0,0,0,0,0,0,0,0,0,0
C05053,2024-07-01,0,0,0,0,0,0,0,0,0,0
C12777,2023-07-10,0,0,0,0,0,0,0,0,0,0
C09402,2024-04-15,0,0,0,0,0,0,0,0,0,0
C19285,2025-11-17,0,0,0,0,0,0,0,0,0,0
C08497,2024-12-09,0,0,0,0,0,0,0,0,0,0
C12186,2024-12-02,0,0,0,0,0,0,0,0,0,0
C19044,2025-01-06,0,0,0,0,0,0,0,0,0,0
C04248,2024-12-30,0,0,0,0,0,0,0,0,0,0
C10194,2025-04-14,0,0,0,0,0,0,0,0,0,0
C12829,2024-11-04,0,0,0,0,0,0,0,0,0,0
C02651,2023-02-27,0,0,0,0,0,0,0,0,0,0
C07547,2023-11-27,0,0,0,0,0,0,0,0,0,0
C02463,2024-02-12,0,0,0,0,0,0,0,0,0,0
C17899,2023-11-27,0,0,0,0,0,0,0,0,0,0
C14760,2024-07-08,0,0,0,0,0,0,0,0,0,0
C11754,2025-11-10,99,542,6,10577,4,289,116,93,0,44
C12426,2023-05-08,0,0,0,0,0,0,0,0,0,0
C08054,2026-01-05,198,1399,6,28589,3,809,361,0,0,229
C07637,2024-12-23,0,0,0,0,0,0,0,0,0,0
C07759,2024-12-23,2,5,4,76,1,5,0,0,0,0
C10270,2023-09-11,0,0,0,0,0,0,0,0,0,0
C06092,2023-05-22,0,0,0,0,0,0,0,0,0,0
C06260,2024-06-10,0,0,0,0,0,0,0,0,0,0
C03545,2025-02-17,0,0,0,0,0,0,0,0,0,0
C16281,2023-04-03,0,0,0,0,0,0,0,0,0,0
C01026,2023-11-06,0,0,0,0,0,0,0,0,0,0
C02094,2024-02-26,0,0,0,0,0,0,0,0,0,0
C18550,2024-11-04,0,0,0,0,0,0,0,0,0,0
C05295,2024-10-21,0,0,0,0,0,0,0,0,0,0
C14325,2025-08-25,0,0,0,0,0,0,0,0,0,0
C14367,2024-02-19,0,0,0,0,0,0,0,0,0,0
C11754,2024-03-11,0,0,0,0,0,0,0,0,0,0
C03082,2023-05-08,0,0,0,0,0,0,0,0,0,0
C17175,2024-01-22,0,0,0,0,0,0,0,0,0,0
C19696,2023-01-30,0,0,0,0,0,0,0,0,0,0
C02797,2024-11-18,0,0,0,0,0,0,0,0,0,0
C19637,2023-03-06,0,0,0,0,0,0,0,0,0,0
C01057,2023-12-04,0,0,0,0,0,0,0,0,0,0
C00768,2023-07-17,0,0,0,0,0,0,0,0,0,0
C12705,2024-05-20,0,0,0,0,0,0,0,0,0,0
C19594,2025-06-09,0,0,0,0,0,0,0,0,0,0
C06121,2023-12-11,0,0,0,0,0,0,0,0,0,0
C07857,2024-08-12,0,0,0,0,0,0,0,0,0,0
C16664,2023-11-06,0,0,0,0,0,0,0,0,0,0
C00823,2025-09-15,2,14,6,294,4,6,3,3,0,2
C07982,2025-07-07,1111,5701,7,112460,2,4190,0,0,1511,0
C11305,2024-07-01,0,0,0,0,0,0,0,0,0,0
C06813,2024-07-01,60,342,4,5540,2,247,0,95,0,0
C12559,2024-07-15,0,0,0,0,0,0,0,0,0,0
C16265,2023-11-20,0,0,0,0,0,0,0,0,0,0
C05706,2024-05-20,0,0,0,0,0,0,0,0,0,0
C12408,2024-10-14,0,0,0,0,0,0,0,0,0,0
C03116,2023-09-04,0,0,0,0,0,0,0,0,0,0
C07360,2025-05-12,131,462,6,6738,1,462,0,0,0,0
C08740,2024-12-30,0,0,0,0,0,0,0,0,0,0
C03260,2025-01-06,11,38,6,667,1,38,0,0,0,0
C17615,2024-11-04,0,0,0,0,0,0,0,0,0,0
C10515,2025-09-01,0,0,0,0,0,0,0,0,0,0
C11874,2024-12-30,0,0,0,0,0,0,0,0,0,0
C14320,2023-12-18,0,0,0,0,0,0,0,0,0,0
C12606,2025-10-20,0,0,0,0,0,0,0,0,0,0
C09725,2025-06-02,179,980,7,17119,3,597,0,0,217,166
C16153,2025-05-12,19,65,4,1524,2,46,0,0,0,19
C11397,2024-06-17,0,0,0,0,0,0,0,0,0,0
C18359,2024-01-01,0,0,0,0,0,0,0,0,0,0
C03239,2024-04-08,0,0,0,0,0,0,0,0,0,0
C08161,2024-01-08,0,0,0,0,0,0,0,0,0,0
C04606,2025-09-22,5,12,5,237,1,12,0,0,0,0
C16559,2025-10-13,0,0,0,0,0,0,0,0,0,0
C13456,2023-05-22,0,0,0,0,0,0,0,0,0,0
C07802,2025-07-14,0,0,0,0,0,0,0,0,0,0
C07795,2025-09-22,0,0,0,0,0,0,0,0,0,0
C02054,2025-02-10,399,2779,7,54639,3,1439,753,0,587,0
C07064,2023-03-13,0,0,0,0,0,0,0,0,0,0
C08674,2025-03-10,8,27,5,613,1,27,0,0,0,0
C14429,2023-04-03,0,0,0,0,0,0,0,0,0,0
C02239,2025-11-03,0,0,0,0,0,0,0,0,0,0
C17545,2025-10-13,172,825,5,15034,2,582,0,0,243,0
C01458,2023-01-16,0,0,0,0,0,0,0,0,0,0
C02232,2023-07-17,0,0,0,0,0,0,0,0,0,0
C04752,2023-07-31,0,0,0,0,0,0,0,0,0,0
C03724,2023-10-30,0,0,0,0,0,0,0,0,0,0
C09262,2025-11-24,0,0,0,0,0,0,0,0,0,0
C04036,2023-01-23,0,0,0,0,0,0,0,0,0,0
C18516,2024-08-05,378,2199,7,46763,3,1255,0,600,0,344
C14407,2023-07-10,0,0,0,0,0,0,0,0,0,0
C01983,2025-04-14,0,0,0,0,0,0,0,0,0,0
C00316,2023-10-16,0,0,0,0,0,0,0,0,0,0
C11366,2024-05-20,459,2779,7,45814,3,1497,742,0,540,0
C03909,2023-09-25,0,0,0,0,0,0,0,0,0,0
C09352,2025-02-03,56,271,7,5121,3,177,50,0,0,44
C06268,2026-01-05,0,0,0,0,0,0,0,0,0,0
C15689,2023-09-04,0,0,0,0,0,0,0,0,0,0
C00389,2024-12-09,0,0,0,0,0,0,0,0,0,0
C02658,2023-06-12,0,0,0,0,0,0,0,0,0,0
C03682,2023-02-27,0,0,0,0,0,0,0,0,0,0
C12168,2023-06-05,0,0,0,0,0,0,0,0,0,0
C11329,2024-01-29,0,0,0,0,0,0,0,0,0,0
C13705,2025-02-03,0,0,0,0,0,0,0,0,0,0
C01913,2023-11-27,0,0,0,0,0,0,0,0,0,0
C18508,2023-05-15,0,0,0,0,0,0,0,0,0,0
C18160,2025-02-24,4,9,5,157,1,9,0,0,0,0
C13753,2023-05-29,0,0,0,0,0,0,0,0,0,0
C05223,2023-01-23,0,0,0,0,0,0,0,0,0,0
C16780,2024-05-20,0,0,0,0,0,0,0,0,0,0
C00067,2024-05-06,0,0,0,0,0,0,0,0,0,0
C02104,2025-09-15,432,4001,6,78114,5,1551,689,759,573,429
C06069,2024-07-22,0,0,0,0,0,0,0,0,0,0
C08516,2024-04-01,0,0,0,0,0,0,0,0,0,0
C07931,2023-01-30,0,0,0,0,0,0,0,0,0,0
C04292,2023-07-10,0,0,0,0,0,0,0,0,0,0
C18659,2025-07-28,0,0,0,0,0,0,0,0,0,0
C03911,2023-12-11,0,0,0,0,0,0,0,0,0,0
C18728,2023-06-12,0,0,0,0,0,0,0,0,0,0
C02506,2024-09-09,0,0,0,0,0,0,0,0,0,0
C02299,2023-09-11,0,0,0,0,0,0,0,0,0,0
C02538,2024-07-22,0,0,0,0,0,0,0,0,0,0
C11766,2024-07-08,0,0,0,0,0,0,0,0,0,0
C02727,2025-08-25,0,0,0,0,0,0,0,0,0,0
C17662,2023-01-02,0,0,0,0,0,0,0,0,0,0
C04753,2023-01-09,0,0,0,0,0,0,0,0,0,0
C00239,2024-05-13,0,0,0,0,0,0,0,0,0,0
C03551,2023-06-19,0,0,0,0,0,0,0,0,0,0
C07403,2024-07-01,16,68,7,1333,2,50,0,18,0,0
C19005,2024-12-02,0,0,0,0,0,0,0,0,0,0
C19154,2023-04-17,0,0,0,0,0,0,0,0,0,0
C10749,2025-03-31,0,0,0,0,0,0,0,0,0,0
C01937,2025-10-20,0,0,0,0,0,0,0,0,0,0
C10956,2024-07-01,0,0,0,0,0,0,0,0,0,0
C17454,2025-10-06,1,0,1,0,0,0,0,0,0,0
C19534,2025-05-05,0,0,0,0,0,0,0,0,0,0
C05579,2023-09-04,0,0,0,0,0,0,0,0,0,0
C07510,2025-04-21,0,0,0,0,0,0,0,0,0,0
C02039,2023-01-23,0,0,0,0,0,0,0,0,0,0
C04946,2024-10-07,0,0,0,0,0,0,0,0,0,0
C17285,2024-06-24,0,0,0,0,0,0,0,0,0,0
C01488,2024-07-08,0,0,0,0,0,0,0,0,0,0
C16120,2025-05-05,0,0,0,0,0,0,0,0,0,0
C00448,2024-04-22,0,0,0,0,0,0,0,0,0,0
C03657,2024-01-15,0,0,0,0,0,0,0,0,0,0
C07247,2025-06-02,0,0,0,0,0,0,0,0,0,0
C07857,2024-02-12,0,0,0,0,0,0,0,0,0,0
C04430,2024-07-08,0,0,0,0,0,0,0,0,0,0
C12770,2025-08-18,0,0,0,0,0,0,0,0,0,0
C09547,2024-09-23,0,0,0,0,0,0,0,0,0,0
C05031,2025-08-18,0,0,0,0,0,0,0,0,0,0
C06177,2023-09-25,0,0,0,0,0,0,0,0,0,0
C02503,2023-09-11,0,0,0,0,0,0,0,0,0,0
C03529,2024-12-23,72,259,3,5734,2,206,0,0,0,53
C14740,2023-11-13,0,0,0,0,0,0,0,0,0,0
C17164,2023-06-12,0,0,0,0,0,0,0,0,0,0
C00942,2025-03-17,0,0,0,0,0,0,0,0,0,0
C19735,2025-01-20,0,0,0,0,0,0,0,0,0,0
C06321,2024-04-29,0,0,0,0,0,0,0,0,0,0
C09753,2023-05-22,0,0,0,0,0,0,0,0,0,0
C14316,2023-06-05,0,0,0,0,0,0,0,0,0,0
C01089,2024-09-09,0,0,0,0,0,0,0,0,0,0
C16800,2024-02-05,0,0,0,0,0,0,0,0,0,0
C18479,2024-10-21,0,0,0,0,0,0,0,0,0,0
C10655,2023-03-20,0,0,0,0,0,0,0,0,0,0
C17175,2024-08-05,0,0,0,0,0,0,0,0,0,0
C01079,2024-11-25,0,0,0,0,0,0,0,0,0,0
C14187,2023-02-06,0,0,0,0,0,0,0,0,0,0
C13775,2024-10-07,0,0,0,0,0,0,0,0,0,0
C03971,2024-04-08,0,0,0,0,0,0,0,0,0,0
C14229,2023-05-29,0,0,0,0,0,0,0,0,0,0
C02521,2024-04-29,0,0,0,0,0,0,0,0,0,0
C15609,2025-01-13,0,0,0,0,0,0,0,0,0,0
C02374,2023-12-18,0,0,0,0,0,0,0,0,0,0
C15625,2025-05-05,0,0,0,0,0,0,0,0,0,0
C08746,2024-09-30,0,0,0,0,0,0,0,0,0,0
C07720,2023-09-25,0,0,0,0,0,0,0,0,0,0
C00565,2025-12-29,0,0,0,0,0,0,0,0,0,0
C01257,2024-05-13,0,0,0,0,0,0,0,0,0,0
C16519,2023-04-17,0,0,0,0,0,0,0,0,0,0
C10969,2024-09-09,0,0,0,0,0,0,0,0,0,0
C11483,2024-10-28,0,0,0,0,0,0,0,0,0,0
C00948,2025-08-25,559,3412,7,70407,3,1748,799,865,0,0
C14347,2023-10-02,0,0,0,0,0,0,0,0,0,0
C08639,2025-10-13,25,137,6,2754,3,89,31,0,0,17
C12402,2024-07-08,0,0,0,0,0,0,0,0,0,0
C17580,2024-04-15,0,0,0,0,0,0,0,0,0,0
C08705,2025-01-20,0,0,0,0,0,0,0,0,0,0
C14663,2023-02-06,0,0,0,0,0,0,0,0,0,0
C14958,2024-10-28,0,0,0,0,0,0,0,0,0,0
C14960,2024-07-22,1,0,3,0,0,0,0,0,0,0
C03715,2025-10-13,0,0,0,0,0,0,0,0,0,0
C02263,2023-06-26,0,0,0,0,0,0,0,0,0,0
C10510,2024-07-01,0,0,0,0,0,0,0,0,0,0
C10376,2024-04-08,0,0,0,0,0,0,0,0,0,0
C14959,2023-01-23,0,0,0,0,0,0,0,0,0,0
C03535,2023-06-19,0,0,0,0,0,0,0,0,0,0
C12219,2025-11-24,2080,14105,6,297069,3,7946,3937,0,0,2222
C06203,2023-01-30,0,0,0,0,0,0,0,0,0,0
C06309,2025-10-20,9,44,5,916,2,33,11,0,0,0
C18974,2026-01-05,0,0,0,0,0,0,0,0,0,0
C01650,2025-01-27,103,673,6,13766,4,315,161,0,115,82
C04877,2024-09-16,0,0,0,0,0,0,0,0,0,0
C07115,2025-07-28,0,0,0,0,0,0,0,0,0,0
C09238,2025-04-28,414,1556,6,24409,1,1556,0,0,0,0
C01934,2025-03-24,196,1281,7,25087,4,613,276,0,216,176
C11848,2025-04-28,43,313,7,5964,3,174,83,0,0,56
C12173,2025-04-14,0,0,0,0,0,0,0,0,0,0
C16578,2024-09-30,0,0,0,0,0,0,0,0,0,0
C13158,2023-05-01,0,0,0,0,0,0,0,0,0,0
C09986,2024-02-26,0,0,0,0,0,0,0,0,0,0
C14411,2024-04-08,0,0,0,0,0,0,0,0,0,0
C06975,2024-04-01,0,0,0,0,0,0,0,0,0,0
C08589,2025-09-29,44,242,6,5181,2,155,87,0,0,0
C19873,2025-11-10,115,694,6,14549,3,441,0,0,131,122
C17207,2025-11-10,0,0,0,0,0,0,0,0,0,0
C17352,2023-11-27,0,0,0,0,0,0,0,0,0,0
C02341,2024-04-01,20,146,6,2701,3,79,38,0,29,0
C08789,2025-12-01,0,0,0,0,0,0,0,0,0,0
C19123,2024-03-04,0,0,0,0,0,0,0,0,0,0
C02007,2024-05-20,0,0,0,0,0,0,0,0,0,0
C10250,2024-05-13,0,0,0,0,0,0,0,0,0,0
C04674,2023-06-26,0,0,0,0,0,0,0,0,0,0
C07394,2025-05-19,330,2067,7,44025,3,1130,621,0,0,316
C01856,2024-05-27,0,0,0,0,0,0,0,0,0,0
C07534,2024-02-19,0,0,0,0,0,0,0,0,0,0
C08694,2024-10-14,0,0,0,0,0,0,0,0,0,0
C01845,2025-06-02,0,0,0,0,0,0,0,0,0,0
C12989,2025-06-02,0,0,0,0,0,0,0,0,0,0
C03717,2025-01-27,0,0,0,0,0,0,0,0,0,0
C19031,2024-01-08,0,0,0,0,0,0,0,0,0,0
C00025,2024-12-09,0,0,0,0,0,0,0,0,0,0
C15501,2024-09-23,0,0,0,0,0,0,0,0,0,0
C06964,2023-11-27,0,0,0,0,0,0,0,0,0,0
C11385,2025-11-10,0,0,0,0,0,0,0,0,0,0
C02964,2024-07-01,0,0,0,0,0,0,0,0,0,0
C05109,2025-06-23,0,0,0,0,0,0,0,0,0,0
C06455,2023-05-01,0,0,0,0,0,0,0,0,0,0
C06365,2024-12-02,407,3074,6,64658,4,1244,680,704,446,0
C12025,2023-01-30,0,0,0,0,0,0,0,0,0,0
C09611,2023-05-22,0,0,0,0,0,0,0,0,0,0
C10120,2024-03-18,0,0,0,0,0,0,0,0,0,0
C13222,2023-05-15,0,0,0,0,0,0,0,0,0,0
C02160,2024-06-17,0,0,0,0,0,0,0,0,0,0
C06867,2025-02-24,9,31,5,535,1,31,0,0,0,0
C05489,2024-11-04,0,0,0,0,0,0,0,0,0,0
C06333,2025-05-19,0,0,0,0,0,0,0,0,0,0
C11311,2023-03-06,0,0,0,0,0,0,0,0,0,0
C19490,2025-03-17,0,0,0,0,0,0,0,0,0,0
C13691,2025-03-03,0,0,0,0,0,0,0,0,0,0
C17494,2023-11-27,0,0,0,0,0,0,0,0,0,0
C08590,2023-07-31,0,0,0,0,0,0,0,0,0,0
C16997,2024-11-11,0,0,0,0,0,0,0,0,0,0
C15078,2024-07-01,150,673,6,11101,2,528,0,0,0,145
C12786,2023-12-11,0,0,0,0,0,0,0,0,0,0
C17874,2024-11-18,0,0,0,0,0,0,0,0,0,0
C04250,2025-08-25,649,3757,6,75010,2,2448,0,1309,0,0
C10526,2024-03-18,0,0,0,0,0,0,0,0,0,0
C02297,2023-01-23,0,0,0,0,0,0,0,0,0,0
C02939,2024-05-06,0,0,0,0,0,0,0,0,0,0
C19470,2023-08-14,0,0,0,0,0,0,0,0,0,0
C11133,2024-10-21,0,0,0,0,0,0,0,0,0,0
C18710,2023-10-30,0,0,0,0,0,0,0,0,0,0
C03670,2024-07-22,0,0,0,0,0,0,0,0,0,0
C06102,2023-05-01,0,0,0,0,0,0,0,0,0,0
C11106,2024-12-02,0,0,0,0,0,0,0,0,0,0
C19954,2024-09-02,0,0,0,0,0,0,0,0,0,0
C19738,2025-06-23,135,930,6,17804,4,406,198,164,162,0
C02526,2024-08-19,28,109,6,2039,1,109,0,0,0,0
C11839,2023-10-02,0,0,0,0,0,0,0,0,0,0
C06783,2024-07-22,78,457,7,7917,3,238,119,0,100,0
C01253,2023-12-11,0,0,0,0,0,0,0,0,0,0
C02855,2024-10-21,0,0,0,0,0,0,0,0,0,0
C10741,2023-05-08,0,0,0,0,0,0,0,0,0,0
C09638,2023-02-20,0,0,0,0,0,0,0,0,0,0
C19792,2023-02-27,0,0,0,0,0,0,0,0,0,0
C15864,2023-03-13,0,0,0,0,0,0,0,0,0,0
C05425,2025-12-29,5088,17869,4,327980,1,17869,0,0,0,0
C15525,2023-05-08,0,0,0,0,0,0,0,0,0,0
C10875,2024-02-19,0,0,0,0,0,0,0,0,0,0
C03698,2025-12-22,0,0,0,0,0,0,0,0,0,0
C11225,2025-12-01,24,88,5,1304,1,88,0,0,0,0
C08391,2023-01-23,0,0,0,0,0,0,0,0,0,0
C19036,2023-11-13,0,0,0,0,0,0,0,0,0,0
C11765,2025-08-11,188,1085,7,19824,3,563,0,294,228,0
C14219,2023-10-02,0,0,0,0,0,0,0,0,0,0
C10250,2023-05-15,0,0,0,0,0,0,0,0,0,0
C12811,2024-02-26,0,0,0,0,0,0,0,0,0,0
C02265,2024-06-24,0,0,0,0,0,0,0,0,0,0
C17720,2023-12-11,0,0,0,0,0,0,0,0,0,0
C01489,2024-09-02,0,0,0,0,0,0,0,0,0,0
C05023,2025-12-29,1003,5557,6,92292,3,3358,0,0,1308,891
C00104,2024-06-03,0,0,0,0,0,0,0,0,0,0
C05585,2024-05-27,319,1775,5,35340,2,1167,608,0,0,0
C05154,2025-04-14,40,148,4,2705,1,148,0,0,0,0
C13375,2025-06-16,931,8510,7,152859,4,3651,1734,1798,1327,0
C06715,2025-10-06,98,515,6,9392,3,342,0,0,104,69
C01481,2025-08-18,0,0,0,0,0,0,0,0,0,0
C10863,2023-07-10,0,0,0,0,0,0,0,0,0,0
C00566,2024-10-21,241,1663,6,29498,3,898,412,0,353,0
C14322,2023-05-08,0,0,0,0,0,0,0,0,0,0
C00895,2024-06-03,0,0,0,0,0,0,0,0,0,0
C13750,2025-10-27,0,0,0,0,0,0,0,0,0,0
C09988,2023-05-29,0,0,0,0,0,0,0,0,0,0
C03129,2023-09-25,0,0,0,0,0,0,0,0,0,0
C08448,2025-03-17,0,0,0,0,0,0,0,0,0,0
C12327,2023-12-25,0,0,0,0,0,0,0,0,0,0
C03398,2024-08-26,0,0,0,0,0,0,0,0,0,0
C04915,2023-07-24,0,0,0,0,0,0,0,0,0,0
C12553,2024-07-29,0,0,0,0,0,0,0,0,0,0
C09774,2023-07-17,0,0,0,0,0,0,0,0,0,0
C13411,2024-03-25,0,0,0,0,0,0,0,0,0,0
C07980,2024-09-02,13,52,6,1031,2,35,0,0,17,0
C15643,2025-05-19,0,0,0,0,0,0,0,0,0,0
C07167,2023-07-24,0,0,0,0,0,0,0,0,0,0
C14535,2024-09-09,0,0,0,0,0,0,0,0,0,0
C16981,2023-05-22,0,0,0,0,0,0,0,0,0,0
C05727,2024-09-09,0,0,0,0,0,0,0,0,0,0
C11733,2024-08-19,0,0,0,0,0,0,0,0,0,0
C07774,2023-02-06,0,0,0,0,0,0,0,0,0,0
C11101,2025-08-11,1540,11664,6,206922,3,5716,2949,2999,0,0
C05492,2023-04-24,0,0,0,0,0,0,0,0,0,0
C09352,2023-06-12,0,0,0,0,0,0,0,0,0,0
C00356,2023-04-10,0,0,0,0,0,0,0,0,0,0
C18785,2023-10-09,0,0,0,0,0,0,0,0,0,0
C17235,2024-01-29,0,0,0,0,0,0,0,0,0,0
C12126,2025-08-25,0,0,0,0,0,0,0,0,0,0
C05493,2024-01-29,0,0,0,0,0,0,0,0,0,0
C12358,2023-03-13,0,0,0,0,0,0,0,0,0,0
C12121,2025-09-01,0,0,0,0,0,0,0,0,0,0
C18881,2024-01-15,0,0,0,0,0,0,0,0,0,0
C18308,2024-10-28,0,0,0,0,0,0,0,0,0,0
C10026,2023-06-05,0,0,0,0,0,0,0,0,0,0
C06804,2025-12-15,0,0,0,0,0,0,0,0,0,0
C18911,2025-06-23,0,0,0,0,0,0,0,0,0,0
C05814,2024-04-29,0,0,0,0,0,0,0,0,0,0
C09175,2023-05-08,0,0,0,0,0,0,0,0,0,0
C00894,2024-02-26,0,0,0,0,0,0,0,0,0,0
C17442,2023-08-28,0,0,0,0,0,0,0,0,0,0
C09875,2023-12-11,0,0,0,0,0,0,0,0,0,0
C16307,2024-03-25,0,0,0,0,0,0,0,0,0,0
C10489,2023-12-25,0,0,0,0,0,0,0,0,0,0
C15157,2025-11-03,2,6,7,117,2,4,0,0,0,2
C14197,2023-12-04,0,0,0,0,0,0,0,0,0,0
C14008,2023-06-05,0,0,0,0,0,0,0,0,0,0
C00359,2025-07-07,33,175,6,3423,3,99,55,0,0,21
C15745,2024-04-01,0,0,0,0,0,0,0,0,0,0
C16822,2024-11-11,662,4926,7,117119,4,2135,1126,1132,0,533
C12779,2025-09-15,0,0,0,0,0,0,0,0,0,0
C19911,2025-04-07,3,10,4,171,1,10,0,0,0,0
C03232,2023-03-13,0,0,0,0,0,0,0,0,0,0
C16267,2024-07-15,0,0,0,0,0,0,0,0,0,0
C01552,2023-05-22,0,0,0,0,0,0,0,0,0,0
C09557,2024-05-20,0,0,0,0,0,0,0,0,0,0
C02911,2024-04-15,0,0,0,0,0,0,0,0,0,0
C10889,2024-01-29,0,0,0,0,0,0,0,0,0,0
C06295,2023-10-09,0,0,0,0,0,0,0,0,0,0
C03409,2024-03-04,0,0,0,0,0,0,0,0,0,0
C09843,2025-09-29,0,0,0,0,0,0,0,0,0,0
C13937,2025-12-22,0,0,0,0,0,0,0,0,0,0
C06288,2023-02-27,0,0,0,0,0,0,0,0,0,0
C12535,2024-10-14,0,0,0,0,0,0,0,0,0,0
C05892,2023-10-09,0,0,0,0,0,0,0,0,0,0
C17084,2024-04-29,0,0,0,0,0,0,0,0,0,0
C03688,2023-06-26,0,0,0,0,0,0,0,0,0,0
C19297,2024-06-17,17,61,6,1265,2,48,0,0,13,0
C02939,2024-08-19,0,0,0,0,0,0,0,0,0,0
C14255,2024-01-01,0,0,0,0,0,0,0,0,0,0
C08109,2024-12-30,158,753,6,11800,2,593,0,0,160,0
C08406,2025-04-21,0,0,0,0,0,0,0,0,0,0
C17857,2024-12-23,84,338,7,6787,2,228,110,0,0,0
C07670,2023-08-21,0,0,0,0,0,0,0,0,0,0
C15656,2025-01-06,69,284,6,4180,2,208,0,0,76,0
C05642,2023-05-29,0,0,0,0,0,0,0,0,0,0
C16459,2024-09-16,0,0,0,0,0,0,0,0,0,0
C06833,2025-03-03,3,10,4,194,1,10,0,0,0,0
C04722,2025-03-31,0,0,0,0,0,0,0,0,0,0
C12627,2023-01-02,0,0,0,0,0,0,0,0,0,0
C13198,2025-03-17,0,0,0,0,0,0,0,0,0,0
C15127,2024-06-03,0,0,0,0,0,0,0,0,0,0
C19502,2023-04-17,0,0,0,0,0,0,0,0,0,0
C07357,2025-12-01,0,0,0,0,0,0,0,0,0,0
C16442,2023-10-09,0,0,0,0,0,0,0,0,0,0
C05964,2024-08-26,28,90,6,1704,1,90,0,0,0,0
C07717,2025-06-16,0,0,0,0,0,0,0,0,0,0
C05256,2024-12-30,455,2875,6,49474,4,1348,636,0,532,359
C17592,2025-11-17,0,0,0,0,0,0,0,0,0,0
C12048,2024-06-03,0,0,0,0,0,0,0,0,0,0
C06418,2025-04-14,4,14,6,229,2,11,3,0,0,0
C13104,2024-06-24,0,0,0,0,0,0,0,0,0,0
C07204,2024-12-30,0,0,0,0,0,0,0,0,0,0
C17848,2025-10-06,0,0,0,0,0,0,0,0,0,0
C06466,2023-05-01,0,0,0,0,0,0,0,0,0,0
C15664,2025-10-20,259,973,7,16696,1,973,0,0,0,0
C11241,2025-01-20,0,0,0,0,0,0,0,0,0,0
C10447,2026-01-05,0,0,0,0,0,0,0,0,0,0
C19179,2025-11-17,531,3847,6,74856,3,2053,1035,0,759,0
C16321,2025-09-08,0,0,0,0,0,0,0,0,0,0
C12057,2024-07-22,18,62,5,1242,1,62,0,0,0,0
C09366,2023-07-24,0,0,0,0,0,0,0,0,0,0
C06772,2023-05-08,0,0,0,0,0,0,0,0,0,0
C08144,2024-10-21,0,0,0,0,0,0,0,0,0,0
C16981,2025-02-17,0,0,0,0,0,0,0,0,0,0
C02072,2024-09-30,0,0,0,0,0,0,0,0,0,0
C11307,2023-02-27,0,0,0,0,0,0,0,0,0,0
C13106,2023-07-10,0,0,0,0,0,0,0,0,0,0
C08552,2025-11-24,444,3618,5,72839,4,1507,777,743,591,0
C00579,2024-04-01,0,0,0,0,0,0,0,0,0,0
C07162,2025-11-17,9,39,7,632,1,39,0,0,0,0
C03649,2023-02-20,0,0,0,0,0,0,0,0,0,0
C17247,2025-02-24,0,0,0,0,0,0,0,0,0,0
C04336,2025-05-05,0,0,0,0,0,0,0,0,0,0
C06050,2023-04-24,0,0,0,0,0,0,0,0,0,0
C14300,2025-05-19,574,5034,6,112670,4,2181,1131,1095,0,627
C17083,2024-09-30,0,0,0,0,0,0,0,0,0,0
C13764,2025-09-22,39,161,4,2735,1,161,0,0,0,0
C12960,2023-05-15,0,0,0,0,0,0,0,0,0,0
C04130,2024-06-03,0,0,0,0,0,0,0,0,0,0
C18967,2025-12-08,0,0,0,0,0,0,0,0,0,0
C14093,2023-03-13,0,0,0,0,0,0,0,0,0,0
C05025,2023-12-25,0,0,0,0,0,0,0,0,0,0
C15430,2025-11-24,0,0,0,0,0,0,0,0,0,0
C06415,2025-01-13,0,0,0,0,0,0,0,0,0,0
C00066,2023-03-06,0,0,0,0,0,0,0,0,0,0
C03828,2025-09-15,0,0,0,0,0,0,0,0,0,0
C04901,2025-10-27,0,0,0,0,0,0,0,0,0,0
C04798,2025-12-22,14,52,6,980,2,42,10,0,0,0
C00709,2025-11-17,0,0,0,0,0,0,0,0,0,0
C04985,2023-02-27,0,0,0,0,0,0,0,0,0,0
C05159,2023-09-25,0,0,0,0,0,0,0,0,0,0
C17145,2024-10-14,0,0,0,0,0,0,0,0,0,0
C01268,2025-06-09,0,0,0,0,0,0,0,0,0,0
C06119,2023-03-27,0,0,0,0,0,0,0,0,0,0
C06446,2025-11-10,0,0,0,0,0,0,0,0,0,0
C11969,2023-05-29,0,0,0,0,0,0,0,0,0,0
C02073,2023-03-13,0,0,0,0,0,0,0,0,0,0
C08006,2025-02-10,18,78,6,1509,3,50,13,0,0,15
C00956,2023-12-11,0,0,0,0,0,0,0,0,0,0
C07949,2025-04-14,0,0,0,0,0,0,0,0,0,0
C06023,2025-05-19,0,0,0,0,0,0,0,0,0,0
C17388,2023-07-03,0,0,0,0,0,0,0,0,0,0
C17646,2024-10-28,0,0,0,0,0,0,0,0,0,0
C01463,2024-09-02,0,0,0,0,0,0,0,0,0,0
C00678,2025-02-24,27,187,7,3344,4,90,41,0,20,36
C07242,2023-05-29,0,0,0,0,0,0,0,0,0,0
C02715,2024-07-29,0,0,0,0,0,0,0,0,0,0
C10563,2024-08-19,0,0,0,0,0,0,0,0,0,0
C15596,2025-11-10,10,68,6,1085,2,52,0,0,16,0
C17143,2023-01-02,0,0,0,0,0,0,0,0,0,0
C15605,2023-12-25,0,0,0,0,0,0,0,0,0,0
C05422,2024-09-16,0,0,0,0,0,0,0,0,0,0
C18914,2023-10-16,0,0,0,0,0,0,0,0,0,0
C01364,2023-09-11,0,0,0,0,0,0,0,0,0,0
C03198,2025-06-23,0,0,0,0,0,0,0,0,0,0
C10315,2024-05-20,0,0,0,0,0,0,0,0,0,0
C00674,2025-04-21,242,1616,7,31549,3,832,405,379,0,0
C11764,2025-01-27,0,0,0,0,0,0,0,0,0,0
C05029,2025-08-18,0,0,0,0,0,0,0,0,0,0
C15505,2025-02-03,0,0,0,0,0,0,0,0,0,0
C17359,2023-05-08,0,0,0,0,0,0,0,0,0,0
C07433,2024-04-29,0,0,0,0,0,0,0,0,0,0
C12185,2023-09-25,0,0,0,0,0,0,0,0,0,0
C18490,2023-07-17,0,0,0,0,0,0,0,0,0,0
C08425,2023-05-08,0,0,0,0,0,0,0,0,0,0
C00710,2024-02-12,0,0,0,0,0,0,0,0,0,0
C10382,2025-12-01,49,317,7,6424,3,177,97,43,0,0
C10174,2024-08-19,0,0,0,0,0,0,0,0,0,0
C02341,2024-08-05,20,122,6,2307,3,80,24,0,18,0
C16812,2024-10-07,0,0,0,0,0,0,0,0,0,0
C09135,2023-10-30,0,0,0,0,0,0,0,0,0,0
C02757,2025-06-02,0,0,0,0,0,0,0,0,0,0
C12982,2025-06-23,0,0,0,0,0,0,0,0,0,0
C10016,2025-06-02,0,0,0,0,0,0,0,0,0,0
C08984,2024-02-12,0,0,0,0,0,0,0,0,0,0
C09693,2023-10-16,0,0,0,0,0,0,0,0,0,0
C15466,2023-01-02,0,0,0,0,0,0,0,0,0,0
C06892,2024-09-23,22,72,5,1194,1,72,0,0,0,0
C02281,2023-05-22,0,0,0,0,0,0,0,0,0,0
C13383,2025-10-13,19,75,4,1249,1,75,0,0,0,0
C14496,2025-09-29,431,3022,7,62324,3,1688,860,0,0,474
C01223,2024-09-16,0,0,0,0,0,0,0,0,0,0
C18129,2024-02-05,0,0,0,0,0,0,0,0,0,0
C03258,2025-07-07,0,0,0,0,0,0,0,0,0,0
C19835,2025-07-21,0,0,0,0,0,0,0,0,0,0
C00977,2024-03-18,68,413,7,7859,3,250,105,0,58,0
C19772,2023-04-10,0,0,0,0,0,0,0,0,0,0
C01543,2025-12-08,10,30,4,605,1,30,0,0,0,0
C15752,2023-04-03,0,0,0,0,0,0,0,0,0,0
C12709,2024-07-22,41,312,5,5892,3,166,91,0,55,0
C04762,2025-05-26,115,794,7,15130,3,478,0,215,0,101
C11278,2025-11-24,0,0,0,0,0,0,0,0,0,0
C17317,2023-09-18,0,0,0,0,0,0,0,0,0,0
C07518,2023-07-10,0,0,0,0,0,0,0,0,0,0
C17844,2024-12-09,0,0,0,0,0,0,0,0,0,0
C03225,2023-10-16,0,0,0,0,0,0,0,0,0,0
C04241,2024-11-25,0,0,0,0,0,0,0,0,0,0
C13474,2025-04-21,0,0,0,0,0,0,0,0,0,0
C02812,2024-12-02,0,0,0,0,0,0,0,0,0,0
C14335,2023-07-24,0,0,0,0,0,0,0,0,0,0
C19981,2023-10-23,0,0,0,0,0,0,0,0,0,0
C07326,2024-04-08,0,0,0,0,0,0,0,0,0,0
C11807,2024-02-26,0,0,0,0,0,0,0,0,0,0
C06805,2025-02-17,0,0,0,0,0,0,0,0,0,0
C02623,2025-09-08,0,0,0,0,0,0,0,0,0,0
C01020,2023-07-17,0,0,0,0,0,0,0,0,0,0
C19262,2023-08-28,0,0,0,0,0,0,0,0,0,0
C09122,2025-05-19,1224,9492,6,226675,4,4106,2109,2093,0,1184
C11266,2023-09-11,0,0,0,0,0,0,0,0,0,0
C03213,2025-02-03,0,0,0,0,0,0,0,0,0,0
C15428,2025-09-15,449,2540,6,59742,2,1619,0,921,0,0
C11048,2023-01-30,0,0,0,0,0,0,0,0,0,0
C16287,2025-12-01,0,0,0,0,0,0,0,0,0,0
C08432,2023-09-11,0,0,0,0,0,0,0,0,0,0
C17150,2024-06-17,0,0,0,0,0,0,0,0,0,0
C08585,2024-11-11,453,3518,7,68241,4,1623,813,0,622,460
C16370,2023-03-27,0,0,0,0,0,0,0,0,0,0
C10257,2025-05-05,0,0,0,0,0,0,0,0,0,0
C10778,2023-08-21,0,0,0,0,0,0,0,0,0,0
C01378,2024-07-01,0,0,0,0,0,0,0,0,0,0
C02520,2025-05-05,0,0,0,0,0,0,0,0,0,0
C05022,2024-06-24,0,0,0,0,0,0,0,0,0,0
C14551,2023-01-30,0,0,0,0,0,0,0,0,0,0
C08288,2025-03-10,0,0,0,0,0,0,0,0,0,0
C08123,2024-05-20,0,0,0,0,0,0,0,0,0,0
C17263,2025-03-24,0,0,0,0,0,0,0,0,0,0
C06331,2025-02-24,42,197,7,4243,2,158,0,0,0,39
C04681,2024-04-08,0,0,0,0,0,0,0,0,0,0
C01286,2023-09-18,0,0,0,0,0,0,0,0,0,0
C06852,2023-09-25,0,0,0,0,0,0,0,0,0,0
C00816,2024-01-15,0,0,0,0,0,0,0,0,0,0
C03031,2024-08-05,421,2273,7,48430,2,1514,759,0,0,0
C19007,2025-07-07,0,0,0,0,0,0,0,0,0,0
C03411,2025-08-04,0,0,0,0,0,0,0,0,0,0
C15022,2024-11-04,0,0,0,0,0,0,0,0,0,0
C03147,2023-10-30,0,0,0,0,0,0,0,0,0,0
C07262,2023-05-01,0,0,0,0,0,0,0,0,0,0
C01196,2023-02-20,0,0,0,0,0,0,0,0,0,0
C13684,2025-12-15,0,0,0,0,0,0,0,0,0,0
C02622,2023-02-13,0,0,0,0,0,0,0,0,0,0
C01074,2024-08-05,0,0,0,0,0,0,0,0,0,0
C15170,2023-12-11,0,0,0,0,0,0,0,0,0,0
C19376,2024-09-30,0,0,0,0,0,0,0,0,0,0
C08411,2024-02-05,0,0,0,0,0,0,0,0,0,0
C12633,2025-07-07,0,0,0,0,0,0,0,0,0,0
C16231,2023-10-16,0,0,0,0,0,0,0,0,0,0
C12128,2025-12-22,183,609,5,11645,1,609,0,0,0,0
C05031,2023-01-09,0,0,0,0,0,0,0,0,0,0
C06296,2024-07-22,0,0,0,0,0,0,0,0,0,0
C19448,2024-10-07,0,0,0,0,0,0,0,0,0,0
C18569,2023-01-30,0,0,0,0,0,0,0,0,0,0
C06753,2025-10-13,0,0,0,0,0,0,0,0,0,0
C10823,2025-12-22,23,192,6,3693,4,89,34,37,32,0
C10495,2025-01-27,417,2134,7,38281,2,1548,0,0,586,0
C19092,2024-06-03,0,0,0,0,0,0,0,0,0,0
C11070,2023-05-29,0,0,0,0,0,0,0,0,0,0
C12317,2025-10-13,0,0,0,0,0,0,0,0,0,0
C19757,2025-05-05,57,226,5,3760,1,226,0,0,0,0
C17369,2023-08-28,0,0,0,0,0,0,0,0,0,0
C18768,2023-06-19,0,0,0,0,0,0,0,0,0,0
C00515,2023-07-10,0,0,0,0,0,0,0,0,0,0
C06661,2025-11-10,0,0,0,0,0,0,0,0,0,0
C19537,2023-02-20,0,0,0,0,0,0,0,0,0,0
C04574,2025-02-24,0,0,0,0,0,0,0,0,0,0
C11065,2023-05-22,0,0,0,0,0,0,0,0,0,0
C06026,2024-11-04,0,0,0,0,0,0,0,0,0,0
C11008,2023-10-16,0,0,0,0,0,0,0,0,0,0
C12224,2023-10-30,0,0,0,0,0,0,0,0,0,0
C18352,2024-09-30,0,0,0,0,0,0,0,0,0,0
C09886,2024-01-01,0,0,0,0,0,0,0,0,0,0
C12915,2024-11-11,0,0,0,0,0,0,0,0,0,0
C08534,2025-05-26,3439,26584,6,486544,4,12183,0,6408,4606,3387
C11710,2024-09-02,0,0,0,0,0,0,0,0,0,0
C04581,2023-02-06,0,0,0,0,0,0,0,0,0,0
C12369,2023-08-28,0,0,0,0,0,0,0,0,0,0
C18642,2023-09-25,0,0,0,0,0,0,0,0,0,0
C18297,2023-01-09,0,0,0,0,0,0,0,0,0,0
C02303,2025-01-27,13,50,5,1017,2,33,17,0,0,0
C16977,2025-06-16,0,0,0,0,0,0,0,0,0,0
C06112,2023-10-23,0,0,0,0,0,0,0,0,0,0
C07407,2023-02-20,0,0,0,0,0,0,0,0,0,0
C14647,2024-12-16,13,53,6,884,1,53,0,0,0,0
C14671,2024-08-05,0,0,0,0,0,0,0,0,0,0
C00855,2024-01-08,0,0,0,0,0,0,0,0,0,0
C04298,2023-10-23,0,0,0,0,0,0,0,0,0,0
C04038,2023-10-30,0,0,0,0,0,0,0,0,0,0
C18626,2023-05-15,0,0,0,0,0,0,0,0,0,0
C10191,2023-10-02,0,0,0,0,0,0,0,0,0,0
C17087,2023-10-23,0,0,0,0,0,0,0,0,0,0
C17868,2025-04-07,0,0,0,0,0,0,0,0,0,0
C17313,2025-03-10,0,0,0,0,0,0,0,0,0,0
C03190,2025-08-11,0,0,0,0,0,0,0,0,0,0
C04325,2024-06-03,0,0,0,0,0,0,0,0,0,0
C06965,2024-07-29,0,0,0,0,0,0,0,0,0,0
C01961,2024-03-18,0,0,0,0,0,0,0,0,0,0
C12399,2024-08-19,0,0,0,0,0,0,0,0,0,0
C08331,2024-09-16,0,0,0,0,0,0,0,0,0,0
C08285,2024-09-09,0,0,0,0,0,0,0,0,0,0
C18556,2023-08-21,0,0,0,0,0,0,0,0,0,0
C03086,2023-06-12,0,0,0,0,0,0,0,0,0,0
C01481,2024-01-01,0,0,0,0,0,0,0,0,0,0
C15089,2023-01-16,0,0,0,0,0,0,0,0,0,0
C03008,2024-06-17,0,0,0,0,0,0,0,0,0,0
C17065,2025-08-25,0,0,0,0,0,0,0,0,0,0
C02086,2023-11-13,0,0,0,0,0,0,0,0,0,0
C17757,2023-11-06,0,0,0,0,0,0,0,0,0,0
C15851,2023-02-27,0,0,0,0,0,0,0,0,0,0
C06228,2024-12-16,0,0,0,0,0,0,0,0,0,0
C05781,2024-08-19,0,0,0,0,0,0,0,0,0,0
C04038,2024-03-18,0,0,0,0,0,0,0,0,0,0
C11354,2024-10-21,57,494,5,9558,4,231,109,91,63,0
C01530,2025-09-22,0,0,0,0,0,0,0,0,0,0
C02185,2024-11-11,0,0,0,0,0,0,0,0,0,0
C17612,2024-07-22,0,0,0,0,0,0,0,0,0,0
C14811,2023-10-09,0,0,0,0,0,0,0,0,0,0
C09566,2025-12-01,273,1301,7,23820,2,883,418,0,0,0
C01060,2025-10-20,0,0,0,0,0,0,0,0,0,0
C14817,2026-01-05,193,1666,7,31025,4,680,340,355,291,0
C04382,2025-11-10,0,0,0,0,0,0,0,0,0,0
C09085,2024-02-05,0,0,0,0,0,0,0,0,0,0
C09157,2024-05-20,0,0,0,0,0,0,0,0,0,0
C01699,2024-02-05,0,0,0,0,0,0,0,0,0,0
C18265,2024-08-12,0,0,0,0,0,0,0,0,0,0
C19658,2025-08-11,0,0,0,0,0,0,0,0,0,0
C05131,2023-04-03,0,0,0,0,0,0,0,0,0,0
C19265,2023-12-18,0,0,0,0,0,0,0,0,0,0
C05576,2025-12-08,6,31,7,523,2,23,0,0,8,0
C11765,2025-06-02,178,1115,6,16131,3,644,0,250,221,0
C01373,2023-10-23,0,0,0,0,0,0,0,0,0,0
C05440,2025-11-24,48,222,5,4098,2,148,74,0,0,0
C16136,2024-04-01,0,0,0,0,0,0,0,0,0,0
C16846,2024-12-30,0,0,0,0,0,0,0,0,0,0
C04318,2024-08-26,0,0,0,0,0,0,0,0,0,0
C07441,2023-11-20,0,0,0,0,0,0,0,0,0,0
C09896,2023-01-23,0,0,0,0,0,0,0,0,0,0
C05043,2023-07-31,0,0,0,0,0,0,0,0,0,0
C09176,2025-03-24,932,6575,7,121786,4,3112,1394,0,1206,863
C09784,2025-07-14,0,0,0,0,0,0,0,0,0,0
C03891,2023-08-14,0,0,0,0,0,0,0,0,0,0
C05259,2023-06-26,0,0,0,0,0,0,0,0,0,0
C19879,2025-11-17,0,0,0,0,0,0,0,0,0,0
C00179,2023-11-06,0,0,0,0,0,0,0,0,0,0
C17937,2024-12-23,5,20,6,351,1,20,0,0,0,0
C14285,2024-10-14,36,144,6,2081,2,117,0,0,27,0
C05806,2023-01-16,0,0,0,0,0,0,0,0,0,0
C00604,2024-06-10,0,0,0,0,0,0,0,0,0,0
C06191,2024-12-30,0,0,0,0,0,0,0,0,0,0
C09655,2025-07-28,0,0,0,0,0,0,0,0,0,0
C01935,2023-11-27,0,0,0,0,0,0,0,0,0,0
C10295,2025-12-01,0,0,0,0,0,0,0,0,0,0
C01617,2024-06-24,0,0,0,0,0,0,0,0,0,0
C19051,2023-05-01,0,0,0,0,0,0,0,0,0,0
C00149,2023-12-04,0,0,0,0,0,0,0,0,0,0
C13103,2025-12-08,23,73,6,1471,1,73,0,0,0,0
C10903,2025-08-18,0,0,0,0,0,0,0,0,0,0
C14122,2024-02-12,0,0,0,0,0,0,0,0,0,0
C18290,2024-01-08,0,0,0,0,0,0,0,0,0,0
C11558,2024-11-18,0,0,0,0,0,0,0,0,0,0
C18237,2023-10-02,0,0,0,0,0,0,0,0,0,0
C13957,2024-12-09,0,0,0,0,0,0,0,0,0,0
C04137,2025-12-08,17,50,2,1010,1,50,0,0,0,0
C04156,2023-09-18,0,0,0,0,0,0,0,0,0,0
C07737,2025-03-03,0,0,0,0,0,0,0,0,0,0
C09931,2024-10-14,0,0,0,0,0,0,0,0,0,0
C03853,2024-12-09,0,0,0,0,0,0,0,0,0,0
C04673,2024-04-29,23,115,6,2021,2,79,0,36,0,0
C14558,2025-04-14,831,5946,6,111216,3,3125,0,1585,1236,0
C04166,2023-01-02,0,0,0,0,0,0,0,0,0,0
C18251,2023-03-13,0,0,0,0,0,0,0,0,0,0
C16233,2024-12-23,14,51,4,1010,2,26,25,0,0,0
C04308,2024-07-22,6,28,5,410,2,22,0,0,6,0
C03995,2025-03-24,0,0,0,0,0,0,0,0,0,0
C02347,2023-10-30,0,0,0,0,0,0,0,0,0,0
C19475,2024-03-04,0,0,0,0,0,0,0,0,0,0
C12376,2023-06-05,0,0,0,0,0,0,0,0,0,0
C18497,2025-11-17,0,0,0,0,0,0,0,0,0,0
C17168,2025-11-10,0,0,0,0,0,0,0,0,0,0
C08822,2024-03-18,0,0,0,0,0,0,0,0,0,0
C16832,2024-08-05,0,0,0,0,0,0,0,0,0,0
C02451,2023-05-01,0,0,0,0,0,0,0,0,0,0
C03276,2023-03-13,0,0,0,0,0,0,0,0,0,0
C05024,2023-01-09,0,0,0,0,0,0,0,0,0,0
C08592,2024-05-20,0,0,0,0,0,0,0,0,0,0
C12107,2024-03-18,0,0,0,0,0,0,0,0,0,0
C03629,2024-08-12,0,0,0,0,0,0,0,0,0,0
C04709,2024-08-12,0,0,0,0,0,0,0,0,0,0
C07741,2025-05-19,26,78,5,1261,1,78,0,0,0,0
C01181,2024-01-15,0,0,0,0,0,0,0,0,0,0
C04204,2025-06-23,0,0,0,0,0,0,0,0,0,0
C02048,2025-09-29,7,24,5,369,1,24,0,0,0,0
C01919,2025-12-15,0,0,0,0,0,0,0,0,0,0
C17680,2025-03-24,0,0,0,0,0,0,0,0,0,0
C15380,2024-08-26,0,0,0,0,0,0,0,0,0,0
C06586,2024-10-14,0,0,0,0,0,0,0,0,0,0
C19392,2023-09-04,0,0,0,0,0,0,0,0,0,0
C00863,2023-06-12,0,0,0,0,0,0,0,0,0,0
C13894,2024-08-12,18,91,7,1437,2,61,30,0,0,0
C11747,2025-06-16,0,0,0,0,0,0,0,0,0,0
C06037,2025-01-13,0,0,0,0,0,0,0,0,0,0
C18481,2025-03-03,0,0,0,0,0,0,0,0,0,0
C13336,2024-04-01,0,0,0,0,0,0,0,0,0,0
C18572,2025-06-16,0,0,0,0,0,0,0,0,0,0
C13799,2025-06-16,0,0,0,0,0,0,0,0,0,0
C19044,2024-03-18,0,0,0,0,0,0,0,0,0,0
C10597,2024-05-27,0,0,0,0,0,0,0,0,0,0
C13568,2024-11-18,0,0,0,0,0,0,0,0,0,0
C18043,2024-11-04,0,0,0,0,0,0,0,0,0,0
C14856,2024-09-23,0,0,0,0,0,0,0,0,0,0
C09903,2025-11-03,0,0,0,0,0,0,0,0,0,0
C03272,2023-02-06,0,0,0,0,0,0,0,0,0,0
C07369,2024-02-26,0,0,0,0,0,0,0,0,0,0
C14346,2024-01-29,0,0,0,0,0,0,0,0,0,0
C04117,2024-12-09,0,0,0,0,0,0,0,0,0,0
C06141,2023-04-17,0,0,0,0,0,0,0,0,0,0
C19187,2023-01-16,0,0,0,0,0,0,0,0,0,0
C11136,2024-09-23,0,0,0,0,0,0,0,0,0,0
C13016,2023-10-02,0,0,0,0,0,0,0,0,0,0
C16460,2025-11-17,21,97,7,1728,2,69,28,0,0,0
C17569,2024-11-18,4,16,5,286,2,12,0,0,4,0
C08713,2024-02-05,0,0,0,0,0,0,0,0,0,0
C06749,2024-06-10,0,0,0,0,0,0,0,0,0,0
C03699,2024-05-27,0,0,0,0,0,0,0,0,0,0
C16271,2024-10-07,0,0,0,0,0,0,0,0,0,0
C17331,2025-10-13,15,63,6,992,1,63,0,0,0,0
C16355,2024-01-08,0,0,0,0,0,0,0,0,0,0
C18991,2025-08-18,7,27,6,434,1,27,0,0,0,0
C10681,2023-10-02,0,0,0,0,0,0,0,0,0,0
C03042,2023-02-13,0,0,0,0,0,0,0,0,0,0
C03195,2025-08-25,0,0,0,0,0,0,0,0,0,0
C19762,2023-11-13,0,0,0,0,0,0,0,0,0,0
C15835,2024-06-10,0,0,0,0,0,0,0,0,0,0
C06366,2023-07-24,0,0,0,0,0,0,0,0,0,0
C06676,2024-10-21,0,0,0,0,0,0,0,0,0,0
C18617,2023-12-25,0,0,0,0,0,0,0,0,0,0
C13918,2024-03-11,0,0,0,0,0,0,0,0,0,0
C13843,2024-04-22,0,0,0,0,0,0,0,0,0,0
C13220,2025-06-09,0,0,0,0,0,0,0,0,0,0
C00351,2024-03-18,0,0,0,0,0,0,0,0,0,0
C15390,2023-06-12,0,0,0,0,0,0,0,0,0,0
C12223,2024-01-08,0,0,0,0,0,0,0,0,0,0
C06763,2024-05-27,0,0,0,0,0,0,0,0,0,0
C16317,2023-05-29,0,0,0,0,0,0,0,0,0,0
C00172,2025-04-07,31,98,4,1845,1,98,0,0,0,0
C06190,2023-01-09,0,0,0,0,0,0,0,0,0,0
C19708,2025-07-21,0,0,0,0,0,0,0,0,0,0
C06808,2023-10-23,0,0,0,0,0,0,0,0,0,0
C02390,2023-05-29,0,0,0,0,0,0,0,0,0,0
C15748,2023-02-27,0,0,0,0,0,0,0,0,0,0
C11699,2025-12-15,0,0,0,0,0,0,0,0,0,0
C07357,2026-01-05,0,0,0,0,0,0,0,0,0,0
C19052,2025-12-08,10,73,7,1405,4,30,23,17,0,3
C00601,2025-08-04,9,70,6,1394,3,31,20,19,0,0
C02694,2024-05-20,0,0,0,0,0,0,0,0,0,0
C11685,2025-07-07,0,0,0,0,0,0,0,0,0,0
C19845,2025-11-03,126,886,6,16739,5,338,157,179,129,83
C00734,2023-03-27,0,0,0,0,0,0,0,0,0,0
C04876,2024-12-23,0,0,0,0,0,0,0,0,0,0
C16555,2025-04-14,0,0,0,0,0,0,0,0,0,0
C09236,2024-07-15,0,0,0,0,0,0,0,0,0,0
C14760,2024-09-30,0,0,0,0,0,0,0,0,0,0
C14348,2025-05-12,0,0,0,0,0,0,0,0,0,0
C05217,2023-09-18,0,0,0,0,0,0,0,0,0,0
C02128,2023-01-30,0,0,0,0,0,0,0,0,0,0
C14376,2025-09-29,6,29,5,583,1,29,0,0,0,0
C00796,2025-09-08,0,0,0,0,0,0,0,0,0,0
C15556,2025-04-14,0,0,0,0,0,0,0,0,0,0
C02192,2024-12-30,0,0,0,0,0,0,0,0,0,0
C11222,2024-02-05,0,0,0,0,0,0,0,0,0,0
C07280,2024-08-12,0,0,0,0,0,0,0,0,0,0
C14363,2024-11-25,2945,24380,7,517016,5,9139,4448,4684,3495,2614
C04848,2024-11-18,440,3016,6,63261,3,1501,756,759,0,0
C02397,2025-02-03,0,0,0,0,0,0,0,0,0,0
C01744,2025-04-21,0,0,0,0,0,0,0,0,0,0
C19793,2023-05-22,0,0,0,0,0,0,0,0,0,0
C10288,2023-11-27,0,0,0,0,0,0,0,0,0,0
C04381,2025-02-03,0,0,0,0,0,0,0,0,0,0
C04391,2024-04-15,0,0,0,0,0,0,0,0,0,0
C15831,2023-06-19,0,0,0,0,0,0,0,0,0,0
C16563,2025-11-10,0,0,0,0,0,0,0,0,0,0
C02670,2025-02-17,0,0,0,0,0,0,0,0,0,0
C12846,2025-08-18,26,161,6,2910,3,95,27,39,0,0
C13507,2023-04-24,0,0,0,0,0,0,0,0,0,0
C19241,2024-06-03,0,0,0,0,0,0,0,0,0,0
C15781,2025-03-03,0,0,0,0,0,0,0,0,0,0
C06393,2024-04-29,0,0,0,0,0,0,0,0,0,0
C14858,2023-08-14,0,0,0,0,0,0,0,0,0,0
C04160,2025-03-17,0,0,0,0,0,0,0,0,0,0
C03076,2025-05-26,0,0,0,0,0,0,0,0,0,0
C17416,2024-05-06,0,0,0,0,0,0,0,0,0,0
C11603,2025-05-26,0,0,0,0,0,0,0,0,0,0
C07942,2024-03-04,0,0,0,0,0,0,0,0,0,0
C09388,2024-11-04,0,0,0,0,0,0,0,0,0,0
C04386,2023-07-10,0,0,0,0,0,0,0,0,0,0
C19012,2023-03-27,0,0,0,0,0,0,0,0,0,0
C15764,2023-06-19,0,0,0,0,0,0,0,0,0,0
C12949,2023-10-09,0,0,0,0,0,0,0,0,0,0
C08673,2023-08-28,0,0,0,0,0,0,0,0,0,0
C14524,2025-12-08,0,0,0,0,0,0,0,0,0,0
C02755,2024-11-18,1713,10127,6,191286,3,5758,2696,0,0,1673
C05640,2025-04-07,36,209,7,4138,4,88,45,0,47,29
C15697,2025-05-26,189,1033,7,20427,3,615,0,0,226,192
C10077,2024-03-04,0,0,0,0,0,0,0,0,0,0
C11133,2025-11-10,26,171,6,3233,2,108,0,63,0,0
C05201,2024-09-23,0,0,0,0,0,0,0,0,0,0
C14158,2023-10-02,0,0,0,0,0,0,0,0,0,0
C17447,2023-07-31,0,0,0,0,0,0,0,0,0,0
C13562,2023-05-22,0,0,0,0,0,0,0,0,0,0
C17860,2024-04-08,0,0,0,0,0,0,0,0,0,0
C02842,2025-05-05,40,120,7,2334,1,120,0,0,0,0
C07550,2025-03-03,0,0,0,0,0,0,0,0,0,0
C05468,2023-05-15,0,0,0,0,0,0,0,0,0,0
C13041,2024-01-15,0,0,0,0,0,0,0,0,0,0
C05155,2023-05-15,0,0,0,0,0,0,0,0,0,0
C07798,2024-07-01,0,0,0,0,0,0,0,0,0,0
C03363,2025-08-11,0,0,0,0,0,0,0,0,0,0
C03387,2025-10-06,57,202,4,4135,1,202,0,0,0,0
C15602,2025-01-06,4,9,4,191,2,6,3,0,0,0
C07886,2025-06-16,0,0,0,0,0,0,0,0,0,0
C06993,2025-10-06,0,0,0,0,0,0,0,0,0,0
C14120,2023-03-27,0,0,0,0,0,0,0,0,0,0
C15053,2025-09-01,0,0,0,0,0,0,0,0,0,0
C18133,2025-03-17,14,87,7,1903,3,44,30,0,0,13
C05345,2023-04-03,0,0,0,0,0,0,0,0,0,0
C14749,2023-02-20,0,0,0,0,0,0,0,0,0,0
C08797,2023-12-18,0,0,0,0,0,0,0,0,0,0
C17939,2025-12-22,54,198,5,4079,1,198,0,0,0,0
C09990,2023-03-13,0,0,0,0,0,0,0,0,0,0
C06618,2024-04-01,2033,12969,7,241195,3,6919,3427,0,2623,0
C10147,2023-07-31,0,0,0,0,0,0,0,0,0,0
C17178,2024-11-11,102,739,6,13814,4,366,161,0,115,97
C14910,2023-01-09,0,0,0,0,0,0,0,0,0,0
C05662,2025-04-28,0,0,0,0,0,0,0,0,0,0
C13788,2023-02-27,0,0,0,0,0,0,0,0,0,0
C00092,2025-06-16,624,4373,7,77326,3,2318,1179,0,876,0
C11568,2024-06-24,0,0,0,0,0,0,0,0,0,0
C13851,2024-05-20,0,0,0,0,0,0,0,0,0,0
C04815,2024-09-30,0,0,0,0,0,0,0,0,0,0
C13527,2025-03-31,0,0,0,0,0,0,0,0,0,0
C12653,2024-07-29,0,0,0,0,0,0,0,0,0,0
C15310,2023-11-06,0,0,0,0,0,0,0,0,0,0
C10213,2023-08-28,0,0,0,0,0,0,0,0,0,0
C02787,2025-11-03,0,0,0,0,0,0,0,0,0,0
C15129,2023-07-31,0,0,0,0,0,0,0,0,0,0
C06072,2024-03-18,0,0,0,0,0,0,0,0,0,0
C06561,2025-04-21,0,0,0,0,0,0,0,0,0,0
C09668,2025-02-03,0,0,0,0,0,0,0,0,0,0
C12523,2024-09-09,4671,22132,7,390803,2,17263,0,0,0,4869
C15182,2024-09-16,0,0,0,0,0,0,0,0,0,0
C04731,2024-03-11,0,0,0,0,0,0,0,0,0,0
C11448,2025-08-11,0,0,0,0,0,0,0,0,0,0
C11475,2024-05-06,0,0,0,0,0,0,0,0,0,0
C11231,2023-01-16,0,0,0,0,0,0,0,0,0,0
C10328,2023-08-14,0,0,0,0,0,0,0,0,0,0
C00274,2025-09-08,0,0,0,0,0,0,0,0,0,0
C14827,2023-04-17,0,0,0,0,0,0,0,0,0,0
C15244,2024-06-03,0,0,0,0,0,0,0,0,0,0
C15016,2024-09-09,0,0,0,0,0,0,0,0,0,0
C01025,2024-10-28,23,81,6,1341,2,59,0,0,22,0
C00422,2024-08-26,0,0,0,0,0,0,0,0,0,0
C05389,2023-05-15,0,0,0,0,0,0,0,0,0,0
C09535,2023-08-14,0,0,0,0,0,0,0,0,0,0
C16324,2023-01-23,0,0,0,0,0,0,0,0,0,0
C11476,2024-03-11,0,0,0,0,0,0,0,0,0,0
C12613,2025-02-17,0,0,0,0,0,0,0,0,0,0
C08251,2025-03-24,0,0,0,0,0,0,0,0,0,0
C10525,2024-04-15,0,0,0,0,0,0,0,0,0,0
C04328,2023-07-31,0,0,0,0,0,0,0,0,0,0
C00775,2023-03-13,0,0,0,0,0,0,0,0,0,0
C02157,2025-04-14,0,0,0,0,0,0,0,0,0,0
C10496,2025-11-17,8057,49294,5,877888,3,26167,13090,0,10037,0
C08425,2025-04-28,0,0,0,0,0,0,0,0,0,0
C17044,2024-01-08,0,0,0,0,0,0,0,0,0,0
C05768,2025-01-06,173,1169,7,20731,3,630,0,315,224,0
C12840,2023-04-10,0,0,0,0,0,0,0,0,0,0
C02795,2024-01-01,0,0,0,0,0,0,0,0,0,0
C10706,2023-03-27,0,0,0,0,0,0,0,0,0,0
C11869,2026-01-05,12,34,3,663,2,18,0,16,0,0
C18571,2024-01-08,0,0,0,0,0,0,0,0,0,0
C13406,2023-12-18,0,0,0,0,0,0,0,0,0,0
C12890,2025-12-08,0,0,0,0,0,0,0,0,0,0
C04166,2024-06-24,0,0,0,0,0,0,0,0,0,0
C17496,2024-12-09,0,0,0,0,0,0,0,0,0,0
C14732,2023-04-24,0,0,0,0,0,0,0,0,0,0
C18395,2025-07-07,40,137,5,2158,1,137,0,0,0,0
C15742,2025-04-14,14,62,5,983,2,49,13,0,0,0
C11824,2023-02-06,0,0,0,0,0,0,0,0,0,0
C13224,2024-08-05,2,0,1,0,0,0,0,0,0,0
C00839,2024-04-08,0,0,0,0,0,0,0,0,0,0
C00992,2025-04-21,0,0,0,0,0,0,0,0,0,0
C15736,2025-10-20,85,294,6,5542,2,213,0,0,0,81
C08094,2024-12-09,576,3794,6,72576,3,1972,862,960,0,0
C11085,2025-10-06,0,0,0,0,0,0,0,0,0,0
C07523,2025-10-06,10,55,7,1059,2,29,0,26,0,0
C16731,2025-04-07,16,71,7,1390,2,52,0,0,0,19
C03407,2025-04-21,0,0,0,0,0,0,0,0,0,0
C11438,2023-03-20,0,0,0,0,0,0,0,0,0,0
C07157,2025-12-29,0,0,0,0,0,0,0,0,0,0
C03836,2025-04-28,2,6,4,98,1,6,0,0,0,0
C13560,2025-03-03,0,0,0,0,0,0,0,0,0,0
C02467,2024-09-16,0,0,0,0,0,0,0,0,0,0
C05204,2024-04-01,0,0,0,0,0,0,0,0,0,0
C11026,2025-11-24,0,0,0,0,0,0,0,0,0,0
C00678,2025-07-28,23,160,7,2941,4,79,35,0,26,20
C02742,2025-07-07,110,571,7,10728,3,333,159,0,0,79
C16530,2023-10-02,0,0,0,0,0,0,0,0,0,0
C10307,2024-12-09,40,145,4,2768,1,145,0,0,0,0
C11261,2025-10-27,0,0,0,0,0,0,0,0,0,0
C11135,2025-05-05,81,408,5,10310,3,193,121,0,0,94
C03779,2024-10-21,0,0,0,0,0,0,0,0,0,0
C17373,2023-01-09,0,0,0,0,0,0,0,0,0,0
C14641,2023-07-03,0,0,0,0,0,0,0,0,0,0
C05049,2023-11-27,0,0,0,0,0,0,0,0,0,0
C02881,2024-07-08,0,0,0,0,0,0,0,0,0,0
C10807,2024-04-29,0,0,0,0,0,0,0,0,0,0
C00698,2023-10-23,0,0,0,0,0,0,0,0,0,0
C00523,2023-05-08,0,0,0,0,0,0,0,0,0,0
C15972,2023-04-17,0,0,0,0,0,0,0,0,0,0
C08053,2023-11-20,0,0,0,0,0,0,0,0,0,0
C01106,2023-11-27,0,0,0,0,0,0,0,0,0,0
C15040,2025-12-08,0,0,0,0,0,0,0,0,0,0
C08823,2024-12-30,0,0,0,0,0,0,0,0,0,0
C18217,2025-03-31,0,0,0,0,0,0,0,0,0,0
C03088,2023-06-05,0,0,0,0,0,0,0,0,0,0
C06701,2024-07-01,0,0,0,0,0,0,0,0,0,0
C19080,2023-01-16,0,0,0,0,0,0,0,0,0,0
C12032,2024-10-28,0,0,0,0,0,0,0,0,0,0
C01853,2023-01-23,0,0,0,0,0,0,0,0,0,0
C18004,2023-09-04,0,0,0,0,0,0,0,0,0,0
C01659,2025-06-30,32,90,7,1835,1,90,0,0,0,0
C16367,2026-01-05,0,0,0,0,0,0,0,0,0,0
C02710,2024-06-17,350,2910,7,58425,4,1249,597,568,496,0
C01123,2024-06-24,0,0,0,0,0,0,0,0,0,0
C19027,2024-12-23,0,0,0,0,0,0,0,0,0,0
C04691,2023-10-30,0,0,0,0,0,0,0,0,0,0
C09569,2023-11-13,0,0,0,0,0,0,0,0,0,0
C02035,2024-07-22,0,0,0,0,0,0,0,0,0,0
C01542,2024-04-01,0,0,0,0,0,0,0,0,0,0
C19778,2024-10-14,7,36,5,639,3,23,11,0,2,0
C18149,2024-05-13,0,0,0,0,0,0,0,0,0,0
C18672,2025-02-24,0,0,0,0,0,0,0,0,0,0
C10732,2024-10-07,0,0,0,0,0,0,0,0,0,0
C05065,2025-10-06,0,0,0,0,0,0,0,0,0,0
C17321,2025-08-04,0,0,0,0,0,0,0,0,0,0
C14737,2023-01-16,0,0,0,0,0,0,0,0,0,0
C04639,2023-10-16,0,0,0,0,0,0,0,0,0,0
C11677,2024-06-24,0,0,0,0,0,0,0,0,0,0
C08056,2023-09-18,0,0,0,0,0,0,0,0,0,0
C00040,2024-03-25,0,0,0,0,0,0,0,0,0,0
C02543,2025-12-15,25,127,5,2535,2,83,44,0,0,0
C17530,2023-03-20,0,0,0,0,0,0,0,0,0,0
C16489,2023-03-13,0,0,0,0,0,0,0,0,0,0
C04121,2025-06-16,0,0,0,0,0,0,0,0,0,0
C03009,2023-09-11,0,0,0,0,0,0,0,0,0,0
C11859,2024-07-15,0,0,0,0,0,0,0,0,0,0
C03821,2025-09-22,0,0,0,0,0,0,0,0,0,0
C12806,2024-04-01,0,0,0,0,0,0,0,0,0,0
C15312,2024-10-21,0,0,0,0,0,0,0,0,0,0
C10482,2025-06-02,0,0,0,0,0,0,0,0,0,0
C01794,2024-09-30,0,0,0,0,0,0,0,0,0,0
C12758,2024-01-15,0,0,0,0,0,0,0,0,0,0
C01813,2025-08-18,0,0,0,0,0,0,0,0,0,0
C00423,2023-08-14,0,0,0,0,0,0,0,0,0,0
C01559,2025-05-12,36,178,6,3157,2,109,69,0,0,0
C15108,2023-09-25,0,0,0,0,0,0,0,0,0,0
C09541,2025-04-14,0,0,0,0,0,0,0,0,0,0
C18136,2026-01-05,9,38,6,753,3,22,9,0,0,7
C15948,2025-11-10,53,279,6,6022,2,200,0,79,0,0
C03458,2023-06-26,0,0,0,0,0,0,0,0,0,0
C13206,2023-07-31,0,0,0,0,0,0,0,0,0,0
C00977,2024-03-11,70,474,6,9534,3,261,125,0,88,0
C08746,2024-04-01,0,0,0,0,0,0,0,0,0,0
C16412,2025-06-23,0,0,0,0,0,0,0,0,0,0
C15520,2025-09-22,0,0,0,0,0,0,0,0,0,0
C08540,2024-05-20,0,0,0,0,0,0,0,0,0,0
C17430,2025-03-03,14,100,7,1926,3,54,26,0,0,20
C02062,2023-03-13,0,0,0,0,0,0,0,0,0,0
C14675,2024-08-26,1407,11304,7,247856,5,4204,2087,2160,1613,1240
C11274,2025-05-05,7,15,3,232,1,15,0,0,0,0
C04348,2025-05-26,0,0,0,0,0,0,0,0,0,0
C18322,2023-05-29,0,0,0,0,0,0,0,0,0,0
C09380,2023-07-24,0,0,0,0,0,0,0,0,0,0
C05537,2023-08-07,0,0,0,0,0,0,0,0,0,0
C04109,2023-12-04,0,0,0,0,0,0,0,0,0,0
C01176,2024-01-01,0,0,0,0,0,0,0,0,0,0
C07112,2023-01-09,0,0,0,0,0,0,0,0,0,0
C19779,2025-11-03,0,0,0,0,0,0,0,0,0,0
C09863,2024-06-10,0,0,0,0,0,0,0,0,0,0
C09453,2025-10-06,114,708,6,11432,3,393,0,187,128,0
C01519,2023-10-02,0,0,0,0,0,0,0,0,0,0
C07699,2024-04-01,0,0,0,0,0,0,0,0,0,0
C12904,2024-03-11,0,0,0,0,0,0,0,0,0,0
C09596,2024-07-29,0,0,0,0,0,0,0,0,0,0
C10793,2024-04-01,0,0,0,0,0,0,0,0,0,0
C08671,2024-05-27,0,0,0,0,0,0,0,0,0,0
C05358,2023-08-28,0,0,0,0,0,0,0,0,0,0
C18020,2023-11-20,0,0,0,0,0,0,0,0,0,0
C17735,2024-05-06,0,0,0,0,0,0,0,0,0,0
C17558,2024-02-26,0,0,0,0,0,0,0,0,0,0
C18369,2023-02-27,0,0,0,0,0,0,0,0,0,0
C04364,2025-09-22,749,4811,6,86075,4,2060,1021,1032,698,0
C10920,2025-10-27,0,0,0,0,0,0,0,0,0,0
C07145,2024-04-22,0,0,0,0,0,0,0,0,0,0
C10988,2023-10-30,0,0,0,0,0,0,0,0,0,0
C08670,2025-11-24,0,0,0,0,0,0,0,0,0,0
C06885,2024-08-26,0,0,0,0,0,0,0,0,0,0
C10182,2024-12-02,466,3070,7,62627,3,1700,0,913,0,457
C09391,2025-07-28,0,0,0,0,0,0,0,0,0,0
C18242,2025-12-22,0,0,0,0,0,0,0,0,0,0
C09501,2024-03-04,0,0,0,0,0,0,0,0,0,0
C19519,2023-04-17,0,0,0,0,0,0,0,0,0,0
C19987,2025-05-12,369,3295,6,66539,4,1390,685,705,515,0
C16651,2023-04-24,0,0,0,0,0,0,0,0,0,0
C15134,2024-02-05,0,0,0,0,0,0,0,0,0,0
C08058,2024-02-12,0,0,0,0,0,0,0,0,0,0
C06597,2025-04-14,0,0,0,0,0,0,0,0,0,0
C04094,2025-09-15,0,0,0,0,0,0,0,0,0,0
C02171,2024-03-25,0,0,0,0,0,0,0,0,0,0
C19630,2023-11-27,0,0,0,0,0,0,0,0,0,0
C07405,2024-09-02,0,0,0,0,0,0,0,0,0,0
C17616,2023-10-16,0,0,0,0,0,0,0,0,0,0
C04015,2023-11-06,0,0,0,0,0,0,0,0,0,0
C07216,2023-09-04,0,0,0,0,0,0,0,0,0,0
C08108,2025-04-14,0,0,0,0,0,0,0,0,0,0
C16626,2023-05-08,0,0,0,0,0,0,0,0,0,0
C15555,2025-06-16,204,1199,6,23112,3,715,0,0,278,206
C01591,2023-10-16,0,0,0,0,0,0,0,0,0,0
C17006,2025-12-15,0,0,0,0,0,0,0,0,0,0
C01965,2025-03-10,0,0,0,0,0,0,0,0,0,0
C09280,2025-12-01,0,0,0,0,0,0,0,0,0,0
C09728,2024-04-15,0,0,0,0,0,0,0,0,0,0
C03804,2024-06-17,0,0,0,0,0,0,0,0,0,0
C19531,2024-05-27,0,0,0,0,0,0,0,0,0,0
C10518,2024-01-08,0,0,0,0,0,0,0,0,0,0
C18821,2025-11-10,2,7,6,97,1,7,0,0,0,0
C08394,2025-08-11,0,0,0,0,0,0,0,0,0,0
C05095,2023-05-01,0,0,0,0,0,0,0,0,0,0
C16039,2024-12-09,0,0,0,0,0,0,0,0,0,0
C13385,2024-05-06,0,0,0,0,0,0,0,0,0,0
C17225,2025-01-20,199,719,6,11703,1,719,0,0,0,0
C10499,2025-05-12,121,592,6,11927,2,436,0,0,156,0
C08145,2025-10-20,0,0,0,0,0,0,0,0,0,0
C08874,2023-03-20,0,0,0,0,0,0,0,0,0,0
C09275,2024-08-12,242,1454,7,30796,3,841,369,0,0,244
C01605,2025-04-14,0,0,0,0,0,0,0,0,0,0
C19765,2024-06-03,0,0,0,0,0,0,0,0,0,0
C05897,2023-05-22,0,0,0,0,0,0,0,0,0,0
C08881,2025-06-30,0,0,0,0,0,0,0,0,0,0
C15806,2024-07-08,143,1019,6,20366,3,513,281,0,225,0
C12115,2025-11-17,0,0,0,0,0,0,0,0,0,0
C17349,2024-03-04,0,0,0,0,0,0,0,0,0,0
C06152,2025-06-02,0,0,0,0,0,0,0,0,0,0
C14580,2025-04-28,0,0,0,0,0,0,0,0,0,0
C16636,2023-09-25,0,0,0,0,0,0,0,0,0,0
C08658,2023-11-27,0,0,0,0,0,0,0,0,0,0
C06003,2024-12-02,0,0,0,0,0,0,0,0,0,0
C09926,2023-11-06,0,0,0,0,0,0,0,0,0,0
C12667,2024-04-08,7,25,4,436,2,19,6,0,0,0
C15970,2024-02-05,0,0,0,0,0,0,0,0,0,0
C04315,2024-09-09,0,0,0,0,0,0,0,0,0,0
C16918,2024-11-04,0,0,0,0,0,0,0,0,0,0
C02901,2023-06-26,0,0,0,0,0,0,0,0,0,0
C10452,2023-08-14,0,0,0,0,0,0,0,0,0,0
C14225,2023-06-26,0,0,0,0,0,0,0,0,0,0
C15636,2025-07-14,0,0,0,0,0,0,0,0,0,0
C08796,2024-02-12,0,0,0,0,0,0,0,0,0,0
C01477,2023-07-03,0,0,0,0,0,0,0,0,0,0
C04436,2024-06-24,0,0,0,0,0,0,0,0,0,0
C18869,2024-06-24,22,129,7,2586,4,63,32,17,0,17
C00984,2024-03-18,0,0,0,0,0,0,0,0,0,0
C08624,2024-12-09,0,0,0,0,0,0,0,0,0,0
C19243,2023-03-20,0,0,0,0,0,0,0,0,0,0
C05795,2025-03-24,0,0,0,0,0,0,0,0,0,0
C08905,2023-07-03,0,0,0,0,0,0,0,0,0,0
C18648,2025-09-29,2418,22067,6,429942,5,8188,4077,4357,3052,2393
C01778,2023-07-10,0,0,0,0,0,0,0,0,0,0
C19688,2024-06-24,0,0,0,0,0,0,0,0,0,0
C13320,2023-01-23,0,0,0,0,0,0,0,0,0,0
C13624,2023-10-02,0,0,0,0,0,0,0,0,0,0
C02589,2025-12-22,0,0,0,0,0,0,0,0,0,0
C11365,2024-04-01,0,0,0,0,0,0,0,0,0,0
C05502,2023-06-19,0,0,0,0,0,0,0,0,0,0
C03464,2023-05-29,0,0,0,0,0,0,0,0,0,0
C18427,2024-02-12,0,0,0,0,0,0,0,0,0,0
C09136,2023-05-08,0,0,0,0,0,0,0,0,0,0
C10600,2024-12-16,2134,10982,7,217473,2,7277,3705,0,0,0
C13477,2024-10-28,0,0,0,0,0,0,0,0,0,0
C15955,2024-04-08,0,0,0,0,0,0,0,0,0,0
C08141,2025-03-03,0,0,0,0,0,0,0,0,0,0
C08832,2023-06-19,0,0,0,0,0,0,0,0,0,0
C08956,2025-01-27,0,0,0,0,0,0,0,0,0,0
C02300,2023-06-26,0,0,0,0,0,0,0,0,0,0
C01147,2025-07-21,41,200,6,3347,2,148,52,0,0,0
C04404,2023-01-16,0,0,0,0,0,0,0,0,0,0
C08858,2023-04-17,0,0,0,0,0,0,0,0,0,0
C06054,2023-05-22,0,0,0,0,0,0,0,0,0,0
C02638,2024-11-11,0,0,0,0,0,0,0,0,0,0
C04866,2025-02-03,0,0,0,0,0,0,0,0,0,0
C08651,2024-03-18,0,0,0,0,0,0,0,0,0,0
C06967,2023-12-11,0,0,0,0,0,0,0,0,0,0
C00896,2023-09-04,0,0,0,0,0,0,0,0,0,0
C12184,2025-07-28,0,0,0,0,0,0,0,0,0,0
C19844,2023-05-01,0,0,0,0,0,0,0,0,0,0
C19293,2025-11-17,42,168,7,2822,3,83,45,0,40,0
C04319,2023-11-13,0,0,0,0,0,0,0,0,0,0
C09859,2023-09-11,0,0,0,0,0,0,0,0,0,0
C03786,2024-01-08,0,0,0,0,0,0,0,0,0,0
C14480,2023-07-17,0,0,0,0,0,0,0,0,0,0
C04068,2023-11-20,0,0,0,0,0,0,0,0,0,0
C19030,2024-09-09,421,2727,5,55891,3,1513,0,761,0,453
C04261,2025-07-14,0,0,0,0,0,0,0,0,0,0
C18857,2023-01-23,0,0,0,0,0,0,0,0,0,0
C10688,2023-02-06,0,0,0,0,0,0,0,0,0,0
C08485,2025-12-22,214,1293,7,25557,4,626,288,0,222,157
C07582,2025-06-30,0,0,0,0,0,0,0,0,0,0
C04648,2023-03-27,0,0,0,0,0,0,0,0,0,0
C03378,2023-04-10,0,0,0,0,0,0,0,0,0,0
C11715,2023-08-21,0,0,0,0,0,0,0,0,0,0
C14962,2024-01-29,0,0,0,0,0,0,0,0,0,0
C15320,2024-07-08,0,0,0,0,0,0,0,0,0,0
C02538,2023-03-20,0,0,0,0,0,0,0,0,0,0
C06864,2024-08-12,28,90,6,1445,1,90,0,0,0,0
C00182,2023-09-04,0,0,0,0,0,0,0,0,0,0
C10125,2023-10-16,0,0,0,0,0,0,0,0,0,0
C05470,2025-07-28,19,94,7,1810,2,72,22,0,0,0
C18157,2023-07-31,0,0,0,0,0,0,0,0,0,0
C07531,2023-10-09,0,0,0,0,0,0,0,0,0,0
C08364,2023-09-04,0,0,0,0,0,0,0,0,0,0
C14514,2025-02-17,80,472,7,10281,3,226,112,134,0,0
C09576,2025-12-22,268,1528,5,29271,3,809,433,0,0,286
C06923,2025-03-24,11,46,7,966,3,25,15,0,0,6
C16489,2025-09-22,81,687,6,11817,4,352,146,0,100,89
C03238,2024-10-14,67,356,7,6526,2,238,0,0,118,0
C13710,2025-02-03,39,296,7,5465,4,135,99,0,43,19
C00568,2025-05-12,0,0,0,0,0,0,0,0,0,0
C03710,2025-12-08,123,370,5,6076,1,370,0,0,0,0
C12672,2024-12-23,0,0,0,0,0,0,0,0,0,0
C02597,2024-11-11,11,81,7,1563,3,49,25,7,0,0
C18933,2025-01-06,287,1623,6,27715,2,1068,0,555,0,0
C19704,2023-12-25,0,0,0,0,0,0,0,0,0,0
C14630,2023-08-21,0,0,0,0,0,0,0,0,0,0
C09369,2024-03-11,0,0,0,0,0,0,0,0,0,0
C16276,2024-04-01,0,0,0,0,0,0,0,0,0,0
C10085,2024-07-29,0,0,0,0,0,0,0,0,0,0
C19074,2024-01-01,0,0,0,0,0,0,0,0,0,0
C00607,2023-02-27,0,0,0,0,0,0,0,0,0,0
C09628,2025-05-05,0,0,0,0,0,0,0,0,0,0
C04190,2025-07-21,0,0,0,0,0,0,0,0,0,0
C02971,2023-11-13,0,0,0,0,0,0,0,0,0,0
C09511,2024-02-26,0,0,0,0,0,0,0,0,0,0
C01861,2024-08-12,124,851,5,17193,3,446,207,198,0,0
C02294,2024-04-01,49,243,5,5005,2,163,0,80,0,0
C18504,2023-07-03,0,0,0,0,0,0,0,0,0,0
C15545,2025-09-01,0,0,0,0,0,0,0,0,0,0
C12240,2025-08-18,0,0,0,0,0,0,0,0,0,0
C11541,2023-07-03,0,0,0,0,0,0,0,0,0,0
C00434,2023-06-05,0,0,0,0,0,0,0,0,0,0
C19789,2024-06-17,0,0,0,0,0,0,0,0,0,0
C02555,2023-07-10,0,0,0,0,0,0,0,0,0,0
C17260,2025-02-10,0,0,0,0,0,0,0,0,0,0
C08683,2024-04-29,0,0,0,0,0,0,0,0,0,0
C09344,2024-08-26,0,0,0,0,0,0,0,0,0,0
C17608,2024-12-02,0,0,0,0,0,0,0,0,0,0
C16515,2023-10-23,0,0,0,0,0,0,0,0,0,0
C00569,2023-02-20,0,0,0,0,0,0,0,0,0,0
C01217,2024-06-10,0,0,0,0,0,0,0,0,0,0
C09291,2025-12-29,0,0,0,0,0,0,0,0,0,0
C15404,2025-10-20,0,0,0,0,0,0,0,0,0,0
C01241,2023-01-16,0,0,0,0,0,0,0,0,0,0
C17764,2024-04-08,0,0,0,0,0,0,0,0,0,0
C11119,2025-06-02,0,0,0,0,0,0,0,0,0,0
C01427,2024-08-19,0,0,0,0,0,0,0,0,0,0
C04102,2025-01-27,75,302,6,5069,2,217,85,0,0,0
C12819,2025-07-14,0,0,0,0,0,0,0,0,0,0
C13564,2024-01-08,0,0,0,0,0,0,0,0,0,0
C08959,2024-09-23,0,0,0,0,0,0,0,0,0,0
C13313,2023-07-03,0,0,0,0,0,0,0,0,0,0
C00248,2024-09-23,0,0,0,0,0,0,0,0,0,0
C01523,2024-06-17,1486,10447,6,198634,3,5382,2500,2565,0,0
C07493,2024-07-22,0,0,0,0,0,0,0,0,0,0
C04065,2025-10-13,0,0,0,0,0,0,0,0,0,0
C08202,2023-11-13,0,0,0,0,0,0,0,0,0,0
C13276,2024-05-06,0,0,0,0,0,0,0,0,0,0
C10335,2024-03-11,0,0,0,0,0,0,0,0,0,0
C18647,2025-06-23,0,0,0,0,0,0,0,0,0,0
C14728,2024-08-12,0,0,0,0,0,0,0,0,0,0
C08971,2023-01-02,0,0,0,0,0,0,0,0,0,0
C10507,2024-12-02,263,2036,6,40370,4,883,429,441,0,283
C19043,2023-11-27,0,0,0,0,0,0,0,0,0,0
C13559,2023-10-09,0,0,0,0,0,0,0,0,0,0
C04933,2025-11-24,0,0,0,0,0,0,0,0,0,0
C02705,2025-10-27,253,827,5,17224,1,827,0,0,0,0
C02048,2024-11-18,0,0,0,0,0,0,0,0,0,0
C00261,2025-05-26,0,0,0,0,0,0,0,0,0,0
C16394,2024-08-12,86,335,6,6096,2,232,103,0,0,0
C10136,2024-12-23,0,0,0,0,0,0,0,0,0,0
C14696,2023-10-16,0,0,0,0,0,0,0,0,0,0
C15753,2024-10-07,0,0,0,0,0,0,0,0,0,0
C04480,2024-06-17,0,0,0,0,0,0,0,0,0,0
C11343,2025-04-28,2,14,6,245,1,14,0,0,0,0
C07569,2023-11-20,0,0,0,0,0,0,0,0,0,0
C07853,2024-04-22,0,0,0,0,0,0,0,0,0,0
C06494,2025-11-17,6,22,3,399,1,22,0,0,0,0
C11488,2024-12-30,0,0,0,0,0,0,0,0,0,0
C11845,2024-01-01,0,0,0,0,0,0,0,0,0,0
C11047,2023-11-20,0,0,0,0,0,0,0,0,0,0
C00732,2024-01-08,0,0,0,0,0,0,0,0,0,0
C08780,2024-09-30,7,29,4,524,1,29,0,0,0,0
C12521,2025-11-17,14,69,6,1284,3,38,19,0,12,0
C12334,2025-03-24,19,64,7,961,1,64,0,0,0,0
C03719,2024-03-18,0,0,0,0,0,0,0,0,0,0
C19293,2024-10-21,0,0,0,0,0,0,0,0,0,0
C01247,2024-02-05,0,0,0,0,0,0,0,0,0,0
C09912,2023-07-31,0,0,0,0,0,0,0,0,0,0
C16771,2024-10-21,0,0,0,0,0,0,0,0,0,0
C12975,2025-08-25,0,0,0,0,0,0,0,0,0,0
C19288,2025-04-21,0,0,0,0,0,0,0,0,0,0
C08219,2024-07-15,0,0,0,0,0,0,0,0,0,0
C01409,2025-07-07,0,0,0,0,0,0,0,0,0,0
C19905,2023-10-23,0,0,0,0,0,0,0,0,0,0
C16826,2023-12-18,0,0,0,0,0,0,0,0,0,0
C07661,2023-04-03,0,0,0,0,0,0,0,0,0,0
C05335,2023-10-09,0,0,0,0,0,0,0,0,0,0
C01150,2025-06-09,0,0,0,0,0,0,0,0,0,0
C19834,2025-10-20,0,0,0,0,0,0,0,0,0,0
C03774,2025-01-20,132,1076,7,21950,4,503,274,0,162,137
C00777,2024-03-11,0,0,0,0,0,0,0,0,0,0
C00704,2024-04-01,0,0,0,0,0,0,0,0,0,0
C00020,2023-02-20,0,0,0,0,0,0,0,0,0,0
C05147,2025-08-18,0,0,0,0,0,0,0,0,0,0
C19526,2024-10-07,0,0,0,0,0,0,0,0,0,0
C14931,2025-08-25,0,0,0,0,0,0,0,0,0,0
C16115,2023-10-30,0,0,0,0,0,0,0,0,0,0
C11337,2024-09-16,0,0,0,0,0,0,0,0,0,0
C05646,2023-03-27,0,0,0,0,0,0,0,0,0,0
C11747,2025-11-17,33,152,7,2868,2,118,0,0,0,34
C04938,2024-04-22,0,0,0,0,0,0,0,0,0,0
C12717,2025-05-05,0,0,0,0,0,0,0,0,0,0
C08809,2024-07-29,0,0,0,0,0,0,0,0,0,0
C15979,2024-06-10,0,0,0,0,0,0,0,0,0,0
C15911,2023-07-31,0,0,0,0,0,0,0,0,0,0
C10364,2024-08-26,0,0,0,0,0,0,0,0,0,0
C13840,2023-01-09,0,0,0,0,0,0,0,0,0,0
C03440,2023-01-02,0,0,0,0,0,0,0,0,0,0
C13425,2025-02-17,0,0,0,0,0,0,0,0,0,0
C07691,2024-11-11,0,0,0,0,0,0,0,0,0,0
C17000,2023-02-13,0,0,0,0,0,0,0,0,0,0
C04618,2024-07-01,33,164,5,3154,2,98,0,66,0,0
C09900,2023-06-19,0,0,0,0,0,0,0,0,0,0
C04212,2023-10-23,0,0,0,0,0,0,0,0,0,0
C06900,2025-04-14,0,0,0,0,0,0,0,0,0,0
C08999,2023-09-04,0,0,0,0,0,0,0,0,0,0
C13284,2023-10-23,0,0,0,0,0,0,0,0,0,0
C05762,2023-11-20,0,0,0,0,0,0,0,0,0,0
C07867,2023-09-04,0,0,0,0,0,0,0,0,0,0
C05863,2024-07-01,0,0,0,0,0,0,0,0,0,0
C13248,2023-01-23,0,0,0,0,0,0,0,0,0,0
C07978,2024-09-16,0,0,0,0,0,0,0,0,0,0
C14952,2024-06-17,0,0,0,0,0,0,0,0,0,0
C17882,2025-05-19,0,0,0,0,0,0,0,0,0,0
C09463,2023-09-18,0,0,0,0,0,0,0,0,0,0
C10927,2025-11-17,0,0,0,0,0,0,0,0,0,0
C10463,2025-10-06,20,96,6,1810,2,67,0,0,29,0
C12512,2023-06-19,0,0,0,0,0,0,0,0,0,0
C04558,2025-12-01,0,0,0,0,0,0,0,0,0,0
C12424,2023-11-13,0,0,0,0,0,0,0,0,0,0
C03404,2025-09-22,0,0,0,0,0,0,0,0,0,0
C19130,2025-09-15,0,0,0,0,0,0,0,0,0,0
C12237,2023-06-26,0,0,0,0,0,0,0,0,0,0
C08654,2025-06-02,0,0,0,0,0,0,0,0,0,0
C10943,2023-03-06,0,0,0,0,0,0,0,0,0,0
C05849,2024-10-28,0,0,0,0,0,0,0,0,0,0
C14404,2024-05-13,0,0,0,0,0,0,0,0,0,0
C14910,2023-07-31,0,0,0,0,0,0,0,0,0,0
C15608,2023-09-11,0,0,0,0,0,0,0,0,0,0
C07636,2023-11-13,0,0,0,0,0,0,0,0,0,0
C04912,2024-10-28,0,0,0,0,0,0,0,0,0,0
C03702,2025-09-01,4,30,6,553,4,15,0,5,5,5
C09218,2023-07-17,0,0,0,0,0,0,0,0,0,0
C17048,2023-03-13,0,0,0,0,0,0,0,0,0,0
C05987,2024-07-22,3,5,4,87,1,5,0,0,0,0
C11757,2023-01-23,0,0,0,0,0,0,0,0,0,0
C01928,2023-01-02,0,0,0,0,0,0,0,0,0,0
C12828,2025-04-14,4,22,7,372,3,8,7,0,7,0
C10942,2023-10-23,0,0,0,0,0,0,0,0,0,0
C19896,2023-02-13,0,0,0,0,0,0,0,0,0,0
C01351,2023-01-23,0,0,0,0,0,0,0,0,0,0
C02435,2024-05-27,0,0,0,0,0,0,0,0,0,0
C12838,2025-09-01,0,0,0,0,0,0,0,0,0,0
C19306,2025-07-14,74,526,7,8328,3,276,154,0,96,0
C00786,2025-12-01,3,9,3,194,2,8,1,0,0,0
C04099,2025-02-03,168,820,6,14690,2,543,277,0,0,0
C09628,2023-07-17,0,0,0,0,0,0,0,0,0,0
C12690,2024-03-18,0,0,0,0,0,0,0,0,0,0
C07097,2025-06-02,27,71,2,1350,1,71,0,0,0,0
C17087,2025-07-21,0,0,0,0,0,0,0,0,0,0
C10964,2025-04-21,0,0,0,0,0,0,0,0,0,0
C04040,2025-01-13,0,0,0,0,0,0,0,0,0,0
C11508,2024-05-13,0,0,0,0,0,0,0,0,0,0
C11535,2023-02-27,0,0,0,0,0,0,0,0,0,0
C04224,2023-01-16,0,0,0,0,0,0,0,0,0,0
C02251,2024-06-03,2,6,6,93,1,6,0,0,0,0
C09277,2025-09-01,0,0,0,0,0,0,0,0,0,0
C01368,2024-10-07,0,0,0,0,0,0,0,0,0,0
C10375,2025-12-22,0,0,0,0,0,0,0,0,0,0
C01452,2024-04-29,0,0,0,0,0,0,0,0,0,0
C17380,2023-01-23,0,0,0,0,0,0,0,0,0,0
C14110,2023-07-24,0,0,0,0,0,0,0,0,0,0
C18577,2024-02-05,0,0,0,0,0,0,0,0,0,0
C05112,2023-09-04,0,0,0,0,0,0,0,0,0,0
C15396,2024-09-23,0,0,0,0,0,0,0,0,0,0
C19087,2023-04-10,0,0,0,0,0,0,0,0,0,0
C05162,2024-05-13,0,0,0,0,0,0,0,0,0,0
C13182,2024-10-07,145,719,7,14116,3,436,0,192,0,91
C12754,2023-04-10,0,0,0,0,0,0,0,0,0,0
C06712,2024-10-07,0,0,0,0,0,0,0,0,0,0
C19694,2023-04-03,0,0,0,0,0,0,0,0,0,0
C18518,2024-03-18,0,0,0,0,0,0,0,0,0,0
C08752,2024-06-03,0,0,0,0,0,0,0,0,0,0
C07649,2025-02-17,0,0,0,0,0,0,0,0,0,0
C00792,2023-12-18,0,0,0,0,0,0,0,0,0,0
C09984,2024-03-04,0,0,0,0,0,0,0,0,0,0
C18616,2023-06-19,0,0,0,0,0,0,0,0,0,0
C09573,2023-05-22,0,0,0,0,0,0,0,0,0,0
C17058,2025-09-29,0,0,0,0,0,0,0,0,0,0
C03257,2025-02-24,0,0,0,0,0,0,0,0,0,0
C04700,2023-09-11,0,0,0,0,0,0,0,0,0,0
C10658,2025-02-03,0,0,0,0,0,0,0,0,0,0
C04792,2024-10-14,13,50,6,1043,2,38,12,0,0,0
C10287,2023-11-13,0,0,0,0,0,0,0,0,0,0
C05558,2025-03-10,8,30,5,548,2,26,0,0,0,4
C07289,2024-05-27,0,0,0,0,0,0,0,0,0,0
C16537,2025-02-17,0,0,0,0,0,0,0,0,0,0
C07890,2023-09-18,0,0,0,0,0,0,0,0,0,0
C19850,2023-07-17,0,0,0,0,0,0,0,0,0,0
C15114,2023-07-03,0,0,0,0,0,0,0,0,0,0
C11048,2025-09-01,0,0,0,0,0,0,0,0,0,0
C05220,2023-01-30,0,0,0,0,0,0,0,0,0,0
C17719,2025-05-12,0,0,0,0,0,0,0,0,0,0
C19651,2023-03-27,0,0,0,0,0,0,0,0,0,0
C02387,2023-01-30,0,0,0,0,0,0,0,0,0,0
C00553,2023-03-27,0,0,0,0,0,0,0,0,0,0
C09789,2025-12-15,0,0,0,0,0,0,0,0,0,0
C19286,2024-06-03,0,0,0,0,0,0,0,0,0,0
C11989,2025-09-01,0,0,0,0,0,0,0,0,0,0
C15569,2024-03-11,8,37,7,680,2,29,0,0,8,0
C17062,2024-06-03,0,0,0,0,0,0,0,0,0,0
C01446,2025-10-27,0,0,0,0,0,0,0,0,0,0
C04075,2024-09-23,0,0,0,0,0,0,0,0,0,0
C10754,2024-01-01,0,0,0,0,0,0,0,0,0,0
C17942,2025-09-01,5,27,6,472,1,27,0,0,0,0
C08465,2023-08-14,0,0,0,0,0,0,0,0,0,0
C12503,2023-02-27,0,0,0,0,0,0,0,0,0,0
C03449,2024-09-30,33,162,5,2698,2,101,61,0,0,0
C01279,2024-03-18,0,0,0,0,0,0,0,0,0,0
C04071,2023-03-27,0,0,0,0,0,0,0,0,0,0
C04218,2023-06-26,0,0,0,0,0,0,0,0,0,0
C05476,2024-11-18,5,9,5,141,1,9,0,0,0,0
C15994,2025-08-25,0,0,0,0,0,0,0,0,0,0
C18409,2023-07-17,0,0,0,0,0,0,0,0,0,0
C01023,2023-01-09,0,0,0,0,0,0,0,0,0,0
C05218,2025-07-21,0,0,0,0,0,0,0,0,0,0
C08447,2025-05-05,55,259,5,4573,2,204,0,0,0,55
C17683,2024-11-11,44,226,6,4375,2,150,76,0,0,0
C02366,2024-03-25,0,0,0,0,0,0,0,0,0,0
C03180,2025-10-06,0,0,0,0,0,0,0,0,0,0
C01164,2025-01-13,0,0,0,0,0,0,0,0,0,0
C04834,2025-09-22,0,0,0,0,0,0,0,0,0,0
C13186,2023-10-23,0,0,0,0,0,0,0,0,0,0
C18430,2024-07-08,14,68,7,1341,2,45,23,0,0,0
C18848,2023-12-25,0,0,0,0,0,0,0,0,0,0
C09976,2024-04-15,0,0,0,0,0,0,0,0,0,0
C07605,2024-01-22,0,0,0,0,0,0,0,0,0,0
C01108,2023-03-06,0,0,0,0,0,0,0,0,0,0
C07055,2025-09-08,0,0,0,0,0,0,0,0,0,0
C08650,2023-07-17,0,0,0,0,0,0,0,0,0,0
C12544,2023-06-12,0,0,0,0,0,0,0,0,0,0
C07790,2024-08-19,0,0,0,0,0,0,0,0,0,0
C01353,2024-07-15,45,248,7,4970,2,165,83,0,0,0
C15394,2024-11-11,366,2025,7,48351,2,1400,625,0,0,0
C16142,2023-01-23,0,0,0,0,0,0,0,0,0,0
C19230,2024-10-07,0,0,0,0,0,0,0,0,0,0
C14599,2024-08-26,0,0,0,0,0,0,0,0,0,0
C11283,2023-01-02,0,0,0,0,0,0,0,0,0,0
C11175,2023-06-12,0,0,0,0,0,0,0,0,0,0
C10934,2024-05-20,0,0,0,0,0,0,0,0,0,0
C00515,2025-10-27,4,14,5,284,2,7,0,7,0,0
C05167,2024-08-26,0,0,0,0,0,0,0,0,0,0
C14361,2025-12-22,0,0,0,0,0,0,0,0,0,0
C16809,2024-04-01,0,0,0,0,0,0,0,0,0,0
C09561,2025-02-03,0,0,0,0,0,0,0,0,0,0
C02526,2023-09-11,0,0,0,0,0,0,0,0,0,0
C08479,2025-09-22,0,0,0,0,0,0,0,0,0,0
C07969,2024-09-16,0,0,0,0,0,0,0,0,0,0
C07739,2025-04-07,0,0,0,0,0,0,0,0,0,0
C00982,2024-08-12,0,0,0,0,0,0,0,0,0,0
C06218,2023-02-27,0,0,0,0,0,0,0,0,0,0
C04854,2024-01-08,0,0,0,0,0,0,0,0,0,0
C19017,2025-10-27,53,142,6,2394,1,142,0,0,0,0
C17875,2025-02-10,0,0,0,0,0,0,0,0,0,0
C08968,2023-11-20,0,0,0,0,0,0,0,0,0,0
C19823,2024-09-02,13,32,4,512,1,32,0,0,0,0
C12177,2023-12-04,0,0,0,0,0,0,0,0,0,0
C12940,2025-07-07,0,0,0,0,0,0,0,0,0,0
C16843,2023-02-13,0,0,0,0,0,0,0,0,0,0
C11403,2025-08-25,19,75,2,1445,1,75,0,0,0,0
C05456,2023-03-06,0,0,0,0,0,0,0,0,0,0
C12545,2023-05-15,0,0,0,0,0,0,0,0,0,0
C02686,2023-05-15,0,0,0,0,0,0,0,0,0,0
C11593,2025-12-22,0,0,0,0,0,0,0,0,0,0
C01593,2024-11-04,1870,13305,7,242441,4,6313,3007,0,2273,1712
C06572,2025-08-18,3,10,5,180,2,8,2,0,0,0
C03610,2024-05-13,0,0,0,0,0,0,0,0,0,0
C12643,2024-07-22,0,0,0,0,0,0,0,0,0,0
C01165,2023-01-02,0,0,0,0,0,0,0,0,0,0
C03854,2026-01-05,2,7,4,159,1,7,0,0,0,0
C01571,2024-03-11,0,0,0,0,0,0,0,0,0,0
C09134,2023-02-27,0,0,0,0,0,0,0,0,0,0
C11979,2023-10-23,0,0,0,0,0,0,0,0,0,0
C02800,2025-07-14,0,0,0,0,0,0,0,0,0,0
C05899,2024-04-01,18,67,5,1373,2,42,0,25,0,0
C10010,2024-03-25,45,288,7,6079,3,174,76,0,0,38
C07635,2024-03-11,0,0,0,0,0,0,0,0,0,0
C04462,2024-09-09,0,0,0,0,0,0,0,0,0,0
C18345,2024-02-05,0,0,0,0,0,0,0,0,0,0
C17507,2023-11-20,0,0,0,0,0,0,0,0,0,0
C02725,2024-12-30,0,0,0,0,0,0,0,0,0,0
C08431,2024-03-18,0,0,0,0,0,0,0,0,0,0
C18906,2025-04-21,0,0,0,0,0,0,0,0,0,0
C01006,2023-11-13,0,0,0,0,0,0,0,0,0,0
C00267,2025-03-17,0,0,0,0,0,0,0,0,0,0
C16401,2024-01-01,0,0,0,0,0,0,0,0,0,0
C03589,2024-08-26,0,0,0,0,0,0,0,0,0,0
C07629,2023-06-19,0,0,0,0,0,0,0,0,0,0
C12194,2024-03-11,0,0,0,0,0,0,0,0,0,0
C17463,2024-06-17,0,0,0,0,0,0,0,0,0,0
C09251,2024-04-01,0,0,0,0,0,0,0,0,0,0
C19214,2024-12-30,0,0,0,0,0,0,0,0,0,0
C14410,2024-07-22,0,0,0,0,0,0,0,0,0,0
C01398,2023-06-12,0,0,0,0,0,0,0,0,0,0
C06581,2023-10-02,0,0,0,0,0,0,0,0,0,0
C06622,2023-03-06,0,0,0,0,0,0,0,0,0,0
C00968,2024-07-29,0,0,0,0,0,0,0,0,0,0
C02167,2025-03-24,850,8451,5,152818,5,3146,1563,1725,1137,880
C15147,2025-10-06,0,0,0,0,0,0,0,0,0,0
C13898,2023-04-17,0,0,0,0,0,0,0,0,0,0
C05605,2023-08-07,0,0,0,0,0,0,0,0,0,0
C10493,2023-07-24,0,0,0,0,0,0,0,0,0,0
C10421,2024-04-15,0,0,0,0,0,0,0,0,0,0
C05089,2024-07-08,0,0,0,0,0,0,0,0,0,0
C13291,2025-02-17,0,0,0,0,0,0,0,0,0,0
C00052,2024-11-04,0,0,0,0,0,0,0,0,0,0
C06188,2025-10-20,0,0,0,0,0,0,0,0,0,0
C15223,2025-04-07,642,3521,7,71681,2,2356,1165,0,0,0
C02664,2023-07-24,0,0,0,0,0,0,0,0,0,0
C19291,2025-07-21,0,0,0,0,0,0,0,0,0,0
C13040,2024-01-22,0,0,0,0,0,0,0,0,0,0
C12292,2023-03-13,0,0,0,0,0,0,0,0,0,0
C09328,2025-06-02,0,0,0,0,0,0,0,0,0,0
C18772,2023-01-02,0,0,0,0,0,0,0,0,0,0
C05733,2023-05-15,0,0,0,0,0,0,0,0,0,0
C12580,2025-04-21,11,52,7,1009,2,39,13,0,0,0
C08393,2025-02-17,0,0,0,0,0,0,0,0,0,0
C10189,2024-06-24,0,0,0,0,0,0,0,0,0,0
C08309,2023-04-10,0,0,0,0,0,0,0,0,0,0
C17053,2025-10-06,0,0,0,0,0,0,0,0,0,0
C09556,2023-07-24,0,0,0,0,0,0,0,0,0,0
C17123,2024-01-01,0,0,0,0,0,0,0,0,0,0
C14353,2023-07-31,0,0,0,0,0,0,0,0,0,0
C04782,2025-04-14,0,0,0,0,0,0,0,0,0,0
C02117,2025-07-14,0,0,0,0,0,0,0,0,0,0
C13377,2024-06-10,0,0,0,0,0,0,0,0,0,0
C15826,2023-07-10,0,0,0,0,0,0,0,0,0,0
C04611,2024-04-15,0,0,0,0,0,0,0,0,0,0
C19457,2025-02-17,37,184,5,3225,2,116,0,68,0,0
C07733,2025-02-17,34,182,7,3168,2,141,0,0,0,41
C13498,2023-08-14,0,0,0,0,0,0,0,0,0,0
C04461,2025-05-19,0,0,0,0,0,0,0,0,0,0
C03172,2023-07-31,0,0,0,0,0,0,0,0,0,0
C03812,2024-08-05,0,0,0,0,0,0,0,0,0,0
C07614,2023-12-18,0,0,0,0,0,0,0,0,0,0
C15890,2025-12-29,52,295,5,5668,2,213,82,0,0,0
C00848,2025-03-31,0,0,0,0,0,0,0,0,0,0
C07881,2023-12-25,0,0,0,0,0,0,0,0,0,0
C12835,2024-12-23,15,53,5,1047,1,53,0,0,0,0
C06153,2025-10-13,0,0,0,0,0,0,0,0,0,0
C01850,2025-08-18,0,0,0,0,0,0,0,0,0,0
C17348,2025-12-08,0,0,0,0,0,0,0,0,0,0
C03035,2025-03-03,487,3200,5,58547,4,1359,690,774,0,377
C00399,2023-09-18,0,0,0,0,0,0,0,0,0,0
C09344,2023-08-28,0,0,0,0,0,0,0,0,0,0
C03331,2024-02-05,0,0,0,0,0,0,0,0,0,0
C15016,2024-12-23,0,0,0,0,0,0,0,0,0,0
C13801,2023-07-31,0,0,0,0,0,0,0,0,0,0
C09376,2023-01-16,0,0,0,0,0,0,0,0,0,0
C13925,2023-09-18,0,0,0,0,0,0,0,0,0,0
C18497,2025-04-21,0,0,0,0,0,0,0,0,0,0
C11621,2025-01-06,0,0,0,0,0,0,0,0,0,0
C10198,2025-08-18,86,493,7,9795,4,205,112,124,0,52
C13580,2024-09-02,29,79,3,1262,1,79,0,0,0,0
C11782,2024-05-06,0,0,0,0,0,0,0,0,0,0
C19598,2025-10-13,0,0,0,0,0,0,0,0,0,0
C19248,2024-12-30,25,145,7,2911,3,89,0,38,0,18
C03573,2023-01-02,0,0,0,0,0,0,0,0,0,0
C08351,2025-02-03,710,5526,6,115301,3,2758,1412,1356,0,0
C00761,2025-03-17,0,0,0,0,0,0,0,0,0,0
C16900,2023-07-10,0,0,0,0,0,0,0,0,0,0
C19146,2024-11-18,0,0,0,0,0,0,0,0,0,0
C06237,2025-10-27,7,34,7,694,2,24,0,0,10,0
C16518,2023-04-17,0,0,0,0,0,0,0,0,0,0
C08406,2023-03-06,0,0,0,0,0,0,0,0,0,0
C05984,2024-03-18,0,0,0,0,0,0,0,0,0,0
C06918,2025-11-24,63,326,7,5665,3,173,0,81,72,0
C11498,2025-08-04,2012,19265,6,380373,5,7073,3684,3606,2774,2128
C13222,2024-04-15,0,0,0,0,0,0,0,0,0,0
C12902,2024-04-15,0,0,0,0,0,0,0,0,0,0
C18234,2024-04-08,286,1403,6,28784,2,1078,0,0,0,325
C11216,2025-10-13,0,0,0,0,0,0,0,0,0,0
C07590,2025-09-15,5,22,5,400,2,15,0,0,7,0
C18462,2023-04-10,0,0,0,0,0,0,0,0,0,0
C04447,2025-12-29,0,0,0,0,0,0,0,0,0,0
C08756,2024-08-19,0,0,0,0,0,0,0,0,0,0
C12695,2025-01-06,53,248,7,4455,2,193,0,0,0,55
C12151,2025-07-28,0,0,0,0,0,0,0,0,0,0
C08443,2023-10-09,0,0,0,0,0,0,0,0,0,0
C14314,2024-05-27,0,0,0,0,0,0,0,0,0,0
C15831,2024-02-26,0,0,0,0,0,0,0,0,0,0
C00888,2023-07-17,0,0,0,0,0,0,0,0,0,0
C13116,2025-03-31,361,2562,7,47570,3,1316,621,625,0,0
C17866,2024-02-05,0,0,0,0,0,0,0,0,0,0
C06030,2024-10-07,0,0,0,0,0,0,0,0,0,0
C06199,2025-10-06,56,363,7,7637,3,207,100,0,0,56
C09663,2024-11-18,0,0,0,0,0,0,0,0,0,0
C14100,2025-03-31,10,37,4,643,2,33,4,0,0,0
C11032,2025-11-10,0,0,0,0,0,0,0,0,0,0
C07770,2024-06-17,0,0,0,0,0,0,0,0,0,0
C16604,2024-10-07,0,0,0,0,0,0,0,0,0,0
C18839,2025-12-22,0,0,0,0,0,0,0,0,0,0
C12805,2023-08-07,0,0,0,0,0,0,0,0,0,0
C17085,2025-01-06,0,0,0,0,0,0,0,0,0,0
C09918,2025-04-07,0,0,0,0,0,0,0,0,0,0
C13080,2025-02-17,0,0,0,0,0,0,0,0,0,0
C03481,2025-08-25,38,228,6,4780,2,133,0,95,0,0
C18701,2025-06-30,380,3108,5,64072,4,1324,655,636,493,0
C03285,2023-03-27,0,0,0,0,0,0,0,0,0,0
C05452,2025-11-10,212,1577,7,27806,3,836,0,433,308,0
C04394,2023-02-20,0,0,0,0,0,0,0,0,0,0
C18571,2023-02-06,0,0,0,0,0,0,0,0,0,0
C10759,2023-02-06,0,0,0,0,0,0,0,0,0,0
C07907,2025-06-16,158,795,6,15551,2,630,0,0,0,165
C14776,2023-06-19,0,0,0,0,0,0,0,0,0,0
C17023,2024-12-16,0,0,0,0,0,0,0,0,0,0
C12951,2024-02-05,0,0,0,0,0,0,0,0,0,0
C01831,2023-01-16,0,0,0,0,0,0,0,0,0,0
C18312,2024-06-24,0,0,0,0,0,0,0,0,0,0
C19225,2025-10-27,0,0,0,0,0,0,0,0,0,0
C17865,2024-02-12,0,0,0,0,0,0,0,0,0,0
C19085,2024-01-22,0,0,0,0,0,0,0,0,0,0
C03363,2023-04-24,0,0,0,0,0,0,0,0,0,0
C10390,2024-09-02,0,0,0,0,0,0,0,0,0,0
C13285,2025-06-02,0,0,0,0,0,0,0,0,0,0
C08397,2024-01-01,0,0,0,0,0,0,0,0,0,0
C17951,2025-07-21,1522,10901,7,237565,3,5808,2865,0,2228,0
C14456,2023-08-21,0,0,0,0,0,0,0,0,0,0
C15096,2025-02-03,384,1782,5,37707,2,1321,0,0,461,0
C19876,2024-10-21,0,0,0,0,0,0,0,0,0,0
C14555,2024-11-25,262,1765,7,34632,3,908,0,495,362,0
C08921,2023-05-22,0,0,0,0,0,0,0,0,0,0
C01005,2023-07-24,0,0,0,0,0,0,0,0,0,0
C07278,2025-07-28,0,0,0,0,0,0,0,0,0,0
C15765,2024-09-30,0,0,0,0,0,0,0,0,0,0
C05442,2025-02-03,0,0,0,0,0,0,0,0,0,0
C11561,2023-04-24,0,0,0,0,0,0,0,0,0,0
C14867,2025-10-06,48,251,5,4613,2,165,0,86,0,0
C10352,2024-11-18,0,0,0,0,0,0,0,0,0,0
C18668,2024-01-01,0,0,0,0,0,0,0,0,0,0
C15514,2024-12-16,0,0,0,0,0,0,0,0,0,0
C05955,2025-11-24,0,0,0,0,0,0,0,0,0,0
C04423,2024-04-08,0,0,0,0,0,0,0,0,0,0
C14176,2025-12-29,0,0,0,0,0,0,0,0,0,0
C09153,2025-08-04,28,130,4,2800,2,90,0,0,0,40
C09358,2024-06-17,0,0,0,0,0,0,0,0,0,0
C09281,2025-10-27,118,649,7,13327,3,328,159,162,0,0
C12871,2025-10-20,0,0,0,0,0,0,0,0,0,0
C10947,2023-12-25,0,0,0,0,0,0,0,0,0,0
C14027,2024-06-24,37,155,7,3457,2,122,0,0,0,33
C04514,2025-04-14,0,0,0,0,0,0,0,0,0,0
C13303,2024-03-04,0,0,0,0,0,0,0,0,0,0
C18656,2025-04-21,0,0,0,0,0,0,0,0,0,0
C19780,2024-05-20,0,0,0,0,0,0,0,0,0,0
C17430,2023-10-23,0,0,0,0,0,0,0,0,0,0
C08649,2025-02-10,19,99,6,1922,4,26,34,18,21,0
C03306,2025-05-05,0,0,0,0,0,0,0,0,0,0
C16884,2025-08-11,0,0,0,0,0,0,0,0,0,0
C02112,2023-07-24,0,0,0,0,0,0,0,0,0,0
C18665,2025-12-01,13,73,4,1379,2,49,0,24,0,0
C02893,2024-02-26,0,0,0,0,0,0,0,0,0,0
C08211,2024-03-04,0,0,0,0,0,0,0,0,0,0
C04419,2025-12-15,0,0,0,0,0,0,0,0,0,0
C00963,2025-11-10,0,0,0,0,0,0,0,0,0,0
C02567,2023-03-20,0,0,0,0,0,0,0,0,0,0
C04549,2024-06-24,0,0,0,0,0,0,0,0,0,0
C02484,2026-01-05,0,0,0,0,0,0,0,0,0,0
C00185,2024-09-02,0,0,0,0,0,0,0,0,0,0
C12879,2024-07-15,388,2158,7,41509,2,1434,724,0,0,0
C10948,2023-08-28,0,0,0,0,0,0,0,0,0,0
C18232,2025-12-15,29,125,6,1807,2,102,0,23,0,0
C16311,2024-12-16,217,1153,6,22894,2,777,376,0,0,0
C04547,2025-04-28,0,0,0,0,0,0,0,0,0,0
C05727,2023-02-13,0,0,0,0,0,0,0,0,0,0
C14063,2025-10-13,0,0,0,0,0,0,0,0,0,0
C03741,2024-12-30,12,60,6,1077,2,38,0,22,0,0
C17529,2023-06-26,0,0,0,0,0,0,0,0,0,0
C09709,2025-07-21,0,0,0,0,0,0,0,0,0,0
C18162,2024-04-01,0,0,0,0,0,0,0,0,0,0
C15861,2023-03-27,0,0,0,0,0,0,0,0,0,0
C11448,2026-01-05,0,0,0,0,0,0,0,0,0,0
C05944,2023-01-16,0,0,0,0,0,0,0,0,0,0
C04596,2024-12-23,122,947,6,18033,5,344,193,193,130,87
C04908,2025-08-04,4,23,7,424,3,14,3,6,0,0
C01486,2024-09-23,0,0,0,0,0,0,0,0,0,0
C04307,2024-05-13,0,0,0,0,0,0,0,0,0,0
C12199,2023-12-11,0,0,0,0,0,0,0,0,0,0
C18438,2023-01-02,0,0,0,0,0,0,0,0,0,0
C06114,2024-11-18,0,0,0,0,0,0,0,0,0,0
C18490,2025-06-16,0,0,0,0,0,0,0,0,0,0
C02582,2023-09-04,0,0,0,0,0,0,0,0,0,0
C00263,2025-12-08,0,0,0,0,0,0,0,0,0,0
C05088,2023-03-13,0,0,0,0,0,0,0,0,0,0
C10153,2023-06-12,0,0,0,0,0,0,0,0,0,0
C12978,2024-03-25,0,0,0,0,0,0,0,0,0,0
C19085,2023-09-25,0,0,0,0,0,0,0,0,0,0
C02327,2024-08-19,0,0,0,0,0,0,0,0,0,0
C08763,2025-06-30,0,0,0,0,0,0,0,0,0,0
C18732,2024-11-11,0,0,0,0,0,0,0,0,0,0
C11999,2025-04-07,58,214,3,5118,2,121,93,0,0,0
C04552,2023-12-25,0,0,0,0,0,0,0,0,0,0
C07699,2025-09-01,0,0,0,0,0,0,0,0,0,0
C00273,2024-09-30,0,0,0,0,0,0,0,0,0,0
C01342,2025-06-16,0,0,0,0,0,0,0,0,0,0
C08856,2025-10-20,0,0,0,0,0,0,0,0,0,0
C11531,2023-07-31,0,0,0,0,0,0,0,0,0,0
C00473,2025-03-24,0,0,0,0,0,0,0,0,0,0
C10565,2023-04-24,0,0,0,0,0,0,0,0,0,0
C03752,2024-08-26,0,0,0,0,0,0,0,0,0,0
C12319,2025-03-10,25,116,6,2110,2,82,0,0,34,0
C19102,2023-02-06,0,0,0,0,0,0,0,0,0,0
C14158,2024-12-16,0,0,0,0,0,0,0,0,0,0
C08604,2025-01-13,0,0,0,0,0,0,0,0,0,0
C03097,2024-09-02,0,0,0,0,0,0,0,0,0,0
C04557,2025-05-19,0,0,0,0,0,0,0,0,0,0
C07548,2025-09-08,5,35,7,628,4,18,9,0,4,4
C03404,2025-07-21,0,0,0,0,0,0,0,0,0,0
C18538,2024-06-17,0,0,0,0,0,0,0,0,0,0
C08138,2025-12-01,0,0,0,0,0,0,0,0,0,0
C16322,2025-07-21,0,0,0,0,0,0,0,0,0,0
C10881,2023-03-20,0,0,0,0,0,0,0,0,0,0
C04112,2025-03-24,0,0,0,0,0,0,0,0,0,0
C00110,2025-09-08,0,0,0,0,0,0,0,0,0,0
C04413,2025-04-21,0,0,0,0,0,0,0,0,0,0
C01861,2024-04-29,0,0,0,0,0,0,0,0,0,0
C07702,2025-10-27,0,0,0,0,0,0,0,0,0,0
C07201,2025-01-27,14,58,6,1038,1,58,0,0,0,0
C16636,2024-04-22,0,0,0,0,0,0,0,0,0,0
C13731,2023-12-25,0,0,0,0,0,0,0,0,0,0
C13953,2025-08-18,0,0,0,0,0,0,0,0,0,0
C16484,2025-01-13,4,11,4,183,1,11,0,0,0,0
C16746,2024-11-04,0,0,0,0,0,0,0,0,0,0
C11993,2024-11-11,0,0,0,0,0,0,0,0,0,0
C09682,2024-03-18,0,0,0,0,0,0,0,0,0,0
C05454,2023-02-13,0,0,0,0,0,0,0,0,0,0
C17482,2023-02-06,0,0,0,0,0,0,0,0,0,0
C17705,2024-05-13,0,0,0,0,0,0,0,0,0,0
C12982,2024-02-12,0,0,0,0,0,0,0,0,0,0
C15577,2023-12-04,0,0,0,0,0,0,0,0,0,0
C05066,2025-11-17,0,0,0,0,0,0,0,0,0,0
C00026,2024-06-03,0,0,0,0,0,0,0,0,0,0
C13419,2024-03-11,0,0,0,0,0,0,0,0,0,0
C02097,2023-10-23,0,0,0,0,0,0,0,0,0,0
C04743,2023-07-24,0,0,0,0,0,0,0,0,0,0
C16405,2023-09-11,0,0,0,0,0,0,0,0,0,0
C02223,2024-12-02,0,0,0,0,0,0,0,0,0,0
C07311,2024-01-29,0,0,0,0,0,0,0,0,0,0
C06327,2024-05-27,0,0,0,0,0,0,0,0,0,0
C01260,2025-04-28,0,0,0,0,0,0,0,0,0,0
C09804,2025-08-25,0,0,0,0,0,0,0,0,0,0
C15172,2024-04-15,0,0,0,0,0,0,0,0,0,0
C09127,2023-11-06,0,0,0,0,0,0,0,0,0,0
C07870,2023-10-09,0,0,0,0,0,0,0,0,0,0
C02169,2024-12-02,0,0,0,0,0,0,0,0,0,0
C17615,2025-05-19,0,0,0,0,0,0,0,0,0,0
C12984,2025-05-26,0,0,0,0,0,0,0,0,0,0
C08203,2023-02-27,0,0,0,0,0,0,0,0,0,0
C02590,2024-03-11,0,0,0,0,0,0,0,0,0,0
C02007,2023-01-23,0,0,0,0,0,0,0,0,0,0
C02331,2025-04-28,0,0,0,0,0,0,0,0,0,0
C10719,2023-01-30,0,0,0,0,0,0,0,0,0,0
C12843,2025-09-08,0,0,0,0,0,0,0,0,0,0
C03787,2025-03-10,0,0,0,0,0,0,0,0,0,0
C08604,2023-05-22,0,0,0,0,0,0,0,0,0,0
C03525,2023-06-12,0,0,0,0,0,0,0,0,0,0
C05145,2024-06-24,0,0,0,0,0,0,0,0,0,0
C08253,2025-12-01,0,0,0,0,0,0,0,0,0,0
C08579,2024-02-26,0,0,0,0,0,0,0,0,0,0
C00786,2025-06-30,4,12,3,204,1,12,0,0,0,0
C18985,2024-08-19,0,0,0,0,0,0,0,0,0,0
C15579,2024-03-11,0,0,0,0,0,0,0,0,0,0
C08764,2024-03-11,0,0,0,0,0,0,0,0,0,0
C19724,2023-01-23,0,0,0,0,0,0,0,0,0,0
C11983,2025-09-08,0,0,0,0,0,0,0,0,0,0
C07068,2024-12-23,0,0,0,0,0,0,0,0,0,0
C12885,2025-10-06,0,0,0,0,0,0,0,0,0,0
C09012,2024-04-22,0,0,0,0,0,0,0,0,0,0
C15828,2023-04-17,0,0,0,0,0,0,0,0,0,0
C02058,2023-03-20,0,0,0,0,0,0,0,0,0,0
C18340,2024-09-30,0,0,0,0,0,0,0,0,0,0
C12898,2025-11-24,0,0,0,0,0,0,0,0,0,0
C07233,2023-08-21,0,0,0,0,0,0,0,0,0,0
C05465,2024-05-06,4,24,6,496,5,2,9,8,1,4
C13278,2025-01-20,0,0,0,0,0,0,0,0,0,0
C11980,2025-12-22,440,2973,7,60194,4,1369,0,665,531,408
C13469,2023-04-10,0,0,0,0,0,0,0,0,0,0
C08312,2024-05-06,0,0,0,0,0,0,0,0,0,0
C17222,2025-04-21,0,0,0,0,0,0,0,0,0,0
C05980,2024-03-11,0,0,0,0,0,0,0,0,0,0
C15182,2025-09-01,0,0,0,0,0,0,0,0,0,0
C10382,2024-09-16,0,0,0,0,0,0,0,0,0,0
C11535,2024-03-11,0,0,0,0,0,0,0,0,0,0
C16288,2025-08-11,0,0,0,0,0,0,0,0,0,0
C15163,2023-08-28,0,0,0,0,0,0,0,0,0,0
C02726,2024-04-22,0,0,0,0,0,0,0,0,0,0
C15463,2023-05-29,0,0,0,0,0,0,0,0,0,0
C15690,2024-10-28,0,0,0,0,0,0,0,0,0,0
C16266,2025-06-30,0,0,0,0,0,0,0,0,0,0
C14489,2023-05-15,0,0,0,0,0,0,0,0,0,0
C05176,2024-06-17,0,0,0,0,0,0,0,0,0,0
C06318,2024-01-08,0,0,0,0,0,0,0,0,0,0
C17372,2025-01-20,0,0,0,0,0,0,0,0,0,0
C04361,2024-04-01,0,0,0,0,0,0,0,0,0,0
C04637,2024-01-15,0,0,0,0,0,0,0,0,0,0
C07463,2023-05-22,0,0,0,0,0,0,0,0,0,0
C12224,2025-03-03,206,1286,7,27521,3,677,274,335,0,0
C14068,2025-09-29,0,0,0,0,0,0,0,0,0,0
C04753,2023-08-07,0,0,0,0,0,0,0,0,0,0
C08838,2025-11-03,141,416,3,6680,1,416,0,0,0,0
C01784,2023-03-20,0,0,0,0,0,0,0,0,0,0
C12401,2024-03-18,0,0,0,0,0,0,0,0,0,0
C04262,2024-02-26,0,0,0,0,0,0,0,0,0,0
C04868,2024-04-08,0,0,0,0,0,0,0,0,0,0
C11006,2025-11-24,0,0,0,0,0,0,0,0,0,0
C00501,2023-12-11,0,0,0,0,0,0,0,0,0,0
C03808,2024-09-23,0,0,0,0,0,0,0,0,0,0
C12867,2024-09-02,47,250,6,5342,2,168,82,0,0,0
C10770,2024-11-25,0,0,0,0,0,0,0,0,0,0
C18226,2023-09-04,0,0,0,0,0,0,0,0,0,0
C15091,2025-01-13,0,0,0,0,0,0,0,0,0,0
C02882,2023-09-11,0,0,0,0,0,0,0,0,0,0
C09407,2024-11-11,0,0,0,0,0,0,0,0,0,0
C17878,2024-11-18,1053,7325,5,154501,3,3604,1784,1937,0,0
C04619,2023-12-11,0,0,0,0,0,0,0,0,0,0
C11885,2025-03-31,40,246,7,4507,3,135,67,0,44,0
C18787,2025-06-02,292,2006,7,36614,3,1098,534,0,374,0
C15955,2023-11-27,0,0,0,0,0,0,0,0,0,0
C11736,2025-10-27,0,0,0,0,0,0,0,0,0,0
C19558,2024-11-11,0,0,0,0,0,0,0,0,0,0
C05162,2025-02-03,0,0,0,0,0,0,0,0,0,0
C16910,2023-11-20,0,0,0,0,0,0,0,0,0,0
C04794,2024-01-01,0,0,0,0,0,0,0,0,0,0
C00257,2023-05-15,0,0,0,0,0,0,0,0,0,0
C02801,2025-12-01,0,0,0,0,0,0,0,0,0,0
C03150,2024-06-10,2,11,5,176,1,11,0,0,0,0
C17345,2023-07-03,0,0,0,0,0,0,0,0,0,0
C11715,2024-02-26,0,0,0,0,0,0,0,0,0,0
C15014,2023-06-12,0,0,0,0,0,0,0,0,0,0
C05430,2024-08-26,0,0,0,0,0,0,0,0,0,0
C04578,2025-09-01,3,10,5,190,1,10,0,0,0,0
C16772,2024-10-28,6770,47880,7,881466,4,22091,11196,0,8440,6153
C10831,2023-01-02,0,0,0,0,0,0,0,0,0,0
C01984,2023-02-13,0,0,0,0,0,0,0,0,0,0
C02751,2023-10-02,0,0,0,0,0,0,0,0,0,0
C05307,2025-01-13,0,0,0,0,0,0,0,0,0,0
C15051,2025-06-02,0,0,0,0,0,0,0,0,0,0
C10614,2025-06-30,12,35,4,699,1,35,0,0,0,0
C01026,2024-04-22,0,0,0,0,0,0,0,0,0,0
C15047,2024-09-16,6,34,7,702,2,17,0,17,0,0
C05510,2024-08-05,0,0,0,0,0,0,0,0,0,0
C16350,2023-07-24,0,0,0,0,0,0,0,0,0,0
C15702,2023-03-27,0,0,0,0,0,0,0,0,0,0
C06332,2024-07-15,0,0,0,0,0,0,0,0,0,0
C07766,2023-01-09,0,0,0,0,0,0,0,0,0,0
C11143,2024-05-06,0,0,0,0,0,0,0,0,0,0
C19608,2024-04-08,0,0,0,0,0,0,0,0,0,0
C05326,2024-09-23,7,57,5,1004,3,27,16,0,14,0
C12966,2024-10-14,0,0,0,0,0,0,0,0,0,0
C18887,2023-08-28,0,0,0,0,0,0,0,0,0,0
C19210,2025-05-12,0,0,0,0,0,0,0,0,0,0
C06247,2024-11-04,0,0,0,0,0,0,0,0,0,0
C11228,2023-10-16,0,0,0,0,0,0,0,0,0,0
C00640,2025-10-06,0,0,0,0,0,0,0,0,0,0
C19957,2023-01-23,0,0,0,0,0,0,0,0,0,0
C09246,2025-05-26,536,3618,7,84291,3,1988,1046,0,0,584
C06793,2024-12-30,0,0,0,0,0,0,0,0,0,0
C05285,2025-04-07,0,0,0,0,0,0,0,0,0,0
C13039,2023-09-18,0,0,0,0,0,0,0,0,0,0
C01257,2025-04-14,0,0,0,0,0,0,0,0,0,0
C05910,2025-07-21,0,0,0,0,0,0,0,0,0,0
C17686,2024-04-29,0,0,0,0,0,0,0,0,0,0
C09597,2025-07-14,22,95,6,1467,1,95,0,0,0,0
C17407,2024-12-16,0,0,0,0,0,0,0,0,0,0
C01110,2024-08-05,0,0,0,0,0,0,0,0,0,0
C02002,2025-11-10,0,0,0,0,0,0,0,0,0,0
C06094,2023-01-16,0,0,0,0,0,0,0,0,0,0
C11284,2023-05-29,0,0,0,0,0,0,0,0,0,0
C16395,2024-09-09,0,0,0,0,0,0,0,0,0,0
C06533,2023-11-20,0,0,0,0,0,0,0,0,0,0
C07040,2024-01-29,0,0,0,0,0,0,0,0,0,0
C00564,2023-07-17,0,0,0,0,0,0,0,0,0,0
C18198,2025-02-10,0,0,0,0,0,0,0,0,0,0
C14646,2025-12-15,0,0,0,0,0,0,0,0,0,0
C01146,2023-01-16,0,0,0,0,0,0,0,0,0,0
C09606,2025-01-13,498,4750,6,97114,5,1768,901,885,646,550
C15332,2024-04-29,0,0,0,0,0,0,0,0,0,0
C06883,2024-05-13,0,0,0,0,0,0,0,0,0,0
C15448,2024-09-09,11,61,5,1153,2,37,0,24,0,0
C01382,2024-10-07,1,1,2,28,1,0,1,0,0,0
C08220,2025-05-12,770,5502,7,115100,3,2842,0,1557,1103,0
C11539,2024-02-19,0,0,0,0,0,0,0,0,0,0
C15014,2024-08-26,0,0,0,0,0,0,0,0,0,0
C15973,2024-07-29,0,0,0,0,0,0,0,0,0,0
C11281,2023-01-30,0,0,0,0,0,0,0,0,0,0
C16373,2025-02-10,462,2931,5,55043,4,1339,0,669,503,420
C18608,2025-10-27,0,0,0,0,0,0,0,0,0,0
C09451,2023-09-04,0,0,0,0,0,0,0,0,0,0
C08145,2025-05-19,0,0,0,0,0,0,0,0,0,0
C03880,2025-05-19,0,0,0,0,0,0,0,0,0,0
C17286,2024-01-29,0,0,0,0,0,0,0,0,0,0
C11539,2025-06-09,0,0,0,0,0,0,0,0,0,0
C07620,2025-07-28,0,0,0,0,0,0,0,0,0,0
C04752,2024-03-25,0,0,0,0,0,0,0,0,0,0
C10606,2024-09-16,0,0,0,0,0,0,0,0,0,0
C00786,2024-02-26,0,0,0,0,0,0,0,0,0,0
C01826,2024-05-06,0,0,0,0,0,0,0,0,0,0
C01940,2024-07-01,0,0,0,0,0,0,0,0,0,0
C18577,2025-07-14,0,0,0,0,0,0,0,0,0,0
C17282,2024-07-29,0,0,0,0,0,0,0,0,0,0
C15906,2024-10-21,9,33,5,618,1,33,0,0,0,0
C15328,2023-01-23,0,0,0,0,0,0,0,0,0,0
C15415,2023-05-29,0,0,0,0,0,0,0,0,0,0
C01149,2023-09-25,0,0,0,0,0,0,0,0,0,0
C03300,2025-03-31,0,0,0,0,0,0,0,0,0,0
C06518,2026-01-05,0,0,0,0,0,0,0,0,0,0
C05527,2025-03-03,26,82,5,1529,1,82,0,0,0,0
C17630,2024-02-05,0,0,0,0,0,0,0,0,0,0
C05098,2025-08-04,189,1001,7,20647,2,653,348,0,0,0
C13152,2023-11-27,0,0,0,0,0,0,0,0,0,0
C15771,2024-01-15,0,0,0,0,0,0,0,0,0,0
C06483,2025-10-20,0,0,0,0,0,0,0,0,0,0
C01873,2024-07-22,0,0,0,0,0,0,0,0,0,0
C19594,2025-03-24,0,0,0,0,0,0,0,0,0,0
C11705,2023-11-27,0,0,0,0,0,0,0,0,0,0
C05877,2023-08-07,0,0,0,0,0,0,0,0,0,0
C08267,2024-10-07,0,0,0,0,0,0,0,0,0,0
C15114,2024-06-17,0,0,0,0,0,0,0,0,0,0
C03452,2023-07-10,0,0,0,0,0,0,0,0,0,0
C17297,2024-10-21,0,0,0,0,0,0,0,0,0,0
C01593,2025-07-28,1987,14812,7,281183,4,6850,3372,0,2609,1981
C12909,2025-01-27,43,265,6,5636,2,163,0,102,0,0
C07558,2024-04-01,0,0,0,0,0,0,0,0,0,0
C13345,2023-02-20,0,0,0,0,0,0,0,0,0,0
C06830,2025-06-30,0,0,0,0,0,0,0,0,0,0
C12948,2024-04-22,0,0,0,0,0,0,0,0,0,0
C14699,2024-01-01,0,0,0,0,0,0,0,0,0,0
C06927,2024-10-14,0,0,0,0,0,0,0,0,0,0
C03746,2025-06-23,0,0,0,0,0,0,0,0,0,0
C00441,2023-01-30,0,0,0,0,0,0,0,0,0,0
C11189,2025-12-08,0,0,0,0,0,0,0,0,0,0
C07661,2023-12-04,0,0,0,0,0,0,0,0,0,0
C09134,2025-12-15,209,746,7,16718,1,746,0,0,0,0
C02032,2024-03-18,0,0,0,0,0,0,0,0,0,0
C07999,2023-06-19,0,0,0,0,0,0,0,0,0,0
C19201,2023-12-25,0,0,0,0,0,0,0,0,0,0
C09747,2023-09-04,0,0,0,0,0,0,0,0,0,0
C05132,2023-08-28,0,0,0,0,0,0,0,0,0,0
C14377,2025-12-15,42,296,6,5801,3,152,70,74,0,0
C03413,2024-10-14,0,0,0,0,0,0,0,0,0,0
C01431,2024-09-09,0,0,0,0,0,0,0,0,0,0
C10918,2023-02-06,0,0,0,0,0,0,0,0,0,0
C09289,2024-06-17,8,50,7,1030,3,25,18,0,0,7
C07211,2025-11-10,38,196,6,4132,2,126,0,70,0,0
C11366,2025-12-15,430,2726,7,51280,3,1460,677,0,589,0
C10799,2023-12-04,0,0,0,0,0,0,0,0,0,0
C19386,2025-01-06,0,0,0,0,0,0,0,0,0,0
C10826,2023-07-03,0,0,0,0,0,0,0,0,0,0
C19366,2023-02-20,0,0,0,0,0,0,0,0,0,0
C14054,2023-06-26,0,0,0,0,0,0,0,0,0,0
C05645,2023-12-04,0,0,0,0,0,0,0,0,0,0
C05462,2023-05-01,0,0,0,0,0,0,0,0,0,0
C19285,2025-02-24,0,0,0,0,0,0,0,0,0,0
C08212,2025-05-19,0,0,0,0,0,0,0,0,0,0
C17860,2024-05-13,225,1762,6,31954,4,804,432,0,312,214
C06392,2024-05-06,127,861,7,14693,4,368,166,195,132,0
C04466,2024-06-03,0,0,0,0,0,0,0,0,0,0
C11123,2023-07-17,0,0,0,0,0,0,0,0,0,0
C08312,2025-06-30,22,96,6,1927,3,56,27,0,0,13
C10877,2023-11-20,0,0,0,0,0,0,0,0,0,0
C01655,2024-08-26,0,0,0,0,0,0,0,0,0,0
C08920,2023-02-20,0,0,0,0,0,0,0,0,0,0
C13146,2025-11-03,24,99,5,1790,1,99,0,0,0,0
C16025,2023-01-02,0,0,0,0,0,0,0,0,0,0
C18407,2023-07-17,0,0,0,0,0,0,0,0,0,0
C10418,2024-12-23,0,0,0,0,0,0,0,0,0,0
C19457,2023-04-17,0,0,0,0,0,0,0,0,0,0
C08685,2024-11-11,0,0,0,0,0,0,0,0,0,0
C04842,2023-03-13,0,0,0,0,0,0,0,0,0,0
C12962,2024-11-04,0,0,0,0,0,0,0,0,0,0
C19286,2023-05-29,0,0,0,0,0,0,0,0,0,0
C11800,2025-10-27,0,0,0,0,0,0,0,0,0,0
C01634,2023-10-02,0,0,0,0,0,0,0,0,0,0
C09530,2024-05-06,0,0,0,0,0,0,0,0,0,0
C11756,2023-10-23,0,0,0,0,0,0,0,0,0,0
C17145,2025-08-04,116,605,6,12217,3,327,178,0,100,0
C05386,2023-01-09,0,0,0,0,0,0,0,0,0,0
C14361,2025-10-20,0,0,0,0,0,0,0,0,0,0
C01243,2025-09-22,13,63,6,1182,2,44,19,0,0,0
C00725,2025-05-19,26,144,3,2623,2,90,54,0,0,0
C06823,2024-12-23,13,81,7,1356,3,38,27,0,16,0
C14860,2025-03-31,0,0,0,0,0,0,0,0,0,0
C11916,2025-03-10,0,0,0,0,0,0,0,0,0,0
C04260,2024-09-02,0,0,0,0,0,0,0,0,0,0
C11575,2023-07-17,0,0,0,0,0,0,0,0,0,0
C09179,2024-12-23,113,713,4,13991,3,393,206,0,114,0
C16260,2024-04-29,0,0,0,0,0,0,0,0,0,0
C12466,2023-09-11,0,0,0,0,0,0,0,0,0,0
C02702,2024-10-14,0,0,0,0,0,0,0,0,0,0
C04007,2023-10-30,0,0,0,0,0,0,0,0,0,0
C06179,2024-04-29,0,0,0,0,0,0,0,0,0,0
C09437,2023-10-30,0,0,0,0,0,0,0,0,0,0
C09321,2023-07-10,0,0,0,0,0,0,0,0,0,0
C02487,2023-05-08,0,0,0,0,0,0,0,0,0,0
C05159,2025-05-12,0,0,0,0,0,0,0,0,0,0
C11615,2023-08-14,0,0,0,0,0,0,0,0,0,0
C17683,2024-07-01,0,0,0,0,0,0,0,0,0,0
C15718,2023-12-18,0,0,0,0,0,0,0,0,0,0
C16439,2025-04-28,0,0,0,0,0,0,0,0,0,0
C14502,2024-12-09,0,0,0,0,0,0,0,0,0,0
C09668,2023-03-06,0,0,0,0,0,0,0,0,0,0
C09535,2024-12-02,0,0,0,0,0,0,0,0,0,0
C13263,2025-05-05,0,0,0,0,0,0,0,0,0,0
C19238,2024-07-01,0,0,0,0,0,0,0,0,0,0
C15922,2024-08-12,0,0,0,0,0,0,0,0,0,0
C17267,2023-07-24,0,0,0,0,0,0,0,0,0,0
C04302,2024-11-18,217,1309,7,20886,3,692,0,327,290,0
C04098,2024-02-26,0,0,0,0,0,0,0,0,0,0
C08341,2024-12-09,0,0,0,0,0,0,0,0,0,0
C11719,2023-05-22,0,0,0,0,0,0,0,0,0,0
C05152,2024-11-25,2,5,4,97,1,5,0,0,0,0
C03042,2024-09-16,0,0,0,0,0,0,0,0,0,0
C06602,2025-01-06,0,0,0,0,0,0,0,0,0,0
C10185,2023-01-30,0,0,0,0,0,0,0,0,0,0
C16793,2025-12-08,0,0,0,0,0,0,0,0,0,0
C01975,2024-12-23,1,4,4,75,1,4,0,0,0,0
C18403,2023-01-16,0,0,0,0,0,0,0,0,0,0
C18985,2025-11-10,191,923,4,20834,2,701,0,0,0,222
C05241,2024-06-24,0,0,0,0,0,0,0,0,0,0
C04268,2023-12-04,0,0,0,0,0,0,0,0,0,0
C03117,2023-06-05,0,0,0,0,0,0,0,0,0,0
C02495,2024-01-22,0,0,0,0,0,0,0,0,0,0
C15993,2025-04-07,5,15,5,280,1,15,0,0,0,0
C19494,2024-08-26,0,0,0,0,0,0,0,0,0,0
C04836,2025-03-17,0,0,0,0,0,0,0,0,0,0
C09657,2023-09-04,0,0,0,0,0,0,0,0,0,0
C07270,2024-10-07,0,0,0,0,0,0,0,0,0,0
C01923,2025-03-03,0,0,0,0,0,0,0,0,0,0
C12509,2025-11-17,0,0,0,0,0,0,0,0,0,0
C01663,2025-02-17,0,0,0,0,0,0,0,0,0,0
C11633,2025-09-22,7,23,5,496,2,18,0,5,0,0
C10882,2023-01-30,0,0,0,0,0,0,0,0,0,0
C19359,2024-01-08,0,0,0,0,0,0,0,0,0,0
C04600,2024-03-25,0,0,0,0,0,0,0,0,0,0
C16241,2024-02-05,0,0,0,0,0,0,0,0,0,0
C19015,2024-10-07,20,116,7,2122,3,59,19,38,0,0
C08663,2023-02-13,0,0,0,0,0,0,0,0,0,0
C18285,2023-06-05,0,0,0,0,0,0,0,0,0,0
C02118,2025-03-17,28,128,6,2383,2,88,40,0,0,0
C18303,2024-07-29,0,0,0,0,0,0,0,0,0,0
C00203,2025-07-07,23,102,5,1881,2,75,0,0,0,27
C12336,2024-04-29,0,0,0,0,0,0,0,0,0,0
C02848,2023-03-06,0,0,0,0,0,0,0,0,0,0
C10731,2024-12-16,0,0,0,0,0,0,0,0,0,0
C12711,2024-12-23,0,0,0,0,0,0,0,0,0,0
C19716,2024-08-05,0,0,0,0,0,0,0,0,0,0
C06690,2023-12-25,0,0,0,0,0,0,0,0,0,0
C15674,2025-11-17,0,0,0,0,0,0,0,0,0,0
C07470,2025-11-03,0,0,0,0,0,0,0,0,0,0
C08916,2023-04-10,0,0,0,0,0,0,0,0,0,0
C00918,2023-06-26,0,0,0,0,0,0,0,0,0,0
C06474,2023-12-04,0,0,0,0,0,0,0,0,0,0
C10658,2024-09-30,0,0,0,0,0,0,0,0,0,0
C16444,2024-01-22,0,0,0,0,0,0,0,0,0,0
C06261,2025-07-07,1098,7109,7,126277,3,3775,0,1901,1433,0
C12850,2023-12-04,0,0,0,0,0,0,0,0,0,0
C17136,2023-06-19,0,0,0,0,0,0,0,0,0,0
C12029,2023-01-23,0,0,0,0,0,0,0,0,0,0
C18834,2024-11-04,0,0,0,0,0,0,0,0,0,0
C16829,2024-08-05,0,0,0,0,0,0,0,0,0,0
C05802,2024-02-19,0,0,0,0,0,0,0,0,0,0
C10379,2024-06-10,16,45,5,902,1,45,0,0,0,0
C13935,2024-01-22,0,0,0,0,0,0,0,0,0,0
C03969,2023-03-27,0,0,0,0,0,0,0,0,0,0
C08041,2024-11-25,17,62,5,1173,1,62,0,0,0,0
C02953,2023-01-16,0,0,0,0,0,0,0,0,0,0
C05494,2024-01-08,0,0,0,0,0,0,0,0,0,0
C04347,2023-03-20,0,0,0,0,0,0,0,0,0,0
C09345,2024-09-23,0,0,0,0,0,0,0,0,0,0
C17698,2024-01-15,0,0,0,0,0,0,0,0,0,0
C10745,2024-07-08,0,0,0,0,0,0,0,0,0,0
C04335,2023-03-06,0,0,0,0,0,0,0,0,0,0
C03790,2024-01-01,0,0,0,0,0,0,0,0,0,0
C11813,2023-05-01,0,0,0,0,0,0,0,0,0,0
C13308,2024-04-08,0,0,0,0,0,0,0,0,0,0
C07038,2023-07-17,0,0,0,0,0,0,0,0,0,0
C10955,2023-09-04,0,0,0,0,0,0,0,0,0,0
C01524,2024-09-23,0,0,0,0,0,0,0,0,0,0
C07166,2024-10-07,0,0,0,0,0,0,0,0,0,0
C11799,2023-10-23,0,0,0,0,0,0,0,0,0,0
C16484,2026-01-05,0,0,0,0,0,0,0,0,0,0
C03181,2025-12-15,0,0,0,0,0,0,0,0,0,0
C15635,2024-12-09,182,1514,6,30315,4,648,336,350,0,180
C19839,2025-01-27,0,0,0,0,0,0,0,0,0,0
C13028,2025-06-09,37,259,6,4755,3,146,72,0,41,0
C05443,2023-01-02,0,0,0,0,0,0,0,0,0,0
C08062,2024-10-21,1,3,6,64,1,0,3,0,0,0
C05008,2023-07-10,0,0,0,0,0,0,0,0,0,0
C11341,2023-03-13,0,0,0,0,0,0,0,0,0,0
C07143,2023-10-30,0,0,0,0,0,0,0,0,0,0
C12614,2023-10-09,0,0,0,0,0,0,0,0,0,0
C17330,2025-01-06,0,0,0,0,0,0,0,0,0,0
C02543,2024-06-17,0,0,0,0,0,0,0,0,0,0
C02169,2023-03-13,0,0,0,0,0,0,0,0,0,0
C14030,2023-08-14,0,0,0,0,0,0,0,0,0,0
C13458,2025-12-15,154,858,6,16314,3,430,245,0,183,0
C03973,2023-01-09,0,0,0,0,0,0,0,0,0,0
C02337,2024-12-16,0,0,0,0,0,0,0,0,0,0
C18858,2024-08-12,0,0,0,0,0,0,0,0,0,0
C03094,2025-06-23,0,0,0,0,0,0,0,0,0,0
C04015,2023-12-04,0,0,0,0,0,0,0,0,0,0
C01712,2023-10-16,0,0,0,0,0,0,0,0,0,0
C18500,2025-02-17,127,887,6,17890,4,395,174,210,0,108
C05255,2023-03-06,0,0,0,0,0,0,0,0,0,0
C13171,2025-11-10,0,0,0,0,0,0,0,0,0,0
C07022,2023-04-24,0,0,0,0,0,0,0,0,0,0
C01245,2024-02-26,0,0,0,0,0,0,0,0,0,0
C08425,2024-06-17,0,0,0,0,0,0,0,0,0,0
C13297,2023-09-25,0,0,0,0,0,0,0,0,0,0
C10194,2025-04-07,0,0,0,0,0,0,0,0,0,0
C15235,2024-01-29,0,0,0,0,0,0,0,0,0,0
C00700,2023-10-09,0,0,0,0,0,0,0,0,0,0
C19316,2023-05-15,0,0,0,0,0,0,0,0,0,0
C19161,2023-04-24,0,0,0,0,0,0,0,0,0,0
C04189,2023-08-14,0,0,0,0,0,0,0,0,0,0
C11659,2025-04-21,0,0,0,0,0,0,0,0,0,0
C14608,2023-09-11,0,0,0,0,0,0,0,0,0,0
C02946,2023-10-30,0,0,0,0,0,0,0,0,0,0
C12393,2025-02-17,338,2702,7,48360,4,1153,559,564,426,0
C05095,2025-05-05,700,6262,7,118811,4,2638,1339,1334,951,0
C09028,2023-02-13,0,0,0,0,0,0,0,0,0,0
C19659,2024-10-21,13,52,7,997,1,52,0,0,0,0
C08209,2023-12-04,0,0,0,0,0,0,0,0,0,0
C01433,2023-07-31,0,0,0,0,0,0,0,0,0,0
C14166,2024-01-01,0,0,0,0,0,0,0,0,0,0
C07804,2024-06-03,0,0,0,0,0,0,0,0,0,0
C13618,2024-07-15,0,0,0,0,0,0,0,0,0,0
C08219,2025-07-07,0,0,0,0,0,0,0,0,0,0
C05064,2023-10-23,0,0,0,0,0,0,0,0,0,0
C18307,2024-10-07,702,5648,5,102126,4,2625,1245,0,973,805
C09860,2025-08-18,38,197,7,3805,2,124,73,0,0,0
C11943,2025-06-23,4,26,6,474,2,14,12,0,0,0
C01788,2024-06-10,0,0,0,0,0,0,0,0,0,0
C11995,2025-07-28,16,57,2,1136,1,57,0,0,0,0
C19065,2024-03-25,15,80,7,1298,2,67,0,0,13,0
C09052,2023-10-30,0,0,0,0,0,0,0,0,0,0
C18059,2023-03-13,0,0,0,0,0,0,0,0,0,0
C08405,2025-07-28,0,0,0,0,0,0,0,0,0,0
C02588,2023-08-14,0,0,0,0,0,0,0,0,0,0
C19228,2023-11-20,0,0,0,0,0,0,0,0,0,0
C17864,2025-03-17,65,389,7,7625,3,191,0,128,70,0
C17191,2023-01-09,0,0,0,0,0,0,0,0,0,0
C07634,2025-09-29,0,0,0,0,0,0,0,0,0,0
C01821,2023-08-28,0,0,0,0,0,0,0,0,0,0
C16593,2025-12-22,29,86,6,1399,2,56,0,0,30,0
C09769,2024-05-13,0,0,0,0,0,0,0,0,0,0
C19083,2023-08-07,0,0,0,0,0,0,0,0,0,0
C01571,2023-11-06,0,0,0,0,0,0,0,0,0,0
C06290,2025-03-31,1756,10448,5,188896,3,5694,2652,0,2102,0
C10820,2024-05-13,0,0,0,0,0,0,0,0,0,0
C11963,2024-12-02,0,0,0,0,0,0,0,0,0,0
C03387,2025-08-18,67,210,6,4561,1,210,0,0,0,0
C08101,2024-07-15,0,0,0,0,0,0,0,0,0,0
C03810,2025-11-03,0,0,0,0,0,0,0,0,0,0
C10266,2023-08-07,0,0,0,0,0,0,0,0,0,0
C14645,2024-07-29,9,40,7,805,2,22,18,0,0,0
C06583,2023-10-02,0,0,0,0,0,0,0,0,0,0
C19760,2024-06-10,0,0,0,0,0,0,0,0,0,0
C03497,2024-02-12,0,0,0,0,0,0,0,0,0,0
C13651,2025-09-15,0,0,0,0,0,0,0,0,0,0
C15885,2025-08-11,180,867,5,15307,2,590,277,0,0,0
C01598,2024-07-01,0,0,0,0,0,0,0,0,0,0
C02942,2024-09-23,0,0,0,0,0,0,0,0,0,0
C05492,2025-03-10,0,0,0,0,0,0,0,0,0,0
C10662,2024-06-17,63,369,6,6608,2,247,122,0,0,0
C11368,2023-10-16,0,0,0,0,0,0,0,0,0,0
C16140,2025-05-26,0,0,0,0,0,0,0,0,0,0
C12634,2023-05-01,0,0,0,0,0,0,0,0,0,0
C09666,2023-10-30,0,0,0,0,0,0,0,0,0,0
C10402,2025-08-11,0,0,0,0,0,0,0,0,0,0
C18168,2024-04-08,0,0,0,0,0,0,0,0,0,0
C05090,2024-12-09,0,0,0,0,0,0,0,0,0,0
C15746,2024-05-20,0,0,0,0,0,0,0,0,0,0
C19514,2023-12-25,0,0,0,0,0,0,0,0,0,0
C05283,2023-05-22,0,0,0,0,0,0,0,0,0,0
C10422,2024-08-12,0,0,0,0,0,0,0,0,0,0
C00517,2025-12-08,24,70,7,1233,1,70,0,0,0,0
C01446,2024-06-17,173,558,6,10531,1,558,0,0,0,0
C18958,2024-08-26,0,0,0,0,0,0,0,0,0,0
C10332,2024-02-05,0,0,0,0,0,0,0,0,0,0
C14670,2023-07-17,0,0,0,0,0,0,0,0,0,0
C08343,2024-12-16,0,0,0,0,0,0,0,0,0,0
C12286,2024-03-25,0,0,0,0,0,0,0,0,0,0
C09165,2023-06-12,0,0,0,0,0,0,0,0,0,0
C06609,2023-05-29,0,0,0,0,0,0,0,0,0,0
C01525,2025-09-08,0,0,0,0,0,0,0,0,0,0
C13278,2025-09-15,497,3928,6,77595,4,1707,873,872,0,476
C03781,2025-01-13,10,37,4,703,1,37,0,0,0,0
C16785,2024-12-09,20,125,5,2605,3,75,27,0,0,23
C00604,2023-02-06,0,0,0,0,0,0,0,0,0,0
C02681,2024-05-20,0,0,0,0,0,0,0,0,0,0
C15779,2023-09-25,0,0,0,0,0,0,0,0,0,0
C15476,2024-07-29,0,0,0,0,0,0,0,0,0,0
C16183,2025-10-20,5,19,5,345,1,19,0,0,0,0
C10100,2023-04-24,0,0,0,0,0,0,0,0,0,0
C01611,2023-08-28,0,0,0,0,0,0,0,0,0,0
C04709,2023-12-04,0,0,0,0,0,0,0,0,0,0
C18389,2024-03-11,0,0,0,0,0,0,0,0,0,0
C04655,2024-10-28,0,0,0,0,0,0,0,0,0,0
C00951,2024-12-30,0,0,0,0,0,0,0,0,0,0
C12603,2024-09-23,0,0,0,0,0,0,0,0,0,0
C12058,2025-12-15,211,1302,6,22686,4,618,284,0,237,163
C03606,2024-07-29,0,0,0,0,0,0,0,0,0,0
C00007,2023-01-02,0,0,0,0,0,0,0,0,0,0
C07591,2025-06-30,11,54,6,1009,2,38,0,0,0,16
C15939,2025-06-16,0,0,0,0,0,0,0,0,0,0
C10504,2024-03-25,0,0,0,0,0,0,0,0,0,0
C05364,2025-02-17,0,0,0,0,0,0,0,0,0,0
C00288,2024-09-16,4,20,5,389,3,10,5,5,0,0
C03402,2023-10-16,0,0,0,0,0,0,0,0,0,0
C10893,2025-04-14,0,0,0,0,0,0,0,0,0,0
C03538,2023-05-01,0,0,0,0,0,0,0,0,0,0
C00975,2023-04-24,0,0,0,0,0,0,0,0,0,0
C15810,2024-02-05,0,0,0,0,0,0,0,0,0,0
C05650,2024-02-19,0,0,0,0,0,0,0,0,0,0
C14106,2025-04-21,0,0,0,0,0,0,0,0,0,0
C00789,2024-04-01,0,0,0,0,0,0,0,0,0,0
C05881,2023-02-27,0,0,0,0,0,0,0,0,0,0
C02520,2023-06-26,0,0,0,0,0,0,0,0,0,0
C15447,2025-05-12,33,194,6,3942,2,132,62,0,0,0
C17118,2024-10-21,6,40,5,799,2,26,14,0,0,0
C13614,2024-05-06,0,0,0,0,0,0,0,0,0,0
C13491,2025-08-25,14,48,5,1072,1,48,0,0,0,0
C08447,2024-12-02,47,181,7,3574,2,136,0,0,0,45
C01429,2024-02-05,0,0,0,0,0,0,0,0,0,0
C12533,2023-01-23,0,0,0,0,0,0,0,0,0,0
C16894,2025-12-22,17,76,6,1347,2,55,0,21,0,0
C17898,2023-07-24,0,0,0,0,0,0,0,0,0,0
C14826,2024-11-25,0,0,0,0,0,0,0,0,0,0
C07368,2024-11-18,0,0,0,0,0,0,0,0,0,0
C18942,2024-02-12,0,0,0,0,0,0,0,0,0,0
C15475,2023-02-27,0,0,0,0,0,0,0,0,0,0
C09843,2024-10-21,0,0,0,0,0,0,0,0,0,0
C12409,2023-06-05,0,0,0,0,0,0,0,0,0,0
C09005,2025-07-07,0,0,0,0,0,0,0,0,0,0
C04156,2025-11-17,0,0,0,0,0,0,0,0,0,0
C07540,2025-08-25,0,0,0,0,0,0,0,0,0,0
C17498,2024-03-18,0,0,0,0,0,0,0,0,0,0
C18197,2025-07-28,0,0,0,0,0,0,0,0,0,0
C12163,2024-09-09,0,0,0,0,0,0,0,0,0,0
C19744,2024-04-29,0,0,0,0,0,0,0,0,0,0
C00224,2024-05-20,0,0,0,0,0,0,0,0,0,0
C01148,2025-07-21,0,0,0,0,0,0,0,0,0,0
C12250,2023-04-17,0,0,0,0,0,0,0,0,0,0
C17634,2025-07-21,0,0,0,0,0,0,0,0,0,0
C08781,2024-04-29,0,0,0,0,0,0,0,0,0,0
C08167,2024-05-27,0,0,0,0,0,0,0,0,0,0
C10269,2025-03-10,117,800,6,15349,4,336,211,165,0,88
C13780,2025-09-01,0,0,0,0,0,0,0,0,0,0
C11416,2024-12-16,0,0,0,0,0,0,0,0,0,0
C10294,2024-01-08,0,0,0,0,0,0,0,0,0,0
C04925,2023-07-24,0,0,0,0,0,0,0,0,0,0
C11300,2023-04-17,0,0,0,0,0,0,0,0,0,0
C17566,2024-05-27,0,0,0,0,0,0,0,0,0,0
C09167,2024-04-22,0,0,0,0,0,0,0,0,0,0
C01208,2025-02-03,44,144,6,2976,1,144,0,0,0,0
C01451,2024-06-17,546,2798,7,47910,2,1842,0,956,0,0
C12635,2024-12-02,9,38,4,736,2,16,22,0,0,0
C15349,2025-12-01,0,0,0,0,0,0,0,0,0,0
C16733,2025-10-06,89,328,6,6071,3,161,70,97,0,0
C17563,2024-11-18,2436,14527,6,300592,3,8056,0,4274,0,2197
C11134,2024-10-14,0,0,0,0,0,0,0,0,0,0
C08395,2024-03-18,0,0,0,0,0,0,0,0,0,0
C15120,2025-12-15,12,47,6,926,2,30,0,0,17,0
C17390,2023-10-02,0,0,0,0,0,0,0,0,0,0
C16436,2024-10-07,0,0,0,0,0,0,0,0,0,0
C09817,2023-12-04,0,0,0,0,0,0,0,0,0,0
C05369,2025-08-11,0,0,0,0,0,0,0,0,0,0
C11017,2023-10-23,0,0,0,0,0,0,0,0,0,0
C19859,2025-03-17,0,0,0,0,0,0,0,0,0,0
C10712,2026-01-05,0,0,0,0,0,0,0,0,0,0
C14796,2025-11-10,65,378,7,7293,3,201,0,99,78,0
C00071,2024-05-20,15,85,7,1614,3,61,11,0,0,13
C16696,2024-05-13,0,0,0,0,0,0,0,0,0,0
C14195,2024-10-14,0,0,0,0,0,0,0,0,0,0
C00443,2025-07-14,338,1624,5,30005,2,1195,0,0,429,0
C07747,2023-06-12,0,0,0,0,0,0,0,0,0,0
C00032,2024-12-16,1433,4776,7,75633,1,4776,0,0,0,0
C18108,2025-07-14,0,0,0,0,0,0,0,0,0,0
C01970,2025-03-10,0,0,0,0,0,0,0,0,0,0
C11554,2025-12-15,0,0,0,0,0,0,0,0,0,0
C04696,2024-04-29,0,0,0,0,0,0,0,0,0,0
C15298,2025-07-21,0,0,0,0,0,0,0,0,0,0
C00145,2023-04-10,0,0,0,0,0,0,0,0,0,0
C10118,2023-10-09,0,0,0,0,0,0,0,0,0,0
C17380,2023-10-30,0,0,0,0,0,0,0,0,0,0
C02461,2023-06-05,0,0,0,0,0,0,0,0,0,0
C10153,2025-08-11,0,0,0,0,0,0,0,0,0,0
C11901,2023-03-27,0,0,0,0,0,0,0,0,0,0
C02179,2023-07-31,0,0,0,0,0,0,0,0,0,0
C14163,2025-05-19,144,1084,6,20849,4,444,244,267,0,129
C10562,2023-03-13,0,0,0,0,0,0,0,0,0,0
C12320,2024-02-19,0,0,0,0,0,0,0,0,0,0
C18926,2023-02-27,0,0,0,0,0,0,0,0,0,0
C16024,2023-05-01,0,0,0,0,0,0,0,0,0,0
C11489,2025-02-17,0,0,0,0,0,0,0,0,0,0
C11463,2023-12-04,0,0,0,0,0,0,0,0,0,0
C07018,2023-03-27,0,0,0,0,0,0,0,0,0,0
C14814,2023-10-30,0,0,0,0,0,0,0,0,0,0
C16698,2025-05-05,0,0,0,0,0,0,0,0,0,0
C13989,2023-01-09,0,0,0,0,0,0,0,0,0,0
C19275,2024-11-25,16,95,6,1887,3,43,28,0,0,24
C06559,2025-08-11,0,0,0,0,0,0,0,0,0,0
C07406,2025-10-13,0,0,0,0,0,0,0,0,0,0
C05878,2023-08-21,0,0,0,0,0,0,0,0,0,0
C07531,2024-08-05,0,0,0,0,0,0,0,0,0,0
C09276,2023-01-23,0,0,0,0,0,0,0,0,0,0
C17311,2025-09-15,139,880,6,18316,3,489,0,262,0,129
C14246,2024-11-25,0,0,0,0,0,0,0,0,0,0
C19480,2023-06-19,0,0,0,0,0,0,0,0,0,0
C03316,2024-10-14,0,0,0,0,0,0,0,0,0,0
C01344,2025-03-24,0,0,0,0,0,0,0,0,0,0
C12555,2024-04-15,0,0,0,0,0,0,0,0,0,0
C00025,2025-08-25,0,0,0,0,0,0,0,0,0,0
C05556,2023-02-27,0,0,0,0,0,0,0,0,0,0
C04736,2025-01-13,0,0,0,0,0,0,0,0,0,0
C15983,2025-06-30,24,82,6,1662,2,62,20,0,0,0
C01724,2024-01-22,0,0,0,0,0,0,0,0,0,0
C08985,2024-02-26,0,0,0,0,0,0,0,0,0,0
C18160,2025-12-08,0,0,0,0,0,0,0,0,0,0
C14424,2024-10-07,0,0,0,0,0,0,0,0,0,0
C18207,2023-06-19,0,0,0,0,0,0,0,0,0,0
C08542,2024-08-05,0,0,0,0,0,0,0,0,0,0
C11507,2024-06-03,0,0,0,0,0,0,0,0,0,0
C12568,2025-02-03,0,0,0,0,0,0,0,0,0,0
C06952,2024-05-20,0,0,0,0,0,0,0,0,0,0
C19655,2023-10-23,0,0,0,0,0,0,0,0,0,0
C11145,2023-03-13,0,0,0,0,0,0,0,0,0,0
C02053,2023-10-02,0,0,0,0,0,0,0,0,0,0
C07856,2023-10-30,0,0,0,0,0,0,0,0,0,0
C00749,2023-08-14,0,0,0,0,0,0,0,0,0,0
C12977,2025-12-01,0,0,0,0,0,0,0,0,0,0
C12212,2023-08-14,0,0,0,0,0,0,0,0,0,0
C02616,2024-04-15,0,0,0,0,0,0,0,0,0,0
C04216,2024-03-11,0,0,0,0,0,0,0,0,0,0
C03819,2023-10-23,0,0,0,0,0,0,0,0,0,0
C12178,2024-04-08,0,0,0,0,0,0,0,0,0,0
C06536,2025-01-13,13,68,7,1215,2,54,0,0,0,14
C12358,2025-06-02,0,0,0,0,0,0,0,0,0,0
C11590,2024-06-10,0,0,0,0,0,0,0,0,0,0
C16147,2023-11-20,0,0,0,0,0,0,0,0,0,0
C05482,2024-01-15,0,0,0,0,0,0,0,0,0,0
C14509,2025-08-11,0,0,0,0,0,0,0,0,0,0
C13216,2023-09-11,0,0,0,0,0,0,0,0,0,0
C14161,2025-12-29,0,0,0,0,0,0,0,0,0,0
C17721,2024-03-04,0,0,0,0,0,0,0,0,0,0
C15125,2025-04-28,0,0,0,0,0,0,0,0,0,0
C05420,2024-05-27,0,0,0,0,0,0,0,0,0,0
C13683,2025-06-02,0,0,0,0,0,0,0,0,0,0
C13328,2025-10-27,0,0,0,0,0,0,0,0,0,0
C10292,2024-03-04,0,0,0,0,0,0,0,0,0,0
C00799,2024-04-15,0,0,0,0,0,0,0,0,0,0
C09793,2025-11-10,0,0,0,0,0,0,0,0,0,0
C16342,2023-07-24,0,0,0,0,0,0,0,0,0,0
C07220,2023-01-30,0,0,0,0,0,0,0,0,0,0
C04425,2024-05-13,163,511,6,9695,1,511,0,0,0,0
C13476,2023-01-09,0,0,0,0,0,0,0,0,0,0
C16399,2024-05-13,0,0,0,0,0,0,0,0,0,0
C06437,2025-03-03,0,0,0,0,0,0,0,0,0,0
C14570,2024-07-29,0,0,0,0,0,0,0,0,0,0
C13361,2024-01-08,0,0,0,0,0,0,0,0,0,0
C08160,2023-07-31,0,0,0,0,0,0,0,0,0,0
C17055,2023-07-24,0,0,0,0,0,0,0,0,0,0
C14275,2025-09-01,49,391,6,7074,4,154,92,98,47,0
C12461,2024-11-18,0,0,0,0,0,0,0,0,0,0
C07071,2023-12-18,0,0,0,0,0,0,0,0,0,0
C13705,2024-12-16,0,0,0,0,0,0,0,0,0,0
C14659,2023-01-30,0,0,0,0,0,0,0,0,0,0
C19046,2023-04-03,0,0,0,0,0,0,0,0,0,0
C07460,2023-08-14,0,0,0,0,0,0,0,0,0,0
C18707,2023-09-25,0,0,0,0,0,0,0,0,0,0
C11570,2025-12-01,596,4152,5,61849,3,2186,0,1138,828,0
C16430,2023-02-13,0,0,0,0,0,0,0,0,0,0
C11540,2024-08-19,383,3256,7,69671,4,1404,698,745,0,409
C15198,2023-03-20,0,0,0,0,0,0,0,0,0,0
C06726,2025-12-15,0,0,0,0,0,0,0,0,0,0
C17581,2023-07-31,0,0,0,0,0,0,0,0,0,0
C03958,2025-06-02,321,2332,7,42169,4,1020,478,474,360,0
C04152,2025-12-22,58,332,6,6396,2,207,125,0,0,0
C17311,2025-01-13,0,0,0,0,0,0,0,0,0,0
C04306,2025-11-03,0,0,0,0,0,0,0,0,0,0
C10170,2024-11-04,0,0,0,0,0,0,0,0,0,0
C07190,2025-12-29,0,0,0,0,0,0,0,0,0,0
C11909,2024-04-01,0,0,0,0,0,0,0,0,0,0
C09923,2023-08-14,0,0,0,0,0,0,0,0,0,0
C00002,2024-02-19,0,0,0,0,0,0,0,0,0,0
C02670,2025-08-04,0,0,0,0,0,0,0,0,0,0
C15774,2024-09-09,0,0,0,0,0,0,0,0,0,0
C13648,2023-03-13,0,0,0,0,0,0,0,0,0,0
C11633,2024-03-04,0,0,0,0,0,0,0,0,0,0
C07292,2025-01-06,0,0,0,0,0,0,0,0,0,0
C03923,2025-01-27,0,0,0,0,0,0,0,0,0,0
C17533,2025-06-16,0,0,0,0,0,0,0,0,0,0
C05592,2025-02-24,0,0,0,0,0,0,0,0,0,0
C02707,2025-05-19,388,2485,5,45441,4,1158,570,0,438,319
C01311,2025-11-17,0,0,0,0,0,0,0,0,0,0
C19934,2025-07-28,0,0,0,0,0,0,0,0,0,0
C13575,2025-05-12,0,0,0,0,0,0,0,0,0,0
C17307,2023-05-01,0,0,0,0,0,0,0,0,0,0
C09369,2025-07-21,0,0,0,0,0,0,0,0,0,0
C18826,2024-08-12,0,0,0,0,0,0,0,0,0,0
C01971,2023-01-09,0,0,0,0,0,0,0,0,0,0
C09927,2025-12-22,257,2482,6,48783,5,921,439,528,309,285
C06352,2023-02-20,0,0,0,0,0,0,0,0,0,0
C01263,2023-07-10,0,0,0,0,0,0,0,0,0,0
C12455,2023-02-27,0,0,0,0,0,0,0,0,0,0
C03836,2025-03-17,2,7,7,149,1,7,0,0,0,0
C07812,2024-03-18,0,0,0,0,0,0,0,0,0,0
C14059,2024-01-08,0,0,0,0,0,0,0,0,0,0
C09408,2024-10-21,0,0,0,0,0,0,0,0,0,0
C04274,2025-01-27,0,0,0,0,0,0,0,0,0,0
C18595,2024-02-26,0,0,0,0,0,0,0,0,0,0
C04798,2024-01-01,0,0,0,0,0,0,0,0,0,0
C08435,2024-06-10,0,0,0,0,0,0,0,0,0,0
C13589,2023-01-02,0,0,0,0,0,0,0,0,0,0
C14356,2025-01-20,0,0,0,0,0,0,0,0,0,0
C01935,2025-01-20,0,0,0,0,0,0,0,0,0,0
C19801,2024-07-22,0,0,0,0,0,0,0,0,0,0
C06418,2025-10-27,3,14,7,264,2,11,3,0,0,0
C16501,2023-05-22,0,0,0,0,0,0,0,0,0,0
C14163,2023-06-12,0,0,0,0,0,0,0,0,0,0
C19409,2023-12-04,0,0,0,0,0,0,0,0,0,0
C16179,2024-05-06,0,0,0,0,0,0,0,0,0,0
C06687,2024-11-11,0,0,0,0,0,0,0,0,0,0
C07029,2023-05-01,0,0,0,0,0,0,0,0,0,0
C03101,2023-06-26,0,0,0,0,0,0,0,0,0,0
C09120,2025-09-15,1172,8608,7,167810,4,3905,1966,0,1585,1152
C15144,2023-08-21,0,0,0,0,0,0,0,0,0,0
C11275,2024-03-11,0,0,0,0,0,0,0,0,0,0
C19808,2024-08-05,0,0,0,0,0,0,0,0,0,0
C07479,2025-06-23,0,0,0,0,0,0,0,0,0,0
C12257,2025-07-21,135,870,6,16172,4,424,0,189,133,124
C09072,2024-10-21,8,15,2,218,1,15,0,0,0,0
C04379,2023-06-26,0,0,0,0,0,0,0,0,0,0
C14261,2025-10-27,105,1018,7,19467,5,378,185,235,125,95
C15539,2024-07-29,0,0,0,0,0,0,0,0,0,0
C18979,2025-08-25,22,102,6,1636,2,67,0,0,35,0
C10172,2024-11-11,36,193,6,3805,3,99,62,0,32,0
C06327,2024-06-03,0,0,0,0,0,0,0,0,0,0
C05254,2023-07-10,0,0,0,0,0,0,0,0,0,0
C13296,2024-04-22,0,0,0,0,0,0,0,0,0,0
C08944,2024-07-01,0,0,0,0,0,0,0,0,0,0
C06316,2025-11-17,0,0,0,0,0,0,0,0,0,0
C01292,2023-05-01,0,0,0,0,0,0,0,0,0,0
C18231,2025-06-16,0,0,0,0,0,0,0,0,0,0
C17282,2023-11-13,0,0,0,0,0,0,0,0,0,0
C07929,2023-06-26,0,0,0,0,0,0,0,0,0,0
C06165,2024-06-24,0,0,0,0,0,0,0,0,0,0
C00059,2025-03-10,25,154,5,3146,2,98,0,56,0,0
C11674,2025-05-12,463,3641,6,74840,4,1661,804,0,706,470
C13255,2024-04-15,0,0,0,0,0,0,0,0,0,0
C05413,2024-11-18,0,0,0,0,0,0,0,0,0,0
C04939,2025-10-13,0,0,0,0,0,0,0,0,0,0
C01561,2023-05-22,0,0,0,0,0,0,0,0,0,0
C09485,2023-02-20,0,0,0,0,0,0,0,0,0,0
C02746,2023-10-09,0,0,0,0,0,0,0,0,0,0
C17088,2025-08-11,61,473,7,9114,3,245,141,0,87,0
C00065,2025-04-14,0,0,0,0,0,0,0,0,0,0
C13809,2024-06-10,0,0,0,0,0,0,0,0,0,0
C03376,2023-02-06,0,0,0,0,0,0,0,0,0,0
C15962,2025-10-13,37,264,6,4730,4,109,38,71,46,0
C16877,2025-01-13,160,1132,6,21116,3,595,0,360,0,177
C18311,2025-01-06,23,76,7,1185,1,76,0,0,0,0
C03597,2024-12-09,0,0,0,0,0,0,0,0,0,0
C07909,2023-01-02,0,0,0,0,0,0,0,0,0,0
C19425,2025-09-01,1,5,6,79,1,5,0,0,0,0
C14795,2025-04-07,0,0,0,0,0,0,0,0,0,0
C08449,2024-01-22,0,0,0,0,0,0,0,0,0,0
C01267,2024-12-23,0,0,0,0,0,0,0,0,0,0
C00367,2025-01-27,0,0,0,0,0,0,0,0,0,0
C16122,2024-11-11,2629,17775,7,316053,3,9473,4771,0,3531,0
C15655,2025-09-15,0,0,0,0,0,0,0,0,0,0
C03559,2023-06-12,0,0,0,0,0,0,0,0,0,0
C12478,2025-01-20,49,317,6,6588,3,147,89,81,0,0
C04892,2024-07-22,0,0,0,0,0,0,0,0,0,0
C19343,2025-03-24,0,0,0,0,0,0,0,0,0,0
C12432,2025-04-21,0,0,0,0,0,0,0,0,0,0
C14398,2024-10-28,0,0,0,0,0,0,0,0,0,0
C18467,2024-05-27,0,0,0,0,0,0,0,0,0,0
C16659,2024-10-14,206,930,5,15406,2,660,0,0,270,0
C07008,2024-04-08,0,0,0,0,0,0,0,0,0,0
C15501,2023-12-04,0,0,0,0,0,0,0,0,0,0
C04627,2024-08-26,0,0,0,0,0,0,0,0,0,0
C01817,2024-09-23,0,0,0,0,0,0,0,0,0,0
C00695,2024-07-08,0,0,0,0,0,0,0,0,0,0
C03440,2025-06-16,355,3094,5,58928,4,1341,660,679,0,414
C09098,2025-03-17,0,0,0,0,0,0,0,0,0,0
C08997,2025-04-07,0,0,0,0,0,0,0,0,0,0
C13754,2023-07-24,0,0,0,0,0,0,0,0,0,0
C01838,2023-10-09,0,0,0,0,0,0,0,0,0,0
C18502,2025-06-30,154,938,7,19691,3,486,243,209,0,0
C12622,2023-02-27,0,0,0,0,0,0,0,0,0,0
C13993,2023-06-12,0,0,0,0,0,0,0,0,0,0
C15434,2023-09-11,0,0,0,0,0,0,0,0,0,0
C08094,2024-12-16,549,3642,6,73578,3,1884,884,874,0,0
C15087,2024-12-09,0,0,0,0,0,0,0,0,0,0
C14620,2025-04-07,20,69,4,997,2,51,0,0,18,0
C07977,2023-05-15,0,0,0,0,0,0,0,0,0,0
C09256,2023-04-17,0,0,0,0,0,0,0,0,0,0
C04421,2025-02-03,0,0,0,0,0,0,0,0,0,0
C18142,2023-03-20,0,0,0,0,0,0,0,0,0,0
C15664,2023-01-09,0,0,0,0,0,0,0,0,0,0
C02539,2024-01-01,0,0,0,0,0,0,0,0,0,0
C03086,2023-01-16,0,0,0,0,0,0,0,0,0,0
C07290,2024-05-27,0,0,0,0,0,0,0,0,0,0
C14106,2024-09-16,0,0,0,0,0,0,0,0,0,0
C15070,2025-11-17,53,188,6,2983,2,161,0,0,0,27
C05609,2023-10-30,0,0,0,0,0,0,0,0,0,0
C04281,2025-07-21,0,0,0,0,0,0,0,0,0,0
C14348,2023-12-04,0,0,0,0,0,0,0,0,0,0
C14276,2024-03-18,0,0,0,0,0,0,0,0,0,0
C16984,2025-02-17,17,114,7,1949,2,69,0,45,0,0
C08198,2024-05-27,8,19,2,392,1,19,0,0,0,0
C05115,2025-03-31,31,230,7,4236,3,113,55,62,0,0
C13813,2025-01-20,0,0,0,0,0,0,0,0,0,0
C00036,2023-03-13,0,0,0,0,0,0,0,0,0,0
C18830,2025-04-21,0,0,0,0,0,0,0,0,0,0
C00953,2024-06-03,0,0,0,0,0,0,0,0,0,0
C13953,2023-05-29,0,0,0,0,0,0,0,0,0,0
C16589,2024-01-15,0,0,0,0,0,0,0,0,0,0
C03003,2025-06-23,0,0,0,0,0,0,0,0,0,0
C16416,2023-05-15,0,0,0,0,0,0,0,0,0,0
C03043,2025-04-21,0,0,0,0,0,0,0,0,0,0
C08114,2023-08-21,0,0,0,0,0,0,0,0,0,0
C02837,2023-05-15,0,0,0,0,0,0,0,0,0,0
C06597,2025-09-29,0,0,0,0,0,0,0,0,0,0
C19681,2025-03-17,0,0,0,0,0,0,0,0,0,0
C14159,2024-12-09,168,791,7,14173,2,518,0,273,0,0
C07606,2023-05-15,0,0,0,0,0,0,0,0,0,0
C05967,2023-12-11,0,0,0,0,0,0,0,0,0,0
C00875,2025-12-29,199,649,3,10555,1,649,0,0,0,0
C00258,2025-09-29,0,0,0,0,0,0,0,0,0,0
C08301,2023-05-15,0,0,0,0,0,0,0,0,0,0
C18070,2023-05-08,0,0,0,0,0,0,0,0,0,0
C06770,2024-12-16,0,0,0,0,0,0,0,0,0,0
C02084,2023-06-26,0,0,0,0,0,0,0,0,0,0
C07790,2025-05-12,0,0,0,0,0,0,0,0,0,0
C02756,2024-05-27,0,0,0,0,0,0,0,0,0,0
C07950,2025-04-14,0,0,0,0,0,0,0,0,0,0
C01447,2024-03-18,0,0,0,0,0,0,0,0,0,0
C02042,2025-04-07,0,0,0,0,0,0,0,0,0,0
C12740,2023-10-16,0,0,0,0,0,0,0,0,0,0
C11173,2025-07-28,635,4950,6,94809,4,2340,0,1101,827,682
C12020,2024-11-04,8,36,6,678,2,22,14,0,0,0
C01704,2023-06-12,0,0,0,0,0,0,0,0,0,0
C19159,2025-12-08,0,0,0,0,0,0,0,0,0,0
C06702,2024-05-06,0,0,0,0,0,0,0,0,0,0
C17709,2025-05-05,39,148,4,2400,2,107,0,0,41,0
C14751,2025-10-27,0,0,0,0,0,0,0,0,0,0
C01575,2023-07-10,0,0,0,0,0,0,0,0,0,0
C00349,2024-11-25,59,336,6,7211,3,177,97,0,0,62
C07123,2025-01-27,0,0,0,0,0,0,0,0,0,0
C17862,2025-08-18,0,0,0,0,0,0,0,0,0,0
C14230,2024-11-11,12,63,7,1203,2,42,21,0,0,0
C03892,2023-02-06,0,0,0,0,0,0,0,0,0,0
C04747,2023-11-20,0,0,0,0,0,0,0,0,0,0
C03346,2024-09-02,23,102,6,2146,2,64,38,0,0,0
C05734,2025-11-03,391,2966,7,57117,4,1352,736,0,514,364
C15494,2025-08-18,12,66,6,1481,2,46,0,0,0,20
C04974,2023-12-11,0,0,0,0,0,0,0,0,0,0
C03387,2024-10-21,0,0,0,0,0,0,0,0,0,0
C02450,2023-08-21,0,0,0,0,0,0,0,0,0,0
C11676,2025-10-13,0,0,0,0,0,0,0,0,0,0
C02807,2025-02-17,0,0,0,0,0,0,0,0,0,0
C16634,2024-03-25,0,0,0,0,0,0,0,0,0,0
C11618,2025-07-07,0,0,0,0,0,0,0,0,0,0
C00624,2024-12-23,21,73,4,1282,1,73,0,0,0,0
C09948,2024-07-22,0,0,0,0,0,0,0,0,0,0
C03653,2023-09-11,0,0,0,0,0,0,0,0,0,0
C03742,2025-11-03,0,0,0,0,0,0,0,0,0,0
C01374,2023-11-13,0,0,0,0,0,0,0,0,0,0
C12135,2024-04-15,0,0,0,0,0,0,0,0,0,0
C13874,2024-05-27,0,0,0,0,0,0,0,0,0,0
C15993,2025-09-01,5,12,2,205,1,12,0,0,0,0
C13876,2025-06-09,77,468,7,8699,3,295,0,0,110,63
C15254,2024-11-18,38,227,6,4220,2,153,0,74,0,0
C12741,2024-12-09,0,0,0,0,0,0,0,0,0,0
C05608,2023-03-13,0,0,0,0,0,0,0,0,0,0
C07284,2024-09-02,0,0,0,0,0,0,0,0,0,0
C16344,2024-09-09,0,0,0,0,0,0,0,0,0,0
C01925,2024-05-20,0,0,0,0,0,0,0,0,0,0
C11416,2024-01-22,0,0,0,0,0,0,0,0,0,0
C03783,2023-10-09,0,0,0,0,0,0,0,0,0,0
C13356,2023-10-23,0,0,0,0,0,0,0,0,0,0
C13241,2024-10-07,0,0,0,0,0,0,0,0,0,0
C12511,2023-01-09,0,0,0,0,0,0,0,0,0,0
C18596,2023-05-15,0,0,0,0,0,0,0,0,0,0
C05458,2025-06-30,0,0,0,0,0,0,0,0,0,0
C05864,2025-03-31,281,2078,7,36385,3,1058,551,469,0,0
C11769,2025-06-09,0,0,0,0,0,0,0,0,0,0
C03975,2023-08-14,0,0,0,0,0,0,0,0,0,0
C09627,2023-01-30,0,0,0,0,0,0,0,0,0,0
C04195,2025-05-26,0,0,0,0,0,0,0,0,0,0
C00422,2025-04-14,0,0,0,0,0,0,0,0,0,0
C02539,2023-04-24,0,0,0,0,0,0,0,0,0,0
C04209,2024-03-11,0,0,0,0,0,0,0,0,0,0
C02335,2025-03-24,0,0,0,0,0,0,0,0,0,0
C07155,2024-01-29,0,0,0,0,0,0,0,0,0,0
C18986,2023-02-20,0,0,0,0,0,0,0,0,0,0
C12022,2025-06-16,0,0,0,0,0,0,0,0,0,0
C07589,2024-03-25,0,0,0,0,0,0,0,0,0,0
C17973,2025-10-13,0,0,0,0,0,0,0,0,0,0
C06688,2023-03-13,0,0,0,0,0,0,0,0,0,0
C06011,2023-03-20,0,0,0,0,0,0,0,0,0,0
C05348,2025-01-06,242,1622,6,30292,3,886,0,429,307,0
C18130,2023-10-16,0,0,0,0,0,0,0,0,0,0
C05372,2024-02-26,0,0,0,0,0,0,0,0,0,0
C02957,2023-07-24,0,0,0,0,0,0,0,0,0,0
C10993,2025-06-16,0,0,0,0,0,0,0,0,0,0
C17475,2024-10-07,0,0,0,0,0,0,0,0,0,0
C10341,2025-07-14,0,0,0,0,0,0,0,0,0,0
C14721,2023-01-02,0,0,0,0,0,0,0,0,0,0
C08823,2025-09-15,47,161,5,2934,2,118,0,43,0,0
C17965,2025-04-07,0,0,0,0,0,0,0,0,0,0
C01474,2023-05-08,0,0,0,0,0,0,0,0,0,0
C09700,2024-03-11,0,0,0,0,0,0,0,0,0,0
C00751,2024-06-03,0,0,0,0,0,0,0,0,0,0
C10075,2025-09-22,0,0,0,0,0,0,0,0,0,0
C08528,2025-12-29,157,736,7,14428,2,494,0,242,0,0
C14831,2023-04-17,0,0,0,0,0,0,0,0,0,0
C11398,2025-11-24,45,187,6,3572,2,126,61,0,0,0
C00765,2025-09-22,0,0,0,0,0,0,0,0,0,0
C12778,2023-09-18,0,0,0,0,0,0,0,0,0,0
C00398,2024-07-29,19,97,7,2065,2,64,0,33,0,0
C18310,2023-02-13,0,0,0,0,0,0,0,0,0,0
C04740,2023-02-20,0,0,0,0,0,0,0,0,0,0
C15440,2024-10-28,225,1113,6,24506,2,744,0,369,0,0
C15546,2026-01-05,0,0,0,0,0,0,0,0,0,0
C16158,2024-02-05,0,0,0,0,0,0,0,0,0,0
C15528,2023-06-19,0,0,0,0,0,0,0,0,0,0
C01877,2024-06-24,0,0,0,0,0,0,0,0,0,0
C18724,2025-01-06,0,0,0,0,0,0,0,0,0,0
C06144,2026-01-05,0,0,0,0,0,0,0,0,0,0
C14545,2025-10-06,0,0,0,0,0,0,0,0,0,0
C11355,2024-12-30,0,0,0,0,0,0,0,0,0,0
C19503,2025-07-14,0,0,0,0,0,0,0,0,0,0
C07691,2024-06-17,0,0,0,0,0,0,0,0,0,0
C16280,2025-08-11,0,0,0,0,0,0,0,0,0,0
C13828,2024-09-16,0,0,0,0,0,0,0,0,0,0
C12968,2025-02-17,0,0,0,0,0,0,0,0,0,0
C03316,2023-03-20,0,0,0,0,0,0,0,0,0,0
C15420,2025-01-27,0,0,0,0,0,0,0,0,0,0
C14223,2025-09-08,0,0,0,0,0,0,0,0,0,0
C04605,2025-05-05,0,0,0,0,0,0,0,0,0,0
C07531,2024-06-03,0,0,0,0,0,0,0,0,0,0
C15330,2024-02-05,0,0,0,0,0,0,0,0,0,0
C06965,2025-05-12,0,0,0,0,0,0,0,0,0,0
C06798,2025-06-23,0,0,0,0,0,0,0,0,0,0
C15202,2025-04-21,0,0,0,0,0,0,0,0,0,0
C03536,2024-02-05,0,0,0,0,0,0,0,0,0,0
C11825,2023-11-20,0,0,0,0,0,0,0,0,0,0
C03654,2025-07-21,0,0,0,0,0,0,0,0,0,0
C12859,2025-02-10,781,5000,5,88456,3,2884,1338,0,0,778
C02812,2023-01-09,0,0,0,0,0,0,0,0,0,0
C04657,2024-02-12,0,0,0,0,0,0,0,0,0,0
C14332,2023-02-20,0,0,0,0,0,0,0,0,0,0
C03733,2023-04-03,0,0,0,0,0,0,0,0,0,0
C08911,2025-09-15,0,0,0,0,0,0,0,0,0,0
C13546,2025-12-29,117,441,5,8229,1,441,0,0,0,0
C10536,2025-04-21,0,0,0,0,0,0,0,0,0,0
C06635,2024-02-19,0,0,0,0,0,0,0,0,0,0
C08999,2025-11-24,0,0,0,0,0,0,0,0,0,0
C12660,2024-04-08,0,0,0,0,0,0,0,0,0,0
C17349,2023-12-11,0,0,0,0,0,0,0,0,0,0
C10440,2023-12-18,0,0,0,0,0,0,0,0,0,0
C08405,2025-01-13,723,5679,6,117631,4,2421,1201,1343,0,714
C12963,2023-10-09,0,0,0,0,0,0,0,0,0,0
C10507,2024-02-12,0,0,0,0,0,0,0,0,0,0
C15008,2024-11-04,0,0,0,0,0,0,0,0,0,0
C04690,2025-10-27,0,0,0,0,0,0,0,0,0,0
C14239,2025-05-19,0,0,0,0,0,0,0,0,0,0
C08603,2025-04-14,0,0,0,0,0,0,0,0,0,0
C14250,2024-04-29,0,0,0,0,0,0,0,0,0,0
C10050,2025-01-06,0,0,0,0,0,0,0,0,0,0
C04244,2024-03-11,0,0,0,0,0,0,0,0,0,0
C06244,2023-05-01,0,0,0,0,0,0,0,0,0,0
C13637,2023-08-07,0,0,0,0,0,0,0,0,0,0
C11067,2025-01-27,0,0,0,0,0,0,0,0,0,0
C01718,2024-07-29,0,0,0,0,0,0,0,0,0,0
C01584,2023-02-27,0,0,0,0,0,0,0,0,0,0
C07950,2025-08-11,0,0,0,0,0,0,0,0,0,0
C12843,2023-02-27,0,0,0,0,0,0,0,0,0,0
C08246,2025-04-07,21,162,7,3111,3,68,44,50,0,0
C04406,2024-11-11,90,485,6,7014,3,281,0,141,63,0
C11556,2025-06-16,0,0,0,0,0,0,0,0,0,0
C04685,2025-04-28,359,2658,6,55316,4,1117,587,578,376,0
C00758,2025-07-07,0,0,0,0,0,0,0,0,0,0
C04108,2024-01-29,0,0,0,0,0,0,0,0,0,0
C09903,2025-07-21,0,0,0,0,0,0,0,0,0,0
C04519,2025-09-08,0,0,0,0,0,0,0,0,0,0
C09307,2023-09-18,0,0,0,0,0,0,0,0,0,0
C18953,2024-02-19,0,0,0,0,0,0,0,0,0,0
C19300,2024-02-19,0,0,0,0,0,0,0,0,0,0
C04076,2023-10-23,0,0,0,0,0,0,0,0,0,0
C18179,2024-01-15,0,0,0,0,0,0,0,0,0,0
C14805,2023-07-03,0,0,0,0,0,0,0,0,0,0
C04632,2025-02-24,0,0,0,0,0,0,0,0,0,0
C03452,2024-04-08,0,0,0,0,0,0,0,0,0,0
C07171,2024-10-14,10,50,6,1066,2,37,13,0,0,0
C17235,2023-08-28,0,0,0,0,0,0,0,0,0,0
C02866,2025-05-26,0,0,0,0,0,0,0,0,0,0
C00894,2023-10-09,0,0,0,0,0,0,0,0,0,0
C01193,2024-11-18,0,0,0,0,0,0,0,0,0,0
C14764,2025-07-07,0,0,0,0,0,0,0,0,0,0
C03773,2023-03-27,0,0,0,0,0,0,0,0,0,0
C05580,2024-01-08,0,0,0,0,0,0,0,0,0,0
C15073,2024-07-08,30,164,7,3024,2,111,0,0,53,0
C02582,2025-02-17,0,0,0,0,0,0,0,0,0,0
C00646,2023-08-28,0,0,0,0,0,0,0,0,0,0
C00613,2024-01-08,0,0,0,0,0,0,0,0,0,0
C11093,2023-12-18,0,0,0,0,0,0,0,0,0,0
C15926,2025-10-13,592,5040,6,105239,5,1919,869,1028,695,529
C16829,2024-04-08,0,0,0,0,0,0,0,0,0,0
C17188,2023-10-09,0,0,0,0,0,0,0,0,0,0
C16726,2025-10-06,0,0,0,0,0,0,0,0,0,0
C13594,2023-11-20,0,0,0,0,0,0,0,0,0,0
C11722,2023-09-04,0,0,0,0,0,0,0,0,0,0
C08133,2024-12-09,158,495,4,10349,1,495,0,0,0,0
C07042,2024-06-03,0,0,0,0,0,0,0,0,0,0
C14038,2024-03-04,0,0,0,0,0,0,0,0,0,0
C10190,2023-03-27,0,0,0,0,0,0,0,0,0,0
C07236,2025-08-25,267,1816,7,39251,3,1020,490,0,0,306
C17940,2023-12-04,0,0,0,0,0,0,0,0,0,0
C02982,2023-03-13,0,0,0,0,0,0,0,0,0,0
C11259,2024-10-14,0,0,0,0,0,0,0,0,0,0
C08010,2023-11-13,0,0,0,0,0,0,0,0,0,0
C14609,2024-10-21,57,302,6,5576,3,170,0,0,84,48
C00495,2024-04-01,0,0,0,0,0,0,0,0,0,0
C00428,2025-11-10,626,4365,7,80279,3,2414,0,1242,0,709
C07254,2023-10-23,0,0,0,0,0,0,0,0,0,0
C09360,2025-11-03,0,0,0,0,0,0,0,0,0,0
C05202,2025-12-01,0,0,0,0,0,0,0,0,0,0
C09128,2024-01-15,0,0,0,0,0,0,0,0,0,0
C10420,2024-02-26,0,0,0,0,0,0,0,0,0,0
C00598,2023-05-08,0,0,0,0,0,0,0,0,0,0
C13878,2025-06-02,1,5,6,75,1,5,0,0,0,0
C16346,2023-11-20,0,0,0,0,0,0,0,0,0,0
C13078,2025-03-24,0,0,0,0,0,0,0,0,0,0
C10590,2025-08-04,0,0,0,0,0,0,0,0,0,0
C10829,2023-11-27,0,0,0,0,0,0,0,0,0,0
C07177,2025-04-28,0,0,0,0,0,0,0,0,0,0
C06530,2024-06-10,0,0,0,0,0,0,0,0,0,0
C14290,2024-04-22,0,0,0,0,0,0,0,0,0,0
C02771,2025-04-07,0,0,0,0,0,0,0,0,0,0
C08440,2024-07-29,0,0,0,0,0,0,0,0,0,0
C11429,2025-05-26,21,73,7,1694,1,73,0,0,0,0
C19847,2024-01-29,0,0,0,0,0,0,0,0,0,0
C18023,2023-11-06,0,0,0,0,0,0,0,0,0,0
C08064,2024-09-30,0,0,0,0,0,0,0,0,0,0
C19229,2023-11-20,0,0,0,0,0,0,0,0,0,0
C16473,2023-10-09,0,0,0,0,0,0,0,0,0,0
C10126,2023-03-06,0,0,0,0,0,0,0,0,0,0
C12199,2025-08-04,92,751,6,14698,3,387,172,192,0,0
C14251,2023-08-14,0,0,0,0,0,0,0,0,0,0
C19195,2025-05-26,0,0,0,0,0,0,0,0,0,0
C18720,2024-07-22,0,0,0,0,0,0,0,0,0,0
C15649,2023-10-30,0,0,0,0,0,0,0,0,0,0
C06496,2023-04-24,0,0,0,0,0,0,0,0,0,0
C00421,2025-09-01,0,0,0,0,0,0,0,0,0,0
C01454,2023-10-02,0,0,0,0,0,0,0,0,0,0
C16977,2025-10-06,58,287,6,4462,2,198,0,0,89,0
C16197,2025-03-31,0,0,0,0,0,0,0,0,0,0
C10968,2023-12-25,0,0,0,0,0,0,0,0,0,0
C01309,2023-03-13,0,0,0,0,0,0,0,0,0,0
C19076,2024-12-30,17,62,5,1229,1,62,0,0,0,0
C09170,2024-04-29,0,0,0,0,0,0,0,0,0,0
C03420,2024-06-17,0,0,0,0,0,0,0,0,0,0
C01041,2025-04-14,2,1,3,20,1,1,0,0,0,0
C01876,2024-03-11,0,0,0,0,0,0,0,0,0,0
C12347,2023-10-02,0,0,0,0,0,0,0,0,0,0
C19570,2025-10-13,0,0,0,0,0,0,0,0,0,0
C15338,2024-04-01,0,0,0,0,0,0,0,0,0,0
C18750,2024-12-16,0,0,0,0,0,0,0,0,0,0
C02308,2024-01-22,0,0,0,0,0,0,0,0,0,0
C14352,2024-06-10,0,0,0,0,0,0,0,0,0,0
C17646,2025-11-10,6,19,5,318,2,3,0,16,0,0
C05465,2025-04-21,0,0,0,0,0,0,0,0,0,0
C15699,2025-03-17,0,0,0,0,0,0,0,0,0,0
C03397,2023-06-12,0,0,0,0,0,0,0,0,0,0
C00494,2026-01-05,30,99,6,1772,1,99,0,0,0,0
C00662,2023-10-30,0,0,0,0,0,0,0,0,0,0
C08732,2024-11-18,8,48,7,920,2,34,0,14,0,0
C18344,2023-07-03,0,0,0,0,0,0,0,0,0,0
C13032,2023-03-27,0,0,0,0,0,0,0,0,0,0
C18023,2025-01-20,0,0,0,0,0,0,0,0,0,0
C08555,2024-10-28,0,0,0,0,0,0,0,0,0,0
C04474,2023-05-15,0,0,0,0,0,0,0,0,0,0
C02018,2023-05-15,0,0,0,0,0,0,0,0,0,0
C10961,2024-07-29,0,0,0,0,0,0,0,0,0,0
C15397,2025-06-23,0,0,0,0,0,0,0,0,0,0
C11592,2025-03-24,0,0,0,0,0,0,0,0,0,0
C15601,2023-03-20,0,0,0,0,0,0,0,0,0,0
C00671,2023-03-20,0,0,0,0,0,0,0,0,0,0
C05262,2023-03-20,0,0,0,0,0,0,0,0,0,0
C04887,2024-01-08,0,0,0,0,0,0,0,0,0,0
C18240,2023-11-20,0,0,0,0,0,0,0,0,0,0
C12436,2025-02-10,0,0,0,0,0,0,0,0,0,0
C06159,2023-03-13,0,0,0,0,0,0,0,0,0,0
C12102,2023-01-16,0,0,0,0,0,0,0,0,0,0
C07653,2023-05-08,0,0,0,0,0,0,0,0,0,0
C17519,2023-09-04,0,0,0,0,0,0,0,0,0,0
C17567,2024-01-29,0,0,0,0,0,0,0,0,0,0
C13864,2025-03-31,8,20,6,403,1,20,0,0,0,0
C01275,2023-03-13,0,0,0,0,0,0,0,0,0,0
C10741,2025-04-21,0,0,0,0,0,0,0,0,0,0
C02838,2024-09-23,0,0,0,0,0,0,0,0,0,0
C10726,2023-07-17,0,0,0,0,0,0,0,0,0,0
C04009,2025-06-02,0,0,0,0,0,0,0,0,0,0
C08946,2025-03-24,0,0,0,0,0,0,0,0,0,0
C06276,2023-07-03,0,0,0,0,0,0,0,0,0,0
C11894,2023-02-27,0,0,0,0,0,0,0,0,0,0
C11847,2025-11-10,52,384,6,7288,5,151,51,69,60,53
C09851,2024-07-01,0,0,0,0,0,0,0,0,0,0
C11516,2024-04-01,8,22,3,452,1,22,0,0,0,0
C10014,2024-04-29,12,47,6,841,1,47,0,0,0,0
C05276,2024-08-26,0,0,0,0,0,0,0,0,0,0
C05016,2024-11-25,0,0,0,0,0,0,0,0,0,0
C02481,2025-02-10,0,0,0,0,0,0,0,0,0,0
C19377,2023-04-03,0,0,0,0,0,0,0,0,0,0
C17738,2025-04-28,101,317,5,4645,1,317,0,0,0,0
C05870,2023-12-04,0,0,0,0,0,0,0,0,0,0
C19970,2025-05-26,0,0,0,0,0,0,0,0,0,0
C13973,2024-12-23,0,0,0,0,0,0,0,0,0,0
C01651,2025-12-08,2,6,3,96,1,6,0,0,0,0
C00972,2023-12-04,0,0,0,0,0,0,0,0,0,0
C05565,2023-06-12,0,0,0,0,0,0,0,0,0,0
C13411,2024-05-20,0,0,0,0,0,0,0,0,0,0
C15403,2024-05-13,0,0,0,0,0,0,0,0,0,0
C00002,2025-04-07,0,0,0,0,0,0,0,0,0,0
C01780,2025-02-24,0,0,0,0,0,0,0,0,0,0
C12435,2024-06-24,0,0,0,0,0,0,0,0,0,0
C16594,2024-12-16,0,0,0,0,0,0,0,0,0,0
C17695,2025-09-29,0,0,0,0,0,0,0,0,0,0
C11720,2025-08-18,0,0,0,0,0,0,0,0,0,0
C03964,2024-11-11,0,0,0,0,0,0,0,0,0,0
C04106,2023-05-01,0,0,0,0,0,0,0,0,0,0
C07547,2023-05-29,0,0,0,0,0,0,0,0,0,0
C17214,2024-03-18,0,0,0,0,0,0,0,0,0,0
C08906,2023-01-09,0,0,0,0,0,0,0,0,0,0
C16419,2024-09-23,0,0,0,0,0,0,0,0,0,0
C07501,2023-09-25,0,0,0,0,0,0,0,0,0,0
C10415,2024-08-26,0,0,0,0,0,0,0,0,0,0
C04556,2025-06-23,0,0,0,0,0,0,0,0,0,0
C12236,2023-01-30,0,0,0,0,0,0,0,0,0,0
C17721,2025-09-15,0,0,0,0,0,0,0,0,0,0
C04527,2025-05-12,432,3932,6,72253,5,1459,808,705,538,422
C10610,2023-10-30,0,0,0,0,0,0,0,0,0,0
C00625,2024-02-26,0,0,0,0,0,0,0,0,0,0
C04856,2024-08-19,0,0,0,0,0,0,0,0,0,0
C09351,2023-12-11,0,0,0,0,0,0,0,0,0,0
C19902,2025-10-13,27,115,4,1920,1,115,0,0,0,0
C05340,2023-09-04,0,0,0,0,0,0,0,0,0,0
C10688,2024-12-30,0,0,0,0,0,0,0,0,0,0
C06897,2023-12-25,0,0,0,0,0,0,0,0,0,0
C11014,2024-03-18,0,0,0,0,0,0,0,0,0,0
C13753,2024-09-30,0,0,0,0,0,0,0,0,0,0
C19433,2024-03-25,0,0,0,0,0,0,0,0,0,0
C13316,2024-11-25,0,0,0,0,0,0,0,0,0,0
C01735,2024-06-24,0,0,0,0,0,0,0,0,0,0
C08741,2024-09-09,0,0,0,0,0,0,0,0,0,0
C07138,2024-03-18,0,0,0,0,0,0,0,0,0,0
C10072,2024-08-05,8252,74776,5,1420357,5,28112,13791,14294,10523,8056
C14485,2023-07-31,0,0,0,0,0,0,0,0,0,0
C13877,2025-03-24,43,321,5,5996,3,172,0,94,55,0
C17307,2024-03-11,0,0,0,0,0,0,0,0,0,0
C03799,2023-06-12,0,0,0,0,0,0,0,0,0,0
C14950,2023-10-16,0,0,0,0,0,0,0,0,0,0
C18468,2025-04-21,0,0,0,0,0,0,0,0,0,0
C07791,2023-10-23,0,0,0,0,0,0,0,0,0,0
C08516,2024-03-25,0,0,0,0,0,0,0,0,0,0
C01097,2025-02-17,0,0,0,0,0,0,0,0,0,0
C01885,2023-08-14,0,0,0,0,0,0,0,0,0,0
C04664,2024-05-06,0,0,0,0,0,0,0,0,0,0
C17488,2025-08-11,24,83,5,1729,1,83,0,0,0,0
C07600,2023-03-06,0,0,0,0,0,0,0,0,0,0
C12602,2024-06-10,0,0,0,0,0,0,0,0,0,0
C00880,2025-06-30,0,0,0,0,0,0,0,0,0,0
C03824,2025-07-14,0,0,0,0,0,0,0,0,0,0
C19071,2023-08-21,0,0,0,0,0,0,0,0,0,0
C16554,2024-09-16,0,0,0,0,0,0,0,0,0,0
C04295,2024-01-29,0,0,0,0,0,0,0,0,0,0
C04822,2025-06-23,64,308,5,6382,2,243,0,0,0,65
C17718,2024-09-02,0,0,0,0,0,0,0,0,0,0
C01949,2023-08-07,0,0,0,0,0,0,0,0,0,0
C00800,2024-08-26,202,1507,7,29321,4,703,0,372,217,215
C03999,2023-07-03,0,0,0,0,0,0,0,0,0,0
C09637,2024-06-10,0,0,0,0,0,0,0,0,0,0
C07295,2023-04-03,0,0,0,0,0,0,0,0,0,0
C15431,2025-12-01,0,0,0,0,0,0,0,0,0,0
C00660,2024-10-21,0,0,0,0,0,0,0,0,0,0
C17082,2023-04-24,0,0,0,0,0,0,0,0,0,0
C07490,2023-01-02,0,0,0,0,0,0,0,0,0,0
C12532,2025-06-16,0,0,0,0,0,0,0,0,0,0
C18110,2025-04-07,0,0,0,0,0,0,0,0,0,0
C02224,2024-07-01,0,0,0,0,0,0,0,0,0,0
C19429,2025-06-16,21,75,5,1363,2,65,0,0,0,10
C12828,2024-03-11,0,0,0,0,0,0,0,0,0,0
C05246,2025-09-29,0,0,0,0,0,0,0,0,0,0
C06594,2025-01-13,0,0,0,0,0,0,0,0,0,0
C02403,2024-01-08,0,0,0,0,0,0,0,0,0,0
C19627,2023-12-25,0,0,0,0,0,0,0,0,0,0
C05604,2024-04-08,0,0,0,0,0,0,0,0,0,0
C02793,2023-01-09,0,0,0,0,0,0,0,0,0,0
C04263,2025-11-17,0,0,0,0,0,0,0,0,0,0
C01854,2024-08-12,0,0,0,0,0,0,0,0,0,0
C16150,2024-01-22,0,0,0,0,0,0,0,0,0,0
C11641,2025-07-07,0,0,0,0,0,0,0,0,0,0
C02882,2023-12-18,0,0,0,0,0,0,0,0,0,0
C04727,2025-12-29,0,0,0,0,0,0,0,0,0,0
C02089,2025-01-06,0,0,0,0,0,0,0,0,0,0
C05860,2023-01-16,0,0,0,0,0,0,0,0,0,0
C18475,2023-12-04,0,0,0,0,0,0,0,0,0,0
C05063,2025-10-13,29,184,6,3444,3,100,37,47,0,0
C01518,2024-01-29,0,0,0,0,0,0,0,0,0,0
C00832,2024-10-28,217,1806,6,30894,4,768,357,378,303,0
C03192,2023-11-20,0,0,0,0,0,0,0,0,0,0
C13628,2025-11-10,24,131,6,2368,2,96,0,35,0,0
C05339,2024-02-19,0,0,0,0,0,0,0,0,0,0
C19213,2023-07-17,0,0,0,0,0,0,0,0,0,0
C07992,2025-09-01,703,4633,5,78012,3,2489,1242,0,902,0
C13976,2024-09-16,0,0,0,0,0,0,0,0,0,0
C17919,2024-09-02,0,0,0,0,0,0,0,0,0,0
C05099,2025-11-10,48,201,4,3395,2,153,0,0,48,0
C11829,2025-09-15,63,460,7,7750,4,209,95,75,81,0
C15105,2023-08-14,0,0,0,0,0,0,0,0,0,0
C09187,2024-01-15,0,0,0,0,0,0,0,0,0,0
C16891,2024-09-02,0,0,0,0,0,0,0,0,0,0
C08180,2024-06-24,0,0,0,0,0,0,0,0,0,0
C01280,2023-04-03,0,0,0,0,0,0,0,0,0,0
C11533,2025-03-17,8,31,6,522,1,31,0,0,0,0
C16140,2023-11-13,0,0,0,0,0,0,0,0,0,0
C03135,2024-09-09,0,0,0,0,0,0,0,0,0,0
C04226,2025-04-07,0,0,0,0,0,0,0,0,0,0
C18540,2024-07-29,0,0,0,0,0,0,0,0,0,0
C12703,2025-09-15,81,270,6,5153,2,197,0,0,0,73
C17421,2024-04-15,0,0,0,0,0,0,0,0,0,0
C19658,2024-05-06,0,0,0,0,0,0,0,0,0,0
C01742,2024-01-15,0,0,0,0,0,0,0,0,0,0
C13913,2023-03-27,0,0,0,0,0,0,0,0,0,0
C08709,2023-11-27,0,0,0,0,0,0,0,0,0,0
C00283,2025-02-24,0,0,0,0,0,0,0,0,0,0
C06347,2023-01-02,0,0,0,0,0,0,0,0,0,0
C00186,2023-02-20,0,0,0,0,0,0,0,0,0,0
C01128,2023-01-23,0,0,0,0,0,0,0,0,0,0
C16419,2024-03-25,0,0,0,0,0,0,0,0,0,0
C06492,2025-04-07,0,0,0,0,0,0,0,0,0,0
C17630,2024-01-08,0,0,0,0,0,0,0,0,0,0
C09859,2023-10-30,0,0,0,0,0,0,0,0,0,0
C12998,2024-05-20,0,0,0,0,0,0,0,0,0,0
C14775,2023-01-02,0,0,0,0,0,0,0,0,0,0
C12311,2024-06-24,0,0,0,0,0,0,0,0,0,0
C01600,2024-03-11,0,0,0,0,0,0,0,0,0,0
C02126,2024-01-08,0,0,0,0,0,0,0,0,0,0
C15123,2023-07-10,0,0,0,0,0,0,0,0,0,0
C10731,2025-03-24,0,0,0,0,0,0,0,0,0,0
C17148,2023-03-27,0,0,0,0,0,0,0,0,0,0
C10760,2025-12-22,1744,10971,7,226541,3,5827,0,2966,2178,0
C17216,2024-01-15,0,0,0,0,0,0,0,0,0,0
C07949,2024-01-22,0,0,0,0,0,0,0,0,0,0
C12170,2024-09-30,0,0,0,0,0,0,0,0,0,0
C07681,2025-08-25,1667,14440,6,266080,4,5956,2980,3209,2295,0
C16999,2023-12-25,0,0,0,0,0,0,0,0,0,0
C03557,2025-06-09,17,63,3,1138,2,48,0,15,0,0
C10583,2024-03-18,0,0,0,0,0,0,0,0,0,0
C17713,2023-12-25,0,0,0,0,0,0,0,0,0,0
C13165,2023-04-03,0,0,0,0,0,0,0,0,0,0
C19219,2024-12-23,0,0,0,0,0,0,0,0,0,0
C10660,2024-01-15,0,0,0,0,0,0,0,0,0,0
C19405,2024-09-09,0,0,0,0,0,0,0,0,0,0
C11850,2025-12-22,0,0,0,0,0,0,0,0,0,0
C08210,2023-02-27,0,0,0,0,0,0,0,0,0,0
C13047,2025-12-22,0,0,0,0,0,0,0,0,0,0
C19887,2023-02-20,0,0,0,0,0,0,0,0,0,0
C17788,2024-01-29,0,0,0,0,0,0,0,0,0,0
C16710,2023-11-13,0,0,0,0,0,0,0,0,0,0
C17992,2024-07-29,0,0,0,0,0,0,0,0,0,0
C03827,2023-10-09,0,0,0,0,0,0,0,0,0,0
C18555,2023-09-04,0,0,0,0,0,0,0,0,0,0
C06937,2024-12-30,103,620,7,11946,4,258,134,111,117,0
C05897,2023-04-10,0,0,0,0,0,0,0,0,0,0
C17175,2024-10-07,0,0,0,0,0,0,0,0,0,0
C10333,2024-07-29,0,0,0,0,0,0,0,0,0,0
C03507,2025-10-06,0,0,0,0,0,0,0,0,0,0
C03861,2024-05-13,0,0,0,0,0,0,0,0,0,0
C03337,2025-05-05,43,210,7,4286,2,123,87,0,0,0
C05354,2024-01-01,0,0,0,0,0,0,0,0,0,0
C02700,2024-02-12,0,0,0,0,0,0,0,0,0,0
C04533,2023-08-14,0,0,0,0,0,0,0,0,0,0
C16119,2024-01-01,0,0,0,0,0,0,0,0,0,0
C07781,2024-02-26,0,0,0,0,0,0,0,0,0,0
C12408,2024-02-19,0,0,0,0,0,0,0,0,0,0
C16288,2024-07-22,0,0,0,0,0,0,0,0,0,0
C12199,2025-05-05,96,743,7,15324,3,346,194,203,0,0
C08559,2025-02-10,0,0,0,0,0,0,0,0,0,0
C05789,2024-01-08,0,0,0,0,0,0,0,0,0,0
C11304,2025-09-29,97,600,6,13653,3,278,178,144,0,0
C12526,2023-12-25,0,0,0,0,0,0,0,0,0,0
C03495,2024-11-25,18,56,4,981,1,56,0,0,0,0
C12390,2024-01-08,120,913,7,17028,4,381,0,254,165,113
C04895,2024-05-27,0,0,0,0,0,0,0,0,0,0
C00686,2023-01-30,0,0,0,0,0,0,0,0,0,0
C11813,2024-11-11,0,0,0,0,0,0,0,0,0,0
C06687,2025-12-01,0,0,0,0,0,0,0,0,0,0
C02288,2024-12-09,96,725,6,14905,3,364,198,163,0,0
C06636,2025-05-19,0,0,0,0,0,0,0,0,0,0
C06893,2025-06-23,0,0,0,0,0,0,0,0,0,0
C13326,2024-01-29,0,0,0,0,0,0,0,0,0,0
C05045,2025-04-07,14,67,7,1448,2,42,25,0,0,0
C09706,2025-01-27,0,0,0,0,0,0,0,0,0,0
C05013,2025-05-12,0,0,0,0,0,0,0,0,0,0
C15650,2025-03-17,4,13,5,259,2,8,5,0,0,0
C09624,2025-10-13,111,532,7,9281,2,396,0,0,136,0
C18225,2025-12-08,0,0,0,0,0,0,0,0,0,0
C07539,2025-07-28,0,0,0,0,0,0,0,0,0,0
C02515,2025-07-07,4,19,5,404,2,14,0,0,0,5
C02961,2023-03-27,0,0,0,0,0,0,0,0,0,0
C11010,2025-03-24,481,2720,7,51303,3,1392,687,641,0,0
C16063,2025-04-07,347,2359,7,43704,3,1258,616,0,485,0
C08839,2023-04-10,0,0,0,0,0,0,0,0,0,0
C03705,2023-07-24,0,0,0,0,0,0,0,0,0,0
C00295,2023-09-04,0,0,0,0,0,0,0,0,0,0
C04793,2023-12-18,0,0,0,0,0,0,0,0,0,0
C05401,2025-09-22,41,143,4,2554,2,97,0,0,46,0
C18148,2023-11-20,0,0,0,0,0,0,0,0,0,0
C13895,2024-02-05,0,0,0,0,0,0,0,0,0,0
C15272,2024-04-15,291,925,4,13602,1,925,0,0,0,0
C18269,2025-06-16,0,0,0,0,0,0,0,0,0,0
C09625,2023-10-16,0,0,0,0,0,0,0,0,0,0
C19939,2025-02-24,70,381,7,7427,2,243,138,0,0,0
C05595,2025-12-01,425,3903,7,65802,4,1589,816,863,635,0
C08110,2023-03-20,0,0,0,0,0,0,0,0,0,0
C09858,2025-08-25,0,0,0,0,0,0,0,0,0,0
C09826,2025-08-11,6,42,6,801,2,28,14,0,0,0
C04926,2025-06-09,0,0,0,0,0,0,0,0,0,0
C03641,2025-03-03,0,0,0,0,0,0,0,0,0,0
C14570,2023-12-18,0,0,0,0,0,0,0,0,0,0
C01174,2024-01-08,0,0,0,0,0,0,0,0,0,0
C08165,2025-02-10,0,0,0,0,0,0,0,0,0,0
C12699,2025-01-27,148,907,7,16931,3,465,0,246,196,0
C16371,2024-11-04,0,0,0,0,0,0,0,0,0,0
C12572,2023-11-20,0,0,0,0,0,0,0,0,0,0
C06034,2025-06-23,0,0,0,0,0,0,0,0,0,0
C12190,2023-07-03,0,0,0,0,0,0,0,0,0,0
C16234,2024-04-22,0,0,0,0,0,0,0,0,0,0
C18932,2023-03-13,0,0,0,0,0,0,0,0,0,0
C00616,2024-04-22,0,0,0,0,0,0,0,0,0,0
C14614,2024-04-08,0,0,0,0,0,0,0,0,0,0
C12227,2023-07-31,0,0,0,0,0,0,0,0,0,0
C03467,2025-07-14,165,821,6,15133,2,619,0,0,202,0
C02241,2025-11-03,4,15,4,320,2,10,0,0,0,5
C01682,2024-11-04,541,2990,6,50627,2,2007,983,0,0,0
C08448,2023-04-03,0,0,0,0,0,0,0,0,0,0
C16678,2024-10-14,0,0,0,0,0,0,0,0,0,0
C08950,2025-08-04,48,288,7,5435,2,191,97,0,0,0
C15570,2023-06-12,0,0,0,0,0,0,0,0,0,0
C17941,2024-09-02,6,29,7,569,1,29,0,0,0,0
C04668,2025-08-18,25,134,6,3014,3,77,34,0,0,23
C02809,2024-07-01,0,0,0,0,0,0,0,0,0,0
C18288,2025-05-19,588,5171,7,93871,5,1887,995,1064,644,581
C01609,2025-01-06,0,0,0,0,0,0,0,0,0,0
C19242,2025-05-26,127,632,6,12352,3,316,0,180,136,0
C13957,2023-11-20,0,0,0,0,0,0,0,0,0,0
C02951,2024-09-09,0,0,0,0,0,0,0,0,0,0
C03522,2024-05-20,488,3742,6,79805,4,1727,858,0,621,536
C15779,2025-03-31,108,622,6,11768,3,360,166,0,0,96
C12205,2024-07-22,0,0,0,0,0,0,0,0,0,0
C05139,2023-04-17,0,0,0,0,0,0,0,0,0,0
C11759,2025-11-03,34,242,7,4600,3,113,69,60,0,0
C19286,2024-01-08,0,0,0,0,0,0,0,0,0,0
C17705,2023-01-16,0,0,0,0,0,0,0,0,0,0
C10372,2025-07-07,16,67,6,1180,2,50,0,0,17,0
C08817,2025-05-05,0,0,0,0,0,0,0,0,0,0
C15503,2025-06-30,0,0,0,0,0,0,0,0,0,0
C16005,2025-12-29,5,31,7,637,2,22,9,0,0,0
C00406,2023-10-23,0,0,0,0,0,0,0,0,0,0
C08144,2024-12-16,0,0,0,0,0,0,0,0,0,0
C02042,2023-01-16,0,0,0,0,0,0,0,0,0,0
C06545,2023-09-04,0,0,0,0,0,0,0,0,0,0
C02426,2025-06-02,0,0,0,0,0,0,0,0,0,0
C09193,2025-11-24,23,52,4,872,1,52,0,0,0,0
C18300,2023-04-24,0,0,0,0,0,0,0,0,0,0
C19516,2023-09-25,0,0,0,0,0,0,0,0,0,0
C09009,2025-04-07,0,0,0,0,0,0,0,0,0,0
C18442,2024-06-17,0,0,0,0,0,0,0,0,0,0
C19957,2024-02-19,0,0,0,0,0,0,0,0,0,0
C06219,2023-04-03,0,0,0,0,0,0,0,0,0,0
C03312,2025-02-03,0,0,0,0,0,0,0,0,0,0
C18678,2023-01-09,0,0,0,0,0,0,0,0,0,0
C00148,2023-11-13,0,0,0,0,0,0,0,0,0,0
C10876,2025-12-08,464,3220,5,59878,3,1762,0,939,0,519
C05885,2025-06-09,70,451,7,8828,3,254,0,143,0,54
C10903,2023-07-03,0,0,0,0,0,0,0,0,0,0
C18072,2024-02-05,0,0,0,0,0,0,0,0,0,0
C04978,2023-07-31,0,0,0,0,0,0,0,0,0,0
C00854,2025-12-22,548,3395,7,64991,3,1828,0,922,645,0
C15679,2023-10-16,0,0,0,0,0,0,0,0,0,0
C09155,2024-08-19,0,0,0,0,0,0,0,0,0,0
C09540,2024-02-19,0,0,0,0,0,0,0,0,0,0
C09277,2024-01-15,0,0,0,0,0,0,0,0,0,0
C12627,2023-08-21,0,0,0,0,0,0,0,0,0,0
C12253,2023-08-28,0,0,0,0,0,0,0,0,0,0
C17832,2024-09-23,0,0,0,0,0,0,0,0,0,0
C00296,2024-03-25,0,0,0,0,0,0,0,0,0,0
C13530,2023-08-07,0,0,0,0,0,0,0,0,0,0
C14004,2025-12-15,0,0,0,0,0,0,0,0,0,0
C07878,2023-02-06,0,0,0,0,0,0,0,0,0,0
C03256,2024-05-13,0,0,0,0,0,0,0,0,0,0
C11842,2023-03-13,0,0,0,0,0,0,0,0,0,0
C03461,2025-10-13,0,0,0,0,0,0,0,0,0,0
C09608,2023-01-09,0,0,0,0,0,0,0,0,0,0
C05431,2025-02-24,17,53,6,997,2,42,0,0,11,0
C01968,2023-12-25,0,0,0,0,0,0,0,0,0,0
C16652,2023-10-16,0,0,0,0,0,0,0,0,0,0
C17493,2025-03-31,686,5917,6,123369,4,2545,1332,1316,0,724
C09677,2024-05-27,0,0,0,0,0,0,0,0,0,0
C05943,2025-01-13,0,0,0,0,0,0,0,0,0,0
C00282,2025-11-24,6,12,5,227,2,3,9,0,0,0
C15945,2023-09-04,0,0,0,0,0,0,0,0,0,0
C19685,2023-07-17,0,0,0,0,0,0,0,0,0,0
C17882,2023-03-06,0,0,0,0,0,0,0,0,0,0
C16542,2023-06-26,0,0,0,0,0,0,0,0,0,0
C13398,2023-11-06,0,0,0,0,0,0,0,0,0,0
C18527,2025-12-22,7,20,3,391,1,20,0,0,0,0
C17280,2025-02-10,0,0,0,0,0,0,0,0,0,0
C19952,2025-05-12,98,478,5,11000,2,365,0,0,0,113
C16852,2024-05-27,0,0,0,0,0,0,0,0,0,0
C12391,2024-12-02,0,0,0,0,0,0,0,0,0,0
C09049,2023-08-14,0,0,0,0,0,0,0,0,0,0
C07920,2025-03-17,0,0,0,0,0,0,0,0,0,0
C12789,2023-03-06,0,0,0,0,0,0,0,0,0,0
C09683,2024-02-05,0,0,0,0,0,0,0,0,0,0
C14201,2024-08-12,0,0,0,0,0,0,0,0,0,0
C11793,2025-10-27,0,0,0,0,0,0,0,0,0,0
C02661,2025-03-03,0,0,0,0,0,0,0,0,0,0
C04425,2024-01-22,0,0,0,0,0,0,0,0,0,0
C01621,2025-05-05,0,0,0,0,0,0,0,0,0,0
C18900,2023-05-22,0,0,0,0,0,0,0,0,0,0
C08094,2024-06-17,0,0,0,0,0,0,0,0,0,0
C02532,2024-12-09,0,0,0,0,0,0,0,0,0,0
C18721,2025-06-02,0,0,0,0,0,0,0,0,0,0
C10807,2025-03-03,0,0,0,0,0,0,0,0,0,0
C14927,2023-10-02,0,0,0,0,0,0,0,0,0,0
C14639,2025-01-06,0,0,0,0,0,0,0,0,0,0
C08305,2023-04-03,0,0,0,0,0,0,0,0,0,0
C11103,2023-05-22,0,0,0,0,0,0,0,0,0,0
C01634,2024-05-13,0,0,0,0,0,0,0,0,0,0
C18170,2025-12-22,0,0,0,0,0,0,0,0,0,0
C01955,2023-01-30,0,0,0,0,0,0,0,0,0,0
C10110,2024-01-15,0,0,0,0,0,0,0,0,0,0
C12554,2024-05-27,0,0,0,0,0,0,0,0,0,0
C14774,2025-07-28,0,0,0,0,0,0,0,0,0,0
C03067,2024-10-28,0,0,0,0,0,0,0,0,0,0
C02427,2024-03-25,0,0,0,0,0,0,0,0,0,0
C10012,2025-03-24,33,131,5,2370,1,131,0,0,0,0
C15973,2024-11-11,0,0,0,0,0,0,0,0,0,0
C19155,2025-10-20,0,0,0,0,0,0,0,0,0,0
C04081,2023-08-28,0,0,0,0,0,0,0,0,0,0
C05823,2023-01-16,0,0,0,0,0,0,0,0,0,0
C10045,2025-11-03,39,189,6,3057,2,135,0,0,54,0
C14044,2023-09-11,0,0,0,0,0,0,0,0,0,0
C09027,2024-02-12,0,0,0,0,0,0,0,0,0,0
C01138,2025-01-06,0,0,0,0,0,0,0,0,0,0
C19712,2025-02-24,0,0,0,0,0,0,0,0,0,0
C12225,2025-09-15,4,29,6,578,4,7,4,15,3,0
C12194,2024-07-29,0,0,0,0,0,0,0,0,0,0
C08001,2023-10-09,0,0,0,0,0,0,0,0,0,0
C04288,2025-12-08,17,48,4,758,1,48,0,0,0,0
C04121,2024-10-14,0,0,0,0,0,0,0,0,0,0
C18724,2025-02-24,0,0,0,0,0,0,0,0,0,0
C18473,2023-10-23,0,0,0,0,0,0,0,0,0,0
C16411,2025-06-09,0,0,0,0,0,0,0,0,0,0
C11308,2023-06-19,0,0,0,0,0,0,0,0,0,0
C13845,2025-10-13,0,0,0,0,0,0,0,0,0,0
C06613,2024-09-30,0,0,0,0,0,0,0,0,0,0
C05453,2023-01-30,0,0,0,0,0,0,0,0,0,0
C00921,2024-04-01,0,0,0,0,0,0,0,0,0,0
C06830,2025-07-07,0,0,0,0,0,0,0,0,0,0
C03410,2025-04-07,0,0,0,0,0,0,0,0,0,0
C10590,2024-08-05,0,0,0,0,0,0,0,0,0,0
C01213,2024-07-22,0,0,0,0,0,0,0,0,0,0
C10957,2024-11-25,588,5569,6,108899,5,2122,1050,1004,788,605
C04156,2024-08-05,11,106,6,2258,3,58,0,36,0,12
C16807,2024-06-24,0,0,0,0,0,0,0,0,0,0
C13530,2025-03-10,103,346,4,6421,2,252,0,0,94,0
C08916,2024-01-22,0,0,0,0,0,0,0,0,0,0
C16354,2023-11-06,0,0,0,0,0,0,0,0,0,0
C03294,2024-03-25,0,0,0,0,0,0,0,0,0,0
C19271,2025-12-08,2,3,1,61,1,3,0,0,0,0
C00644,2025-03-10,0,0,0,0,0,0,0,0,0,0
C15462,2024-11-04,40,339,5,6785,5,137,70,67,37,28
C05689,2025-03-31,51,209,5,3896,2,162,0,0,0,47
C15693,2025-09-22,0,0,0,0,0,0,0,0,0,0
C00004,2024-08-12,341,2847,6,48964,4,1170,596,635,446,0
C13116,2024-11-18,0,0,0,0,0,0,0,0,0,0
C07201,2025-09-22,0,0,0,0,0,0,0,0,0,0
C01729,2025-11-10,28,208,6,3852,3,117,0,55,36,0
C04177,2023-07-03,0,0,0,0,0,0,0,0,0,0
C06248,2025-03-10,0,0,0,0,0,0,0,0,0,0
C07692,2023-07-24,0,0,0,0,0,0,0,0,0,0
C11136,2025-10-20,0,0,0,0,0,0,0,0,0,0
C14547,2025-02-24,15,58,6,1057,1,58,0,0,0,0
C09769,2025-01-20,0,0,0,0,0,0,0,0,0,0
C01312,2025-12-15,0,0,0,0,0,0,0,0,0,0
C09388,2023-10-02,0,0,0,0,0,0,0,0,0,0
C14674,2023-12-25,0,0,0,0,0,0,0,0,0,0
C06012,2025-03-31,0,0,0,0,0,0,0,0,0,0
C06867,2024-11-04,0,0,0,0,0,0,0,0,0,0
C04228,2023-10-16,0,0,0,0,0,0,0,0,0,0
C08312,2023-06-26,0,0,0,0,0,0,0,0,0,0
C02749,2023-02-20,0,0,0,0,0,0,0,0,0,0
C05333,2023-04-10,0,0,0,0,0,0,0,0,0,0
C00779,2023-10-23,0,0,0,0,0,0,0,0,0,0
C10422,2024-04-08,0,0,0,0,0,0,0,0,0,0
C10349,2025-03-17,10,53,7,929,2,33,0,0,20,0
C01959,2024-02-05,0,0,0,0,0,0,0,0,0,0
C06738,2023-10-30,0,0,0,0,0,0,0,0,0,0
C08401,2025-08-11,0,0,0,0,0,0,0,0,0,0
C12523,2023-07-03,0,0,0,0,0,0,0,0,0,0
C02076,2023-05-01,0,0,0,0,0,0,0,0,0,0
C19477,2024-11-25,42,230,7,4892,4,93,59,59,0,19
C13089,2025-11-10,3061,21674,7,444536,4,9452,4631,4947,0,2644
C17118,2023-10-09,0,0,0,0,0,0,0,0,0,0
C02841,2024-02-19,0,0,0,0,0,0,0,0,0,0
C03221,2023-03-27,0,0,0,0,0,0,0,0,0,0
C00525,2024-01-01,0,0,0,0,0,0,0,0,0,0
C04129,2024-11-04,367,2724,7,50972,4,1310,620,0,455,339
C05595,2025-07-07,428,3799,7,76464,4,1563,766,803,667,0
C14265,2025-01-27,0,0,0,0,0,0,0,0,0,0
C15410,2023-05-15,0,0,0,0,0,0,0,0,0,0
C15309,2024-08-19,0,0,0,0,0,0,0,0,0,0
C07943,2025-01-20,0,0,0,0,0,0,0,0,0,0
C19397,2024-08-26,0,0,0,0,0,0,0,0,0,0
C00843,2024-10-21,45,342,7,6689,4,142,76,0,72,52
C05575,2023-01-09,0,0,0,0,0,0,0,0,0,0
C08507,2025-01-27,0,0,0,0,0,0,0,0,0,0
C03065,2025-05-12,40,235,7,4231,3,115,70,0,50,0
C06004,2024-08-05,0,0,0,0,0,0,0,0,0,0
C02597,2023-05-22,0,0,0,0,0,0,0,0,0,0
C04991,2024-03-04,0,0,0,0,0,0,0,0,0,0
C01278,2025-06-09,0,0,0,0,0,0,0,0,0,0
C06686,2024-11-11,0,0,0,0,0,0,0,0,0,0
C12812,2024-05-13,143,763,7,14171,3,457,0,0,167,139
C17052,2025-03-24,0,0,0,0,0,0,0,0,0,0
C16835,2024-12-16,0,0,0,0,0,0,0,0,0,0
C15522,2024-12-30,0,0,0,0,0,0,0,0,0,0
C18240,2024-10-14,0,0,0,0,0,0,0,0,0,0
C01266,2025-12-08,111,776,6,14718,3,377,195,204,0,0
C03439,2025-07-07,8,41,7,813,2,30,11,0,0,0
C11205,2023-05-22,0,0,0,0,0,0,0,0,0,0
C00455,2025-04-14,24,76,5,1234,1,76,0,0,0,0
C03023,2023-04-24,0,0,0,0,0,0,0,0,0,0
C02776,2023-05-29,0,0,0,0,0,0,0,0,0,0
C15152,2023-02-13,0,0,0,0,0,0,0,0,0,0
C04604,2023-05-29,0,0,0,0,0,0,0,0,0,0
C13712,2025-07-07,0,0,0,0,0,0,0,0,0,0
C09986,2024-07-15,0,0,0,0,0,0,0,0,0,0
C01142,2023-11-20,0,0,0,0,0,0,0,0,0,0
C06880,2023-10-30,0,0,0,0,0,0,0,0,0,0
C15164,2025-01-20,25,95,5,1319,2,64,0,0,31,0
C06791,2024-11-11,16,35,3,751,1,35,0,0,0,0
C10006,2023-02-20,0,0,0,0,0,0,0,0,0,0
C12026,2023-08-14,0,0,0,0,0,0,0,0,0,0
C17332,2024-09-16,0,0,0,0,0,0,0,0,0,0
C19773,2023-11-27,0,0,0,0,0,0,0,0,0,0
C05516,2023-12-18,0,0,0,0,0,0,0,0,0,0
C11839,2023-01-09,0,0,0,0,0,0,0,0,0,0
C11302,2024-06-03,0,0,0,0,0,0,0,0,0,0
C00378,2024-12-09,0,0,0,0,0,0,0,0,0,0
C11179,2024-07-15,0,0,0,0,0,0,0,0,0,0
C14474,2024-02-19,0,0,0,0,0,0,0,0,0,0
C16230,2024-02-12,0,0,0,0,0,0,0,0,0,0
C02328,2024-08-19,0,0,0,0,0,0,0,0,0,0
C10369,2024-12-16,0,0,0,0,0,0,0,0,0,0
C12385,2023-10-23,0,0,0,0,0,0,0,0,0,0
C12517,2025-02-24,0,0,0,0,0,0,0,0,0,0
C19594,2024-06-24,0,0,0,0,0,0,0,0,0,0
C18106,2025-11-03,0,0,0,0,0,0,0,0,0,0
C12031,2025-05-12,0,0,0,0,0,0,0,0,0,0
C14061,2023-10-23,0,0,0,0,0,0,0,0,0,0
C12913,2023-11-13,0,0,0,0,0,0,0,0,0,0
C14662,2023-09-18,0,0,0,0,0,0,0,0,0,0
C08849,2024-12-16,0,0,0,0,0,0,0,0,0,0
C02122,2023-02-13,0,0,0,0,0,0,0,0,0,0
C02013,2024-01-22,0,0,0,0,0,0,0,0,0,0
C09560,2025-01-06,0,0,0,0,0,0,0,0,0,0
C10892,2023-11-27,0,0,0,0,0,0,0,0,0,0
C02407,2025-06-16,112,660,6,13085,2,465,195,0,0,0
C18886,2025-12-22,0,0,0,0,0,0,0,0,0,0
C11127,2024-10-14,0,0,0,0,0,0,0,0,0,0
C13489,2023-03-20,0,0,0,0,0,0,0,0,0,0
C05682,2023-05-15,0,0,0,0,0,0,0,0,0,0
C03671,2024-06-17,0,0,0,0,0,0,0,0,0,0
C12746,2023-03-20,0,0,0,0,0,0,0,0,0,0
C00631,2025-04-28,0,0,0,0,0,0,0,0,0,0
C03413,2025-08-25,0,0,0,0,0,0,0,0,0,0
C17133,2023-02-20,0,0,0,0,0,0,0,0,0,0
C10255,2025-02-03,0,0,0,0,0,0,0,0,0,0
C09782,2024-12-30,0,0,0,0,0,0,0,0,0,0
C10146,2023-01-09,0,0,0,0,0,0,0,0,0,0
C13708,2025-09-15,0,0,0,0,0,0,0,0,0,0
C12046,2023-12-25,0,0,0,0,0,0,0,0,0,0
C00090,2025-05-12,21,66,5,1358,1,66,0,0,0,0
C05958,2023-10-16,0,0,0,0,0,0,0,0,0,0
C19392,2024-06-17,0,0,0,0,0,0,0,0,0,0
C12079,2023-03-20,0,0,0,0,0,0,0,0,0,0
C04158,2023-12-04,0,0,0,0,0,0,0,0,0,0
C06946,2024-03-11,0,0,0,0,0,0,0,0,0,0
C18892,2023-05-15,0,0,0,0,0,0,0,0,0,0
C07583,2023-05-22,0,0,0,0,0,0,0,0,0,0
C12911,2023-06-26,0,0,0,0,0,0,0,0,0,0
C08044,2024-04-15,0,0,0,0,0,0,0,0,0,0
C04900,2023-09-11,0,0,0,0,0,0,0,0,0,0
C06437,2023-02-06,0,0,0,0,0,0,0,0,0,0
C12911,2025-09-22,0,0,0,0,0,0,0,0,0,0
C01386,2025-01-13,0,0,0,0,0,0,0,0,0,0
C04030,2024-01-29,0,0,0,0,0,0,0,0,0,0
C14861,2025-11-24,0,0,0,0,0,0,0,0,0,0
C07498,2023-03-20,0,0,0,0,0,0,0,0,0,0
C03285,2025-10-06,50,272,6,5433,2,196,76,0,0,0
C07375,2024-04-01,0,0,0,0,0,0,0,0,0,0
C03396,2024-07-01,0,0,0,0,0,0,0,0,0,0
C13337,2025-11-17,0,0,0,0,0,0,0,0,0,0
C00872,2024-07-29,0,0,0,0,0,0,0,0,0,0
C17221,2025-12-15,0,0,0,0,0,0,0,0,0,0
C03561,2024-08-12,0,0,0,0,0,0,0,0,0,0
C13718,2023-07-24,0,0,0,0,0,0,0,0,0,0
C06712,2024-07-22,0,0,0,0,0,0,0,0,0,0
C04146,2025-12-15,23,148,7,3014,3,78,47,0,0,23
C14952,2024-09-23,0,0,0,0,0,0,0,0,0,0
C03561,2024-12-09,0,0,0,0,0,0,0,0,0,0
C12469,2024-09-02,0,0,0,0,0,0,0,0,0,0
C14711,2025-09-15,0,0,0,0,0,0,0,0,0,0
C02903,2023-10-02,0,0,0,0,0,0,0,0,0,0
C14455,2023-05-22,0,0,0,0,0,0,0,0,0,0
C01262,2025-06-02,64,232,6,4807,1,232,0,0,0,0
C02896,2024-10-14,0,0,0,0,0,0,0,0,0,0
C10359,2025-12-15,383,2100,6,41829,2,1433,0,667,0,0
C15248,2023-02-13,0,0,0,0,0,0,0,0,0,0
C17604,2023-05-01,0,0,0,0,0,0,0,0,0,0
C00571,2023-08-14,0,0,0,0,0,0,0,0,0,0
C19101,2023-03-06,0,0,0,0,0,0,0,0,0,0
C11189,2023-07-31,0,0,0,0,0,0,0,0,0,0
C11321,2023-11-06,0,0,0,0,0,0,0,0,0,0
C10373,2025-01-27,13,47,4,741,2,38,0,0,0,9
C09224,2023-02-20,0,0,0,0,0,0,0,0,0,0
C06671,2024-07-29,0,0,0,0,0,0,0,0,0,0
C15940,2024-03-18,0,0,0,0,0,0,0,0,0,0
C13607,2024-02-19,0,0,0,0,0,0,0,0,0,0
C17857,2023-04-10,0,0,0,0,0,0,0,0,0,0
C15856,2025-02-17,0,0,0,0,0,0,0,0,0,0
C06720,2024-03-18,0,0,0,0,0,0,0,0,0,0
C08906,2024-08-12,16,86,7,1833,2,59,27,0,0,0
C15952,2024-03-04,0,0,0,0,0,0,0,0,0,0
C18905,2023-11-06,0,0,0,0,0,0,0,0,0,0
C12144,2024-12-30,16,111,6,2108,3,64,35,12,0,0
C13607,2025-10-20,49,298,6,5833,2,204,0,94,0,0
C02285,2023-10-16,0,0,0,0,0,0,0,0,0,0
C15549,2024-06-17,0,0,0,0,0,0,0,0,0,0
C16318,2024-03-04,0,0,0,0,0,0,0,0,0,0
C00279,2024-09-23,0,0,0,0,0,0,0,0,0,0
C06115,2023-11-06,0,0,0,0,0,0,0,0,0,0
C04997,2023-11-20,0,0,0,0,0,0,0,0,0,0
C05347,2024-01-22,0,0,0,0,0,0,0,0,0,0
C10653,2024-09-16,0,0,0,0,0,0,0,0,0,0
C01367,2025-05-26,0,0,0,0,0,0,0,0,0,0
C00044,2025-02-17,0,0,0,0,0,0,0,0,0,0
C01465,2025-04-07,0,0,0,0,0,0,0,0,0,0
C05311,2023-10-02,0,0,0,0,0,0,0,0,0,0
C13041,2023-11-20,0,0,0,0,0,0,0,0,0,0
C12760,2025-06-09,12,30,4,515,1,30,0,0,0,0
C10726,2025-01-06,0,0,0,0,0,0,0,0,0,0
C08940,2023-03-27,0,0,0,0,0,0,0,0,0,0
C02398,2024-06-03,0,0,0,0,0,0,0,0,0,0
C01938,2025-06-23,17,35,4,752,1,35,0,0,0,0
C08055,2025-12-01,0,0,0,0,0,0,0,0,0,0
C11702,2023-07-03,0,0,0,0,0,0,0,0,0,0
C12995,2024-05-06,0,0,0,0,0,0,0,0,0,0
C10577,2025-04-21,0,0,0,0,0,0,0,0,0,0
C07968,2024-06-03,0,0,0,0,0,0,0,0,0,0
C10655,2025-03-10,24,46,4,683,1,46,0,0,0,0
C06715,2024-11-04,0,0,0,0,0,0,0,0,0,0
C05175,2023-08-14,0,0,0,0,0,0,0,0,0,0
C12253,2024-01-22,0,0,0,0,0,0,0,0,0,0
C08051,2025-12-01,12,40,3,790,1,40,0,0,0,0
C19277,2024-07-15,0,0,0,0,0,0,0,0,0,0
C05102,2023-12-04,0,0,0,0,0,0,0,0,0,0
C16244,2023-09-04,0,0,0,0,0,0,0,0,0,0
C03450,2023-02-27,0,0,0,0,0,0,0,0,0,0
C06329,2025-11-10,0,0,0,0,0,0,0,0,0,0
C14081,2023-03-13,0,0,0,0,0,0,0,0,0,0
C04179,2023-07-03,0,0,0,0,0,0,0,0,0,0
C10262,2025-07-28,0,0,0,0,0,0,0,0,0,0
C15741,2024-03-11,0,0,0,0,0,0,0,0,0,0
C05271,2025-07-28,476,3417,5,69887,3,1731,841,845,0,0
C16884,2024-04-01,16,57,4,1037,1,57,0,0,0,0
C13234,2025-04-21,379,1693,4,37748,2,1316,0,0,0,377
C19585,2025-07-21,32,177,5,3584,2,117,0,0,60,0
C06866,2023-09-11,0,0,0,0,0,0,0,0,0,0
C15210,2026-01-05,0,0,0,0,0,0,0,0,0,0
C09428,2024-01-08,0,0,0,0,0,0,0,0,0,0
C04123,2024-01-08,0,0,0,0,0,0,0,0,0,0
C18562,2023-07-03,0,0,0,0,0,0,0,0,0,0
C01469,2023-08-14,0,0,0,0,0,0,0,0,0,0
C02054,2023-06-26,0,0,0,0,0,0,0,0,0,0
C16713,2024-12-23,0,0,0,0,0,0,0,0,0,0
C11643,2023-03-27,0,0,0,0,0,0,0,0,0,0
C12049,2025-11-03,0,0,0,0,0,0,0,0,0,0
C08239,2024-03-18,0,0,0,0,0,0,0,0,0,0
C05018,2023-02-20,0,0,0,0,0,0,0,0,0,0
C01044,2023-10-09,0,0,0,0,0,0,0,0,0,0
C19664,2023-07-03,0,0,0,0,0,0,0,0,0,0
C04405,2023-07-10,0,0,0,0,0,0,0,0,0,0
C12822,2025-09-29,25,143,7,2931,3,84,35,0,0,24
C07063,2025-09-15,0,0,0,0,0,0,0,0,0,0
C12666,2025-02-03,0,0,0,0,0,0,0,0,0,0
C19460,2023-03-06,0,0,0,0,0,0,0,0,0,0
C06366,2025-12-01,0,0,0,0,0,0,0,0,0,0
C15586,2023-03-13,0,0,0,0,0,0,0,0,0,0
C15603,2025-04-07,0,0,0,0,0,0,0,0,0,0
C07925,2023-12-04,0,0,0,0,0,0,0,0,0,0
C13632,2025-04-07,0,0,0,0,0,0,0,0,0,0
C16632,2023-09-04,0,0,0,0,0,0,0,0,0,0
C10504,2024-08-12,0,0,0,0,0,0,0,0,0,0
C05905,2023-08-07,0,0,0,0,0,0,0,0,0,0
C01698,2023-05-29,0,0,0,0,0,0,0,0,0,0
C10070,2025-06-30,0,0,0,0,0,0,0,0,0,0
C17704,2023-09-25,0,0,0,0,0,0,0,0,0,0
C11280,2024-11-18,0,0,0,0,0,0,0,0,0,0
C07955,2023-07-24,0,0,0,0,0,0,0,0,0,0
C13078,2023-03-13,0,0,0,0,0,0,0,0,0,0
C13127,2023-11-27,0,0,0,0,0,0,0,0,0,0
C06749,2025-06-09,0,0,0,0,0,0,0,0,0,0
C09345,2023-09-04,0,0,0,0,0,0,0,0,0,0
C05302,2025-04-28,550,5046,7,87969,4,2099,1026,1130,791,0
C15609,2023-02-20,0,0,0,0,0,0,0,0,0,0
C10818,2025-08-04,0,0,0,0,0,0,0,0,0,0
C03758,2023-05-22,0,0,0,0,0,0,0,0,0,0
C04464,2025-05-05,495,3107,7,62517,3,1619,0,860,628,0
C12846,2025-07-28,29,185,6,3486,3,96,49,40,0,0
C02105,2023-04-03,0,0,0,0,0,0,0,0,0,0
C01169,2024-04-29,0,0,0,0,0,0,0,0,0,0
C18655,2023-05-01,0,0,0,0,0,0,0,0,0,0
C10540,2024-11-18,1081,6695,7,135778,3,3297,1610,1788,0,0
C03472,2024-02-05,0,0,0,0,0,0,0,0,0,0
C12747,2025-06-30,0,0,0,0,0,0,0,0,0,0
C09882,2024-06-17,0,0,0,0,0,0,0,0,0,0
C14672,2025-12-22,0,0,0,0,0,0,0,0,0,0
C19842,2023-11-20,0,0,0,0,0,0,0,0,0,0
C16734,2025-09-01,39,141,4,2778,1,141,0,0,0,0
C15123,2023-10-23,0,0,0,0,0,0,0,0,0,0
C11784,2023-07-17,0,0,0,0,0,0,0,0,0,0
C07688,2025-04-14,118,528,6,11126,2,351,177,0,0,0
C00942,2025-08-04,301,1855,7,37416,3,1061,515,0,0,279
C09420,2024-02-19,0,0,0,0,0,0,0,0,0,0
C08888,2025-07-07,0,0,0,0,0,0,0,0,0,0
C17520,2025-08-04,0,0,0,0,0,0,0,0,0,0
C04284,2023-09-25,0,0,0,0,0,0,0,0,0,0
C04643,2023-04-24,0,0,0,0,0,0,0,0,0,0
C05509,2025-06-23,0,0,0,0,0,0,0,0,0,0
C02894,2024-06-10,0,0,0,0,0,0,0,0,0,0
C16704,2023-01-30,0,0,0,0,0,0,0,0,0,0
C16895,2025-02-03,4,6,5,119,1,6,0,0,0,0
C18769,2023-10-16,0,0,0,0,0,0,0,0,0,0
C03081,2024-05-13,0,0,0,0,0,0,0,0,0,0
C13117,2025-09-22,0,0,0,0,0,0,0,0,0,0
C02755,2025-04-14,1472,8430,7,181524,3,4742,2380,0,0,1308
C10514,2024-05-13,0,0,0,0,0,0,0,0,0,0
C09867,2025-04-14,0,0,0,0,0,0,0,0,0,0
C11680,2024-08-26,0,0,0,0,0,0,0,0,0,0
C18443,2024-04-08,0,0,0,0,0,0,0,0,0,0
C05248,2024-04-29,0,0,0,0,0,0,0,0,0,0
C16345,2025-12-29,0,0,0,0,0,0,0,0,0,0
C13251,2025-03-24,171,1153,6,20163,3,610,0,329,214,0
C07316,2023-05-08,0,0,0,0,0,0,0,0,0,0
C17322,2024-12-09,0,0,0,0,0,0,0,0,0,0
C12715,2023-03-13,0,0,0,0,0,0,0,0,0,0
C17183,2024-08-05,0,0,0,0,0,0,0,0,0,0
C15952,2025-10-20,55,341,6,5624,2,210,0,131,0,0
C08091,2024-02-05,0,0,0,0,0,0,0,0,0,0
C10438,2024-09-02,0,0,0,0,0,0,0,0,0,0
C16650,2024-01-15,0,0,0,0,0,0,0,0,0,0
C09256,2025-08-04,0,0,0,0,0,0,0,0,0,0
C00368,2024-06-17,0,0,0,0,0,0,0,0,0,0
C12908,2024-10-07,0,0,0,0,0,0,0,0,0,0
C07257,2024-07-08,41,272,7,5611,3,129,79,0,64,0
C16815,2023-11-20,0,0,0,0,0,0,0,0,0,0
C10780,2023-01-23,0,0,0,0,0,0,0,0,0,0
C13428,2023-08-28,0,0,0,0,0,0,0,0,0,0
C02498,2025-04-07,0,0,0,0,0,0,0,0,0,0
C17368,2025-12-15,0,0,0,0,0,0,0,0,0,0
C19627,2024-06-17,0,0,0,0,0,0,0,0,0,0
C01226,2023-05-08,0,0,0,0,0,0,0,0,0,0
C07993,2023-07-24,0,0,0,0,0,0,0,0,0,0
C12575,2024-01-01,0,0,0,0,0,0,0,0,0,0
C18119,2025-05-19,19,99,7,1853,2,65,34,0,0,0
C04710,2024-04-29,0,0,0,0,0,0,0,0,0,0
C08250,2024-06-17,4,25,5,452,3,17,2,6,0,0
C06513,2024-01-08,0,0,0,0,0,0,0,0,0,0
C06935,2023-09-11,0,0,0,0,0,0,0,0,0,0
C10123,2024-03-25,0,0,0,0,0,0,0,0,0,0
C11405,2024-10-28,0,0,0,0,0,0,0,0,0,0
C04134,2025-05-05,0,0,0,0,0,0,0,0,0,0
C18514,2023-10-16,0,0,0,0,0,0,0,0,0,0
C05501,2024-08-12,0,0,0,0,0,0,0,0,0,0
C02801,2026-01-05,0,0,0,0,0,0,0,0,0,0
C01985,2024-10-14,0,0,0,0,0,0,0,0,0,0
C12576,2025-04-07,0,0,0,0,0,0,0,0,0,0
C12104,2023-04-03,0,0,0,0,0,0,0,0,0,0
C15936,2025-02-17,4,30,7,539,2,21,9,0,0,0
C19870,2023-06-26,0,0,0,0,0,0,0,0,0,0
C02281,2024-02-05,0,0,0,0,0,0,0,0,0,0
C04228,2023-08-14,0,0,0,0,0,0,0,0,0,0
C03451,2024-04-01,0,0,0,0,0,0,0,0,0,0
C06621,2024-02-05,0,0,0,0,0,0,0,0,0,0
C08688,2023-06-12,0,0,0,0,0,0,0,0,0,0
C05440,2023-07-17,0,0,0,0,0,0,0,0,0,0
C06029,2024-08-05,0,0,0,0,0,0,0,0,0,0
C15919,2023-09-18,0,0,0,0,0,0,0,0,0,0
C19113,2025-06-23,169,1133,5,21311,3,609,324,0,200,0
C18481,2023-02-20,0,0,0,0,0,0,0,0,0,0
C15834,2024-06-24,0,0,0,0,0,0,0,0,0,0
C16213,2023-05-22,0,0,0,0,0,0,0,0,0,0
C15733,2024-08-12,0,0,0,0,0,0,0,0,0,0
C11548,2024-01-15,0,0,0,0,0,0,0,0,0,0
C09488,2025-08-04,0,0,0,0,0,0,0,0,0,0
C09215,2025-08-04,1,8,5,172,2,0,3,5,0,0
C16559,2024-01-22,0,0,0,0,0,0,0,0,0,0
C05065,2023-09-25,0,0,0,0,0,0,0,0,0,0
C08654,2024-03-18,0,0,0,0,0,0,0,0,0,0
C13887,2025-08-25,2380,21286,6,362856,4,8954,4331,4666,3335,0
C14856,2025-02-10,0,0,0,0,0,0,0,0,0,0
C10719,2024-09-23,0,0,0,0,0,0,0,0,0,0
C03889,2025-04-14,259,1984,6,37657,4,864,364,443,313,0
C12641,2025-11-17,0,0,0,0,0,0,0,0,0,0
C14838,2024-05-27,0,0,0,0,0,0,0,0,0,0
C00764,2023-05-01,0,0,0,0,0,0,0,0,0,0
C05063,2023-08-14,0,0,0,0,0,0,0,0,0,0
C19348,2023-07-03,0,0,0,0,0,0,0,0,0,0
C02096,2023-12-04,0,0,0,0,0,0,0,0,0,0
C03315,2024-09-16,0,0,0,0,0,0,0,0,0,0
C10422,2025-07-21,0,0,0,0,0,0,0,0,0,0
C02458,2023-09-04,0,0,0,0,0,0,0,0,0,0
C15249,2025-10-13,0,0,0,0,0,0,0,0,0,0
C16565,2024-08-05,0,0,0,0,0,0,0,0,0,0
C06773,2025-06-02,42,150,6,2717,1,150,0,0,0,0
C18798,2025-10-06,1,5,5,74,2,4,0,0,1,0
C15076,2023-07-24,0,0,0,0,0,0,0,0,0,0
C00299,2025-12-15,0,0,0,0,0,0,0,0,0,0
C16611,2023-04-17,0,0,0,0,0,0,0,0,0,0
C06386,2025-09-08,1431,12445,7,237214,4,5185,2563,2656,2041,0
C16805,2024-02-05,0,0,0,0,0,0,0,0,0,0
C03448,2025-03-24,0,0,0,0,0,0,0,0,0,0
C09881,2024-07-01,0,0,0,0,0,0,0,0,0,0
C03856,2025-08-11,0,0,0,0,0,0,0,0,0,0
C02351,2024-05-06,0,0,0,0,0,0,0,0,0,0
C03009,2025-07-28,0,0,0,0,0,0,0,0,0,0
C04463,2024-05-20,0,0,0,0,0,0,0,0,0,0
C04437,2023-05-01,0,0,0,0,0,0,0,0,0,0
C13552,2023-05-08,0,0,0,0,0,0,0,0,0,0
C13933,2023-07-31,0,0,0,0,0,0,0,0,0,0
C04280,2023-04-10,0,0,0,0,0,0,0,0,0,0
C14340,2023-07-10,0,0,0,0,0,0,0,0,0,0
C05118,2025-02-03,180,900,6,17062,2,610,290,0,0,0
C07451,2023-07-31,0,0,0,0,0,0,0,0,0,0
C06576,2024-09-16,0,0,0,0,0,0,0,0,0,0
C06865,2024-04-29,0,0,0,0,0,0,0,0,0,0
C05048,2025-07-07,0,0,0,0,0,0,0,0,0,0
C19118,2025-09-01,46,235,6,4881,2,166,69,0,0,0
C15599,2023-10-30,0,0,0,0,0,0,0,0,0,0
C14653,2025-12-01,0,0,0,0,0,0,0,0,0,0
C07570,2025-06-30,0,0,0,0,0,0,0,0,0,0
C00838,2025-05-19,0,0,0,0,0,0,0,0,0,0
C08255,2023-04-24,0,0,0,0,0,0,0,0,0,0
C02183,2025-01-06,0,0,0,0,0,0,0,0,0,0
C00573,2024-05-20,61,214,6,4150,1,214,0,0,0,0
C08589,2024-07-08,48,256,7,5410,2,176,80,0,0,0
C15801,2026-01-05,0,0,0,0,0,0,0,0,0,0
C12147,2023-08-07,0,0,0,0,0,0,0,0,0,0
C11030,2023-07-31,0,0,0,0,0,0,0,0,0,0
C06360,2025-11-17,0,0,0,0,0,0,0,0,0,0
C07745,2024-07-22,0,0,0,0,0,0,0,0,0,0
C10482,2023-11-13,0,0,0,0,0,0,0,0,0,0
C19443,2024-03-04,0,0,0,0,0,0,0,0,0,0
C18570,2024-02-26,0,0,0,0,0,0,0,0,0,0
C02369,2023-08-21,0,0,0,0,0,0,0,0,0,0
C16756,2025-03-24,28,98,6,1592,1,98,0,0,0,0
C13196,2023-09-18,0,0,0,0,0,0,0,0,0,0
C15302,2024-05-20,0,0,0,0,0,0,0,0,0,0
C11069,2024-12-16,0,0,0,0,0,0,0,0,0,0
C00116,2023-07-17,0,0,0,0,0,0,0,0,0,0
C00523,2024-09-02,0,0,0,0,0,0,0,0,0,0
C14519,2024-09-02,0,0,0,0,0,0,0,0,0,0
C19044,2024-02-19,0,0,0,0,0,0,0,0,0,0
C12580,2023-05-29,0,0,0,0,0,0,0,0,0,0
C12795,2025-10-06,0,0,0,0,0,0,0,0,0,0
C15243,2023-12-25,0,0,0,0,0,0,0,0,0,0
C17553,2025-11-24,5,11,2,195,1,11,0,0,0,0
C13092,2024-12-16,606,4347,6,77488,3,2198,0,1297,852,0
C18137,2023-12-18,0,0,0,0,0,0,0,0,0,0
C09891,2023-02-06,0,0,0,0,0,0,0,0,0,0
C12914,2025-07-07,833,6212,7,122273,4,2791,0,1552,1068,801
C19618,2025-08-04,0,0,0,0,0,0,0,0,0,0
C04015,2024-11-25,0,0,0,0,0,0,0,0,0,0
C03489,2025-11-03,0,0,0,0,0,0,0,0,0,0
C00393,2024-06-10,0,0,0,0,0,0,0,0,0,0
C16885,2023-04-24,0,0,0,0,0,0,0,0,0,0
C14256,2023-12-11,0,0,0,0,0,0,0,0,0,0
C18596,2023-09-04,0,0,0,0,0,0,0,0,0,0
C09674,2025-07-21,0,0,0,0,0,0,0,0,0,0
C09609,2024-05-13,0,0,0,0,0,0,0,0,0,0
C05600,2025-05-05,0,0,0,0,0,0,0,0,0,0
C08557,2023-07-10,0,0,0,0,0,0,0,0,0,0
C16658,2024-11-11,13,46,5,849,1,46,0,0,0,0
C04044,2025-06-02,0,0,0,0,0,0,0,0,0,0
C03558,2023-07-03,0,0,0,0,0,0,0,0,0,0
C05177,2023-05-29,0,0,0,0,0,0,0,0,0,0
C10660,2024-08-05,12,77,6,1409,3,45,11,0,21,0
C04155,2024-09-23,108,791,7,16062,4,371,0,200,123,97
C09825,2024-09-30,0,0,0,0,0,0,0,0,0,0
C07812,2025-05-19,0,0,0,0,0,0,0,0,0,0
C15345,2024-05-27,0,0,0,0,0,0,0,0,0,0
C17797,2023-01-02,0,0,0,0,0,0,0,0,0,0
C07225,2025-07-07,0,0,0,0,0,0,0,0,0,0
C08142,2025-07-21,0,0,0,0,0,0,0,0,0,0
C16734,2024-03-18,0,0,0,0,0,0,0,0,0,0
C17264,2023-06-05,0,0,0,0,0,0,0,0,0,0
C10476,2023-08-14,0,0,0,0,0,0,0,0,0,0
C11663,2023-07-03,0,0,0,0,0,0,0,0,0,0
C02736,2023-05-22,0,0,0,0,0,0,0,0,0,0
C04347,2024-07-01,0,0,0,0,0,0,0,0,0,0
C05851,2023-01-09,0,0,0,0,0,0,0,0,0,0
C14483,2025-10-06,0,0,0,0,0,0,0,0,0,0
C16282,2025-09-08,0,0,0,0,0,0,0,0,0,0
C01680,2025-07-07,0,0,0,0,0,0,0,0,0,0
C06249,2025-01-13,0,0,0,0,0,0,0,0,0,0
C04376,2024-10-07,0,0,0,0,0,0,0,0,0,0
C15466,2024-03-25,0,0,0,0,0,0,0,0,0,0
C05970,2024-10-14,0,0,0,0,0,0,0,0,0,0
C04769,2023-01-09,0,0,0,0,0,0,0,0,0,0
C00560,2024-07-29,0,0,0,0,0,0,0,0,0,0
C18409,2023-11-20,0,0,0,0,0,0,0,0,0,0
C13697,2023-11-27,0,0,0,0,0,0,0,0,0,0
C01145,2025-08-11,0,0,0,0,0,0,0,0,0,0
C00510,2025-03-03,0,0,0,0,0,0,0,0,0,0
C11657,2025-08-11,30,121,6,2268,1,121,0,0,0,0
C10350,2025-11-10,162,1131,7,20543,3,614,0,337,0,180
C15612,2023-07-31,0,0,0,0,0,0,0,0,0,0
C08948,2023-01-02,0,0,0,0,0,0,0,0,0,0
C13550,2023-02-27,0,0,0,0,0,0,0,0,0,0
C01634,2025-10-13,143,614,5,9100,2,438,0,0,176,0
C06824,2023-01-23,0,0,0,0,0,0,0,0,0,0
C18396,2023-05-22,0,0,0,0,0,0,0,0,0,0
C03680,2024-01-08,0,0,0,0,0,0,0,0,0,0
C19500,2024-04-08,0,0,0,0,0,0,0,0,0,0
C07282,2024-04-15,0,0,0,0,0,0,0,0,0,0
C13688,2025-08-18,6,13,3,259,1,13,0,0,0,0
C03329,2023-07-31,0,0,0,0,0,0,0,0,0,0
C09983,2025-09-01,0,0,0,0,0,0,0,0,0,0
C16857,2025-02-10,0,0,0,0,0,0,0,0,0,0
C07612,2023-02-13,0,0,0,0,0,0,0,0,0,0
C10328,2024-09-16,0,0,0,0,0,0,0,0,0,0
C19461,2025-10-20,18,46,4,884,1,46,0,0,0,0
C11084,2023-02-06,0,0,0,0,0,0,0,0,0,0
C17082,2023-09-11,0,0,0,0,0,0,0,0,0,0
C12082,2023-10-16,0,0,0,0,0,0,0,0,0,0
C08364,2024-03-25,31,158,7,3240,2,100,58,0,0,0
C12694,2025-09-22,0,0,0,0,0,0,0,0,0,0
C06587,2025-12-22,0,0,0,0,0,0,0,0,0,0
C08344,2024-05-27,0,0,0,0,0,0,0,0,0,0
C07739,2025-05-26,0,0,0,0,0,0,0,0,0,0
C09771,2024-03-04,0,0,0,0,0,0,0,0,0,0
C16817,2024-11-18,17750,157428,7,2700620,4,65993,32773,33779,24883,0
C19530,2024-05-27,0,0,0,0,0,0,0,0,0,0
C12328,2025-12-22,40,241,5,5298,2,154,87,0,0,0
C05227,2023-07-31,0,0,0,0,0,0,0,0,0,0
C08674,2023-10-23,0,0,0,0,0,0,0,0,0,0
C02999,2023-02-20,0,0,0,0,0,0,0,0,0,0
C04656,2025-12-15,0,0,0,0,0,0,0,0,0,0
C16422,2023-05-08,0,0,0,0,0,0,0,0,0,0
C02808,2023-06-05,0,0,0,0,0,0,0,0,0,0
C03591,2024-08-26,0,0,0,0,0,0,0,0,0,0
C15829,2025-08-25,105,553,6,10521,2,377,0,176,0,0
C07222,2024-04-01,0,0,0,0,0,0,0,0,0,0
C15820,2023-12-18,0,0,0,0,0,0,0,0,0,0
C06374,2025-03-03,271,1512,7,28760,3,908,0,0,349,255
C14462,2025-09-08,0,0,0,0,0,0,0,0,0,0
C03100,2025-11-03,6,28,7,529,3,11,13,0,4,0
C10689,2025-01-27,31,203,7,3263,3,94,65,0,44,0
C18879,2023-07-03,0,0,0,0,0,0,0,0,0,0
C05260,2025-01-13,20,95,7,1830,2,56,39,0,0,0
C16589,2025-04-21,333,1408,4,29498,2,1085,0,0,0,323
C14351,2025-04-07,0,0,0,0,0,0,0,0,0,0
C14647,2025-06-02,13,34,3,715,1,34,0,0,0,0
C00980,2023-06-26,0,0,0,0,0,0,0,0,0,0
C13245,2023-11-13,0,0,0,0,0,0,0,0,0,0
C15912,2023-10-23,0,0,0,0,0,0,0,0,0,0
C13117,2024-06-17,0,0,0,0,0,0,0,0,0,0
C09217,2023-03-27,0,0,0,0,0,0,0,0,0,0
C06828,2025-06-16,0,0,0,0,0,0,0,0,0,0
C16741,2024-06-24,0,0,0,0,0,0,0,0,0,0
C07095,2023-06-05,0,0,0,0,0,0,0,0,0,0
C09089,2025-06-16,18,82,7,1462,2,72,0,0,0,10
C13738,2023-04-17,0,0,0,0,0,0,0,0,0,0
C00160,2025-03-31,172,565,6,11137,1,565,0,0,0,0
C17960,2025-05-19,377,3105,7,61618,3,1531,732,842,0,0
C04877,2024-01-29,0,0,0,0,0,0,0,0,0,0
C00903,2024-06-24,0,0,0,0,0,0,0,0,0,0
C05360,2024-06-10,0,0,0,0,0,0,0,0,0,0
C19239,2024-06-03,0,0,0,0,0,0,0,0,0,0
C16968,2025-09-01,0,0,0,0,0,0,0,0,0,0
C00673,2024-06-24,0,0,0,0,0,0,0,0,0,0
C18812,2024-11-25,161,547,6,11213,1,547,0,0,0,0
C06588,2024-04-08,0,0,0,0,0,0,0,0,0,0
C16886,2025-08-25,42,288,7,5062,3,159,71,0,58,0
C15689,2025-08-25,0,0,0,0,0,0,0,0,0,0
C05408,2023-08-14,0,0,0,0,0,0,0,0,0,0
C18398,2023-08-14,0,0,0,0,0,0,0,0,0,0
C09246,2024-04-01,0,0,0,0,0,0,0,0,0,0
C09035,2024-06-03,0,0,0,0,0,0,0,0,0,0
C02610,2025-11-10,0,0,0,0,0,0,0,0,0,0
C03425,2025-10-13,0,0,0,0,0,0,0,0,0,0
C18869,2024-12-30,19,168,6,3346,4,57,50,45,0,16
C08472,2024-09-30,0,0,0,0,0,0,0,0,0,0
C00688,2025-03-31,0,0,0,0,0,0,0,0,0,0
C08321,2025-02-10,0,0,0,0,0,0,0,0,0,0
C09260,2023-03-27,0,0,0,0,0,0,0,0,0,0
C13748,2025-03-24,0,0,0,0,0,0,0,0,0,0
C02333,2024-02-19,0,0,0,0,0,0,0,0,0,0
C02203,2025-12-15,0,0,0,0,0,0,0,0,0,0
C16857,2023-05-08,0,0,0,0,0,0,0,0,0,0
C03622,2024-04-22,47,183,6,3362,1,183,0,0,0,0
C16817,2023-11-06,0,0,0,0,0,0,0,0,0,0
C01577,2024-01-08,0,0,0,0,0,0,0,0,0,0
C17047,2023-07-03,0,0,0,0,0,0,0,0,0,0
C14794,2025-01-06,0,0,0,0,0,0,0,0,0,0
C00567,2024-06-10,0,0,0,0,0,0,0,0,0,0
C05148,2023-09-11,0,0,0,0,0,0,0,0,0,0
C14416,2023-03-27,0,0,0,0,0,0,0,0,0,0
C17940,2024-02-05,0,0,0,0,0,0,0,0,0,0
C13299,2023-07-03,0,0,0,0,0,0,0,0,0,0
C15117,2025-03-03,0,0,0,0,0,0,0,0,0,0
C19431,2025-03-17,0,0,0,0,0,0,0,0,0,0
C09013,2025-06-30,667,3968,6,67687,3,2225,1072,0,0,671
C07838,2024-05-06,0,0,0,0,0,0,0,0,0,0
C08079,2024-05-13,1855,18349,7,330226,5,7024,3285,3534,2581,1925
C18028,2025-01-20,0,0,0,0,0,0,0,0,0,0
C04027,2023-02-20,0,0,0,0,0,0,0,0,0,0
C02115,2025-11-03,9,26,5,450,1,26,0,0,0,0
C11974,2025-10-06,0,0,0,0,0,0,0,0,0,0
C08471,2023-08-21,0,0,0,0,0,0,0,0,0,0
C08713,2023-08-28,0,0,0,0,0,0,0,0,0,0
C18726,2024-01-29,0,0,0,0,0,0,0,0,0,0
C12739,2024-10-21,41,181,7,2952,1,181,0,0,0,0
C18805,2024-09-02,0,0,0,0,0,0,0,0,0,0
C04209,2023-04-24,0,0,0,0,0,0,0,0,0,0
C04662,2024-01-29,0,0,0,0,0,0,0,0,0,0
C19801,2023-02-06,0,0,0,0,0,0,0,0,0,0
C03198,2024-02-05,0,0,0,0,0,0,0,0,0,0
C01856,2025-05-26,0,0,0,0,0,0,0,0,0,0
C14630,2023-07-31,0,0,0,0,0,0,0,0,0,0
C17481,2023-05-08,0,0,0,0,0,0,0,0,0,0
C01252,2023-01-30,0,0,0,0,0,0,0,0,0,0
C11137,2023-06-05,0,0,0,0,0,0,0,0,0,0
C11049,2023-03-27,0,0,0,0,0,0,0,0,0,0
C08748,2023-03-13,0,0,0,0,0,0,0,0,0,0
C18698,2025-10-06,148,934,6,18121,3,459,226,249,0,0
C17211,2025-11-03,0,0,0,0,0,0,0,0,0,0
C02737,2025-10-20,0,0,0,0,0,0,0,0,0,0
C14857,2024-06-03,0,0,0,0,0,0,0,0,0,0
C01455,2023-06-19,0,0,0,0,0,0,0,0,0,0
C03037,2023-05-22,0,0,0,0,0,0,0,0,0,0
C02858,2023-01-02,0,0,0,0,0,0,0,0,0,0
C17369,2025-08-18,420,2333,7,49089,2,1571,0,762,0,0
C14873,2025-11-03,2044,15148,6,289962,4,7063,3417,0,2652,2016
C05519,2024-11-04,36,138,5,2185,2,117,0,0,0,21
C09083,2024-05-27,0,0,0,0,0,0,0,0,0,0
C17893,2023-07-10,0,0,0,0,0,0,0,0,0,0
C17502,2024-02-12,0,0,0,0,0,0,0,0,0,0
C03292,2024-06-24,0,0,0,0,0,0,0,0,0,0
C00191,2024-08-05,0,0,0,0,0,0,0,0,0,0
C08270,2025-01-20,0,0,0,0,0,0,0,0,0,0
C09309,2025-10-06,0,0,0,0,0,0,0,0,0,0
C01780,2024-02-05,0,0,0,0,0,0,0,0,0,0
C18685,2023-02-20,0,0,0,0,0,0,0,0,0,0
C01306,2024-12-16,0,0,0,0,0,0,0,0,0,0
C02874,2025-10-20,0,0,0,0,0,0,0,0,0,0
C09973,2026-01-05,0,0,0,0,0,0,0,0,0,0
C01881,2024-04-01,0,0,0,0,0,0,0,0,0,0
C07553,2025-03-31,7,30,6,561,2,22,8,0,0,0
C11940,2025-12-29,0,0,0,0,0,0,0,0,0,0
C18177,2023-08-07,0,0,0,0,0,0,0,0,0,0
C08290,2025-03-31,11,58,6,882,2,37,0,0,21,0
C11089,2026-01-05,692,4206,5,80219,3,2528,0,0,957,721
C02165,2025-11-03,3061,21511,7,363715,3,11485,5700,0,4326,0
C03922,2025-02-03,640,4518,7,85414,4,2193,973,0,755,597
C05498,2025-08-25,9,51,5,826,2,40,0,0,11,0
C17385,2023-10-30,0,0,0,0,0,0,0,0,0,0
C09099,2024-03-04,0,0,0,0,0,0,0,0,0,0
C13053,2024-03-18,0,0,0,0,0,0,0,0,0,0
C11303,2025-03-24,258,835,4,15921,1,835,0,0,0,0
C14189,2024-11-04,569,4790,7,97145,4,2054,1058,1044,0,634
C00329,2023-05-15,0,0,0,0,0,0,0,0,0,0
C10731,2024-05-20,0,0,0,0,0,0,0,0,0,0
C12980,2025-08-25,395,2404,7,47155,3,1297,630,0,477,0
C03785,2025-04-07,0,0,0,0,0,0,0,0,0,0
C08204,2023-03-06,0,0,0,0,0,0,0,0,0,0
C05011,2025-05-26,3,8,3,139,1,8,0,0,0,0
C11687,2024-07-15,0,0,0,0,0,0,0,0,0,0
C19218,2023-12-25,0,0,0,0,0,0,0,0,0,0
C08590,2023-11-13,0,0,0,0,0,0,0,0,0,0
C15894,2025-12-22,0,0,0,0,0,0,0,0,0,0
C13137,2024-04-08,36,270,7,5832,4,138,72,0,30,30
C07283,2024-04-22,0,0,0,0,0,0,0,0,0,0
C18248,2023-10-16,0,0,0,0,0,0,0,0,0,0
C12783,2024-01-29,395,2258,7,46955,2,1534,0,724,0,0
C18444,2023-08-07,0,0,0,0,0,0,0,0,0,0
C08142,2025-04-21,0,0,0,0,0,0,0,0,0,0
C11896,2023-12-11,0,0,0,0,0,0,0,0,0,0
C00070,2025-07-28,0,0,0,0,0,0,0,0,0,0
C02801,2023-06-05,0,0,0,0,0,0,0,0,0,0
C02301,2025-04-21,0,0,0,0,0,0,0,0,0,0
C10909,2023-08-14,0,0,0,0,0,0,0,0,0,0
C11294,2023-03-27,0,0,0,0,0,0,0,0,0,0
C12160,2023-10-09,0,0,0,0,0,0,0,0,0,0
C07998,2023-11-06,0,0,0,0,0,0,0,0,0,0
C16518,2024-12-16,0,0,0,0,0,0,0,0,0,0
C17311,2025-02-24,0,0,0,0,0,0,0,0,0,0
C17740,2025-06-23,0,0,0,0,0,0,0,0,0,0
C10357,2023-12-04,0,0,0,0,0,0,0,0,0,0
C12834,2024-02-26,0,0,0,0,0,0,0,0,0,0
C13675,2024-04-15,0,0,0,0,0,0,0,0,0,0
C08177,2024-07-22,0,0,0,0,0,0,0,0,0,0
C00008,2024-04-08,0,0,0,0,0,0,0,0,0,0
C02529,2025-07-14,0,0,0,0,0,0,0,0,0,0
C07130,2025-02-24,0,0,0,0,0,0,0,0,0,0
C10847,2023-12-04,0,0,0,0,0,0,0,0,0,0
C07285,2024-01-22,0,0,0,0,0,0,0,0,0,0
C09610,2023-06-19,0,0,0,0,0,0,0,0,0,0
C01799,2024-05-06,0,0,0,0,0,0,0,0,0,0
C14359,2025-05-26,43,158,5,3261,1,158,0,0,0,0
C12820,2025-10-13,0,0,0,0,0,0,0,0,0,0
C04697,2023-04-03,0,0,0,0,0,0,0,0,0,0
C12885,2023-09-04,0,0,0,0,0,0,0,0,0,0
C19708,2024-09-30,0,0,0,0,0,0,0,0,0,0
C03430,2025-09-01,0,0,0,0,0,0,0,0,0,0
C12855,2024-09-16,0,0,0,0,0,0,0,0,0,0
C04911,2024-05-20,0,0,0,0,0,0,0,0,0,0
C16461,2023-05-22,0,0,0,0,0,0,0,0,0,0
C15471,2024-08-26,16,75,7,1283,2,57,0,0,18,0
C04161,2025-04-07,0,0,0,0,0,0,0,0,0,0
C03398,2023-05-15,0,0,0,0,0,0,0,0,0,0
C07854,2023-05-22,0,0,0,0,0,0,0,0,0,0
C10115,2025-06-23,0,0,0,0,0,0,0,0,0,0
C01357,2025-09-08,0,0,0,0,0,0,0,0,0,0
C08114,2024-11-11,0,0,0,0,0,0,0,0,0,0
C08260,2025-06-23,540,3766,7,67311,3,2025,1009,0,732,0
C17233,2024-07-15,0,0,0,0,0,0,0,0,0,0
C07803,2024-12-02,0,0,0,0,0,0,0,0,0,0
C04647,2024-01-01,0,0,0,0,0,0,0,0,0,0
C02872,2024-01-29,0,0,0,0,0,0,0,0,0,0
C10384,2023-06-26,0,0,0,0,0,0,0,0,0,0
C07693,2024-02-19,0,0,0,0,0,0,0,0,0,0
C05960,2023-02-06,0,0,0,0,0,0,0,0,0,0
C06194,2025-02-10,0,0,0,0,0,0,0,0,0,0
C01442,2024-11-04,16,63,5,993,1,63,0,0,0,0
C16883,2025-12-01,0,0,0,0,0,0,0,0,0,0
C09432,2025-01-06,4,26,7,503,5,9,4,6,2,5
C00939,2023-01-09,0,0,0,0,0,0,0,0,0,0
C19775,2024-05-13,0,0,0,0,0,0,0,0,0,0
C19350,2025-04-07,0,0,0,0,0,0,0,0,0,0
C11216,2025-09-15,0,0,0,0,0,0,0,0,0,0
C11240,2024-03-18,0,0,0,0,0,0,0,0,0,0
C15322,2025-11-24,256,1522,7,31867,2,1006,516,0,0,0
C03744,2023-02-06,0,0,0,0,0,0,0,0,0,0
C06375,2025-12-15,0,0,0,0,0,0,0,0,0,0
C03519,2024-08-19,0,0,0,0,0,0,0,0,0,0
C07206,2023-01-23,0,0,0,0,0,0,0,0,0,0
C13369,2023-12-25,0,0,0,0,0,0,0,0,0,0
C13282,2023-05-22,0,0,0,0,0,0,0,0,0,0
C07977,2025-11-24,0,0,0,0,0,0,0,0,0,0
C06667,2025-03-10,74,397,7,6608,3,203,0,113,81,0
C08379,2025-01-13,0,0,0,0,0,0,0,0,0,0
C04739,2025-01-06,0,0,0,0,0,0,0,0,0,0
C04425,2023-06-05,0,0,0,0,0,0,0,0,0,0
C13719,2023-08-07,0,0,0,0,0,0,0,0,0,0
C08299,2024-12-23,17,50,6,842,1,50,0,0,0,0
C17596,2024-09-02,0,0,0,0,0,0,0,0,0,0
C15742,2025-04-21,14,65,5,1209,2,40,25,0,0,0
C04304,2025-07-07,0,0,0,0,0,0,0,0,0,0
C08489,2025-04-07,315,1091,5,17875,1,1091,0,0,0,0
C07709,2025-03-24,0,0,0,0,0,0,0,0,0,0
C17901,2024-01-15,0,0,0,0,0,0,0,0,0,0
C05106,2025-01-13,7,28,6,459,2,19,0,9,0,0
C19432,2024-04-01,0,0,0,0,0,0,0,0,0,0
C12277,2024-06-10,0,0,0,0,0,0,0,0,0,0
C12695,2023-11-20,0,0,0,0,0,0,0,0,0,0
C19538,2025-03-17,0,0,0,0,0,0,0,0,0,0
C16566,2023-11-06,0,0,0,0,0,0,0,0,0,0
C02639,2023-05-01,0,0,0,0,0,0,0,0,0,0
C08988,2024-06-10,151,763,6,17175,3,366,224,0,173,0
C12813,2024-11-18,0,0,0,0,0,0,0,0,0,0
C02298,2024-01-22,0,0,0,0,0,0,0,0,0,0
C03259,2023-05-08,0,0,0,0,0,0,0,0,0,0
C14187,2025-06-02,15,77,7,1733,2,51,0,26,0,0
C18439,2024-02-12,0,0,0,0,0,0,0,0,0,0
C02917,2023-12-04,0,0,0,0,0,0,0,0,0,0
C12815,2024-10-07,0,0,0,0,0,0,0,0,0,0
C03646,2023-05-22,0,0,0,0,0,0,0,0,0,0
C15337,2025-02-24,0,0,0,0,0,0,0,0,0,0
C01083,2025-05-26,0,0,0,0,0,0,0,0,0,0
C05821,2023-09-04,0,0,0,0,0,0,0,0,0,0
C14975,2024-02-19,0,0,0,0,0,0,0,0,0,0
C12424,2023-01-23,0,0,0,0,0,0,0,0,0,0
C19065,2025-05-05,18,80,5,1316,2,63,0,0,17,0
C18891,2025-03-10,49,267,7,4701,2,188,0,79,0,0
C16550,2023-03-06,0,0,0,0,0,0,0,0,0,0
C07961,2023-08-28,0,0,0,0,0,0,0,0,0,0
C05312,2024-06-10,0,0,0,0,0,0,0,0,0,0
C18839,2023-10-09,0,0,0,0,0,0,0,0,0,0
C04675,2023-07-03,0,0,0,0,0,0,0,0,0,0
C06911,2025-07-28,220,1673,7,31686,4,830,351,0,280,212
C12278,2023-06-26,0,0,0,0,0,0,0,0,0,0
C06172,2023-12-25,0,0,0,0,0,0,0,0,0,0
C16642,2025-06-30,0,0,0,0,0,0,0,0,0,0
C02575,2024-12-30,19,87,7,1729,2,50,37,0,0,0
C15284,2023-02-13,0,0,0,0,0,0,0,0,0,0
C11160,2024-10-07,0,0,0,0,0,0,0,0,0,0
C13187,2023-12-25,0,0,0,0,0,0,0,0,0,0
C14505,2025-02-10,0,0,0,0,0,0,0,0,0,0
C14497,2024-04-01,0,0,0,0,0,0,0,0,0,0
C07857,2023-01-09,0,0,0,0,0,0,0,0,0,0
C09201,2023-07-03,0,0,0,0,0,0,0,0,0,0
C09760,2024-10-14,47,302,6,6095,3,185,0,0,62,55
C10593,2025-04-14,268,1710,7,40458,3,978,483,0,0,249
C19992,2025-01-06,25,172,7,3511,3,98,43,0,0,31
C12029,2023-01-02,0,0,0,0,0,0,0,0,0,0
C15665,2024-07-08,0,0,0,0,0,0,0,0,0,0
C00919,2023-02-20,0,0,0,0,0,0,0,0,0,0
C13816,2024-06-03,0,0,0,0,0,0,0,0,0,0
C12029,2025-05-12,0,0,0,0,0,0,0,0,0,0
C14320,2024-09-02,0,0,0,0,0,0,0,0,0,0
C15372,2024-01-08,0,0,0,0,0,0,0,0,0,0
C02667,2024-07-29,0,0,0,0,0,0,0,0,0,0
C10858,2023-08-07,0,0,0,0,0,0,0,0,0,0
C18311,2025-03-24,22,65,5,1171,1,65,0,0,0,0
C00192,2024-09-02,0,0,0,0,0,0,0,0,0,0
C19418,2024-11-25,31,128,5,2509,2,101,0,0,0,27
C07489,2024-07-15,0,0,0,0,0,0,0,0,0,0
C10538,2025-12-22,0,0,0,0,0,0,0,0,0,0
C12616,2023-11-06,0,0,0,0,0,0,0,0,0,0
C09625,2025-07-28,0,0,0,0,0,0,0,0,0,0
C07250,2023-04-03,0,0,0,0,0,0,0,0,0,0
C02435,2024-08-12,572,4549,6,91240,4,2088,1081,0,825,555
C15211,2024-07-29,0,0,0,0,0,0,0,0,0,0
C02427,2025-05-19,24,151,7,2496,2,87,0,64,0,0
C03666,2023-02-20,0,0,0,0,0,0,0,0,0,0
C03454,2024-04-08,0,0,0,0,0,0,0,0,0,0
C08072,2024-01-01,0,0,0,0,0,0,0,0,0,0
C15007,2024-12-30,0,0,0,0,0,0,0,0,0,0
C15907,2025-04-21,0,0,0,0,0,0,0,0,0,0
C06420,2023-01-23,0,0,0,0,0,0,0,0,0,0
C11829,2023-04-10,0,0,0,0,0,0,0,0,0,0
C04697,2025-07-21,18,91,5,1638,3,68,0,0,17,6
C13219,2023-12-11,0,0,0,0,0,0,0,0,0,0
C12602,2025-08-25,964,4541,6,95911,3,2520,0,1263,0,758
C01505,2024-06-10,0,0,0,0,0,0,0,0,0,0
C04719,2025-04-21,0,0,0,0,0,0,0,0,0,0
C12385,2025-02-10,0,0,0,0,0,0,0,0,0,0
C01659,2023-03-20,0,0,0,0,0,0,0,0,0,0
C12825,2024-06-24,0,0,0,0,0,0,0,0,0,0
C00563,2024-07-01,0,0,0,0,0,0,0,0,0,0
C14711,2025-09-01,0,0,0,0,0,0,0,0,0,0
C18812,2024-04-01,0,0,0,0,0,0,0,0,0,0
C12050,2024-12-23,0,0,0,0,0,0,0,0,0,0
C15022,2025-11-17,138,1162,6,24933,5,437,171,275,157,122
C15015,2024-05-06,0,0,0,0,0,0,0,0,0,0
C04982,2023-06-19,0,0,0,0,0,0,0,0,0,0
C12232,2024-01-08,0,0,0,0,0,0,0,0,0,0
C08851,2024-06-10,0,0,0,0,0,0,0,0,0,0
C00228,2025-08-04,407,2762,7,54084,3,1498,733,0,531,0
C17225,2025-05-26,200,731,7,11843,1,731,0,0,0,0
C18628,2023-05-08,0,0,0,0,0,0,0,0,0,0
C04952,2023-03-06,0,0,0,0,0,0,0,0,0,0
C08304,2024-09-30,0,0,0,0,0,0,0,0,0,0
C08474,2023-04-03,0,0,0,0,0,0,0,0,0,0
C18043,2025-05-19,53,344,5,7207,3,179,76,89,0,0
C09811,2024-07-22,0,0,0,0,0,0,0,0,0,0
C12752,2025-10-13,0,0,0,0,0,0,0,0,0,0
C10784,2023-04-03,0,0,0,0,0,0,0,0,0,0
C03984,2023-01-09,0,0,0,0,0,0,0,0,0,0
C04486,2024-07-29,0,0,0,0,0,0,0,0,0,0
C15156,2024-04-22,0,0,0,0,0,0,0,0,0,0
C03012,2024-08-26,0,0,0,0,0,0,0,0,0,0
C07177,2025-01-20,41,212,7,3795,2,154,58,0,0,0
C01898,2024-02-05,0,0,0,0,0,0,0,0,0,0
C01825,2025-06-23,0,0,0,0,0,0,0,0,0,0
C18234,2025-10-06,225,1040,6,25353,2,800,0,0,0,240
C16582,2025-07-28,234,1910,7,37316,4,834,376,434,266,0
C17096,2024-10-14,0,0,0,0,0,0,0,0,0,0
C03795,2024-05-20,0,0,0,0,0,0,0,0,0,0
C15071,2025-09-22,0,0,0,0,0,0,0,0,0,0
C02040,2025-08-04,0,0,0,0,0,0,0,0,0,0
C17168,2024-11-18,34,123,5,2300,1,123,0,0,0,0
C17890,2024-01-29,0,0,0,0,0,0,0,0,0,0
C08833,2023-07-17,0,0,0,0,0,0,0,0,0,0
C11728,2025-08-11,0,0,0,0,0,0,0,0,0,0
C13925,2024-11-04,0,0,0,0,0,0,0,0,0,0
C15601,2025-05-19,7,48,6,898,2,37,0,11,0,0
C15918,2025-04-14,0,0,0,0,0,0,0,0,0,0
C00551,2024-05-20,0,0,0,0,0,0,0,0,0,0
C04116,2025-06-16,0,0,0,0,0,0,0,0,0,0
C12161,2024-06-10,0,0,0,0,0,0,0,0,0,0
C02725,2023-06-19,0,0,0,0,0,0,0,0,0,0
C01219,2025-10-27,0,0,0,0,0,0,0,0,0,0
C04988,2023-01-30,0,0,0,0,0,0,0,0,0,0
C14266,2023-07-10,0,0,0,0,0,0,0,0,0,0
C16138,2023-03-06,0,0,0,0,0,0,0,0,0,0
C18354,2025-09-01,0,0,0,0,0,0,0,0,0,0
C11993,2023-10-02,0,0,0,0,0,0,0,0,0,0
C10522,2025-01-06,184,1302,7,25954,3,647,319,336,0,0
C15865,2024-02-26,0,0,0,0,0,0,0,0,0,0
C13971,2023-09-11,0,0,0,0,0,0,0,0,0,0
C08102,2024-12-16,0,0,0,0,0,0,0,0,0,0
C02882,2026-01-05,0,0,0,0,0,0,0,0,0,0
C02351,2023-10-30,0,0,0,0,0,0,0,0,0,0
C08169,2023-10-23,0,0,0,0,0,0,0,0,0,0
C03600,2023-12-25,0,0,0,0,0,0,0,0,0,0
C05375,2025-10-06,0,0,0,0,0,0,0,0,0,0
C18958,2025-04-28,9,40,6,801,1,40,0,0,0,0
C19848,2025-11-10,0,0,0,0,0,0,0,0,0,0
C17993,2024-05-27,0,0,0,0,0,0,0,0,0,0
C19363,2025-05-19,0,0,0,0,0,0,0,0,0,0
C03091,2024-04-01,0,0,0,0,0,0,0,0,0,0
C04974,2024-10-07,180,727,5,10449,2,534,0,0,193,0
C02506,2024-02-12,0,0,0,0,0,0,0,0,0,0
C15584,2023-02-06,0,0,0,0,0,0,0,0,0,0
C15314,2026-01-05,0,0,0,0,0,0,0,0,0,0
C04145,2025-09-08,29,105,7,1862,1,105,0,0,0,0
C15156,2025-04-28,0,0,0,0,0,0,0,0,0,0
C05067,2024-10-28,0,0,0,0,0,0,0,0,0,0
C16781,2024-02-05,0,0,0,0,0,0,0,0,0,0
C08454,2023-10-30,0,0,0,0,0,0,0,0,0,0
C19072,2024-04-29,0,0,0,0,0,0,0,0,0,0
C09639,2023-01-09,0,0,0,0,0,0,0,0,0,0
C03339,2023-01-23,0,0,0,0,0,0,0,0,0,0
C06686,2025-01-13,0,0,0,0,0,0,0,0,0,0
C18914,2024-01-29,0,0,0,0,0,0,0,0,0,0
C07598,2025-11-03,0,0,0,0,0,0,0,0,0,0
C05398,2023-10-23,0,0,0,0,0,0,0,0,0,0
C13971,2025-07-21,0,0,0,0,0,0,0,0,0,0
C06669,2025-01-06,73,419,4,8552,2,280,139,0,0,0
C08467,2023-01-30,0,0,0,0,0,0,0,0,0,0
C15075,2024-10-14,197,1109,6,22627,2,744,365,0,0,0
C13367,2025-05-26,0,0,0,0,0,0,0,0,0,0
C17556,2023-06-12,0,0,0,0,0,0,0,0,0,0
C07775,2025-04-28,497,3534,7,61851,3,1795,0,956,783,0
C02963,2023-12-11,0,0,0,0,0,0,0,0,0,0
C01518,2024-07-01,0,0,0,0,0,0,0,0,0,0
C12908,2023-05-22,0,0,0,0,0,0,0,0,0,0
C04034,2023-06-26,0,0,0,0,0,0,0,0,0,0
C11407,2024-04-22,0,0,0,0,0,0,0,0,0,0
C17978,2024-07-08,0,0,0,0,0,0,0,0,0,0
C03885,2025-10-13,0,0,0,0,0,0,0,0,0,0
C02103,2024-10-21,0,0,0,0,0,0,0,0,0,0
C07033,2025-10-27,0,0,0,0,0,0,0,0,0,0
C17872,2023-01-09,0,0,0,0,0,0,0,0,0,0
C14703,2024-03-11,405,2641,7,49608,3,1447,659,0,535,0
C04654,2025-12-08,22,88,6,1300,1,88,0,0,0,0
C07220,2024-05-27,0,0,0,0,0,0,0,0,0,0
C01349,2024-09-09,7,43,6,820,4,19,12,9,0,3
C14136,2024-09-16,62,247,7,4530,1,247,0,0,0,0
C19838,2023-08-14,0,0,0,0,0,0,0,0,0,0
C03745,2024-12-23,43,176,7,3666,1,176,0,0,0,0
C09149,2023-07-31,0,0,0,0,0,0,0,0,0,0
C04419,2023-06-26,0,0,0,0,0,0,0,0,0,0
C07408,2024-03-25,0,0,0,0,0,0,0,0,0,0
C03255,2024-07-22,0,0,0,0,0,0,0,0,0,0
C11937,2023-12-11,0,0,0,0,0,0,0,0,0,0
C01703,2025-07-21,0,0,0,0,0,0,0,0,0,0
C11923,2023-11-13,0,0,0,0,0,0,0,0,0,0
C11450,2023-03-06,0,0,0,0,0,0,0,0,0,0
C17390,2023-02-20,0,0,0,0,0,0,0,0,0,0
C16829,2024-02-12,0,0,0,0,0,0,0,0,0,0
C14864,2024-11-11,14,66,7,1117,2,38,0,0,28,0
C18377,2023-01-23,0,0,0,0,0,0,0,0,0,0
C10361,2024-07-15,0,0,0,0,0,0,0,0,0,0
C04811,2024-08-12,0,0,0,0,0,0,0,0,0,0
C08622,2025-10-27,0,0,0,0,0,0,0,0,0,0
C03659,2023-02-27,0,0,0,0,0,0,0,0,0,0
C02816,2023-05-01,0,0,0,0,0,0,0,0,0,0
C11698,2025-05-19,0,0,0,0,0,0,0,0,0,0
C03845,2025-09-08,1644,14468,6,322600,4,6325,2988,3343,0,1812
C19016,2023-08-21,0,0,0,0,0,0,0,0,0,0
C18887,2023-03-27,0,0,0,0,0,0,0,0,0,0
C05252,2024-10-14,0,0,0,0,0,0,0,0,0,0
C06975,2024-12-09,183,1247,4,22686,3,720,0,331,0,196
C02960,2023-12-18,0,0,0,0,0,0,0,0,0,0
C11348,2024-08-12,7,31,5,629,2,20,0,0,0,11
C15421,2023-11-13,0,0,0,0,0,0,0,0,0,0
C01195,2023-12-04,0,0,0,0,0,0,0,0,0,0
C15992,2023-12-11,0,0,0,0,0,0,0,0,0,0
C19811,2025-10-06,22,67,3,1231,1,67,0,0,0,0
C02185,2023-03-06,0,0,0,0,0,0,0,0,0,0
C10846,2024-02-12,0,0,0,0,0,0,0,0,0,0
C09129,2024-07-29,0,0,0,0,0,0,0,0,0,0
C10788,2023-11-06,0,0,0,0,0,0,0,0,0,0
C09289,2023-06-26,0,0,0,0,0,0,0,0,0,0
C04831,2024-01-01,0,0,0,0,0,0,0,0,0,0
C19798,2023-08-28,0,0,0,0,0,0,0,0,0,0
C01922,2023-12-04,0,0,0,0,0,0,0,0,0,0
C01312,2024-03-11,0,0,0,0,0,0,0,0,0,0
C02613,2023-08-14,0,0,0,0,0,0,0,0,0,0
C09794,2023-04-17,0,0,0,0,0,0,0,0,0,0
C08954,2025-01-06,1247,11771,7,213840,5,4429,2177,2337,1626,1202
C13258,2023-01-09,0,0,0,0,0,0,0,0,0,0
C19163,2023-05-22,0,0,0,0,0,0,0,0,0,0
C01634,2025-10-06,139,633,7,11355,2,456,0,0,177,0
C10031,2023-01-23,0,0,0,0,0,0,0,0,0,0
C04391,2023-08-28,0,0,0,0,0,0,0,0,0,0
C02871,2024-09-23,0,0,0,0,0,0,0,0,0,0
C14351,2024-12-30,0,0,0,0,0,0,0,0,0,0
C17930,2024-04-01,0,0,0,0,0,0,0,0,0,0
C10070,2025-05-05,0,0,0,0,0,0,0,0,0,0
C17157,2025-12-15,19,74,6,1321,2,58,0,0,0,16
C15051,2025-01-13,0,0,0,0,0,0,0,0,0,0
C01883,2025-06-23,0,0,0,0,0,0,0,0,0,0
C09076,2025-11-03,10,13,3,270,1,13,0,0,0,0
C00717,2023-08-28,0,0,0,0,0,0,0,0,0,0
C08352,2023-09-25,0,0,0,0,0,0,0,0,0,0
C03105,2024-07-29,0,0,0,0,0,0,0,0,0,0
C14337,2025-07-21,0,0,0,0,0,0,0,0,0,0
C08434,2023-09-18,0,0,0,0,0,0,0,0,0,0
C02910,2024-12-30,0,0,0,0,0,0,0,0,0,0
C10604,2024-06-17,0,0,0,0,0,0,0,0,0,0
C05765,2023-09-18,0,0,0,0,0,0,0,0,0,0
C18125,2024-02-26,0,0,0,0,0,0,0,0,0,0
C14702,2023-09-18,0,0,0,0,0,0,0,0,0,0
C13969,2023-12-04,0,0,0,0,0,0,0,0,0,0
C01093,2025-06-16,0,0,0,0,0,0,0,0,0,0
C17475,2025-03-17,10,28,3,520,1,28,0,0,0,0
C09707,2023-03-13,0,0,0,0,0,0,0,0,0,0
C01428,2024-04-29,0,0,0,0,0,0,0,0,0,0
C02350,2023-05-29,0,0,0,0,0,0,0,0,0,0
C07265,2023-01-09,0,0,0,0,0,0,0,0,0,0
C12814,2025-06-02,0,0,0,0,0,0,0,0,0,0
C10362,2023-01-30,0,0,0,0,0,0,0,0,0,0
C13871,2023-07-17,0,0,0,0,0,0,0,0,0,0
C02984,2025-06-16,0,0,0,0,0,0,0,0,0,0
C09771,2025-01-20,4,11,2,185,3,5,2,0,4,0
C05364,2024-01-15,0,0,0,0,0,0,0,0,0,0
C02797,2025-09-29,0,0,0,0,0,0,0,0,0,0
C04101,2023-12-04,0,0,0,0,0,0,0,0,0,0
C05346,2024-02-19,0,0,0,0,0,0,0,0,0,0
C16154,2024-10-28,0,0,0,0,0,0,0,0,0,0
C16133,2024-08-19,0,0,0,0,0,0,0,0,0,0
C06538,2024-09-09,0,0,0,0,0,0,0,0,0,0
C14066,2024-10-14,211,1733,6,34113,4,795,415,0,317,206
C16523,2023-11-06,0,0,0,0,0,0,0,0,0,0
C06050,2025-09-22,15,93,7,1678,3,49,20,24,0,0
C07701,2025-06-23,0,0,0,0,0,0,0,0,0,0
C13023,2024-03-18,0,0,0,0,0,0,0,0,0,0
C02052,2025-12-29,0,0,0,0,0,0,0,0,0,0
C05642,2023-05-15,0,0,0,0,0,0,0,0,0,0
C09477,2023-01-23,0,0,0,0,0,0,0,0,0,0
C15963,2023-06-19,0,0,0,0,0,0,0,0,0,0
C08775,2023-05-01,0,0,0,0,0,0,0,0,0,0
C13897,2025-10-20,0,0,0,0,0,0,0,0,0,0
C17790,2025-10-13,0,0,0,0,0,0,0,0,0,0
C10133,2025-06-23,4,9,5,182,1,9,0,0,0,0
C02273,2025-07-14,0,0,0,0,0,0,0,0,0,0
C09609,2023-07-17,0,0,0,0,0,0,0,0,0,0
C09287,2025-04-28,997,6739,7,144120,3,3395,1674,1670,0,0
C02316,2024-03-04,0,0,0,0,0,0,0,0,0,0
C12211,2025-03-31,0,0,0,0,0,0,0,0,0,0
C10447,2024-02-12,0,0,0,0,0,0,0,0,0,0
C11635,2023-03-06,0,0,0,0,0,0,0,0,0,0
C04556,2023-05-15,0,0,0,0,0,0,0,0,0,0
C13799,2023-07-31,0,0,0,0,0,0,0,0,0,0
C02490,2025-04-21,0,0,0,0,0,0,0,0,0,0
C03039,2025-04-07,0,0,0,0,0,0,0,0,0,0
C07021,2023-07-31,0,0,0,0,0,0,0,0,0,0
C17852,2025-01-13,0,0,0,0,0,0,0,0,0,0
C06799,2025-07-07,0,0,0,0,0,0,0,0,0,0
C13328,2025-03-24,0,0,0,0,0,0,0,0,0,0
C11144,2025-11-03,0,0,0,0,0,0,0,0,0,0
C18633,2025-10-06,0,0,0,0,0,0,0,0,0,0
C10867,2023-12-11,0,0,0,0,0,0,0,0,0,0
C05223,2024-05-06,0,0,0,0,0,0,0,0,0,0
C07604,2023-03-13,0,0,0,0,0,0,0,0,0,0
C16474,2024-01-15,0,0,0,0,0,0,0,0,0,0
C16190,2023-09-25,0,0,0,0,0,0,0,0,0,0
C04424,2024-02-26,0,0,0,0,0,0,0,0,0,0
C11168,2024-12-23,0,0,0,0,0,0,0,0,0,0
C14061,2025-10-27,0,0,0,0,0,0,0,0,0,0
C19162,2023-11-27,0,0,0,0,0,0,0,0,0,0
C19069,2023-03-06,0,0,0,0,0,0,0,0,0,0
C10011,2024-06-17,0,0,0,0,0,0,0,0,0,0
C14305,2024-07-08,0,0,0,0,0,0,0,0,0,0
C11103,2025-12-22,0,0,0,0,0,0,0,0,0,0
C17478,2025-01-27,0,0,0,0,0,0,0,0,0,0
C18860,2024-02-26,0,0,0,0,0,0,0,0,0,0
C09769,2024-01-08,0,0,0,0,0,0,0,0,0,0
C10819,2023-10-09,0,0,0,0,0,0,0,0,0,0
C10568,2024-10-07,0,0,0,0,0,0,0,0,0,0
C08978,2023-08-07,0,0,0,0,0,0,0,0,0,0
C17375,2024-12-23,0,0,0,0,0,0,0,0,0,0
C00562,2024-06-24,0,0,0,0,0,0,0,0,0,0
C13747,2025-09-01,0,0,0,0,0,0,0,0,0,0
C05068,2023-05-01,0,0,0,0,0,0,0,0,0,0
C07336,2023-06-19,0,0,0,0,0,0,0,0,0,0
C07623,2024-04-08,0,0,0,0,0,0,0,0,0,0
C14478,2025-02-17,103,519,5,9534,2,343,0,176,0,0
C11635,2025-04-28,26,98,5,1888,2,58,40,0,0,0
C15179,2023-10-09,0,0,0,0,0,0,0,0,0,0
C08871,2023-11-13,0,0,0,0,0,0,0,0,0,0
C15945,2024-12-30,17,65,4,1125,1,65,0,0,0,0
C05880,2023-02-13,0,0,0,0,0,0,0,0,0,0
C12621,2023-11-06,0,0,0,0,0,0,0,0,0,0
C12275,2024-01-15,0,0,0,0,0,0,0,0,0,0
C11937,2023-11-20,0,0,0,0,0,0,0,0,0,0
C07858,2025-08-11,15,76,7,1307,2,52,0,0,24,0
C15772,2023-01-02,0,0,0,0,0,0,0,0,0,0
C19018,2024-09-16,11,56,7,1020,2,41,15,0,0,0
C17471,2024-10-28,0,0,0,0,0,0,0,0,0,0
C03383,2025-08-11,0,0,0,0,0,0,0,0,0,0
C12942,2025-01-06,40,196,7,3736,2,126,0,70,0,0
C13915,2025-02-24,0,0,0,0,0,0,0,0,0,0
C16885,2024-04-08,0,0,0,0,0,0,0,0,0,0
C07391,2023-08-14,0,0,0,0,0,0,0,0,0,0
C17794,2023-07-10,0,0,0,0,0,0,0,0,0,0
C17597,2025-06-30,3,20,7,408,2,9,11,0,0,0
C12246,2023-07-31,0,0,0,0,0,0,0,0,0,0
C03389,2023-02-27,0,0,0,0,0,0,0,0,0,0
C08474,2025-12-22,7,18,2,334,1,18,0,0,0,0
C02290,2024-01-15,0,0,0,0,0,0,0,0,0,0
C08482,2024-10-14,0,0,0,0,0,0,0,0,0,0
C16136,2024-05-20,0,0,0,0,0,0,0,0,0,0
C09486,2025-12-22,2,8,6,155,2,4,4,0,0,0
C05000,2023-12-25,0,0,0,0,0,0,0,0,0,0
C15413,2023-09-11,0,0,0,0,0,0,0,0,0,0
C15886,2025-01-20,0,0,0,0,0,0,0,0,0,0
C01606,2024-10-21,0,0,0,0,0,0,0,0,0,0
C14502,2024-07-15,0,0,0,0,0,0,0,0,0,0
C19912,2023-03-27,0,0,0,0,0,0,0,0,0,0
C17351,2025-02-10,4,15,5,250,1,15,0,0,0,0
C15354,2023-08-07,0,0,0,0,0,0,0,0,0,0
C11656,2025-05-05,0,0,0,0,0,0,0,0,0,0
C11412,2023-06-12,0,0,0,0,0,0,0,0,0,0
C10127,2024-09-16,0,0,0,0,0,0,0,0,0,0
C04883,2024-02-12,0,0,0,0,0,0,0,0,0,0
C18383,2024-07-08,0,0,0,0,0,0,0,0,0,0
C19618,2024-11-18,0,0,0,0,0,0,0,0,0,0
C13448,2024-11-04,4,9,5,149,1,9,0,0,0,0
C15969,2024-06-03,0,0,0,0,0,0,0,0,0,0
C09344,2024-10-14,0,0,0,0,0,0,0,0,0,0
C18994,2025-04-07,0,0,0,0,0,0,0,0,0,0
C00613,2024-01-15,0,0,0,0,0,0,0,0,0,0
C18895,2025-11-10,846,7241,4,143265,4,3155,1558,1624,0,904
C02788,2023-07-31,0,0,0,0,0,0,0,0,0,0
C01833,2025-09-15,0,0,0,0,0,0,0,0,0,0
C15321,2023-09-04,0,0,0,0,0,0,0,0,0,0
C19943,2024-02-26,0,0,0,0,0,0,0,0,0,0
C02143,2023-11-06,0,0,0,0,0,0,0,0,0,0
C01171,2023-07-17,0,0,0,0,0,0,0,0,0,0
C06662,2023-06-12,0,0,0,0,0,0,0,0,0,0
C08186,2024-09-30,2290,10574,5,191189,2,8226,0,0,0,2348
C16802,2024-09-30,0,0,0,0,0,0,0,0,0,0
C18339,2025-03-10,0,0,0,0,0,0,0,0,0,0
C15296,2025-09-29,27,143,7,2271,2,94,0,0,49,0
C03520,2024-02-19,0,0,0,0,0,0,0,0,0,0
C10133,2025-01-27,7,29,3,514,1,29,0,0,0,0
C01357,2025-12-15,38,234,4,4607,3,139,0,66,0,29
C02447,2023-06-12,0,0,0,0,0,0,0,0,0,0
C13940,2025-03-10,683,3353,7,63058,2,2289,1064,0,0,0
C18759,2023-01-23,0,0,0,0,0,0,0,0,0,0
C15407,2024-10-21,0,0,0,0,0,0,0,0,0,0
C01932,2024-07-08,0,0,0,0,0,0,0,0,0,0
C17495,2024-02-19,17,65,4,1110,3,41,0,0,15,9
C02614,2024-06-10,311,2359,6,43681,4,1018,503,516,0,322
C17488,2025-10-13,23,101,6,2075,1,101,0,0,0,0
C10162,2023-01-02,0,0,0,0,0,0,0,0,0,0
C15934,2023-06-12,0,0,0,0,0,0,0,0,0,0
C08895,2024-06-10,0,0,0,0,0,0,0,0,0,0
C09214,2025-02-24,0,0,0,0,0,0,0,0,0,0
C09856,2024-09-23,5,25,6,551,3,20,4,0,0,1
C06554,2025-12-01,0,0,0,0,0,0,0,0,0,0
C11801,2024-02-19,0,0,0,0,0,0,0,0,0,0
C14154,2025-07-07,0,0,0,0,0,0,0,0,0,0
C09777,2023-10-02,0,0,0,0,0,0,0,0,0,0
C13478,2023-05-29,0,0,0,0,0,0,0,0,0,0
C06188,2025-09-22,0,0,0,0,0,0,0,0,0,0
C01074,2025-11-10,3214,25047,6,507444,4,10750,5392,5665,0,3240
C01914,2023-03-27,0,0,0,0,0,0,0,0,0,0
C01742,2024-08-12,0,0,0,0,0,0,0,0,0,0
C17529,2023-09-18,0,0,0,0,0,0,0,0,0,0
C06745,2025-12-29,0,0,0,0,0,0,0,0,0,0
C12953,2025-03-31,0,0,0,0,0,0,0,0,0,0
C07408,2024-06-24,0,0,0,0,0,0,0,0,0,0
C03499,2024-07-15,0,0,0,0,0,0,0,0,0,0
C04027,2023-01-02,0,0,0,0,0,0,0,0,0,0
C15025,2024-12-23,0,0,0,0,0,0,0,0,0,0
C06112,2023-02-13,0,0,0,0,0,0,0,0,0,0
C16555,2024-04-01,0,0,0,0,0,0,0,0,0,0
C14617,2024-07-08,4,9,3,177,2,5,0,0,0,4
C10068,2023-09-11,0,0,0,0,0,0,0,0,0,0
C01076,2023-01-23,0,0,0,0,0,0,0,0,0,0
C16023,2023-08-14,0,0,0,0,0,0,0,0,0,0
C05677,2025-03-03,0,0,0,0,0,0,0,0,0,0
C05080,2024-04-22,0,0,0,0,0,0,0,0,0,0
C07211,2023-05-08,0,0,0,0,0,0,0,0,0,0
C00227,2025-11-03,2,5,5,84,1,5,0,0,0,0
C14492,2023-03-06,0,0,0,0,0,0,0,0,0,0
C15106,2025-04-21,23,60,5,1091,2,46,0,0,14,0
C14958,2024-05-13,0,0,0,0,0,0,0,0,0,0
C18815,2023-07-10,0,0,0,0,0,0,0,0,0,0
C17472,2023-04-17,0,0,0,0,0,0,0,0,0,0
C01799,2024-06-03,0,0,0,0,0,0,0,0,0,0
C10768,2025-09-01,0,0,0,0,0,0,0,0,0,0
C08914,2025-12-01,0,0,0,0,0,0,0,0,0,0
C17563,2023-03-20,0,0,0,0,0,0,0,0,0,0
C10601,2025-09-22,0,0,0,0,0,0,0,0,0,0
C00513,2023-09-11,0,0,0,0,0,0,0,0,0,0
C06632,2024-08-19,0,0,0,0,0,0,0,0,0,0
C12703,2025-12-01,87,258,6,4646,2,206,0,0,0,52
C11920,2024-06-24,0,0,0,0,0,0,0,0,0,0
C11634,2023-02-13,0,0,0,0,0,0,0,0,0,0
C05676,2024-02-26,1303,8583,6,176183,3,4256,2054,2273,0,0
C10131,2024-08-12,0,0,0,0,0,0,0,0,0,0
C10770,2025-08-18,0,0,0,0,0,0,0,0,0,0
C18909,2023-07-31,0,0,0,0,0,0,0,0,0,0
C08657,2023-06-26,0,0,0,0,0,0,0,0,0,0
C11440,2024-05-20,0,0,0,0,0,0,0,0,0,0
C03978,2024-09-23,0,0,0,0,0,0,0,0,0,0
C05231,2025-10-13,412,2277,7,42983,2,1479,0,798,0,0
C12078,2023-03-13,0,0,0,0,0,0,0,0,0,0
C06377,2024-01-08,0,0,0,0,0,0,0,0,0,0
C03765,2025-09-08,0,0,0,0,0,0,0,0,0,0
C11071,2025-02-24,8227,77812,7,1473323,5,29265,14428,15035,10884,8200
C03691,2023-06-26,0,0,0,0,0,0,0,0,0,0
C05110,2024-10-14,284,1141,5,20844,1,1141,0,0,0,0
C09545,2025-12-15,0,0,0,0,0,0,0,0,0,0
C05695,2025-10-20,0,0,0,0,0,0,0,0,0,0
C05424,2023-03-20,0,0,0,0,0,0,0,0,0,0
C04667,2023-12-11,0,0,0,0,0,0,0,0,0,0
C07592,2024-01-22,0,0,0,0,0,0,0,0,0,0
C11563,2025-12-15,0,0,0,0,0,0,0,0,0,0
C08648,2023-01-02,0,0,0,0,0,0,0,0,0,0
C10160,2024-02-19,0,0,0,0,0,0,0,0,0,0
C05116,2025-01-06,0,0,0,0,0,0,0,0,0,0
C05288,2025-01-27,46,243,7,4311,3,140,63,0,40,0
C02880,2024-01-08,0,0,0,0,0,0,0,0,0,0
C07403,2025-06-23,14,65,6,995,2,45,0,20,0,0
C05017,2023-11-13,0,0,0,0,0,0,0,0,0,0
C15584,2025-11-10,16,103,6,1938,3,52,35,0,16,0
C13302,2023-12-25,0,0,0,0,0,0,0,0,0,0
C00551,2025-03-03,0,0,0,0,0,0,0,0,0,0
C13961,2023-09-25,0,0,0,0,0,0,0,0,0,0
C06227,2024-07-01,0,0,0,0,0,0,0,0,0,0
C07817,2025-02-10,0,0,0,0,0,0,0,0,0,0
C07436,2025-11-03,0,0,0,0,0,0,0,0,0,0
C18803,2023-09-04,0,0,0,0,0,0,0,0,0,0
C17413,2024-11-11,9,35,6,648,1,35,0,0,0,0
C14384,2025-07-28,32,85,2,1337,1,85,0,0,0,0
C13050,2024-08-26,0,0,0,0,0,0,0,0,0,0
C08270,2025-11-10,28,154,5,2577,2,91,63,0,0,0
C19361,2024-05-20,0,0,0,0,0,0,0,0,0,0
C10913,2024-04-01,0,0,0,0,0,0,0,0,0,0
C01642,2024-01-01,0,0,0,0,0,0,0,0,0,0
C12241,2025-05-05,0,0,0,0,0,0,0,0,0,0
C16407,2024-06-10,0,0,0,0,0,0,0,0,0,0
C16706,2023-04-24,0,0,0,0,0,0,0,0,0,0
C19929,2025-03-03,438,2256,6,48867,2,1461,795,0,0,0
C05223,2023-10-09,0,0,0,0,0,0,0,0,0,0
C01506,2025-02-03,0,0,0,0,0,0,0,0,0,0
C00282,2023-01-09,0,0,0,0,0,0,0,0,0,0
C11134,2025-06-09,202,1644,6,35114,5,596,266,331,250,201
C02411,2024-12-16,0,0,0,0,0,0,0,0,0,0
C13054,2025-03-24,0,0,0,0,0,0,0,0,0,0
C02273,2025-11-24,0,0,0,0,0,0,0,0,0,0
C00586,2024-12-23,639,4042,7,67637,3,2403,0,0,917,722
C14569,2024-07-08,0,0,0,0,0,0,0,0,0,0
C07005,2023-10-16,0,0,0,0,0,0,0,0,0,0
C05158,2023-10-09,0,0,0,0,0,0,0,0,0,0
C00935,2023-07-17,0,0,0,0,0,0,0,0,0,0
C08668,2023-01-09,0,0,0,0,0,0,0,0,0,0
C11914,2025-03-10,3,19,6,346,2,15,0,4,0,0
C13092,2024-12-30,633,4592,6,93476,3,2490,0,1212,890,0
C06941,2023-04-03,0,0,0,0,0,0,0,0,0,0
C04204,2023-12-04,0,0,0,0,0,0,0,0,0,0
C17159,2025-03-31,0,0,0,0,0,0,0,0,0,0
C16739,2024-03-04,81,424,7,7042,3,232,93,0,99,0
C13798,2023-05-29,0,0,0,0,0,0,0,0,0,0
C16507,2024-08-19,0,0,0,0,0,0,0,0,0,0
C12690,2026-01-05,926,7158,5,142551,4,3345,1655,0,1232,926
C00496,2023-09-25,0,0,0,0,0,0,0,0,0,0
C15361,2023-11-13,0,0,0,0,0,0,0,0,0,0
C06506,2025-06-09,5,16,5,269,1,16,0,0,0,0
C01552,2025-09-29,0,0,0,0,0,0,0,0,0,0
C02938,2023-08-28,0,0,0,0,0,0,0,0,0,0
C07556,2025-12-15,0,0,0,0,0,0,0,0,0,0
C00334,2023-07-24,0,0,0,0,0,0,0,0,0,0
C18484,2024-12-23,35,163,7,3187,2,136,0,0,0,27
C03665,2025-03-03,8,49,5,932,4,18,17,9,5,0
C07491,2025-01-20,0,0,0,0,0,0,0,0,0,0
C09557,2024-09-09,0,0,0,0,0,0,0,0,0,0
C13510,2023-07-03,0,0,0,0,0,0,0,0,0,0
C17604,2023-06-12,0,0,0,0,0,0,0,0,0,0
C15536,2025-05-26,0,0,0,0,0,0,0,0,0,0
C12728,2023-05-22,0,0,0,0,0,0,0,0,0,0
C03352,2023-03-13,0,0,0,0,0,0,0,0,0,0
C14555,2024-02-19,0,0,0,0,0,0,0,0,0,0
C13004,2024-02-12,0,0,0,0,0,0,0,0,0,0
C10794,2023-09-04,0,0,0,0,0,0,0,0,0,0
C11935,2025-01-27,2085,11968,7,193375,2,7942,0,4026,0,0
C06336,2024-12-30,0,0,0,0,0,0,0,0,0,0
C18600,2023-11-27,0,0,0,0,0,0,0,0,0,0
C11995,2025-12-22,0,0,0,0,0,0,0,0,0,0
C02326,2023-02-20,0,0,0,0,0,0,0,0,0,0
C03550,2024-11-04,0,0,0,0,0,0,0,0,0,0
C06867,2025-05-05,9,28,5,421,1,28,0,0,0,0
C04040,2023-07-10,0,0,0,0,0,0,0,0,0,0
C01061,2024-04-01,0,0,0,0,0,0,0,0,0,0
C11871,2025-03-10,0,0,0,0,0,0,0,0,0,0
C10966,2023-09-11,0,0,0,0,0,0,0,0,0,0
C15120,2023-11-20,0,0,0,0,0,0,0,0,0,0
C04564,2025-05-05,41,177,5,3592,2,131,46,0,0,0
C09969,2025-03-24,14,35,6,662,1,35,0,0,0,0
C08126,2025-07-14,43,210,5,4071,2,146,0,64,0,0
C09000,2025-03-10,0,0,0,0,0,0,0,0,0,0
C19850,2025-04-21,617,5482,7,97243,4,2287,1131,1240,824,0
C03149,2023-11-13,0,0,0,0,0,0,0,0,0,0
C12594,2023-04-24,0,0,0,0,0,0,0,0,0,0
C04017,2023-05-15,0,0,0,0,0,0,0,0,0,0
C10851,2023-11-20,0,0,0,0,0,0,0,0,0,0
C15656,2025-12-08,0,0,0,0,0,0,0,0,0,0
C03925,2024-01-08,0,0,0,0,0,0,0,0,0,0
C10649,2025-08-04,0,0,0,0,0,0,0,0,0,0
C02075,2025-02-24,5,8,5,160,1,8,0,0,0,0
C08615,2023-04-03,0,0,0,0,0,0,0,0,0,0
C14727,2024-03-18,0,0,0,0,0,0,0,0,0,0
C02714,2025-09-08,0,0,0,0,0,0,0,0,0,0
C15270,2024-06-10,0,0,0,0,0,0,0,0,0,0
C03984,2023-01-16,0,0,0,0,0,0,0,0,0,0
C05552,2023-07-17,0,0,0,0,0,0,0,0,0,0
C05019,2023-08-28,0,0,0,0,0,0,0,0,0,0
C08475,2024-06-24,0,0,0,0,0,0,0,0,0,0
C16061,2025-01-27,0,0,0,0,0,0,0,0,0,0
C06159,2025-12-01,11,48,6,933,2,28,20,0,0,0
C10715,2023-01-30,0,0,0,0,0,0,0,0,0,0
C05998,2025-09-22,483,3264,7,60193,3,1843,908,0,0,513
C14688,2024-04-01,0,0,0,0,0,0,0,0,0,0
C03619,2024-10-28,21,121,7,2800,2,91,30,0,0,0
C02872,2024-04-08,0,0,0,0,0,0,0,0,0,0
C02398,2025-01-13,9,31,5,579,1,31,0,0,0,0
C15435,2025-12-08,0,0,0,0,0,0,0,0,0,0
C08756,2023-03-13,0,0,0,0,0,0,0,0,0,0
C01813,2024-02-19,0,0,0,0,0,0,0,0,0,0
C11318,2023-11-06,0,0,0,0,0,0,0,0,0,0
C04405,2023-01-23,0,0,0,0,0,0,0,0,0,0
C12514,2023-04-10,0,0,0,0,0,0,0,0,0,0
C09146,2024-07-08,0,0,0,0,0,0,0,0,0,0
C11155,2023-09-25,0,0,0,0,0,0,0,0,0,0
C06173,2023-06-19,0,0,0,0,0,0,0,0,0,0
C04548,2024-03-18,0,0,0,0,0,0,0,0,0,0
C19017,2024-09-30,0,0,0,0,0,0,0,0,0,0
C03363,2025-09-29,0,0,0,0,0,0,0,0,0,0
C06239,2024-03-25,0,0,0,0,0,0,0,0,0,0
C19472,2023-05-29,0,0,0,0,0,0,0,0,0,0
C07008,2023-02-13,0,0,0,0,0,0,0,0,0,0
C15502,2024-06-24,0,0,0,0,0,0,0,0,0,0
C04767,2023-03-13,0,0,0,0,0,0,0,0,0,0
C15490,2025-06-23,0,0,0,0,0,0,0,0,0,0
C05209,2025-02-10,0,0,0,0,0,0,0,0,0,0
C03626,2025-09-22,278,1300,6,23503,2,992,0,0,0,308
C02467,2024-07-29,0,0,0,0,0,0,0,0,0,0
C07344,2024-07-29,0,0,0,0,0,0,0,0,0,0
C01764,2025-06-02,1,0,1,0,0,0,0,0,0,0
C10615,2023-02-27,0,0,0,0,0,0,0,0,0,0
C15042,2023-08-14,0,0,0,0,0,0,0,0,0,0
C05645,2023-11-20,0,0,0,0,0,0,0,0,0,0
C17329,2023-02-06,0,0,0,0,0,0,0,0,0,0
C02644,2025-06-02,0,0,0,0,0,0,0,0,0,0
C01579,2023-04-17,0,0,0,0,0,0,0,0,0,0
C12807,2025-06-02,0,0,0,0,0,0,0,0,0,0
C02320,2025-06-09,0,0,0,0,0,0,0,0,0,0
C19629,2023-08-14,0,0,0,0,0,0,0,0,0,0
C16999,2025-06-23,28,156,7,3174,3,83,38,0,0,35
C19898,2025-07-14,120,737,7,13102,3,479,0,0,149,109
C13477,2024-06-03,0,0,0,0,0,0,0,0,0,0
C05844,2025-08-18,0,0,0,0,0,0,0,0,0,0
C02538,2025-07-21,28,65,4,1125,1,65,0,0,0,0
C19878,2023-09-18,0,0,0,0,0,0,0,0,0,0
C05927,2023-11-06,0,0,0,0,0,0,0,0,0,0
C02148,2024-01-01,0,0,0,0,0,0,0,0,0,0
C18241,2025-09-15,0,0,0,0,0,0,0,0,0,0
C13728,2024-01-08,0,0,0,0,0,0,0,0,0,0
C05264,2024-09-09,389,3083,6,62555,5,1201,567,619,374,322
C11827,2024-07-08,0,0,0,0,0,0,0,0,0,0
C11540,2024-06-10,0,0,0,0,0,0,0,0,0,0
C18210,2024-09-02,11,58,6,1326,3,23,21,0,0,14
C00781,2025-12-01,0,0,0,0,0,0,0,0,0,0
C00877,2024-05-27,0,0,0,0,0,0,0,0,0,0
C18274,2024-05-20,0,0,0,0,0,0,0,0,0,0
C17039,2025-05-05,75,413,5,8261,2,280,133,0,0,0
C18791,2023-10-23,0,0,0,0,0,0,0,0,0,0
C12556,2025-11-10,0,0,0,0,0,0,0,0,0,0
C05781,2023-02-20,0,0,0,0,0,0,0,0,0,0
C14454,2023-07-24,0,0,0,0,0,0,0,0,0,0
C00460,2023-05-29,0,0,0,0,0,0,0,0,0,0
C11745,2025-10-13,0,0,0,0,0,0,0,0,0,0
C17465,2025-04-14,68,332,5,5576,3,209,0,0,78,45
C07046,2023-09-25,0,0,0,0,0,0,0,0,0,0
C11543,2024-01-15,0,0,0,0,0,0,0,0,0,0
C13687,2024-04-15,0,0,0,0,0,0,0,0,0,0
C11671,2023-03-20,0,0,0,0,0,0,0,0,0,0
C11279,2024-06-10,0,0,0,0,0,0,0,0,0,0
C15556,2025-04-07,0,0,0,0,0,0,0,0,0,0
C07228,2024-03-11,0,0,0,0,0,0,0,0,0,0
C19830,2023-01-09,0,0,0,0,0,0,0,0,0,0
C00832,2025-08-11,201,1663,7,30105,4,692,359,359,253,0
C10910,2025-04-07,4679,46717,7,818526,5,17660,8521,8916,6611,5009
C03077,2025-04-14,0,0,0,0,0,0,0,0,0,0
C13725,2024-02-05,0,0,0,0,0,0,0,0,0,0
C12477,2025-06-23,0,0,0,0,0,0,0,0,0,0
C02163,2024-08-19,0,0,0,0,0,0,0,0,0,0
C03859,2024-08-26,0,0,0,0,0,0,0,0,0,0
C08086,2023-01-23,0,0,0,0,0,0,0,0,0,0
C01171,2024-10-14,0,0,0,0,0,0,0,0,0,0
C00309,2023-09-04,0,0,0,0,0,0,0,0,0,0
C07201,2025-07-21,0,0,0,0,0,0,0,0,0,0
C00224,2025-07-14,0,0,0,0,0,0,0,0,0,0
C03002,2023-02-06,0,0,0,0,0,0,0,0,0,0
C03759,2024-06-24,0,0,0,0,0,0,0,0,0,0
C11789,2024-09-09,0,0,0,0,0,0,0,0,0,0
C19978,2025-06-09,0,0,0,0,0,0,0,0,0,0
C03439,2025-08-25,7,28,4,517,2,20,8,0,0,0
C08344,2023-12-25,0,0,0,0,0,0,0,0,0,0
C17255,2023-09-04,0,0,0,0,0,0,0,0,0,0
C17018,2024-09-02,0,0,0,0,0,0,0,0,0,0
C19813,2023-07-10,0,0,0,0,0,0,0,0,0,0
C08783,2023-07-24,0,0,0,0,0,0,0,0,0,0
C03477,2024-08-12,0,0,0,0,0,0,0,0,0,0
C01423,2025-07-14,0,0,0,0,0,0,0,0,0,0
C05583,2024-05-13,0,0,0,0,0,0,0,0,0,0
C05307,2023-11-13,0,0,0,0,0,0,0,0,0,0
C17088,2023-01-23,0,0,0,0,0,0,0,0,0,0
C05053,2023-11-27,0,0,0,0,0,0,0,0,0,0
C03386,2025-09-29,0,0,0,0,0,0,0,0,0,0
C04894,2023-02-27,0,0,0,0,0,0,0,0,0,0
C08880,2023-01-30,0,0,0,0,0,0,0,0,0,0
C12671,2023-08-21,0,0,0,0,0,0,0,0,0,0
C17071,2025-06-02,0,0,0,0,0,0,0,0,0,0
C12990,2023-12-25,0,0,0,0,0,0,0,0,0,0
C13507,2024-02-19,0,0,0,0,0,0,0,0,0,0
C12400,2025-09-15,0,0,0,0,0,0,0,0,0,0
C19712,2025-08-04,0,0,0,0,0,0,0,0,0,0
C04906,2024-08-05,0,0,0,0,0,0,0,0,0,0
C02409,2024-08-05,0,0,0,0,0,0,0,0,0,0
C19159,2025-10-13,0,0,0,0,0,0,0,0,0,0
C19723,2025-02-17,0,0,0,0,0,0,0,0,0,0
C06811,2024-01-29,0,0,0,0,0,0,0,0,0,0
C17896,2024-10-28,1078,9621,7,192663,5,3605,1757,1848,1375,1036
C19962,2025-09-08,65,393,7,7655,3,221,0,99,0,73
C02164,2024-01-01,0,0,0,0,0,0,0,0,0,0
C19316,2025-06-30,2,10,6,175,2,8,0,0,0,2
C13946,2025-10-06,0,0,0,0,0,0,0,0,0,0
C15931,2023-05-01,0,0,0,0,0,0,0,0,0,0
C16206,2024-03-18,0,0,0,0,0,0,0,0,0,0
C07480,2024-04-15,0,0,0,0,0,0,0,0,0,0
C17515,2025-12-22,340,2281,6,43903,3,1165,520,596,0,0
C04510,2023-01-16,0,0,0,0,0,0,0,0,0,0
C11392,2023-11-06,0,0,0,0,0,0,0,0,0,0
C09256,2025-03-10,0,0,0,0,0,0,0,0,0,0
C12795,2023-01-09,0,0,0,0,0,0,0,0,0,0
C09943,2023-08-28,0,0,0,0,0,0,0,0,0,0
C10726,2025-01-27,0,0,0,0,0,0,0,0,0,0
C07832,2026-01-05,0,0,0,0,0,0,0,0,0,0
C01391,2025-01-27,422,2211,5,47798,3,1237,597,0,0,377
C12659,2024-01-15,0,0,0,0,0,0,0,0,0,0
C07710,2025-06-16,456,3149,7,50799,3,1718,797,0,634,0
C17480,2024-09-23,144,903,6,16780,3,537,0,0,222,144
C04136,2023-01-09,0,0,0,0,0,0,0,0,0,0
C13211,2024-01-08,0,0,0,0,0,0,0,0,0,0
C01177,2025-05-19,11,59,7,1201,2,46,0,0,0,13
C06410,2023-08-14,0,0,0,0,0,0,0,0,0,0
C17214,2024-02-26,0,0,0,0,0,0,0,0,0,0
C04346,2025-03-24,470,3007,7,56893,4,1200,634,661,512,0
C18323,2025-03-24,0,0,0,0,0,0,0,0,0,0
C18892,2025-08-25,0,0,0,0,0,0,0,0,0,0
C10394,2023-03-27,0,0,0,0,0,0,0,0,0,0
C12480,2024-07-29,0,0,0,0,0,0,0,0,0,0
C10020,2023-05-08,0,0,0,0,0,0,0,0,0,0
C14385,2025-03-31,0,0,0,0,0,0,0,0,0,0
C06793,2025-09-08,211,1456,6,30403,3,706,339,411,0,0
C05377,2023-06-19,0,0,0,0,0,0,0,0,0,0
C01203,2023-05-01,0,0,0,0,0,0,0,0,0,0
C12422,2023-10-16,0,0,0,0,0,0,0,0,0,0
C03033,2023-05-29,0,0,0,0,0,0,0,0,0,0
C01652,2025-12-29,0,0,0,0,0,0,0,0,0,0
C10012,2025-01-06,29,115,5,1886,1,115,0,0,0,0
C02920,2023-04-24,0,0,0,0,0,0,0,0,0,0
C13396,2025-02-17,0,0,0,0,0,0,0,0,0,0
C01194,2025-02-03,0,0,0,0,0,0,0,0,0,0
C08150,2023-06-12,0,0,0,0,0,0,0,0,0,0
C13695,2023-03-13,0,0,0,0,0,0,0,0,0,0
C19653,2025-12-29,0,0,0,0,0,0,0,0,0,0
C18306,2025-11-17,25,100,7,1694,3,41,20,39,0,0
C17935,2024-12-23,0,0,0,0,0,0,0,0,0,0
C04791,2024-09-16,0,0,0,0,0,0,0,0,0,0
C15122,2025-04-28,45,111,7,1790,1,111,0,0,0,0
C13806,2024-02-05,0,0,0,0,0,0,0,0,0,0
C15492,2023-10-16,0,0,0,0,0,0,0,0,0,0
C03428,2024-02-12,0,0,0,0,0,0,0,0,0,0
C08297,2024-04-01,0,0,0,0,0,0,0,0,0,0
C00204,2024-09-23,31,105,6,2022,1,105,0,0,0,0
C11708,2023-03-27,0,0,0,0,0,0,0,0,0,0
C02925,2025-12-15,0,0,0,0,0,0,0,0,0,0
C19828,2025-10-06,0,0,0,0,0,0,0,0,0,0
C06210,2025-03-24,0,0,0,0,0,0,0,0,0,0
C13202,2025-08-11,0,0,0,0,0,0,0,0,0,0
C08613,2023-01-23,0,0,0,0,0,0,0,0,0,0
C09774,2025-11-17,90,540,6,10111,2,364,176,0,0,0
C13338,2025-11-24,0,0,0,0,0,0,0,0,0,0
C19355,2023-11-20,0,0,0,0,0,0,0,0,0,0
C00348,2025-03-03,3,10,4,189,2,6,0,0,4,0
C18797,2023-08-07,0,0,0,0,0,0,0,0,0,0
C04242,2024-01-01,0,0,0,0,0,0,0,0,0,0
C15513,2023-07-31,0,0,0,0,0,0,0,0,0,0
C15898,2025-12-22,28,112,6,1863,1,112,0,0,0,0
C09191,2023-10-09,0,0,0,0,0,0,0,0,0,0
C09218,2023-12-04,0,0,0,0,0,0,0,0,0,0
C05567,2023-03-13,0,0,0,0,0,0,0,0,0,0
C02912,2023-03-13,0,0,0,0,0,0,0,0,0,0
C19481,2025-11-03,0,0,0,0,0,0,0,0,0,0
C04856,2025-02-10,0,0,0,0,0,0,0,0,0,0
C16151,2024-02-19,0,0,0,0,0,0,0,0,0,0
C15270,2024-07-22,6,15,5,286,1,15,0,0,0,0
C00250,2025-09-01,0,0,0,0,0,0,0,0,0,0
C00201,2024-09-09,0,0,0,0,0,0,0,0,0,0
C14587,2025-09-01,0,0,0,0,0,0,0,0,0,0
C17019,2025-07-28,0,0,0,0,0,0,0,0,0,0
C13196,2024-09-02,0,0,0,0,0,0,0,0,0,0
C00522,2024-01-08,0,0,0,0,0,0,0,0,0,0
C06147,2024-03-18,0,0,0,0,0,0,0,0,0,0
C18242,2024-12-02,0,0,0,0,0,0,0,0,0,0
C11959,2023-10-23,0,0,0,0,0,0,0,0,0,0
C19388,2024-02-19,0,0,0,0,0,0,0,0,0,0
C09052,2023-11-20,0,0,0,0,0,0,0,0,0,0
C14431,2025-07-07,0,0,0,0,0,0,0,0,0,0
C09293,2023-11-20,0,0,0,0,0,0,0,0,0,0
C13808,2023-08-21,0,0,0,0,0,0,0,0,0,0
C07597,2025-10-06,20,87,6,1478,3,53,0,16,18,0
C17004,2025-11-24,0,0,0,0,0,0,0,0,0,0
C17875,2023-08-07,0,0,0,0,0,0,0,0,0,0
C09458,2024-06-03,0,0,0,0,0,0,0,0,0,0
C01046,2023-02-20,0,0,0,0,0,0,0,0,0,0
C08300,2023-08-14,0,0,0,0,0,0,0,0,0,0
C17848,2024-06-03,22,82,6,1047,1,82,0,0,0,0
C10178,2025-04-14,0,0,0,0,0,0,0,0,0,0
C02311,2024-01-08,0,0,0,0,0,0,0,0,0,0
C15107,2024-03-04,0,0,0,0,0,0,0,0,0,0
C03770,2023-04-17,0,0,0,0,0,0,0,0,0,0
C12552,2024-10-21,18,97,7,2019,2,54,43,0,0,0
C00934,2025-02-03,0,0,0,0,0,0,0,0,0,0
C04457,2025-02-03,11,23,5,345,1,23,0,0,0,0
C10440,2024-05-27,0,0,0,0,0,0,0,0,0,0
C12562,2025-06-02,0,0,0,0,0,0,0,0,0,0
C14432,2023-01-16,0,0,0,0,0,0,0,0,0,0
C13026,2025-05-12,0,0,0,0,0,0,0,0,0,0
C16245,2025-05-05,0,0,0,0,0,0,0,0,0,0
C05075,2023-02-13,0,0,0,0,0,0,0,0,0,0
C06754,2025-04-28,0,0,0,0,0,0,0,0,0,0
C04999,2024-08-19,0,0,0,0,0,0,0,0,0,0
C07909,2023-07-10,0,0,0,0,0,0,0,0,0,0
C04591,2024-09-02,0,0,0,0,0,0,0,0,0,0
C00610,2024-03-11,0,0,0,0,0,0,0,0,0,0
C00345,2024-08-26,359,3243,6,63296,5,1190,627,609,476,341
C17776,2023-10-23,0,0,0,0,0,0,0,0,0,0
C02206,2025-03-03,344,1754,6,34305,2,1275,0,0,479,0
C16568,2023-01-30,0,0,0,0,0,0,0,0,0,0
C18389,2024-01-15,0,0,0,0,0,0,0,0,0,0
C03903,2024-12-23,143,1098,6,19831,4,499,0,256,183,160
C08688,2025-12-01,0,0,0,0,0,0,0,0,0,0
C06352,2025-03-31,0,0,0,0,0,0,0,0,0,0
C02507,2023-08-07,0,0,0,0,0,0,0,0,0,0
C16644,2023-01-23,0,0,0,0,0,0,0,0,0,0
C03799,2025-09-22,0,0,0,0,0,0,0,0,0,0
C03479,2025-02-24,795,7442,6,144730,5,2754,1382,1423,1048,835
C13423,2025-12-15,0,0,0,0,0,0,0,0,0,0
C18756,2025-03-17,157,637,6,10476,2,442,0,0,195,0
C04386,2024-10-14,0,0,0,0,0,0,0,0,0,0
C18072,2024-11-18,3003,21207,7,452741,3,10609,5092,5506,0,0
C06557,2024-06-10,0,0,0,0,0,0,0,0,0,0
C06139,2023-11-13,0,0,0,0,0,0,0,0,0,0
C11378,2024-05-20,0,0,0,0,0,0,0,0,0,0
C04516,2025-01-27,0,0,0,0,0,0,0,0,0,0
C14583,2024-02-26,0,0,0,0,0,0,0,0,0,0
C17564,2024-06-24,0,0,0,0,0,0,0,0,0,0
C10110,2023-10-23,0,0,0,0,0,0,0,0,0,0
C00390,2025-07-28,0,0,0,0,0,0,0,0,0,0
C14772,2023-06-19,0,0,0,0,0,0,0,0,0,0
C10596,2023-11-20,0,0,0,0,0,0,0,0,0,0
C13021,2025-03-24,0,0,0,0,0,0,0,0,0,0
C08475,2024-05-27,0,0,0,0,0,0,0,0,0,0
C00339,2024-12-09,3,15,7,295,2,6,9,0,0,0
C00726,2024-11-04,17,59,6,1059,1,59,0,0,0,0
C17361,2024-07-22,0,0,0,0,0,0,0,0,0,0
C02479,2024-04-01,0,0,0,0,0,0,0,0,0,0
C10015,2025-09-08,588,4634,6,87528,4,2005,905,988,736,0
C06095,2023-05-01,0,0,0,0,0,0,0,0,0,0
C04386,2024-08-12,0,0,0,0,0,0,0,0,0,0
C06709,2025-07-21,552,3471,5,79435,3,1955,968,0,0,548
C01304,2025-08-25,0,0,0,0,0,0,0,0,0,0
C00368,2024-03-04,0,0,0,0,0,0,0,0,0,0
C04351,2023-03-13,0,0,0,0,0,0,0,0,0,0
C04851,2023-12-18,0,0,0,0,0,0,0,0,0,0
C13247,2025-07-14,786,6073,5,125111,5,2235,1074,1218,902,644
C10974,2024-10-28,24,147,7,2759,3,85,0,36,0,26
C11395,2024-01-22,0,0,0,0,0,0,0,0,0,0
C18062,2023-12-18,0,0,0,0,0,0,0,0,0,0
C02868,2024-07-08,0,0,0,0,0,0,0,0,0,0
C18603,2025-07-21,0,0,0,0,0,0,0,0,0,0
C19077,2025-03-31,0,0,0,0,0,0,0,0,0,0
C05722,2025-05-05,0,0,0,0,0,0,0,0,0,0
C15790,2023-12-18,0,0,0,0,0,0,0,0,0,0
C19240,2025-09-08,0,0,0,0,0,0,0,0,0,0
C04666,2023-07-31,0,0,0,0,0,0,0,0,0,0
C14686,2025-06-30,415,2647,6,54536,3,1497,749,0,0,401
C02916,2024-09-23,0,0,0,0,0,0,0,0,0,0
C16411,2024-08-05,0,0,0,0,0,0,0,0,0,0
C13813,2023-10-16,0,0,0,0,0,0,0,0,0,0
C12904,2024-10-21,0,0,0,0,0,0,0,0,0,0
C00399,2023-02-06,0,0,0,0,0,0,0,0,0,0
C02720,2023-10-09,0,0,0,0,0,0,0,0,0,0
C05630,2023-08-21,0,0,0,0,0,0,0,0,0,0
C10898,2024-12-30,0,0,0,0,0,0,0,0,0,0
C08354,2024-06-03,0,0,0,0,0,0,0,0,0,0
C12461,2024-05-13,0,0,0,0,0,0,0,0,0,0
C19925,2024-10-21,14,60,7,1109,2,48,0,0,0,12
C01494,2025-04-14,0,0,0,0,0,0,0,0,0,0
C00348,2025-05-26,3,16,7,283,2,13,0,0,3,0
C11439,2024-01-29,0,0,0,0,0,0,0,0,0,0
C05060,2024-04-29,0,0,0,0,0,0,0,0,0,0
C12174,2024-10-07,108,482,7,8674,3,271,0,122,89,0
C04419,2025-10-06,0,0,0,0,0,0,0,0,0,0
C15488,2025-11-24,0,0,0,0,0,0,0,0,0,0
C10443,2024-05-27,0,0,0,0,0,0,0,0,0,0
C03532,2023-03-20,0,0,0,0,0,0,0,0,0,0
C04901,2024-06-10,0,0,0,0,0,0,0,0,0,0
C03110,2023-03-20,0,0,0,0,0,0,0,0,0,0
C10725,2025-08-18,0,0,0,0,0,0,0,0,0,0
C17562,2023-11-06,0,0,0,0,0,0,0,0,0,0
C13890,2025-08-18,5,21,7,303,3,15,2,4,0,0
C03681,2025-06-30,0,0,0,0,0,0,0,0,0,0
C14591,2025-11-10,1407,13853,6,262711,5,5259,2552,2664,1863,1515
C14762,2023-07-03,0,0,0,0,0,0,0,0,0,0
C19045,2023-02-06,0,0,0,0,0,0,0,0,0,0
C18891,2023-12-25,0,0,0,0,0,0,0,0,0,0
C16511,2024-12-16,7,31,5,571,2,24,7,0,0,0
C01408,2025-10-20,14,49,4,1014,1,49,0,0,0,0
C10329,2023-10-09,0,0,0,0,0,0,0,0,0,0
C16398,2024-10-21,546,3641,6,65412,3,1889,1058,0,694,0
C03317,2025-09-22,219,1576,6,26808,3,800,0,461,315,0
C13220,2023-09-11,0,0,0,0,0,0,0,0,0,0
C10176,2023-07-31,0,0,0,0,0,0,0,0,0,0
C15557,2024-10-28,2072,17158,6,357863,4,7787,0,4054,3013,2304
C14831,2025-11-17,20,63,4,1080,1,63,0,0,0,0
C01077,2023-08-07,0,0,0,0,0,0,0,0,0,0
C12478,2023-10-23,0,0,0,0,0,0,0,0,0,0
C11849,2024-10-28,0,0,0,0,0,0,0,0,0,0
C03429,2023-07-24,0,0,0,0,0,0,0,0,0,0
C10923,2025-06-23,126,910,6,20009,4,372,188,235,0,115
C16514,2024-12-16,0,0,0,0,0,0,0,0,0,0
C04851,2025-03-31,12,48,5,895,1,48,0,0,0,0
C11858,2025-07-14,0,0,0,0,0,0,0,0,0,0
C16381,2024-11-18,3066,24562,7,440307,4,11362,0,5803,4099,3298
C00529,2023-02-13,0,0,0,0,0,0,0,0,0,0
C02988,2023-12-04,0,0,0,0,0,0,0,0,0,0
C15548,2023-05-29,0,0,0,0,0,0,0,0,0,0
C02978,2025-01-20,0,0,0,0,0,0,0,0,0,0
C03775,2024-12-30,394,3226,7,60501,4,1439,0,758,593,436
C14809,2025-03-03,88,327,5,5568,2,228,0,99,0,0
C14295,2024-05-06,0,0,0,0,0,0,0,0,0,0
C19474,2023-11-20,0,0,0,0,0,0,0,0,0,0
C11339,2024-02-26,0,0,0,0,0,0,0,0,0,0
C14688,2024-02-05,0,0,0,0,0,0,0,0,0,0
C08320,2023-05-08,0,0,0,0,0,0,0,0,0,0
C06042,2024-03-18,0,0,0,0,0,0,0,0,0,0
C09962,2024-05-27,0,0,0,0,0,0,0,0,0,0
C07785,2025-10-20,0,0,0,0,0,0,0,0,0,0
C12335,2025-11-03,0,0,0,0,0,0,0,0,0,0
C11723,2024-10-07,0,0,0,0,0,0,0,0,0,0
C01593,2023-06-05,0,0,0,0,0,0,0,0,0,0
C01532,2025-06-23,0,0,0,0,0,0,0,0,0,0
C09195,2025-07-07,0,0,0,0,0,0,0,0,0,0
C06136,2024-12-09,0,0,0,0,0,0,0,0,0,0
C15750,2023-03-27,0,0,0,0,0,0,0,0,0,0
C03658,2025-11-24,0,0,0,0,0,0,0,0,0,0
C11003,2023-07-03,0,0,0,0,0,0,0,0,0,0
C10974,2024-09-23,25,150,6,2773,3,92,0,39,0,19
C16643,2023-04-24,0,0,0,0,0,0,0,0,0,0
C00598,2025-12-22,0,0,0,0,0,0,0,0,0,0
C16899,2024-05-06,0,0,0,0,0,0,0,0,0,0
C00374,2024-09-23,38,259,6,5269,3,126,64,69,0,0
C05207,2023-10-09,0,0,0,0,0,0,0,0,0,0
C05863,2023-08-07,0,0,0,0,0,0,0,0,0,0
C11473,2024-01-08,0,0,0,0,0,0,0,0,0,0
C02601,2025-05-05,0,0,0,0,0,0,0,0,0,0
C00720,2024-06-03,0,0,0,0,0,0,0,0,0,0
C18979,2025-03-17,0,0,0,0,0,0,0,0,0,0
C16858,2024-07-22,0,0,0,0,0,0,0,0,0,0
C08563,2023-07-17,0,0,0,0,0,0,0,0,0,0
C12925,2024-05-06,318,1720,5,30955,3,952,0,507,0,261
C07875,2023-02-06,0,0,0,0,0,0,0,0,0,0
C12796,2023-01-02,0,0,0,0,0,0,0,0,0,0
C02962,2023-05-08,0,0,0,0,0,0,0,0,0,0
C12738,2023-11-06,0,0,0,0,0,0,0,0,0,0
C02031,2024-01-22,0,0,0,0,0,0,0,0,0,0
C16854,2024-07-08,0,0,0,0,0,0,0,0,0,0
C04689,2023-04-10,0,0,0,0,0,0,0,0,0,0
C00577,2023-02-20,0,0,0,0,0,0,0,0,0,0
C17246,2025-01-13,0,0,0,0,0,0,0,0,0,0
C02713,2025-02-24,0,0,0,0,0,0,0,0,0,0
C01713,2023-11-20,0,0,0,0,0,0,0,0,0,0
C05241,2025-11-10,0,0,0,0,0,0,0,0,0,0
C17149,2024-04-29,0,0,0,0,0,0,0,0,0,0
C18621,2023-10-16,0,0,0,0,0,0,0,0,0,0
C19483,2023-12-11,0,0,0,0,0,0,0,0,0,0
C03935,2023-08-14,0,0,0,0,0,0,0,0,0,0
C03275,2025-06-23,0,0,0,0,0,0,0,0,0,0
C18045,2023-07-10,0,0,0,0,0,0,0,0,0,0
C05945,2023-08-07,0,0,0,0,0,0,0,0,0,0
C16315,2023-07-31,0,0,0,0,0,0,0,0,0,0
C16635,2025-01-06,0,0,0,0,0,0,0,0,0,0
C15945,2024-02-05,0,0,0,0,0,0,0,0,0,0
C18243,2025-03-10,0,0,0,0,0,0,0,0,0,0
C08139,2024-07-15,0,0,0,0,0,0,0,0,0,0
C08176,2023-02-20,0,0,0,0,0,0,0,0,0,0
C02194,2023-04-03,0,0,0,0,0,0,0,0,0,0
C15178,2024-03-11,0,0,0,0,0,0,0,0,0,0
C00243,2024-07-22,0,0,0,0,0,0,0,0,0,0
C01268,2026-01-05,0,0,0,0,0,0,0,0,0,0
C00752,2024-02-26,0,0,0,0,0,0,0,0,0,0
C00046,2023-09-25,0,0,0,0,0,0,0,0,0,0
C05196,2024-01-01,0,0,0,0,0,0,0,0,0,0
C14953,2025-04-07,0,0,0,0,0,0,0,0,0,0
C11363,2024-11-18,0,0,0,0,0,0,0,0,0,0
C12417,2024-09-02,0,0,0,0,0,0,0,0,0,0
C14970,2025-07-21,6679,63691,5,1303794,5,23939,11861,12364,8785,6742
C13305,2023-01-30,0,0,0,0,0,0,0,0,0,0
C03810,2023-03-20,0,0,0,0,0,0,0,0,0,0
C11806,2024-09-02,0,0,0,0,0,0,0,0,0,0
C09230,2023-12-18,0,0,0,0,0,0,0,0,0,0
C07889,2025-10-27,297,1079,7,21113,1,1079,0,0,0,0
C01295,2023-05-15,0,0,0,0,0,0,0,0,0,0
C18209,2023-05-01,0,0,0,0,0,0,0,0,0,0
C18163,2025-12-08,79,389,7,7810,3,203,91,95,0,0
C05387,2025-08-25,0,0,0,0,0,0,0,0,0,0
C09183,2023-02-27,0,0,0,0,0,0,0,0,0,0
C14979,2023-06-12,0,0,0,0,0,0,0,0,0,0
C02872,2023-03-27,0,0,0,0,0,0,0,0,0,0
C11131,2024-07-08,0,0,0,0,0,0,0,0,0,0
C07273,2023-05-15,0,0,0,0,0,0,0,0,0,0
C19575,2024-01-01,0,0,0,0,0,0,0,0,0,0
C07619,2025-07-07,343,2396,7,47520,3,1145,581,670,0,0
C03791,2024-02-05,0,0,0,0,0,0,0,0,0,0
C07095,2025-12-08,0,0,0,0,0,0,0,0,0,0
C15719,2023-02-13,0,0,0,0,0,0,0,0,0,0
C08928,2023-12-11,0,0,0,0,0,0,0,0,0,0
C16105,2024-01-15,0,0,0,0,0,0,0,0,0,0
C12796,2024-07-22,0,0,0,0,0,0,0,0,0,0
C13908,2025-01-20,0,0,0,0,0,0,0,0,0,0
C03864,2025-11-24,75,439,6,6786,2,310,0,0,129,0
C14349,2024-10-21,0,0,0,0,0,0,0,0,0,0
C17135,2025-11-03,0,0,0,0,0,0,0,0,0,0
C06435,2023-03-06,0,0,0,0,0,0,0,0,0,0
C14948,2025-06-30,0,0,0,0,0,0,0,0,0,0
C05313,2023-02-13,0,0,0,0,0,0,0,0,0,0
C01571,2024-11-04,0,0,0,0,0,0,0,0,0,0
C17097,2024-05-13,0,0,0,0,0,0,0,0,0,0
C03129,2024-12-30,114,837,5,18167,4,384,165,183,0,105
C05637,2025-04-14,0,0,0,0,0,0,0,0,0,0
C00979,2025-07-14,0,0,0,0,0,0,0,0,0,0
C14702,2025-06-09,0,0,0,0,0,0,0,0,0,0
C01406,2025-10-13,0,0,0,0,0,0,0,0,0,0
C03779,2025-06-16,0,0,0,0,0,0,0,0,0,0
C00625,2023-12-04,0,0,0,0,0,0,0,0,0,0
C13993,2023-12-25,0,0,0,0,0,0,0,0,0,0
C16494,2024-11-11,0,0,0,0,0,0,0,0,0,0
C03384,2025-02-03,0,0,0,0,0,0,0,0,0,0
C02142,2025-06-02,0,0,0,0,0,0,0,0,0,0
C16976,2023-10-09,0,0,0,0,0,0,0,0,0,0
C01412,2025-05-19,0,0,0,0,0,0,0,0,0,0
C18743,2025-12-29,26,227,7,4802,4,105,40,50,0,32
C07058,2025-07-28,0,0,0,0,0,0,0,0,0,0
C14744,2023-01-02,0,0,0,0,0,0,0,0,0,0
C05835,2024-05-13,0,0,0,0,0,0,0,0,0,0
C18985,2025-06-23,0,0,0,0,0,0,0,0,0,0
C11974,2023-01-16,0,0,0,0,0,0,0,0,0,0
C11985,2025-11-24,0,0,0,0,0,0,0,0,0,0
C10569,2023-09-04,0,0,0,0,0,0,0,0,0,0
C18609,2023-10-09,0,0,0,0,0,0,0,0,0,0
C19423,2024-08-19,0,0,0,0,0,0,0,0,0,0
C14942,2023-11-20,0,0,0,0,0,0,0,0,0,0
C08539,2025-04-28,0,0,0,0,0,0,0,0,0,0
C05332,2023-07-31,0,0,0,0,0,0,0,0,0,0
C02071,2024-08-26,0,0,0,0,0,0,0,0,0,0
C19210,2024-06-24,0,0,0,0,0,0,0,0,0,0
C13720,2025-10-20,0,0,0,0,0,0,0,0,0,0
C18187,2025-05-12,0,0,0,0,0,0,0,0,0,0
C13270,2023-09-04,0,0,0,0,0,0,0,0,0,0
C03432,2024-12-16,0,0,0,0,0,0,0,0,0,0
C02833,2024-07-01,0,0,0,0,0,0,0,0,0,0
C08384,2024-05-13,0,0,0,0,0,0,0,0,0,0
C10734,2023-02-06,0,0,0,0,0,0,0,0,0,0
C18837,2025-05-12,0,0,0,0,0,0,0,0,0,0
C09722,2024-05-06,0,0,0,0,0,0,0,0,0,0
C02873,2024-11-11,0,0,0,0,0,0,0,0,0,0
C00142,2025-02-03,12,34,6,483,1,34,0,0,0,0
C04651,2024-06-03,0,0,0,0,0,0,0,0,0,0
C18837,2023-03-06,0,0,0,0,0,0,0,0,0,0
C13885,2023-04-10,0,0,0,0,0,0,0,0,0,0
C14911,2025-01-06,5,24,5,525,2,18,6,0,0,0
C00020,2024-04-15,0,0,0,0,0,0,0,0,0,0
C09314,2023-01-23,0,0,0,0,0,0,0,0,0,0
C01261,2024-04-08,0,0,0,0,0,0,0,0,0,0
C12308,2023-10-16,0,0,0,0,0,0,0,0,0,0
C07814,2024-08-26,5,17,6,319,1,17,0,0,0,0
C16868,2024-12-16,0,0,0,0,0,0,0,0,0,0
C09734,2024-02-12,0,0,0,0,0,0,0,0,0,0
C10502,2023-11-27,0,0,0,0,0,0,0,0,0,0
C08646,2026-01-05,3,11,5,175,2,9,0,0,2,0
C05068,2023-07-03,0,0,0,0,0,0,0,0,0,0
C03124,2023-01-23,0,0,0,0,0,0,0,0,0,0
C13507,2025-02-17,2,4,2,69,1,4,0,0,0,0
C14515,2023-04-17,0,0,0,0,0,0,0,0,0,0
C06026,2025-12-01,496,3320,7,61592,3,1784,0,898,638,0
C03425,2023-08-07,0,0,0,0,0,0,0,0,0,0
C12554,2024-04-22,0,0,0,0,0,0,0,0,0,0
C02903,2025-11-10,0,0,0,0,0,0,0,0,0,0
C16264,2023-02-20,0,0,0,0,0,0,0,0,0,0
C03244,2023-05-29,0,0,0,0,0,0,0,0,0,0
C00316,2024-01-15,0,0,0,0,0,0,0,0,0,0
C06234,2024-08-05,0,0,0,0,0,0,0,0,0,0
C12776,2024-10-07,19,82,6,1301,2,55,0,0,27,0
C13697,2025-05-19,5,20,5,346,1,20,0,0,0,0
C19263,2023-07-03,0,0,0,0,0,0,0,0,0,0
C06608,2023-02-06,0,0,0,0,0,0,0,0,0,0
C05901,2023-02-20,0,0,0,0,0,0,0,0,0,0
C07438,2025-09-22,0,0,0,0,0,0,0,0,0,0
C00655,2023-09-04,0,0,0,0,0,0,0,0,0,0
C17469,2025-09-22,224,859,6,15221,1,859,0,0,0,0
C06571,2025-08-11,0,0,0,0,0,0,0,0,0,0
C04176,2023-02-13,0,0,0,0,0,0,0,0,0,0
C07394,2025-06-16,326,2085,6,45073,3,1173,563,0,0,349
C13887,2024-01-01,0,0,0,0,0,0,0,0,0,0
C15285,2025-05-19,15,56,7,1065,1,56,0,0,0,0
C08162,2024-12-02,0,0,0,0,0,0,0,0,0,0
C18635,2023-08-28,0,0,0,0,0,0,0,0,0,0
C02936,2023-01-02,0,0,0,0,0,0,0,0,0,0
C02836,2023-02-20,0,0,0,0,0,0,0,0,0,0
C08576,2025-03-10,0,0,0,0,0,0,0,0,0,0
C06710,2024-10-21,0,0,0,0,0,0,0,0,0,0
C01051,2024-12-16,285,2846,7,59669,5,1028,523,606,373,316
C02441,2023-01-16,0,0,0,0,0,0,0,0,0,0
C17474,2024-09-02,92,475,5,8860,2,327,148,0,0,0
C18821,2024-09-02,0,0,0,0,0,0,0,0,0,0
C18405,2024-07-01,0,0,0,0,0,0,0,0,0,0
C10527,2024-07-15,0,0,0,0,0,0,0,0,0,0
C01554,2025-09-01,49,169,5,2839,1,169,0,0,0,0
C12871,2024-08-26,0,0,0,0,0,0,0,0,0,0
C10131,2023-10-09,0,0,0,0,0,0,0,0,0,0
C16806,2023-09-04,0,0,0,0,0,0,0,0,0,0
C12341,2024-07-15,36,111,5,2182,1,111,0,0,0,0
C16539,2023-11-20,0,0,0,0,0,0,0,0,0,0
C01045,2024-06-24,3,13,7,253,1,13,0,0,0,0
C18478,2023-11-13,0,0,0,0,0,0,0,0,0,0
C12873,2023-08-21,0,0,0,0,0,0,0,0,0,0
C13143,2024-02-12,0,0,0,0,0,0,0,0,0,0
C03565,2024-06-03,0,0,0,0,0,0,0,0,0,0
C16473,2023-08-28,0,0,0,0,0,0,0,0,0,0
C14001,2023-05-08,0,0,0,0,0,0,0,0,0,0
C10794,2024-01-15,0,0,0,0,0,0,0,0,0,0
C13510,2025-03-31,348,2261,7,43076,3,1142,553,566,0,0
C10621,2024-11-18,11,31,4,511,1,31,0,0,0,0
C14863,2023-08-14,0,0,0,0,0,0,0,0,0,0
C05314,2025-10-06,0,0,0,0,0,0,0,0,0,0
C01390,2024-03-04,0,0,0,0,0,0,0,0,0,0
C12601,2024-01-15,0,0,0,0,0,0,0,0,0,0
C05952,2023-03-06,0,0,0,0,0,0,0,0,0,0
C15383,2024-07-22,2075,18454,7,343527,5,6936,3493,3460,2574,1991
C05043,2024-04-01,0,0,0,0,0,0,0,0,0,0
C15369,2024-11-25,0,0,0,0,0,0,0,0,0,0
C08087,2025-04-21,0,0,0,0,0,0,0,0,0,0
C11466,2024-11-25,0,0,0,0,0,0,0,0,0,0
C18844,2025-10-20,0,0,0,0,0,0,0,0,0,0
C10925,2024-12-02,0,0,0,0,0,0,0,0,0,0
C11499,2024-07-15,0,0,0,0,0,0,0,0,0,0
C11115,2023-01-16,0,0,0,0,0,0,0,0,0,0
C09437,2024-10-07,0,0,0,0,0,0,0,0,0,0
C13330,2024-12-09,0,0,0,0,0,0,0,0,0,0
C16785,2025-09-15,15,64,7,1346,3,33,15,0,0,16
C09341,2023-07-10,0,0,0,0,0,0,0,0,0,0
C08855,2024-02-19,0,0,0,0,0,0,0,0,0,0
C04170,2024-10-07,0,0,0,0,0,0,0,0,0,0
C09734,2024-09-16,0,0,0,0,0,0,0,0,0,0
C01810,2024-03-11,0,0,0,0,0,0,0,0,0,0
C19000,2024-02-26,0,0,0,0,0,0,0,0,0,0
C03711,2025-10-06,2647,25873,6,486789,5,9870,4808,4868,3549,2778
C07367,2023-08-28,0,0,0,0,0,0,0,0,0,0
C05198,2025-05-12,0,0,0,0,0,0,0,0,0,0
C00727,2025-08-11,6,24,7,440,3,14,3,7,0,0
C01817,2023-07-03,0,0,0,0,0,0,0,0,0,0
C12279,2023-05-29,0,0,0,0,0,0,0,0,0,0
C03029,2025-06-09,0,0,0,0,0,0,0,0,0,0
C19359,2023-02-20,0,0,0,0,0,0,0,0,0,0
C02840,2023-08-28,0,0,0,0,0,0,0,0,0,0
C14803,2023-06-19,0,0,0,0,0,0,0,0,0,0
C00887,2023-06-12,0,0,0,0,0,0,0,0,0,0
C05588,2024-01-01,0,0,0,0,0,0,0,0,0,0
C06899,2026-01-05,18,79,4,1102,2,67,0,0,12,0
C16335,2024-06-10,0,0,0,0,0,0,0,0,0,0
C17753,2025-09-08,1682,11416,6,230373,3,6493,3089,0,0,1834
C13849,2024-04-22,0,0,0,0,0,0,0,0,0,0
C00796,2023-02-27,0,0,0,0,0,0,0,0,0,0
C13584,2024-06-10,0,0,0,0,0,0,0,0,0,0
C15392,2023-07-17,0,0,0,0,0,0,0,0,0,0
C11271,2025-04-28,0,0,0,0,0,0,0,0,0,0
C02792,2024-11-11,0,0,0,0,0,0,0,0,0,0
C10478,2024-08-05,0,0,0,0,0,0,0,0,0,0
C03841,2024-09-16,0,0,0,0,0,0,0,0,0,0
C03361,2025-07-14,22,132,6,2813,2,92,40,0,0,0
C12449,2024-12-23,0,0,0,0,0,0,0,0,0,0
C19081,2025-10-06,0,0,0,0,0,0,0,0,0,0
C17333,2024-07-01,0,0,0,0,0,0,0,0,0,0
C00224,2023-12-04,0,0,0,0,0,0,0,0,0,0
C18456,2024-07-29,0,0,0,0,0,0,0,0,0,0
C17907,2024-07-08,0,0,0,0,0,0,0,0,0,0
C16051,2025-01-20,0,0,0,0,0,0,0,0,0,0
C18150,2023-12-25,0,0,0,0,0,0,0,0,0,0
C18585,2023-01-02,0,0,0,0,0,0,0,0,0,0
C09046,2024-12-16,0,0,0,0,0,0,0,0,0,0
C15109,2025-10-13,0,0,0,0,0,0,0,0,0,0
C17139,2023-05-15,0,0,0,0,0,0,0,0,0,0
C03232,2025-04-07,0,0,0,0,0,0,0,0,0,0
C05184,2024-07-08,159,1568,6,32993,5,602,276,304,218,168
C11696,2023-01-09,0,0,0,0,0,0,0,0,0,0
C05069,2023-05-15,0,0,0,0,0,0,0,0,0,0
C05465,2025-11-03,0,0,0,0,0,0,0,0,0,0
C06421,2024-02-05,0,0,0,0,0,0,0,0,0,0
C07648,2025-08-04,0,0,0,0,0,0,0,0,0,0
C10137,2023-05-08,0,0,0,0,0,0,0,0,0,0
C08522,2025-03-10,0,0,0,0,0,0,0,0,0,0
C18495,2025-02-17,0,0,0,0,0,0,0,0,0,0
C12723,2024-07-15,6,34,7,650,3,17,0,0,12,5
C11640,2023-08-14,0,0,0,0,0,0,0,0,0,0
C10383,2024-01-22,0,0,0,0,0,0,0,0,0,0
C18213,2025-09-01,0,0,0,0,0,0,0,0,0,0
C10067,2025-03-24,0,0,0,0,0,0,0,0,0,0
C07536,2024-09-09,0,0,0,0,0,0,0,0,0,0
C18578,2025-12-01,28,207,6,4197,3,108,58,41,0,0
C06704,2023-02-06,0,0,0,0,0,0,0,0,0,0
C05934,2025-04-21,0,0,0,0,0,0,0,0,0,0
C02126,2023-08-14,0,0,0,0,0,0,0,0,0,0
C05558,2023-04-24,0,0,0,0,0,0,0,0,0,0
C13770,2023-06-26,0,0,0,0,0,0,0,0,0,0
C01788,2025-08-18,0,0,0,0,0,0,0,0,0,0
C04123,2024-09-30,0,0,0,0,0,0,0,0,0,0
C05113,2024-04-08,0,0,0,0,0,0,0,0,0,0
C03065,2024-01-15,0,0,0,0,0,0,0,0,0,0
C08782,2023-05-29,0,0,0,0,0,0,0,0,0,0
C16536,2024-08-12,0,0,0,0,0,0,0,0,0,0
C03025,2023-02-20,0,0,0,0,0,0,0,0,0,0
C09953,2024-03-11,0,0,0,0,0,0,0,0,0,0
C15975,2024-06-17,0,0,0,0,0,0,0,0,0,0
C06007,2024-08-26,0,0,0,0,0,0,0,0,0,0
C11626,2023-10-16,0,0,0,0,0,0,0,0,0,0
C09147,2023-07-10,0,0,0,0,0,0,0,0,0,0
C15659,2024-06-03,0,0,0,0,0,0,0,0,0,0
C07967,2025-11-10,0,0,0,0,0,0,0,0,0,0
C05925,2023-08-14,0,0,0,0,0,0,0,0,0,0
C07822,2023-01-30,0,0,0,0,0,0,0,0,0,0
C06122,2023-07-17,0,0,0,0,0,0,0,0,0,0
C02333,2023-07-31,0,0,0,0,0,0,0,0,0,0
C15055,2023-01-30,0,0,0,0,0,0,0,0,0,0
C14242,2025-06-09,0,0,0,0,0,0,0,0,0,0
C19072,2024-03-18,0,0,0,0,0,0,0,0,0,0
C18201,2024-03-04,0,0,0,0,0,0,0,0,0,0
C01874,2024-07-01,0,0,0,0,0,0,0,0,0,0
C18441,2023-06-19,0,0,0,0,0,0,0,0,0,0
C06888,2025-02-17,0,0,0,0,0,0,0,0,0,0
C00724,2024-08-26,0,0,0,0,0,0,0,0,0,0
C05903,2025-03-24,14,44,4,907,1,44,0,0,0,0
C03671,2023-06-26,0,0,0,0,0,0,0,0,0,0
C09495,2025-03-17,0,0,0,0,0,0,0,0,0,0
C08610,2025-11-24,0,0,0,0,0,0,0,0,0,0
C09972,2023-12-11,0,0,0,0,0,0,0,0,0,0
C03979,2024-09-02,85,496,6,10394,2,338,158,0,0,0
C16619,2024-04-01,0,0,0,0,0,0,0,0,0,0
C04511,2025-06-30,57,267,6,4984,3,150,65,0,0,52
C09263,2025-05-12,324,1550,6,32541,2,1180,0,0,0,370
C09725,2024-04-29,175,961,7,17616,3,579,0,0,221,161
C13371,2024-12-16,36,275,7,5868,3,135,68,72,0,0
C03310,2025-04-28,52,305,7,5792,2,208,97,0,0,0
C04487,2026-01-05,0,0,0,0,0,0,0,0,0,0
C15056,2024-06-17,0,0,0,0,0,0,0,0,0,0
C19387,2023-01-23,0,0,0,0,0,0,0,0,0,0
C13335,2024-07-22,0,0,0,0,0,0,0,0,0,0
C18534,2024-02-26,0,0,0,0,0,0,0,0,0,0
C17444,2023-03-13,0,0,0,0,0,0,0,0,0,0
C02076,2025-06-02,11,60,6,1121,2,40,0,20,0,0
C19647,2023-01-09,0,0,0,0,0,0,0,0,0,0
C06599,2024-07-29,24,66,3,1016,1,66,0,0,0,0
C09914,2024-07-29,71,439,5,8419,2,295,144,0,0,0
C10793,2025-10-13,3,16,7,311,2,7,9,0,0,0
C06328,2025-03-03,0,0,0,0,0,0,0,0,0,0
C18192,2025-11-17,0,0,0,0,0,0,0,0,0,0
C17551,2023-07-10,0,0,0,0,0,0,0,0,0,0
C18684,2025-01-06,0,0,0,0,0,0,0,0,0,0
C12871,2024-11-18,0,0,0,0,0,0,0,0,0,0
C19413,2023-01-16,0,0,0,0,0,0,0,0,0,0
C03020,2024-06-17,0,0,0,0,0,0,0,0,0,0
C19963,2023-10-23,0,0,0,0,0,0,0,0,0,0
C05742,2025-01-06,0,0,0,0,0,0,0,0,0,0
C11657,2024-10-21,0,0,0,0,0,0,0,0,0,0
C12624,2023-11-13,0,0,0,0,0,0,0,0,0,0
C02375,2024-11-18,21,123,7,2686,4,55,33,0,19,16
C03772,2024-09-09,615,4187,6,88734,4,1865,0,1007,777,538
C13309,2025-12-29,0,0,0,0,0,0,0,0,0,0
C08698,2024-06-24,0,0,0,0,0,0,0,0,0,0
C01214,2023-02-06,0,0,0,0,0,0,0,0,0,0
C17880,2023-01-30,0,0,0,0,0,0,0,0,0,0
C12925,2023-04-03,0,0,0,0,0,0,0,0,0,0
C05291,2025-07-07,0,0,0,0,0,0,0,0,0,0
C03965,2023-08-28,0,0,0,0,0,0,0,0,0,0
C16544,2023-12-11,0,0,0,0,0,0,0,0,0,0
C16727,2025-03-24,746,5253,5,98976,3,2835,1367,0,1051,0
C05626,2024-09-30,408,2338,7,38539,2,1535,0,803,0,0
C15472,2023-02-06,0,0,0,0,0,0,0,0,0,0
C08259,2025-04-21,0,0,0,0,0,0,0,0,0,0
C19651,2024-07-08,30,195,7,3926,3,105,38,52,0,0
C06848,2023-02-13,0,0,0,0,0,0,0,0,0,0
C05976,2024-11-25,0,0,0,0,0,0,0,0,0,0
C05515,2023-01-09,0,0,0,0,0,0,0,0,0,0
C08878,2025-03-03,155,1060,6,23982,3,583,0,309,0,168
C19095,2023-08-14,0,0,0,0,0,0,0,0,0,0
C01449,2024-12-09,119,761,7,15305,4,341,162,0,153,105
C02736,2025-01-27,0,0,0,0,0,0,0,0,0,0
C01772,2023-08-14,0,0,0,0,0,0,0,0,0,0
C14179,2024-08-12,12,39,3,754,1,39,0,0,0,0
C01286,2023-09-04,0,0,0,0,0,0,0,0,0,0
C03126,2025-11-24,0,0,0,0,0,0,0,0,0,0
C12083,2024-10-21,0,0,0,0,0,0,0,0,0,0
C16364,2024-09-09,0,0,0,0,0,0,0,0,0,0
C06174,2025-01-13,11,50,6,912,1,50,0,0,0,0
C00985,2023-06-26,0,0,0,0,0,0,0,0,0,0
C14276,2024-01-29,0,0,0,0,0,0,0,0,0,0
C07555,2024-08-12,0,0,0,0,0,0,0,0,0,0
C18753,2023-12-25,0,0,0,0,0,0,0,0,0,0
C12774,2023-05-08,0,0,0,0,0,0,0,0,0,0
C17895,2024-11-04,11,57,5,972,3,18,0,28,11,0
C17622,2025-09-15,0,0,0,0,0,0,0,0,0,0
C12441,2023-04-17,0,0,0,0,0,0,0,0,0,0
C02346,2023-08-07,0,0,0,0,0,0,0,0,0,0
C16774,2025-01-13,0,0,0,0,0,0,0,0,0,0
C11390,2024-04-01,0,0,0,0,0,0,0,0,0,0
C08295,2024-04-15,0,0,0,0,0,0,0,0,0,0
C18410,2024-01-22,0,0,0,0,0,0,0,0,0,0
C06329,2025-01-20,0,0,0,0,0,0,0,0,0,0
C07234,2023-07-03,0,0,0,0,0,0,0,0,0,0
C14968,2023-06-12,0,0,0,0,0,0,0,0,0,0
C18182,2023-04-24,0,0,0,0,0,0,0,0,0,0
C05803,2023-07-10,0,0,0,0,0,0,0,0,0,0
C04345,2026-01-05,0,0,0,0,0,0,0,0,0,0
C13512,2023-10-02,0,0,0,0,0,0,0,0,0,0
C14287,2023-02-13,0,0,0,0,0,0,0,0,0,0
C01088,2025-01-27,282,1532,5,30196,3,910,0,0,373,249
C03501,2025-04-28,0,0,0,0,0,0,0,0,0,0
C11391,2023-10-30,0,0,0,0,0,0,0,0,0,0
C10577,2024-03-11,0,0,0,0,0,0,0,0,0,0
C06883,2023-11-13,0,0,0,0,0,0,0,0,0,0
C17343,2023-08-14,0,0,0,0,0,0,0,0,0,0
C15835,2023-08-21,0,0,0,0,0,0,0,0,0,0
C00891,2024-01-29,0,0,0,0,0,0,0,0,0,0
C05551,2025-12-01,0,0,0,0,0,0,0,0,0,0
C06063,2024-12-16,0,0,0,0,0,0,0,0,0,0
C04817,2023-01-09,0,0,0,0,0,0,0,0,0,0
C02634,2024-03-04,0,0,0,0,0,0,0,0,0,0
C11119,2023-01-16,0,0,0,0,0,0,0,0,0,0
C00232,2025-02-10,3,9,3,203,1,9,0,0,0,0
C17100,2024-06-24,0,0,0,0,0,0,0,0,0,0
C05312,2025-03-03,0,0,0,0,0,0,0,0,0,0
C02968,2023-12-18,0,0,0,0,0,0,0,0,0,0
C14866,2025-06-16,0,0,0,0,0,0,0,0,0,0
C04708,2023-04-24,0,0,0,0,0,0,0,0,0,0
C05235,2025-01-13,0,0,0,0,0,0,0,0,0,0
C03195,2023-09-04,0,0,0,0,0,0,0,0,0,0
C06244,2024-09-16,0,0,0,0,0,0,0,0,0,0
C02319,2025-10-06,0,0,0,0,0,0,0,0,0,0
C10321,2023-04-03,0,0,0,0,0,0,0,0,0,0
C13117,2023-12-18,0,0,0,0,0,0,0,0,0,0
C01790,2025-07-28,5,20,5,479,2,10,10,0,0,0
C06294,2024-08-12,0,0,0,0,0,0,0,0,0,0
C14909,2023-08-21,0,0,0,0,0,0,0,0,0,0
C16978,2025-06-02,0,0,0,0,0,0,0,0,0,0
C01448,2023-02-13,0,0,0,0,0,0,0,0,0,0
C10424,2023-06-12,0,0,0,0,0,0,0,0,0,0
C07989,2026-01-05,450,3015,6,53681,3,1584,0,791,640,0
C15225,2023-02-13,0,0,0,0,0,0,0,0,0,0
C03366,2023-01-23,0,0,0,0,0,0,0,0,0,0
C02716,2024-11-18,0,0,0,0,0,0,0,0,0,0
C10263,2023-12-04,0,0,0,0,0,0,0,0,0,0
C18959,2025-03-03,0,0,0,0,0,0,0,0,0,0
C14911,2023-08-14,0,0,0,0,0,0,0,0,0,0
C09194,2024-01-29,0,0,0,0,0,0,0,0,0,0
C07126,2024-05-27,0,0,0,0,0,0,0,0,0,0
C06019,2024-04-08,0,0,0,0,0,0,0,0,0,0
C00656,2025-09-08,7,46,7,1146,2,37,9,0,0,0
C01453,2023-02-27,0,0,0,0,0,0,0,0,0,0
C18915,2025-12-01,0,0,0,0,0,0,0,0,0,0
C03039,2024-02-05,0,0,0,0,0,0,0,0,0,0
C01494,2025-08-25,0,0,0,0,0,0,0,0,0,0
C13159,2023-07-10,0,0,0,0,0,0,0,0,0,0
C16431,2025-08-25,0,0,0,0,0,0,0,0,0,0
C00074,2025-10-27,14,53,4,1038,1,53,0,0,0,0
C03774,2023-02-27,0,0,0,0,0,0,0,0,0,0
C14620,2024-12-30,21,74,3,1312,2,53,0,0,21,0
C01552,2025-07-21,0,0,0,0,0,0,0,0,0,0
C15580,2025-06-09,0,0,0,0,0,0,0,0,0,0
C11768,2024-04-01,0,0,0,0,0,0,0,0,0,0
C02262,2023-05-22,0,0,0,0,0,0,0,0,0,0
C16755,2025-10-13,203,1168,4,18930,2,777,0,391,0,0
C03090,2023-05-01,0,0,0,0,0,0,0,0,0,0
C08118,2023-04-03,0,0,0,0,0,0,0,0,0,0
C07414,2025-12-01,100,621,6,14131,2,404,0,217,0,0
C07233,2023-10-02,0,0,0,0,0,0,0,0,0,0
C10878,2023-04-10,0,0,0,0,0,0,0,0,0,0
C07216,2025-01-13,0,0,0,0,0,0,0,0,0,0
C07917,2025-08-25,0,0,0,0,0,0,0,0,0,0
C13856,2024-12-30,54,231,7,4022,2,171,0,0,60,0
C19817,2025-04-14,5,13,3,227,1,13,0,0,0,0
C07622,2025-03-10,374,2350,6,46843,3,1295,0,686,0,369
C13262,2024-01-15,0,0,0,0,0,0,0,0,0,0
C13571,2023-09-18,0,0,0,0,0,0,0,0,0,0
C16626,2024-01-01,0,0,0,0,0,0,0,0,0,0
C10212,2025-12-29,0,0,0,0,0,0,0,0,0,0
C05712,2025-04-07,0,0,0,0,0,0,0,0,0,0
C09696,2026-01-05,71,460,7,7513,3,266,0,126,68,0
C07140,2025-05-05,21,44,3,848,1,44,0,0,0,0
C04756,2024-02-26,16,50,6,1078,1,50,0,0,0,0
C05239,2024-10-07,39,231,7,4776,3,128,60,43,0,0
C00612,2025-04-14,0,0,0,0,0,0,0,0,0,0
C08804,2023-02-27,0,0,0,0,0,0,0,0,0,0
C12742,2023-09-04,0,0,0,0,0,0,0,0,0,0
C13436,2025-05-19,0,0,0,0,0,0,0,0,0,0
C16935,2025-12-22,925,7072,7,134955,4,3300,1559,0,1257,956
C11555,2025-10-27,0,0,0,0,0,0,0,0,0,0
C18354,2023-05-22,0,0,0,0,0,0,0,0,0,0
C17328,2025-11-03,23,81,5,1475,2,58,0,0,23,0
C14568,2024-06-17,0,0,0,0,0,0,0,0,0,0
C13437,2024-08-26,0,0,0,0,0,0,0,0,0,0
C09435,2023-12-04,0,0,0,0,0,0,0,0,0,0
C11158,2024-06-17,0,0,0,0,0,0,0,0,0,0
C18861,2024-11-11,888,7169,7,130047,4,3243,0,1728,1243,955
C01333,2024-12-09,0,0,0,0,0,0,0,0,0,0
C12917,2023-10-02,0,0,0,0,0,0,0,0,0,0
C10768,2025-08-04,0,0,0,0,0,0,0,0,0,0
C06402,2025-05-26,25,71,4,1523,1,71,0,0,0,0
C18294,2025-11-10,72,384,5,5726,2,265,0,119,0,0
C18785,2024-04-29,6,32,7,509,2,19,0,0,13,0
C06169,2024-02-12,0,0,0,0,0,0,0,0,0,0
C15345,2025-06-02,0,0,0,0,0,0,0,0,0,0
C10131,2025-03-03,1078,9977,6,177295,5,3710,1752,1954,1463,1098
C08378,2024-08-05,0,0,0,0,0,0,0,0,0,0
C06547,2025-09-08,15,64,5,1110,2,47,0,17,0,0
C08784,2025-12-29,0,0,0,0,0,0,0,0,0,0
C17658,2025-04-28,0,0,0,0,0,0,0,0,0,0
C05508,2024-03-04,0,0,0,0,0,0,0,0,0,0
C14589,2024-06-24,0,0,0,0,0,0,0,0,0,0
C13851,2024-01-15,0,0,0,0,0,0,0,0,0,0
C07429,2024-05-06,0,0,0,0,0,0,0,0,0,0
C09482,2024-04-01,0,0,0,0,0,0,0,0,0,0
C09422,2025-05-19,0,0,0,0,0,0,0,0,0,0
C01776,2023-07-24,0,0,0,0,0,0,0,0,0,0
C04197,2023-11-20,0,0,0,0,0,0,0,0,0,0
C11254,2024-11-11,0,0,0,0,0,0,0,0,0,0
C07260,2024-09-23,16,71,7,1167,2,47,0,0,24,0
C07491,2023-10-23,0,0,0,0,0,0,0,0,0,0
C17363,2024-08-19,0,0,0,0,0,0,0,0,0,0
C14624,2025-08-25,0,0,0,0,0,0,0,0,0,0
C01896,2023-08-07,0,0,0,0,0,0,0,0,0,0
C04149,2025-01-20,2,6,3,124,1,6,0,0,0,0
C12767,2025-12-08,23,120,7,2199,2,77,43,0,0,0
C17799,2023-11-13,0,0,0,0,0,0,0,0,0,0
C14034,2025-12-15,12,39,4,673,1,39,0,0,0,0
C00591,2023-11-06,0,0,0,0,0,0,0,0,0,0
C04435,2023-02-13,0,0,0,0,0,0,0,0,0,0
C16727,2024-08-05,0,0,0,0,0,0,0,0,0,0
C08906,2023-01-16,0,0,0,0,0,0,0,0,0,0
C02093,2023-11-06,0,0,0,0,0,0,0,0,0,0
C12213,2025-06-02,0,0,0,0,0,0,0,0,0,0
C17919,2023-07-10,0,0,0,0,0,0,0,0,0,0
C11585,2024-07-22,1698,12542,7,233358,3,6206,3167,3169,0,0
C05660,2025-01-13,0,0,0,0,0,0,0,0,0,0
C12979,2025-11-24,11,70,6,1386,3,33,25,0,0,12
C03155,2023-05-22,0,0,0,0,0,0,0,0,0,0
C13951,2024-03-04,0,0,0,0,0,0,0,0,0,0
C11377,2025-07-14,0,0,0,0,0,0,0,0,0,0
C02006,2024-10-14,2616,22245,7,448656,4,9417,4473,4826,3529,0
C02444,2025-06-30,22,70,4,1018,1,70,0,0,0,0
C14407,2023-10-16,0,0,0,0,0,0,0,0,0,0
C00906,2024-01-22,0,0,0,0,0,0,0,0,0,0
C00304,2023-10-23,0,0,0,0,0,0,0,0,0,0
C09762,2025-02-10,8,15,2,282,1,15,0,0,0,0
C03924,2023-01-09,0,0,0,0,0,0,0,0,0,0
C18207,2023-07-10,0,0,0,0,0,0,0,0,0,0
C17343,2024-04-22,0,0,0,0,0,0,0,0,0,0
C11811,2024-01-15,0,0,0,0,0,0,0,0,0,0
C06056,2024-09-02,0,0,0,0,0,0,0,0,0,0
C03355,2025-05-05,16,110,6,1892,3,64,0,25,21,0
C12495,2025-06-16,0,0,0,0,0,0,0,0,0,0
C02864,2024-01-08,0,0,0,0,0,0,0,0,0,0
C10999,2025-06-09,18,145,7,3164,5,40,30,40,15,20
C15925,2025-01-13,0,0,0,0,0,0,0,0,0,0
C16004,2025-11-10,0,0,0,0,0,0,0,0,0,0
C15994,2024-09-02,0,0,0,0,0,0,0,0,0,0
C00543,2025-07-14,0,0,0,0,0,0,0,0,0,0
C14743,2024-06-17,0,0,0,0,0,0,0,0,0,0
C19814,2025-01-20,0,0,0,0,0,0,0,0,0,0
C11757,2023-03-20,0,0,0,0,0,0,0,0,0,0
C04891,2023-01-02,0,0,0,0,0,0,0,0,0,0
C17489,2025-03-03,293,1844,7,37956,3,1065,511,0,0,268
C12888,2024-07-01,0,0,0,0,0,0,0,0,0,0
C01680,2025-06-09,0,0,0,0,0,0,0,0,0,0
C12069,2025-11-03,0,0,0,0,0,0,0,0,0,0
C01198,2025-05-19,373,1776,6,29983,2,1228,548,0,0,0
C11594,2025-09-01,0,0,0,0,0,0,0,0,0,0
C17693,2025-11-10,0,0,0,0,0,0,0,0,0,0
C04600,2023-10-23,0,0,0,0,0,0,0,0,0,0
C19156,2025-07-07,0,0,0,0,0,0,0,0,0,0
C06192,2023-04-17,0,0,0,0,0,0,0,0,0,0
C01846,2023-04-24,0,0,0,0,0,0,0,0,0,0
C01099,2023-05-01,0,0,0,0,0,0,0,0,0,0
C15749,2025-06-30,0,0,0,0,0,0,0,0,0,0
C00277,2024-05-20,0,0,0,0,0,0,0,0,0,0
C13593,2023-08-28,0,0,0,0,0,0,0,0,0,0
C17802,2023-01-02,0,0,0,0,0,0,0,0,0,0
C00356,2024-05-27,0,0,0,0,0,0,0,0,0,0
C14927,2023-05-15,0,0,0,0,0,0,0,0,0,0
C16485,2024-02-05,0,0,0,0,0,0,0,0,0,0
C10443,2023-08-14,0,0,0,0,0,0,0,0,0,0
C07071,2023-01-02,0,0,0,0,0,0,0,0,0,0
C07582,2024-11-04,0,0,0,0,0,0,0,0,0,0
C01870,2025-01-13,0,0,0,0,0,0,0,0,0,0
C02164,2023-01-30,0,0,0,0,0,0,0,0,0,0
C04483,2024-11-18,0,0,0,0,0,0,0,0,0,0
C06730,2025-09-22,0,0,0,0,0,0,0,0,0,0
C02691,2025-10-27,0,0,0,0,0,0,0,0,0,0
C19672,2023-09-25,0,0,0,0,0,0,0,0,0,0
C18076,2024-05-20,0,0,0,0,0,0,0,0,0,0
C12661,2023-01-16,0,0,0,0,0,0,0,0,0,0
C08766,2024-06-03,0,0,0,0,0,0,0,0,0,0
C09091,2023-05-08,0,0,0,0,0,0,0,0,0,0
C16963,2024-04-15,0,0,0,0,0,0,0,0,0,0
C09007,2025-04-07,0,0,0,0,0,0,0,0,0,0
C00016,2024-01-22,0,0,0,0,0,0,0,0,0,0
C19016,2024-06-03,8,26,6,469,1,26,0,0,0,0
C05403,2023-05-22,0,0,0,0,0,0,0,0,0,0
C04445,2025-10-20,11,85,7,1572,4,40,0,19,13,13
C11329,2023-11-06,0,0,0,0,0,0,0,0,0,0
C19525,2024-05-13,0,0,0,0,0,0,0,0,0,0
C18401,2025-10-27,0,0,0,0,0,0,0,0,0,0
C11279,2025-03-24,0,0,0,0,0,0,0,0,0,0
C19698,2023-01-09,0,0,0,0,0,0,0,0,0,0
C15113,2023-03-13,0,0,0,0,0,0,0,0,0,0
C16954,2024-10-21,0,0,0,0,0,0,0,0,0,0
C08939,2024-11-25,0,0,0,0,0,0,0,0,0,0
C17731,2024-01-29,0,0,0,0,0,0,0,0,0,0
C14294,2023-03-20,0,0,0,0,0,0,0,0,0,0
C18441,2024-12-09,0,0,0,0,0,0,0,0,0,0
C10719,2023-05-08,0,0,0,0,0,0,0,0,0,0
C09597,2023-01-16,0,0,0,0,0,0,0,0,0,0
C05086,2025-06-23,0,0,0,0,0,0,0,0,0,0
C07589,2025-11-10,123,861,7,15801,4,354,207,0,159,141
C09410,2023-01-09,0,0,0,0,0,0,0,0,0,0
C04931,2025-06-23,337,1737,7,30270,2,1164,573,0,0,0
C14695,2023-12-04,0,0,0,0,0,0,0,0,0,0
C17161,2023-11-27,0,0,0,0,0,0,0,0,0,0
C10400,2023-06-19,0,0,0,0,0,0,0,0,0,0
C09316,2026-01-05,0,0,0,0,0,0,0,0,0,0
C10392,2025-08-11,1775,8305,5,201984,2,6502,0,0,0,1803
C02574,2023-10-23,0,0,0,0,0,0,0,0,0,0
C17135,2024-05-13,0,0,0,0,0,0,0,0,0,0
C14572,2023-12-11,0,0,0,0,0,0,0,0,0,0
C10646,2025-12-29,0,0,0,0,0,0,0,0,0,0
C12479,2023-12-25,0,0,0,0,0,0,0,0,0,0
C02911,2024-10-21,0,0,0,0,0,0,0,0,0,0
C15144,2024-09-09,0,0,0,0,0,0,0,0,0,0
C09245,2023-06-19,0,0,0,0,0,0,0,0,0,0
C18642,2025-07-07,0,0,0,0,0,0,0,0,0,0
C10228,2025-10-27,0,0,0,0,0,0,0,0,0,0
C17908,2024-04-15,0,0,0,0,0,0,0,0,0,0
C03111,2025-02-10,0,0,0,0,0,0,0,0,0,0
C15058,2025-10-13,335,1697,7,28140,2,1238,0,0,459,0
C09284,2023-09-11,0,0,0,0,0,0,0,0,0,0
C18003,2023-05-01,0,0,0,0,0,0,0,0,0,0
C19548,2024-12-16,15,51,3,978,1,51,0,0,0,0
C05870,2025-04-28,11,53,6,949,2,32,21,0,0,0
C05105,2025-03-31,0,0,0,0,0,0,0,0,0,0
C12864,2025-02-24,0,0,0,0,0,0,0,0,0,0
C17964,2024-05-13,0,0,0,0,0,0,0,0,0,0
C15907,2023-01-16,0,0,0,0,0,0,0,0,0,0
C19561,2024-05-06,0,0,0,0,0,0,0,0,0,0
C06114,2023-12-11,0,0,0,0,0,0,0,0,0,0
C01122,2024-05-13,0,0,0,0,0,0,0,0,0,0
C16140,2023-02-06,0,0,0,0,0,0,0,0,0,0
C14005,2024-01-29,0,0,0,0,0,0,0,0,0,0
C15475,2024-09-30,0,0,0,0,0,0,0,0,0,0
C16561,2024-12-09,0,0,0,0,0,0,0,0,0,0
C07996,2025-07-21,0,0,0,0,0,0,0,0,0,0
C12068,2024-04-22,0,0,0,0,0,0,0,0,0,0
C05286,2026-01-05,0,0,0,0,0,0,0,0,0,0
C06683,2025-06-16,529,3950,6,76143,3,2004,923,1023,0,0
C11526,2025-08-25,144,980,7,19781,3,473,241,266,0,0
C11438,2023-08-21,0,0,0,0,0,0,0,0,0,0
C02204,2025-04-14,15,39,4,695,1,39,0,0,0,0
C07707,2024-02-26,0,0,0,0,0,0,0,0,0,0
C12871,2024-05-27,0,0,0,0,0,0,0,0,0,0
C08468,2025-09-08,32,103,5,1867,1,103,0,0,0,0
C14059,2025-09-01,0,0,0,0,0,0,0,0,0,0
C05353,2024-07-08,0,0,0,0,0,0,0,0,0,0
C13152,2024-12-23,383,3410,7,71474,4,1474,679,852,0,405
C01634,2025-11-24,134,616,6,10735,2,445,0,0,171,0
C14206,2024-12-16,0,0,0,0,0,0,0,0,0,0
C07247,2024-06-03,0,0,0,0,0,0,0,0,0,0
C15042,2023-01-02,0,0,0,0,0,0,0,0,0,0
C08695,2025-07-28,399,1959,6,35725,2,1418,0,0,541,0
C00422,2025-12-01,4,20,6,389,3,10,6,0,0,4
C17025,2025-04-07,1,0,1,0,0,0,0,0,0,0
C12196,2024-03-18,0,0,0,0,0,0,0,0,0,0
C10035,2024-09-02,0,0,0,0,0,0,0,0,0,0
C04050,2024-01-22,0,0,0,0,0,0,0,0,0,0
C14147,2024-11-18,0,0,0,0,0,0,0,0,0,0
C04051,2024-12-02,2025,19045,7,351483,5,7062,3473,3736,2653,2121
C17992,2025-05-26,0,0,0,0,0,0,0,0,0,0
C01169,2025-03-31,232,1266,7,24621,2,844,0,422,0,0
C02807,2025-04-14,0,0,0,0,0,0,0,0,0,0
C00796,2024-05-20,0,0,0,0,0,0,0,0,0,0
C08797,2025-02-17,0,0,0,0,0,0,0,0,0,0
C01140,2024-04-08,0,0,0,0,0,0,0,0,0,0
C12824,2025-10-27,0,0,0,0,0,0,0,0,0,0
C16154,2024-06-10,0,0,0,0,0,0,0,0,0,0
C10623,2023-09-11,0,0,0,0,0,0,0,0,0,0
C18792,2024-05-06,0,0,0,0,0,0,0,0,0,0
C04638,2023-12-25,0,0,0,0,0,0,0,0,0,0
C17605,2025-12-29,0,0,0,0,0,0,0,0,0,0
C04735,2024-07-29,0,0,0,0,0,0,0,0,0,0
C06760,2025-04-28,0,0,0,0,0,0,0,0,0,0
C16423,2025-02-03,79,529,5,10527,4,253,97,111,0,68
C12415,2023-07-17,0,0,0,0,0,0,0,0,0,0
C11132,2023-09-11,0,0,0,0,0,0,0,0,0,0
C09612,2024-11-04,153,528,6,8456,1,528,0,0,0,0
C18191,2023-07-17,0,0,0,0,0,0,0,0,0,0
C12954,2025-01-27,31,156,7,3012,2,106,0,50,0,0
C01402,2025-01-06,0,0,0,0,0,0,0,0,0,0
C04799,2023-11-13,0,0,0,0,0,0,0,0,0,0
C12160,2023-05-01,0,0,0,0,0,0,0,0,0,0
C06158,2024-10-14,0,0,0,0,0,0,0,0,0,0
C10169,2025-10-06,5510,34610,7,786236,3,18456,9166,0,6988,0
C13179,2025-02-24,0,0,0,0,0,0,0,0,0,0
C13994,2023-08-21,0,0,0,0,0,0,0,0,0,0
C19856,2025-11-10,8,33,5,582,1,33,0,0,0,0
C18619,2023-04-17,0,0,0,0,0,0,0,0,0,0
C19570,2025-07-07,0,0,0,0,0,0,0,0,0,0
C09435,2023-02-20,0,0,0,0,0,0,0,0,0,0
C08888,2023-07-17,0,0,0,0,0,0,0,0,0,0
C03632,2024-07-01,0,0,0,0,0,0,0,0,0,0
C17685,2024-06-10,0,0,0,0,0,0,0,0,0,0
C13934,2023-12-04,0,0,0,0,0,0,0,0,0,0
C19830,2023-04-03,0,0,0,0,0,0,0,0,0,0
C11106,2024-05-27,0,0,0,0,0,0,0,0,0,0
C04300,2024-09-23,0,0,0,0,0,0,0,0,0,0
C16650,2023-08-21,0,0,0,0,0,0,0,0,0,0
C18165,2023-01-09,0,0,0,0,0,0,0,0,0,0
C01381,2025-05-05,0,0,0,0,0,0,0,0,0,0
C19191,2024-06-17,0,0,0,0,0,0,0,0,0,0
C18138,2024-10-28,0,0,0,0,0,0,0,0,0,0
C16986,2025-01-06,4,17,4,367,2,9,0,8,0,0
C06670,2024-12-30,122,814,6,15380,3,486,0,206,0,122
C00799,2025-11-17,0,0,0,0,0,0,0,0,0,0
C05835,2024-02-26,0,0,0,0,0,0,0,0,0,0
C07570,2025-09-29,0,0,0,0,0,0,0,0,0,0
C01459,2024-01-29,0,0,0,0,0,0,0,0,0,0
C03763,2025-05-26,22,159,6,3105,3,66,34,59,0,0
C14991,2024-02-05,0,0,0,0,0,0,0,0,0,0
C06346,2023-09-25,0,0,0,0,0,0,0,0,0,0
C01936,2025-05-26,0,0,0,0,0,0,0,0,0,0
C14438,2023-02-27,0,0,0,0,0,0,0,0,0,0
C03367,2025-07-21,102,488,4,9711,2,314,174,0,0,0
C18554,2025-12-08,281,1970,6,32869,4,968,0,451,289,262
C04693,2024-04-22,0,0,0,0,0,0,0,0,0,0
C12979,2025-11-17,10,48,7,934,3,26,12,0,0,10
C12180,2024-09-02,0,0,0,0,0,0,0,0,0,0
C04149,2025-05-05,0,0,0,0,0,0,0,0,0,0
C01187,2025-07-28,0,0,0,0,0,0,0,0,0,0
C10539,2023-04-24,0,0,0,0,0,0,0,0,0,0
C10904,2024-02-26,0,0,0,0,0,0,0,0,0,0
C15258,2025-09-08,14,88,7,1622,2,64,0,24,0,0
C04270,2025-03-24,19,43,5,713,1,43,0,0,0,0
C05270,2025-05-12,0,0,0,0,0,0,0,0,0,0
C15305,2025-04-21,0,0,0,0,0,0,0,0,0,0
C07520,2023-04-24,0,0,0,0,0,0,0,0,0,0
C17929,2025-06-09,0,0,0,0,0,0,0,0,0,0
C03931,2023-01-02,0,0,0,0,0,0,0,0,0,0
C04548,2024-09-09,0,0,0,0,0,0,0,0,0,0
C15440,2024-09-09,0,0,0,0,0,0,0,0,0,0
C14373,2023-12-04,0,0,0,0,0,0,0,0,0,0
C17479,2024-04-08,0,0,0,0,0,0,0,0,0,0
C03715,2024-02-26,0,0,0,0,0,0,0,0,0,0
C03079,2023-12-04,0,0,0,0,0,0,0,0,0,0
C12936,2023-07-31,0,0,0,0,0,0,0,0,0,0
C16392,2024-09-16,0,0,0,0,0,0,0,0,0,0
C17800,2023-07-10,0,0,0,0,0,0,0,0,0,0
C09622,2025-08-18,62,233,6,3881,1,233,0,0,0,0
C17345,2025-12-29,10,79,6,1528,3,38,23,18,0,0
C17893,2025-10-27,1627,10202,6,212424,3,5641,2837,0,0,1724
C15788,2024-04-29,0,0,0,0,0,0,0,0,0,0
C18900,2024-07-08,0,0,0,0,0,0,0,0,0,0
C12806,2025-02-24,0,0,0,0,0,0,0,0,0,0
C12466,2023-05-01,0,0,0,0,0,0,0,0,0,0
C09927,2024-11-25,0,0,0,0,0,0,0,0,0,0
C17806,2023-08-14,0,0,0,0,0,0,0,0,0,0
C15533,2024-03-11,27,149,7,2625,2,89,0,60,0,0
C02252,2023-12-11,0,0,0,0,0,0,0,0,0,0
C06415,2024-05-20,0,0,0,0,0,0,0,0,0,0
C19782,2023-05-01,0,0,0,0,0,0,0,0,0,0
C02416,2023-04-10,0,0,0,0,0,0,0,0,0,0
C19203,2024-09-30,0,0,0,0,0,0,0,0,0,0
C07915,2025-10-06,0,0,0,0,0,0,0,0,0,0
C01296,2023-12-04,0,0,0,0,0,0,0,0,0,0
C11594,2024-05-20,0,0,0,0,0,0,0,0,0,0
C14041,2023-02-06,0,0,0,0,0,0,0,0,0,0
C10505,2023-08-07,0,0,0,0,0,0,0,0,0,0
C13820,2025-12-29,55,295,7,4766,3,204,0,0,45,46
C00235,2025-01-27,621,5200,6,88386,5,1858,943,972,834,593
C11027,2025-04-28,22,94,5,1847,2,61,33,0,0,0
C15487,2025-06-16,30,110,5,2141,1,110,0,0,0,0
C14473,2023-07-03,0,0,0,0,0,0,0,0,0,0
C12627,2024-04-08,0,0,0,0,0,0,0,0,0,0
C09636,2023-06-05,0,0,0,0,0,0,0,0,0,0
C15797,2024-02-05,0,0,0,0,0,0,0,0,0,0
C19206,2024-10-21,0,0,0,0,0,0,0,0,0,0
C04078,2025-12-15,83,360,6,6687,2,277,83,0,0,0
C06349,2025-12-29,21,106,6,2114,2,55,51,0,0,0
C11353,2025-01-27,0,0,0,0,0,0,0,0,0,0
C08995,2023-01-02,0,0,0,0,0,0,0,0,0,0
C05507,2024-07-01,0,0,0,0,0,0,0,0,0,0
C05648,2023-01-02,0,0,0,0,0,0,0,0,0,0
C11562,2025-11-10,0,0,0,0,0,0,0,0,0,0
C05285,2024-03-04,0,0,0,0,0,0,0,0,0,0
C05418,2025-09-29,214,990,6,17638,3,575,248,0,167,0
C11035,2025-02-10,0,0,0,0,0,0,0,0,0,0
C02868,2023-12-18,0,0,0,0,0,0,0,0,0,0
C09983,2023-01-02,0,0,0,0,0,0,0,0,0,0
C14485,2023-06-26,0,0,0,0,0,0,0,0,0,0
C06591,2025-10-06,0,0,0,0,0,0,0,0,0,0
C08368,2023-05-01,0,0,0,0,0,0,0,0,0,0
C19672,2024-01-15,0,0,0,0,0,0,0,0,0,0
C09951,2024-03-04,17,89,6,1895,2,60,29,0,0,0
C09306,2025-07-28,0,0,0,0,0,0,0,0,0,0
C00117,2025-09-01,303,2353,6,48120,3,1193,580,580,0,0
C15752,2025-02-03,0,0,0,0,0,0,0,0,0,0
C11056,2025-07-21,141,508,6,8847,1,508,0,0,0,0
C09823,2024-02-19,0,0,0,0,0,0,0,0,0,0
C05376,2024-11-25,0,0,0,0,0,0,0,0,0,0
C05556,2024-08-05,0,0,0,0,0,0,0,0,0,0
C19151,2025-02-10,0,0,0,0,0,0,0,0,0,0
C19355,2024-10-28,113,626,7,12569,3,312,158,156,0,0
C15807,2024-11-11,0,0,0,0,0,0,0,0,0,0
C17215,2023-06-26,0,0,0,0,0,0,0,0,0,0
C13958,2023-09-04,0,0,0,0,0,0,0,0,0,0
C17986,2025-12-15,0,0,0,0,0,0,0,0,0,0
C19945,2025-01-06,13,32,2,571,1,32,0,0,0,0
C17272,2025-07-14,0,0,0,0,0,0,0,0,0,0
C16218,2024-12-16,14,49,6,1003,2,33,0,0,0,16
C19190,2023-09-04,0,0,0,0,0,0,0,0,0,0
C07551,2023-06-12,0,0,0,0,0,0,0,0,0,0
C09397,2025-12-08,114,931,7,18590,5,377,161,174,138,81
C12332,2024-12-02,227,1177,5,21773,2,797,380,0,0,0
C03502,2025-10-06,240,882,6,13936,1,882,0,0,0,0
C07364,2023-07-31,0,0,0,0,0,0,0,0,0,0
C02228,2025-03-17,0,0,0,0,0,0,0,0,0,0
C03870,2023-12-04,0,0,0,0,0,0,0,0,0,0
C00555,2024-03-25,0,0,0,0,0,0,0,0,0,0
C08563,2024-07-15,0,0,0,0,0,0,0,0,0,0
C13893,2025-08-25,848,7719,6,159747,5,2873,1385,1528,1125,808
C09152,2024-01-08,0,0,0,0,0,0,0,0,0,0
C08944,2024-01-08,0,0,0,0,0,0,0,0,0,0
C08970,2025-06-09,3,2,5,30,1,0,0,0,2,0
C04491,2023-01-09,0,0,0,0,0,0,0,0,0,0
C19667,2023-06-26,0,0,0,0,0,0,0,0,0,0
C18581,2024-06-10,0,0,0,0,0,0,0,0,0,0
C11206,2025-07-28,0,0,0,0,0,0,0,0,0,0
C09129,2023-08-07,0,0,0,0,0,0,0,0,0,0
C00502,2025-03-31,0,0,0,0,0,0,0,0,0,0
C19602,2023-05-01,0,0,0,0,0,0,0,0,0,0
C02760,2023-03-06,0,0,0,0,0,0,0,0,0,0
C01338,2025-11-17,0,0,0,0,0,0,0,0,0,0
C18682,2025-02-03,0,0,0,0,0,0,0,0,0,0
C18553,2024-03-04,0,0,0,0,0,0,0,0,0,0
C11261,2025-07-21,0,0,0,0,0,0,0,0,0,0
C04924,2025-03-31,0,0,0,0,0,0,0,0,0,0
C19058,2025-05-12,63,234,4,4304,1,234,0,0,0,0
C07658,2025-06-30,196,1055,7,22333,3,627,278,0,0,150
C17706,2024-12-02,0,0,0,0,0,0,0,0,0,0
C07023,2025-11-24,0,0,0,0,0,0,0,0,0,0
C16826,2025-10-27,0,0,0,0,0,0,0,0,0,0
C19605,2023-09-25,0,0,0,0,0,0,0,0,0,0
C15039,2024-03-04,0,0,0,0,0,0,0,0,0,0
C12359,2024-03-25,0,0,0,0,0,0,0,0,0,0
C02580,2025-03-17,214,1536,6,31996,4,612,348,347,229,0
C18314,2024-05-20,0,0,0,0,0,0,0,0,0,0
C11317,2024-01-01,0,0,0,0,0,0,0,0,0,0
C04248,2024-07-15,0,0,0,0,0,0,0,0,0,0
C08680,2025-09-08,669,5958,6,108394,4,2506,1278,1208,966,0
C05701,2024-07-15,314,1580,6,31879,2,1084,496,0,0,0
C03318,2024-01-29,0,0,0,0,0,0,0,0,0,0
C16213,2024-11-11,0,0,0,0,0,0,0,0,0,0
C04419,2024-08-19,0,0,0,0,0,0,0,0,0,0
C18969,2023-04-03,0,0,0,0,0,0,0,0,0,0
C16682,2024-08-05,0,0,0,0,0,0,0,0,0,0
C13719,2024-01-08,0,0,0,0,0,0,0,0,0,0
C02648,2025-06-09,0,0,0,0,0,0,0,0,0,0
C06923,2025-02-24,0,0,0,0,0,0,0,0,0,0
C10872,2025-04-14,0,0,0,0,0,0,0,0,0,0
C02377,2025-10-20,684,4102,5,81644,3,2209,1056,0,837,0
C18451,2025-06-30,27,158,7,3492,2,110,48,0,0,0
C14720,2024-08-05,0,0,0,0,0,0,0,0,0,0
C17391,2024-11-25,0,0,0,0,0,0,0,0,0,0
C13589,2024-04-22,0,0,0,0,0,0,0,0,0,0
C08421,2025-10-13,29,98,3,1669,1,98,0,0,0,0
C11187,2023-10-30,0,0,0,0,0,0,0,0,0,0
C05507,2025-04-21,22,90,5,1773,2,63,0,27,0,0
C18723,2023-05-15,0,0,0,0,0,0,0,0,0,0
C03688,2025-02-03,754,4314,7,78071,3,2576,0,0,987,751
C03830,2024-12-16,0,0,0,0,0,0,0,0,0,0
C02950,2024-03-11,0,0,0,0,0,0,0,0,0,0
C06231,2025-03-31,0,0,0,0,0,0,0,0,0,0
C08402,2025-06-02,0,0,0,0,0,0,0,0,0,0
C02304,2024-10-21,0,0,0,0,0,0,0,0,0,0
C07787,2023-12-25,0,0,0,0,0,0,0,0,0,0
C19637,2024-08-26,0,0,0,0,0,0,0,0,0,0
C15746,2024-12-16,0,0,0,0,0,0,0,0,0,0
C19356,2024-06-03,0,0,0,0,0,0,0,0,0,0
C07560,2024-10-14,0,0,0,0,0,0,0,0,0,0
C00784,2025-06-16,0,0,0,0,0,0,0,0,0,0
C01509,2024-10-28,0,0,0,0,0,0,0,0,0,0
C07818,2024-12-09,46,208,6,3574,3,110,47,0,51,0
C19134,2025-01-13,27,76,4,1465,1,76,0,0,0,0
C12312,2024-02-05,0,0,0,0,0,0,0,0,0,0
C10843,2024-10-14,9,27,4,454,1,27,0,0,0,0
C11212,2023-09-04,0,0,0,0,0,0,0,0,0,0
C00218,2025-04-28,0,0,0,0,0,0,0,0,0,0
C16748,2024-07-01,0,0,0,0,0,0,0,0,0,0
C05341,2025-04-14,0,0,0,0,0,0,0,0,0,0
C02103,2024-07-01,0,0,0,0,0,0,0,0,0,0
C09975,2025-07-21,0,0,0,0,0,0,0,0,0,0
C13111,2023-04-17,0,0,0,0,0,0,0,0,0,0
C14074,2025-12-15,46,281,6,5340,4,107,0,78,51,45
C16701,2023-04-03,0,0,0,0,0,0,0,0,0,0
C13560,2024-02-26,0,0,0,0,0,0,0,0,0,0
C09771,2024-03-11,0,0,0,0,0,0,0,0,0,0
C19076,2023-09-04,0,0,0,0,0,0,0,0,0,0
C10784,2024-10-21,0,0,0,0,0,0,0,0,0,0
C05942,2024-04-08,0,0,0,0,0,0,0,0,0,0
C17480,2024-01-01,0,0,0,0,0,0,0,0,0,0
C12441,2023-11-13,0,0,0,0,0,0,0,0,0,0
C12656,2025-07-28,0,0,0,0,0,0,0,0,0,0
C02021,2025-02-10,294,1797,6,33815,3,958,0,512,327,0
C09934,2024-09-30,0,0,0,0,0,0,0,0,0,0
C06597,2024-08-05,0,0,0,0,0,0,0,0,0,0
C12317,2024-12-16,0,0,0,0,0,0,0,0,0,0
C14327,2024-10-07,13,87,6,1928,3,53,18,16,0,0
C09131,2023-05-15,0,0,0,0,0,0,0,0,0,0
C04943,2025-07-28,429,2631,6,44116,3,1475,756,0,0,400
C01204,2025-05-12,0,0,0,0,0,0,0,0,0,0
C13585,2025-03-17,0,0,0,0,0,0,0,0,0,0
C08786,2024-11-04,0,0,0,0,0,0,0,0,0,0
C13438,2023-10-16,0,0,0,0,0,0,0,0,0,0
C05884,2025-12-01,0,0,0,0,0,0,0,0,0,0
C01627,2023-05-01,0,0,0,0,0,0,0,0,0,0
C17822,2026-01-05,0,0,0,0,0,0,0,0,0,0
C11849,2024-09-30,0,0,0,0,0,0,0,0,0,0
C07139,2025-08-04,0,0,0,0,0,0,0,0,0,0
C01409,2024-05-20,0,0,0,0,0,0,0,0,0,0
C13120,2023-01-16,0,0,0,0,0,0,0,0,0,0
C06234,2024-12-09,0,0,0,0,0,0,0,0,0,0
C15771,2025-12-29,1029,6286,6,130842,3,3117,1579,1590,0,0
C19337,2025-08-11,340,1739,7,35772,2,1347,0,0,0,392
C17438,2023-06-26,0,0,0,0,0,0,0,0,0,0
C08672,2025-04-14,10,45,6,791,2,27,18,0,0,0
C12344,2025-12-08,88,411,7,8069,3,198,0,136,0,77
C08818,2025-05-05,0,0,0,0,0,0,0,0,0,0
C18557,2023-11-20,0,0,0,0,0,0,0,0,0,0
C18995,2023-05-22,0,0,0,0,0,0,0,0,0,0
C07521,2025-07-28,0,0,0,0,0,0,0,0,0,0
C13778,2023-08-21,0,0,0,0,0,0,0,0,0,0
C03728,2023-07-03,0,0,0,0,0,0,0,0,0,0
C07558,2023-05-15,0,0,0,0,0,0,0,0,0,0
C18754,2025-09-08,0,0,0,0,0,0,0,0,0,0
C15204,2023-05-15,0,0,0,0,0,0,0,0,0,0
C10555,2023-12-25,0,0,0,0,0,0,0,0,0,0
C11685,2023-07-03,0,0,0,0,0,0,0,0,0,0
C15921,2024-02-26,0,0,0,0,0,0,0,0,0,0
C04834,2024-07-22,0,0,0,0,0,0,0,0,0,0
C08729,2025-04-14,0,0,0,0,0,0,0,0,0,0
C15768,2024-02-05,0,0,0,0,0,0,0,0,0,0
C02588,2025-10-13,32,197,6,3196,3,112,53,0,32,0
C19169,2024-03-18,0,0,0,0,0,0,0,0,0,0
C07549,2023-07-17,0,0,0,0,0,0,0,0,0,0
C02860,2023-12-11,0,0,0,0,0,0,0,0,0,0
C16719,2024-06-17,0,0,0,0,0,0,0,0,0,0
C13219,2023-02-06,0,0,0,0,0,0,0,0,0,0
C08052,2024-05-06,0,0,0,0,0,0,0,0,0,0
C18507,2025-12-29,0,0,0,0,0,0,0,0,0,0
C01276,2024-05-27,0,0,0,0,0,0,0,0,0,0
C17979,2024-10-14,571,4774,7,103699,4,2024,922,1048,780,0
C18158,2025-04-14,0,0,0,0,0,0,0,0,0,0
C17567,2024-04-01,0,0,0,0,0,0,0,0,0,0
C10246,2025-02-17,0,0,0,0,0,0,0,0,0,0
C02559,2023-04-10,0,0,0,0,0,0,0,0,0,0
C08988,2023-04-24,0,0,0,0,0,0,0,0,0,0
C19883,2025-09-29,0,0,0,0,0,0,0,0,0,0
C11520,2024-09-23,0,0,0,0,0,0,0,0,0,0
C15625,2023-07-03,0,0,0,0,0,0,0,0,0,0
C17055,2024-01-08,0,0,0,0,0,0,0,0,0,0
C04542,2025-03-03,10,49,5,918,2,37,0,12,0,0
C08742,2025-06-02,101,490,6,8706,2,360,0,0,0,130
C10043,2025-08-25,0,0,0,0,0,0,0,0,0,0
C12683,2024-04-15,0,0,0,0,0,0,0,0,0,0
C19408,2025-06-30,0,0,0,0,0,0,0,0,0,0
C07566,2025-06-23,0,0,0,0,0,0,0,0,0,0
C11428,2023-12-04,0,0,0,0,0,0,0,0,0,0
C16696,2023-12-25,0,0,0,0,0,0,0,0,0,0
C10397,2024-11-11,0,0,0,0,0,0,0,0,0,0
C05747,2025-11-03,12,66,6,1381,2,41,0,25,0,0
C16764,2026-01-05,0,0,0,0,0,0,0,0,0,0
C10519,2023-01-02,0,0,0,0,0,0,0,0,0,0
C02314,2025-04-21,2,9,6,183,2,2,7,0,0,0
C06120,2023-10-30,0,0,0,0,0,0,0,0,0,0
C03408,2024-08-12,0,0,0,0,0,0,0,0,0,0
C02350,2024-03-11,0,0,0,0,0,0,0,0,0,0
C15248,2024-02-19,0,0,0,0,0,0,0,0,0,0
C16763,2025-03-31,0,0,0,0,0,0,0,0,0,0
C03408,2024-12-02,25,194,6,3386,3,97,52,45,0,0
C19847,2023-09-25,0,0,0,0,0,0,0,0,0,0
C19328,2023-12-25,0,0,0,0,0,0,0,0,0,0
C11925,2025-03-31,7,36,6,533,2,23,0,0,13,0
C14865,2025-06-23,0,0,0,0,0,0,0,0,0,0
C01711,2024-08-05,0,0,0,0,0,0,0,0,0,0
C08017,2023-07-17,0,0,0,0,0,0,0,0,0,0
C08300,2024-04-22,0,0,0,0,0,0,0,0,0,0
C07136,2024-06-24,0,0,0,0,0,0,0,0,0,0
C03381,2023-03-27,0,0,0,0,0,0,0,0,0,0
C14660,2024-11-25,36,286,6,5255,3,153,0,86,47,0
C01612,2025-08-25,0,0,0,0,0,0,0,0,0,0
C12127,2023-09-04,0,0,0,0,0,0,0,0,0,0
C08045,2025-02-10,1368,10736,5,192183,4,4745,2273,2325,0,1393
C12344,2025-05-19,0,0,0,0,0,0,0,0,0,0
C02011,2025-10-06,66,368,6,6486,2,237,131,0,0,0
C03221,2024-03-18,0,0,0,0,0,0,0,0,0,0
C16498,2025-03-10,0,0,0,0,0,0,0,0,0,0
C12165,2023-08-14,0,0,0,0,0,0,0,0,0,0
C02825,2024-01-01,0,0,0,0,0,0,0,0,0,0
C14354,2025-03-31,0,0,0,0,0,0,0,0,0,0
C07013,2025-06-02,0,0,0,0,0,0,0,0,0,0
C09800,2023-12-18,0,0,0,0,0,0,0,0,0,0
C09139,2023-03-20,0,0,0,0,0,0,0,0,0,0
C06978,2023-08-14,0,0,0,0,0,0,0,0,0,0
C06662,2025-01-06,0,0,0,0,0,0,0,0,0,0
C07589,2025-12-08,123,832,7,15490,4,414,163,0,149,106
C00822,2025-04-21,107,1005,7,21000,5,377,173,201,148,106
C03353,2025-05-12,23,128,6,2550,2,96,0,32,0,0
C02402,2023-06-19,0,0,0,0,0,0,0,0,0,0
C09705,2024-10-14,0,0,0,0,0,0,0,0,0,0
C14384,2023-08-07,0,0,0,0,0,0,0,0,0,0
C19960,2024-01-08,0,0,0,0,0,0,0,0,0,0
C14868,2023-05-01,0,0,0,0,0,0,0,0,0,0
C13618,2024-06-24,0,0,0,0,0,0,0,0,0,0
C04248,2024-04-29,0,0,0,0,0,0,0,0,0,0
C19130,2023-01-09,0,0,0,0,0,0,0,0,0,0
C17234,2025-06-16,92,241,4,3774,1,241,0,0,0,0
C09529,2025-08-11,167,906,7,16197,2,604,0,302,0,0
C05421,2024-07-01,11,50,7,817,1,50,0,0,0,0
C17850,2024-12-02,0,0,0,0,0,0,0,0,0,0
C18307,2025-07-21,0,0,0,0,0,0,0,0,0,0
C02043,2025-11-17,68,269,6,5405,2,210,0,0,0,59
C04488,2023-09-04,0,0,0,0,0,0,0,0,0,0
C10102,2025-08-11,0,0,0,0,0,0,0,0,0,0
C00849,2023-08-21,0,0,0,0,0,0,0,0,0,0
C14103,2025-03-31,1795,14063,6,270719,4,6128,2670,3056,2209,0
C14094,2023-12-04,0,0,0,0,0,0,0,0,0,0
C10855,2023-01-23,0,0,0,0,0,0,0,0,0,0
C12327,2023-08-21,0,0,0,0,0,0,0,0,0,0
C03690,2025-07-07,0,0,0,0,0,0,0,0,0,0
C13578,2023-05-08,0,0,0,0,0,0,0,0,0,0
C17583,2024-06-24,0,0,0,0,0,0,0,0,0,0
C11587,2025-03-03,109,519,6,10394,2,329,0,190,0,0
C02498,2024-07-29,0,0,0,0,0,0,0,0,0,0
C08067,2025-08-25,0,0,0,0,0,0,0,0,0,0
C03620,2023-07-31,0,0,0,0,0,0,0,0,0,0
C10371,2024-06-10,0,0,0,0,0,0,0,0,0,0
C07553,2023-10-23,0,0,0,0,0,0,0,0,0,0
C19696,2024-05-06,0,0,0,0,0,0,0,0,0,0
C08045,2024-12-30,0,0,0,0,0,0,0,0,0,0
C17172,2025-11-17,0,0,0,0,0,0,0,0,0,0
C19968,2023-06-19,0,0,0,0,0,0,0,0,0,0
C00629,2025-11-03,0,0,0,0,0,0,0,0,0,0
C08465,2025-07-14,0,0,0,0,0,0,0,0,0,0
C14880,2024-01-15,0,0,0,0,0,0,0,0,0,0
C10859,2025-08-25,33,216,6,4235,3,98,56,62,0,0
C09376,2025-04-14,0,0,0,0,0,0,0,0,0,0
C16581,2024-04-01,0,0,0,0,0,0,0,0,0,0
C15956,2025-12-01,0,0,0,0,0,0,0,0,0,0
C12011,2024-03-25,0,0,0,0,0,0,0,0,0,0
C04802,2024-12-02,0,0,0,0,0,0,0,0,0,0
C17700,2024-08-19,0,0,0,0,0,0,0,0,0,0
C18571,2025-09-08,164,989,7,16344,3,491,244,254,0,0
C10320,2025-02-24,0,0,0,0,0,0,0,0,0,0
C02436,2025-09-08,861,5624,6,110444,3,2913,0,1528,1183,0
C12106,2025-01-27,0,0,0,0,0,0,0,0,0,0
C04801,2024-07-08,0,0,0,0,0,0,0,0,0,0
C17876,2024-09-23,2,7,5,128,1,7,0,0,0,0
C00601,2024-07-22,0,0,0,0,0,0,0,0,0,0
C10757,2023-06-26,0,0,0,0,0,0,0,0,0,0
C04740,2023-01-23,0,0,0,0,0,0,0,0,0,0
C08233,2025-06-16,0,0,0,0,0,0,0,0,0,0
C15076,2024-06-17,0,0,0,0,0,0,0,0,0,0
C00110,2024-05-27,0,0,0,0,0,0,0,0,0,0
C19387,2024-10-07,0,0,0,0,0,0,0,0,0,0
C16073,2023-12-18,0,0,0,0,0,0,0,0,0,0
C09294,2024-02-26,0,0,0,0,0,0,0,0,0,0
C04947,2023-10-16,0,0,0,0,0,0,0,0,0,0
C03837,2024-09-16,0,0,0,0,0,0,0,0,0,0
C14491,2023-05-01,0,0,0,0,0,0,0,0,0,0
C12495,2025-09-29,0,0,0,0,0,0,0,0,0,0
C13207,2024-07-29,0,0,0,0,0,0,0,0,0,0
C17777,2025-08-25,211,1083,6,16278,2,804,0,0,279,0
C19609,2023-01-30,0,0,0,0,0,0,0,0,0,0
C01814,2024-09-23,0,0,0,0,0,0,0,0,0,0
C18748,2023-10-30,0,0,0,0,0,0,0,0,0,0
C18751,2024-10-21,0,0,0,0,0,0,0,0,0,0
C04809,2023-06-05,0,0,0,0,0,0,0,0,0,0
C16286,2023-02-06,0,0,0,0,0,0,0,0,0,0
C12611,2023-09-25,0,0,0,0,0,0,0,0,0,0
C09907,2024-12-16,0,0,0,0,0,0,0,0,0,0
C01221,2024-01-29,0,0,0,0,0,0,0,0,0,0
C09962,2024-11-25,0,0,0,0,0,0,0,0,0,0
C10383,2023-12-11,0,0,0,0,0,0,0,0,0,0
C17271,2023-12-04,0,0,0,0,0,0,0,0,0,0
C17216,2024-02-12,0,0,0,0,0,0,0,0,0,0
C00416,2025-02-03,16,75,6,1446,2,54,0,0,0,21
C13189,2024-03-04,0,0,0,0,0,0,0,0,0,0
C04318,2023-06-19,0,0,0,0,0,0,0,0,0,0
C01147,2023-05-08,0,0,0,0,0,0,0,0,0,0
C03678,2024-09-30,0,0,0,0,0,0,0,0,0,0
C04940,2024-08-26,0,0,0,0,0,0,0,0,0,0
C12637,2025-08-18,10,70,6,1347,3,36,17,17,0,0
C19484,2023-07-31,0,0,0,0,0,0,0,0,0,0
C03183,2024-08-26,0,0,0,0,0,0,0,0,0,0
C01691,2025-10-20,137,859,4,16009,3,423,198,238,0,0
C08710,2025-01-13,0,0,0,0,0,0,0,0,0,0
C02619,2023-04-03,0,0,0,0,0,0,0,0,0,0
C19370,2024-10-28,0,0,0,0,0,0,0,0,0,0
C05917,2023-08-07,0,0,0,0,0,0,0,0,0,0
C04928,2023-06-12,0,0,0,0,0,0,0,0,0,0
C05449,2023-02-27,0,0,0,0,0,0,0,0,0,0
C10356,2024-08-12,0,0,0,0,0,0,0,0,0,0
C09687,2023-07-24,0,0,0,0,0,0,0,0,0,0
C11312,2023-05-01,0,0,0,0,0,0,0,0,0,0
C16607,2024-05-13,896,6509,7,136944,3,3268,1635,1606,0,0
C04352,2023-11-13,0,0,0,0,0,0,0,0,0,0
C15456,2023-02-13,0,0,0,0,0,0,0,0,0,0
C10871,2023-01-09,0,0,0,0,0,0,0,0,0,0
C07382,2024-03-04,0,0,0,0,0,0,0,0,0,0
C06989,2025-06-23,0,0,0,0,0,0,0,0,0,0
C14315,2024-05-06,0,0,0,0,0,0,0,0,0,0
C13756,2024-12-09,0,0,0,0,0,0,0,0,0,0
C14036,2023-07-17,0,0,0,0,0,0,0,0,0,0
C04007,2025-01-20,0,0,0,0,0,0,0,0,0,0
C04835,2023-11-20,0,0,0,0,0,0,0,0,0,0
C02401,2025-01-27,237,1462,7,26705,3,820,402,0,0,240
C07665,2025-07-14,0,0,0,0,0,0,0,0,0,0
C18632,2025-09-08,0,0,0,0,0,0,0,0,0,0
C19326,2023-07-24,0,0,0,0,0,0,0,0,0,0
C01490,2023-04-03,0,0,0,0,0,0,0,0,0,0
C16196,2023-08-14,0,0,0,0,0,0,0,0,0,0
C16619,2023-03-27,0,0,0,0,0,0,0,0,0,0
C19251,2023-12-25,0,0,0,0,0,0,0,0,0,0
C04830,2024-11-11,0,0,0,0,0,0,0,0,0,0
C00034,2024-03-11,0,0,0,0,0,0,0,0,0,0
C14419,2025-04-07,0,0,0,0,0,0,0,0,0,0
C01106,2024-08-19,0,0,0,0,0,0,0,0,0,0
C16546,2024-09-30,0,0,0,0,0,0,0,0,0,0
C05705,2024-12-09,0,0,0,0,0,0,0,0,0,0
C09234,2023-10-02,0,0,0,0,0,0,0,0,0,0
C18561,2024-05-27,0,0,0,0,0,0,0,0,0,0
C19808,2023-12-25,0,0,0,0,0,0,0,0,0,0
C02334,2023-07-10,0,0,0,0,0,0,0,0,0,0
C18900,2024-04-15,0,0,0,0,0,0,0,0,0,0
C08909,2023-10-16,0,0,0,0,0,0,0,0,0,0
C19147,2025-02-17,231,824,6,13384,1,824,0,0,0,0
C16317,2023-11-13,0,0,0,0,0,0,0,0,0,0
C16216,2023-05-29,0,0,0,0,0,0,0,0,0,0
C05970,2023-12-25,0,0,0,0,0,0,0,0,0,0
C07110,2024-10-28,0,0,0,0,0,0,0,0,0,0
C10691,2025-11-10,0,0,0,0,0,0,0,0,0,0
C10287,2023-02-27,0,0,0,0,0,0,0,0,0,0
C01669,2024-03-18,0,0,0,0,0,0,0,0,0,0
C08982,2023-11-06,0,0,0,0,0,0,0,0,0,0
C03670,2024-10-28,0,0,0,0,0,0,0,0,0,0
C00052,2023-03-27,0,0,0,0,0,0,0,0,0,0
C09414,2024-11-04,0,0,0,0,0,0,0,0,0,0
C11201,2024-02-19,0,0,0,0,0,0,0,0,0,0
C18443,2025-03-31,3,10,4,188,1,10,0,0,0,0
C04378,2025-01-27,0,0,0,0,0,0,0,0,0,0
C07545,2025-07-28,0,0,0,0,0,0,0,0,0,0
C09480,2023-03-06,0,0,0,0,0,0,0,0,0,0
C10961,2025-11-24,0,0,0,0,0,0,0,0,0,0
C11164,2025-05-19,0,0,0,0,0,0,0,0,0,0
C19029,2023-07-03,0,0,0,0,0,0,0,0,0,0
C12903,2025-09-15,0,0,0,0,0,0,0,0,0,0
C04403,2023-03-27,0,0,0,0,0,0,0,0,0,0
C03462,2024-08-05,0,0,0,0,0,0,0,0,0,0
C10655,2025-06-02,23,76,2,1376,1,76,0,0,0,0
C16903,2025-01-06,0,0,0,0,0,0,0,0,0,0
C19537,2025-09-08,415,2523,7,48212,3,1421,710,0,0,392
C16040,2025-06-30,0,0,0,0,0,0,0,0,0,0
C04013,2023-06-19,0,0,0,0,0,0,0,0,0,0
C17175,2023-04-24,0,0,0,0,0,0,0,0,0,0
C18002,2025-10-13,0,0,0,0,0,0,0,0,0,0
C09065,2024-09-09,0,0,0,0,0,0,0,0,0,0
C03920,2025-12-22,0,0,0,0,0,0,0,0,0,0
C16835,2023-08-07,0,0,0,0,0,0,0,0,0,0
C19190,2025-02-03,200,744,4,13177,1,744,0,0,0,0
C14133,2023-11-20,0,0,0,0,0,0,0,0,0,0
C04752,2024-11-11,0,0,0,0,0,0,0,0,0,0
C00667,2023-05-29,0,0,0,0,0,0,0,0,0,0
C05814,2023-09-25,0,0,0,0,0,0,0,0,0,0
C16970,2024-04-08,0,0,0,0,0,0,0,0,0,0
C09729,2023-08-21,0,0,0,0,0,0,0,0,0,0
C04851,2023-03-27,0,0,0,0,0,0,0,0,0,0
C15116,2023-07-03,0,0,0,0,0,0,0,0,0,0
C00410,2025-05-12,258,1847,6,36327,4,821,413,383,0,230
C17257,2023-12-18,0,0,0,0,0,0,0,0,0,0
C19188,2025-10-06,0,0,0,0,0,0,0,0,0,0
C17849,2025-12-22,0,0,0,0,0,0,0,0,0,0
C09392,2023-07-17,0,0,0,0,0,0,0,0,0,0
C01621,2024-12-02,0,0,0,0,0,0,0,0,0,0
C14868,2024-04-15,0,0,0,0,0,0,0,0,0,0
C00898,2024-10-28,8,19,5,367,1,19,0,0,0,0
C04158,2024-01-22,0,0,0,0,0,0,0,0,0,0
C11916,2025-06-23,0,0,0,0,0,0,0,0,0,0
C04715,2024-04-22,0,0,0,0,0,0,0,0,0,0
C19222,2025-09-22,6,26,6,426,2,22,0,0,0,4
C10777,2024-04-15,0,0,0,0,0,0,0,0,0,0
C01390,2024-06-17,0,0,0,0,0,0,0,0,0,0
C17451,2023-09-18,0,0,0,0,0,0,0,0,0,0
C07062,2025-04-28,5,23,5,441,2,11,12,0,0,0
C12907,2023-03-06,0,0,0,0,0,0,0,0,0,0
C06445,2025-10-27,9,43,5,772,2,34,0,0,9,0
C13285,2025-03-10,0,0,0,0,0,0,0,0,0,0
C19107,2023-07-31,0,0,0,0,0,0,0,0,0,0
C07631,2024-08-26,5,21,5,318,1,21,0,0,0,0
C05518,2023-04-17,0,0,0,0,0,0,0,0,0,0
C04164,2023-02-13,0,0,0,0,0,0,0,0,0,0
C09890,2024-10-28,0,0,0,0,0,0,0,0,0,0
C00666,2023-02-20,0,0,0,0,0,0,0,0,0,0
C15415,2023-11-20,0,0,0,0,0,0,0,0,0,0
C14712,2024-06-24,0,0,0,0,0,0,0,0,0,0
C13781,2023-11-27,0,0,0,0,0,0,0,0,0,0
C03058,2024-03-11,0,0,0,0,0,0,0,0,0,0
C15664,2024-10-21,0,0,0,0,0,0,0,0,0,0
C03760,2025-09-29,0,0,0,0,0,0,0,0,0,0
C11617,2025-03-31,60,286,7,6239,2,208,0,0,0,78
C09606,2025-09-29,0,0,0,0,0,0,0,0,0,0
C12993,2025-05-12,13,54,6,1339,2,45,0,0,0,9
C05215,2023-09-11,0,0,0,0,0,0,0,0,0,0
C07388,2023-02-27,0,0,0,0,0,0,0,0,0,0
C07092,2023-10-23,0,0,0,0,0,0,0,0,0,0
C08292,2025-09-22,3645,35094,7,731784,5,13135,6549,6761,4922,3727
C02803,2023-01-23,0,0,0,0,0,0,0,0,0,0
C16506,2024-03-18,0,0,0,0,0,0,0,0,0,0
C12832,2024-11-04,38,121,3,1916,1,121,0,0,0,0
C12499,2024-06-24,0,0,0,0,0,0,0,0,0,0
C03329,2024-05-20,0,0,0,0,0,0,0,0,0,0
C11358,2023-10-30,0,0,0,0,0,0,0,0,0,0
C19016,2025-11-10,0,0,0,0,0,0,0,0,0,0
C03766,2023-11-13,0,0,0,0,0,0,0,0,0,0
C07338,2024-12-02,0,0,0,0,0,0,0,0,0,0
C15190,2023-04-17,0,0,0,0,0,0,0,0,0,0
C14914,2024-10-21,0,0,0,0,0,0,0,0,0,0
C06736,2024-07-15,0,0,0,0,0,0,0,0,0,0
C03105,2023-12-11,0,0,0,0,0,0,0,0,0,0
C04718,2024-04-29,0,0,0,0,0,0,0,0,0,0
C02994,2023-06-05,0,0,0,0,0,0,0,0,0,0
C10733,2024-03-04,345,1723,6,26347,2,1225,0,0,498,0
C02900,2025-05-12,0,0,0,0,0,0,0,0,0,0
C03339,2025-10-13,0,0,0,0,0,0,0,0,0,0
C07378,2023-03-13,0,0,0,0,0,0,0,0,0,0
C15373,2023-01-09,0,0,0,0,0,0,0,0,0,0
C06155,2025-11-03,58,339,7,6802,3,212,0,0,70,57
C16411,2023-12-25,0,0,0,0,0,0,0,0,0,0
C00413,2024-02-12,0,0,0,0,0,0,0,0,0,0
C14951,2024-01-22,0,0,0,0,0,0,0,0,0,0
C14847,2025-03-24,0,0,0,0,0,0,0,0,0,0
C18307,2025-12-15,0,0,0,0,0,0,0,0,0,0
C12423,2023-07-24,0,0,0,0,0,0,0,0,0,0
C04461,2024-06-10,7,33,7,625,2,27,0,0,0,6
C11045,2024-01-29,0,0,0,0,0,0,0,0,0,0
C00684,2025-02-10,11,39,6,832,2,28,0,0,0,11
C11306,2025-05-19,0,0,0,0,0,0,0,0,0,0
C06294,2023-11-06,0,0,0,0,0,0,0,0,0,0
C03722,2023-11-20,0,0,0,0,0,0,0,0,0,0
C17363,2025-02-10,28,115,4,2602,2,88,0,0,0,27
C19539,2024-09-30,0,0,0,0,0,0,0,0,0,0
C18580,2025-06-16,0,0,0,0,0,0,0,0,0,0
C09342,2025-07-07,1,2,3,42,2,1,0,0,0,1
C12073,2025-05-05,0,0,0,0,0,0,0,0,0,0
C04706,2025-01-20,0,0,0,0,0,0,0,0,0,0
C19014,2023-10-16,0,0,0,0,0,0,0,0,0,0
C14902,2024-08-05,0,0,0,0,0,0,0,0,0,0
C03088,2024-07-15,31,122,6,2446,2,94,0,0,0,28
C12351,2023-06-12,0,0,0,0,0,0,0,0,0,0
C17567,2024-07-08,26,166,7,3389,2,110,56,0,0,0
C08719,2024-07-15,0,0,0,0,0,0,0,0,0,0
C08609,2025-04-28,0,0,0,0,0,0,0,0,0,0
C16053,2024-04-29,0,0,0,0,0,0,0,0,0,0
C15325,2025-01-06,732,4736,6,101365,3,2390,1183,1163,0,0
C05208,2024-05-20,0,0,0,0,0,0,0,0,0,0
C01741,2025-02-17,17,83,6,1470,2,52,0,31,0,0
C01715,2024-01-29,0,0,0,0,0,0,0,0,0,0
C07426,2024-09-09,10,47,6,919,2,32,0,15,0,0
C17446,2023-12-25,0,0,0,0,0,0,0,0,0,0
C19933,2025-04-14,32,112,4,1798,1,112,0,0,0,0
C14228,2023-01-09,0,0,0,0,0,0,0,0,0,0
C17164,2025-03-31,0,0,0,0,0,0,0,0,0,0
C03139,2025-05-19,0,0,0,0,0,0,0,0,0,0
C10928,2023-05-08,0,0,0,0,0,0,0,0,0,0
C05587,2025-05-05,0,0,0,0,0,0,0,0,0,0
C04166,2024-08-19,0,0,0,0,0,0,0,0,0,0
C12728,2023-11-20,0,0,0,0,0,0,0,0,0,0
C15612,2024-03-18,0,0,0,0,0,0,0,0,0,0
C06103,2024-09-16,262,1689,7,29357,3,1007,396,0,0,286
C19703,2024-01-15,193,1445,7,27402,3,709,322,414,0,0
C11949,2025-06-02,0,0,0,0,0,0,0,0,0,0
C14285,2025-10-27,0,0,0,0,0,0,0,0,0,0
C16104,2025-02-10,0,0,0,0,0,0,0,0,0,0
C12597,2023-11-27,0,0,0,0,0,0,0,0,0,0
C03910,2023-12-11,0,0,0,0,0,0,0,0,0,0
C15026,2025-03-17,303,1651,7,33163,2,1078,0,573,0,0
C05078,2025-05-05,0,0,0,0,0,0,0,0,0,0
C19035,2025-02-17,0,0,0,0,0,0,0,0,0,0
C00686,2025-03-03,8,33,5,647,2,20,13,0,0,0
C12309,2024-01-15,0,0,0,0,0,0,0,0,0,0
C03180,2025-12-29,0,0,0,0,0,0,0,0,0,0
C18022,2025-04-07,757,5895,5,107098,3,2892,1429,1574,0,0
C02907,2024-05-13,0,0,0,0,0,0,0,0,0,0
C06334,2023-03-13,0,0,0,0,0,0,0,0,0,0
C02276,2024-07-29,0,0,0,0,0,0,0,0,0,0
C18988,2025-02-10,0,0,0,0,0,0,0,0,0,0
C18657,2025-03-31,994,6749,6,137891,3,3766,0,1947,0,1036
C02042,2024-11-04,0,0,0,0,0,0,0,0,0,0
C12482,2023-08-07,0,0,0,0,0,0,0,0,0,0
C17807,2025-10-20,2,3,5,49,1,0,0,3,0,0
C10137,2023-03-20,0,0,0,0,0,0,0,0,0,0
C19321,2025-03-17,0,0,0,0,0,0,0,0,0,0
C06632,2025-06-30,0,0,0,0,0,0,0,0,0,0
C06124,2024-07-29,0,0,0,0,0,0,0,0,0,0
C08324,2025-06-16,666,5791,6,117977,4,2435,1172,1216,968,0
C08793,2024-04-29,0,0,0,0,0,0,0,0,0,0
C18753,2024-09-30,3479,24477,7,482821,3,12258,6104,6115,0,0
C17748,2024-04-01,0,0,0,0,0,0,0,0,0,0
C16961,2023-08-21,0,0,0,0,0,0,0,0,0,0
C18232,2025-01-20,0,0,0,0,0,0,0,0,0,0
C14032,2023-10-23,0,0,0,0,0,0,0,0,0,0
C09511,2024-03-04,0,0,0,0,0,0,0,0,0,0
C14334,2024-03-18,0,0,0,0,0,0,0,0,0,0
C02310,2025-03-17,0,0,0,0,0,0,0,0,0,0
C01144,2024-08-12,0,0,0,0,0,0,0,0,0,0
C07141,2023-08-28,0,0,0,0,0,0,0,0,0,0
C01693,2024-01-15,0,0,0,0,0,0,0,0,0,0
C06227,2025-01-13,0,0,0,0,0,0,0,0,0,0
C19136,2025-08-11,0,0,0,0,0,0,0,0,0,0
C08078,2024-03-25,10,58,7,1012,2,40,0,18,0,0
C07513,2025-09-29,0,0,0,0,0,0,0,0,0,0
C18675,2024-01-15,0,0,0,0,0,0,0,0,0,0
C01664,2024-01-29,0,0,0,0,0,0,0,0,0,0
C17828,2024-08-05,0,0,0,0,0,0,0,0,0,0
C17092,2024-05-20,0,0,0,0,0,0,0,0,0,0
C11533,2025-10-27,7,25,7,425,1,25,0,0,0,0
C01855,2025-11-03,0,0,0,0,0,0,0,0,0,0
C17930,2024-02-12,0,0,0,0,0,0,0,0,0,0
C14202,2025-10-06,2496,20686,7,394424,4,9326,0,5013,3628,2719
C14422,2023-11-06,0,0,0,0,0,0,0,0,0,0
C03984,2024-10-21,0,0,0,0,0,0,0,0,0,0
C12337,2024-05-06,0,0,0,0,0,0,0,0,0,0
C19213,2025-04-21,1027,5217,6,93651,2,3481,1736,0,0,0
C07313,2024-08-05,13,96,6,1995,4,42,16,0,23,15
C11206,2023-12-25,0,0,0,0,0,0,0,0,0,0
C18720,2025-02-03,0,0,0,0,0,0,0,0,0,0
C07428,2025-12-22,58,332,6,6525,2,231,101,0,0,0
C02617,2023-07-03,0,0,0,0,0,0,0,0,0,0
C02866,2025-12-15,0,0,0,0,0,0,0,0,0,0
C09051,2025-06-02,5,13,4,254,1,13,0,0,0,0
C18978,2024-07-22,0,0,0,0,0,0,0,0,0,0
C04380,2024-03-04,0,0,0,0,0,0,0,0,0,0
C07883,2024-04-08,0,0,0,0,0,0,0,0,0,0
C14020,2023-06-19,0,0,0,0,0,0,0,0,0,0
C04227,2025-08-04,0,0,0,0,0,0,0,0,0,0
C05154,2025-05-19,41,168,6,2865,1,168,0,0,0,0
C13551,2024-04-01,0,0,0,0,0,0,0,0,0,0
C17137,2025-10-20,91,295,6,4219,2,238,0,0,0,57
C19642,2025-02-03,7,34,6,653,3,17,10,7,0,0
C08212,2024-12-09,0,0,0,0,0,0,0,0,0,0
C11841,2025-07-07,430,2133,7,43170,2,1443,690,0,0,0
C00382,2024-11-18,0,0,0,0,0,0,0,0,0,0
C10581,2025-06-23,221,1213,6,25263,2,795,418,0,0,0
C11094,2023-12-25,0,0,0,0,0,0,0,0,0,0
C07605,2023-11-27,0,0,0,0,0,0,0,0,0,0
C06902,2023-10-30,0,0,0,0,0,0,0,0,0,0
C11309,2025-06-16,2,10,6,183,1,10,0,0,0,0
C12229,2023-05-29,0,0,0,0,0,0,0,0,0,0
C05497,2023-01-16,0,0,0,0,0,0,0,0,0,0
C09816,2025-05-26,0,0,0,0,0,0,0,0,0,0
C15281,2024-01-08,0,0,0,0,0,0,0,0,0,0
C04244,2024-01-29,0,0,0,0,0,0,0,0,0,0
C05953,2024-05-13,14,57,6,1260,2,42,0,15,0,0
C08329,2025-10-27,0,0,0,0,0,0,0,0,0,0
C18351,2023-06-05,0,0,0,0,0,0,0,0,0,0
C01446,2023-11-06,0,0,0,0,0,0,0,0,0,0
C07109,2023-11-27,0,0,0,0,0,0,0,0,0,0
C11708,2024-01-15,0,0,0,0,0,0,0,0,0,0
C19950,2023-08-28,0,0,0,0,0,0,0,0,0,0
C19477,2025-03-31,46,209,7,4227,4,96,40,52,0,21
C07100,2023-04-17,0,0,0,0,0,0,0,0,0,0
C13243,2026-01-05,0,0,0,0,0,0,0,0,0,0
C07753,2023-04-17,0,0,0,0,0,0,0,0,0,0
C14086,2024-02-05,0,0,0,0,0,0,0,0,0,0
C09843,2025-12-01,0,0,0,0,0,0,0,0,0,0
C00083,2025-01-06,0,0,0,0,0,0,0,0,0,0
C12093,2023-05-01,0,0,0,0,0,0,0,0,0,0
C12168,2023-12-18,0,0,0,0,0,0,0,0,0,0
C14274,2025-06-09,158,1209,6,21704,5,493,200,226,139,151
C05520,2025-01-27,0,0,0,0,0,0,0,0,0,0
C17983,2025-06-09,0,0,0,0,0,0,0,0,0,0
C00905,2023-05-08,0,0,0,0,0,0,0,0,0,0
C12661,2023-07-31,0,0,0,0,0,0,0,0,0,0
C01361,2024-02-12,0,0,0,0,0,0,0,0,0,0
C11903,2024-12-30,35,227,6,4299,3,133,47,47,0,0
C11440,2025-09-08,524,3950,6,78869,3,1971,973,1006,0,0
C13226,2023-02-06,0,0,0,0,0,0,0,0,0,0
C11580,2024-12-30,34,284,7,4889,4,122,79,58,0,25
C14519,2023-08-21,0,0,0,0,0,0,0,0,0,0
C10158,2023-06-26,0,0,0,0,0,0,0,0,0,0
C06838,2023-03-20,0,0,0,0,0,0,0,0,0,0
C10960,2024-10-21,714,6283,7,133132,5,2326,1176,1226,908,647
C08914,2024-07-29,0,0,0,0,0,0,0,0,0,0
C13320,2025-12-08,0,0,0,0,0,0,0,0,0,0
C10651,2025-12-22,161,480,5,8765,1,480,0,0,0,0
C03330,2025-02-03,22,126,6,2613,2,82,0,44,0,0
C02902,2023-02-27,0,0,0,0,0,0,0,0,0,0
C19059,2024-04-01,0,0,0,0,0,0,0,0,0,0
C01317,2024-08-19,0,0,0,0,0,0,0,0,0,0
C02035,2025-09-08,0,0,0,0,0,0,0,0,0,0
C14323,2026-01-05,0,0,0,0,0,0,0,0,0,0
C02871,2025-02-10,0,0,0,0,0,0,0,0,0,0
C09041,2025-05-05,0,0,0,0,0,0,0,0,0,0
C02650,2023-12-04,0,0,0,0,0,0,0,0,0,0
C14275,2024-09-23,0,0,0,0,0,0,0,0,0,0
C04551,2025-08-25,0,0,0,0,0,0,0,0,0,0
C18554,2024-06-03,0,0,0,0,0,0,0,0,0,0
C10581,2025-08-04,0,0,0,0,0,0,0,0,0,0
C07472,2025-02-03,83,502,5,10097,3,311,0,112,0,79
C07681,2023-03-13,0,0,0,0,0,0,0,0,0,0
C04647,2025-12-15,0,0,0,0,0,0,0,0,0,0
C15440,2024-12-02,208,1092,7,19149,2,729,0,363,0,0
C11487,2023-06-26,0,0,0,0,0,0,0,0,0,0
C18920,2025-02-10,7,69,5,1419,5,18,16,11,12,12
C09712,2024-12-23,0,0,0,0,0,0,0,0,0,0
C08615,2024-01-08,0,0,0,0,0,0,0,0,0,0
C14719,2024-10-14,14,67,7,1078,2,38,0,29,0,0
C09779,2023-12-25,0,0,0,0,0,0,0,0,0,0
C14167,2025-03-17,136,1160,6,20125,4,533,244,231,0,152
C11548,2025-09-15,0,0,0,0,0,0,0,0,0,0
C04253,2024-02-26,0,0,0,0,0,0,0,0,0,0
C00128,2025-11-17,0,0,0,0,0,0,0,0,0,0
C07054,2023-06-26,0,0,0,0,0,0,0,0,0,0
C14659,2023-07-24,0,0,0,0,0,0,0,0,0,0
C00660,2024-02-19,0,0,0,0,0,0,0,0,0,0
C13169,2023-12-04,0,0,0,0,0,0,0,0,0,0
C17148,2025-07-14,0,0,0,0,0,0,0,0,0,0
C18040,2025-12-01,0,0,0,0,0,0,0,0,0,0
C18363,2025-09-22,0,0,0,0,0,0,0,0,0,0
C18680,2023-02-13,0,0,0,0,0,0,0,0,0,0
C15328,2025-08-04,25,209,7,3984,4,81,35,62,31,0
C16352,2025-06-16,19,78,6,1215,1,78,0,0,0,0
C14999,2024-11-04,0,0,0,0,0,0,0,0,0,0
C12149,2025-08-18,0,0,0,0,0,0,0,0,0,0
C14550,2023-07-31,0,0,0,0,0,0,0,0,0,0
C08395,2023-06-26,0,0,0,0,0,0,0,0,0,0
C07759,2023-08-14,0,0,0,0,0,0,0,0,0,0
C00197,2024-06-03,0,0,0,0,0,0,0,0,0,0
C09072,2024-11-11,7,20,3,408,1,20,0,0,0,0
C05440,2023-09-18,0,0,0,0,0,0,0,0,0,0
C03247,2024-05-27,0,0,0,0,0,0,0,0,0,0
C13596,2024-03-04,0,0,0,0,0,0,0,0,0,0
C05631,2025-03-31,0,0,0,0,0,0,0,0,0,0
C00450,2024-08-12,0,0,0,0,0,0,0,0,0,0
C16025,2023-05-08,0,0,0,0,0,0,0,0,0,0
C17421,2023-05-22,0,0,0,0,0,0,0,0,0,0
C08168,2025-03-03,145,991,5,22740,4,446,214,214,0,117
C18287,2024-06-10,0,0,0,0,0,0,0,0,0,0
C02660,2023-04-10,0,0,0,0,0,0,0,0,0,0
C17541,2025-10-13,0,0,0,0,0,0,0,0,0,0
C17068,2023-01-16,0,0,0,0,0,0,0,0,0,0
C16460,2023-12-25,0,0,0,0,0,0,0,0,0,0
C09413,2023-08-07,0,0,0,0,0,0,0,0,0,0
C15217,2023-09-04,0,0,0,0,0,0,0,0,0,0
C01913,2023-04-03,0,0,0,0,0,0,0,0,0,0
C14868,2024-05-06,0,0,0,0,0,0,0,0,0,0
C06665,2023-04-17,0,0,0,0,0,0,0,0,0,0
C12426,2024-03-11,0,0,0,0,0,0,0,0,0,0
C18558,2024-10-14,27,140,5,2468,2,100,0,0,40,0
C06520,2024-02-12,0,0,0,0,0,0,0,0,0,0
C03364,2025-06-23,23,77,4,1467,1,77,0,0,0,0
C08922,2025-12-15,0,0,0,0,0,0,0,0,0,0
C19333,2023-02-20,0,0,0,0,0,0,0,0,0,0
C19255,2023-12-18,0,0,0,0,0,0,0,0,0,0
C11425,2025-11-03,0,0,0,0,0,0,0,0,0,0
C05295,2024-02-26,0,0,0,0,0,0,0,0,0,0
C16997,2024-12-16,0,0,0,0,0,0,0,0,0,0
C16423,2025-05-05,84,661,7,13202,4,302,143,133,0,83
C15893,2024-09-09,0,0,0,0,0,0,0,0,0,0
C04737,2023-03-06,0,0,0,0,0,0,0,0,0,0
C18232,2024-02-05,0,0,0,0,0,0,0,0,0,0
C07265,2023-03-13,0,0,0,0,0,0,0,0,0,0
C08350,2025-06-30,0,0,0,0,0,0,0,0,0,0
C18317,2023-10-30,0,0,0,0,0,0,0,0,0,0
C03901,2023-08-14,0,0,0,0,0,0,0,0,0,0
C07261,2023-12-11,0,0,0,0,0,0,0,0,0,0
C15325,2023-08-07,0,0,0,0,0,0,0,0,0,0
C18075,2023-09-18,0,0,0,0,0,0,0,0,0,0
C08492,2025-06-30,4094,33650,7,640928,4,15335,0,7990,5764,4561
C02202,2023-07-24,0,0,0,0,0,0,0,0,0,0
C06219,2023-11-13,0,0,0,0,0,0,0,0,0,0
C14646,2023-11-06,0,0,0,0,0,0,0,0,0,0
C02461,2025-01-06,0,0,0,0,0,0,0,0,0,0
C04326,2023-11-27,0,0,0,0,0,0,0,0,0,0
C07123,2023-11-27,0,0,0,0,0,0,0,0,0,0
C07126,2025-04-14,0,0,0,0,0,0,0,0,0,0
C02169,2025-02-10,11,44,4,857,2,20,24,0,0,0
C14014,2023-06-05,0,0,0,0,0,0,0,0,0,0
C13291,2025-10-20,375,2095,7,44693,2,1428,0,667,0,0
C14179,2023-03-20,0,0,0,0,0,0,0,0,0,0
C08050,2023-08-14,0,0,0,0,0,0,0,0,0,0
C01096,2023-09-04,0,0,0,0,0,0,0,0,0,0
C13112,2025-02-17,0,0,0,0,0,0,0,0,0,0
C00382,2023-10-23,0,0,0,0,0,0,0,0,0,0
C00730,2024-03-04,0,0,0,0,0,0,0,0,0,0
C12224,2025-09-29,138,854,7,18903,3,428,213,213,0,0
C00220,2024-09-16,0,0,0,0,0,0,0,0,0,0
C17109,2023-12-04,0,0,0,0,0,0,0,0,0,0
C17203,2023-06-19,0,0,0,0,0,0,0,0,0,0
C09513,2025-07-14,0,0,0,0,0,0,0,0,0,0
C05391,2024-09-02,233,883,5,15208,1,883,0,0,0,0
C00693,2023-03-06,0,0,0,0,0,0,0,0,0,0
C17227,2023-12-11,0,0,0,0,0,0,0,0,0,0
C17023,2024-10-21,0,0,0,0,0,0,0,0,0,0
C09347,2024-07-15,0,0,0,0,0,0,0,0,0,0
C07089,2025-03-24,2,10,7,209,3,1,5,4,0,0
C02453,2023-05-08,0,0,0,0,0,0,0,0,0,0
C01113,2025-03-03,0,0,0,0,0,0,0,0,0,0
C00733,2023-10-09,0,0,0,0,0,0,0,0,0,0
C16611,2024-05-06,0,0,0,0,0,0,0,0,0,0
C01578,2025-08-25,0,0,0,0,0,0,0,0,0,0
C05976,2025-06-16,0,0,0,0,0,0,0,0,0,0
C04527,2025-04-07,407,3659,6,67431,5,1390,641,737,509,382
C01303,2025-09-01,0,0,0,0,0,0,0,0,0,0
C01392,2023-02-27,0,0,0,0,0,0,0,0,0,0
C12925,2023-12-25,0,0,0,0,0,0,0,0,0,0
C19411,2023-01-30,0,0,0,0,0,0,0,0,0,0
C08216,2026-01-05,0,0,0,0,0,0,0,0,0,0
C15100,2025-04-14,0,0,0,0,0,0,0,0,0,0
C10178,2023-10-30,0,0,0,0,0,0,0,0,0,0
C00156,2024-09-23,148,913,7,17621,4,443,197,0,162,111
C05303,2024-04-15,0,0,0,0,0,0,0,0,0,0
C12698,2024-04-29,70,470,7,7797,3,247,127,0,96,0
C08885,2023-01-30,0,0,0,0,0,0,0,0,0,0
C02754,2025-09-08,6,14,2,261,1,14,0,0,0,0
C07310,2024-10-14,0,0,0,0,0,0,0,0,0,0
C07496,2024-04-29,0,0,0,0,0,0,0,0,0,0
C15739,2024-02-05,0,0,0,0,0,0,0,0,0,0
C11328,2024-09-09,0,0,0,0,0,0,0,0,0,0
C19833,2023-09-25,0,0,0,0,0,0,0,0,0,0
C10269,2024-06-17,0,0,0,0,0,0,0,0,0,0
C05401,2025-10-13,40,156,6,2420,2,105,0,0,51,0
C05998,2023-07-31,0,0,0,0,0,0,0,0,0,0
C17988,2024-12-16,0,0,0,0,0,0,0,0,0,0
C13098,2024-06-17,0,0,0,0,0,0,0,0,0,0
C15244,2023-10-16,0,0,0,0,0,0,0,0,0,0
C10263,2023-03-27,0,0,0,0,0,0,0,0,0,0
C09662,2024-04-08,257,803,3,17378,1,803,0,0,0,0
C02669,2024-08-05,0,0,0,0,0,0,0,0,0,0
C07415,2025-01-27,70,470,7,8356,4,191,92,110,77,0
C17479,2023-02-13,0,0,0,0,0,0,0,0,0,0
C06759,2024-09-16,53,224,7,3663,2,164,0,0,60,0
C01209,2025-06-30,0,0,0,0,0,0,0,0,0,0
C18400,2023-09-18,0,0,0,0,0,0,0,0,0,0
C01753,2023-07-10,0,0,0,0,0,0,0,0,0,0
C05982,2024-10-07,17,116,7,1901,3,52,0,29,35,0
C13524,2024-04-01,0,0,0,0,0,0,0,0,0,0
C14524,2023-02-27,0,0,0,0,0,0,0,0,0,0
C08796,2025-04-28,0,0,0,0,0,0,0,0,0,0
C17883,2025-01-20,0,0,0,0,0,0,0,0,0,0
C14840,2023-08-07,0,0,0,0,0,0,0,0,0,0
C00408,2024-09-02,0,0,0,0,0,0,0,0,0,0
C09460,2025-07-21,2221,11198,7,204704,2,8053,0,0,3145,0
C08763,2025-06-02,0,0,0,0,0,0,0,0,0,0
C06394,2024-07-22,0,0,0,0,0,0,0,0,0,0
C13168,2025-05-19,28,132,7,2455,2,101,0,0,0,31
C12972,2024-04-08,0,0,0,0,0,0,0,0,0,0
C06412,2025-12-08,0,0,0,0,0,0,0,0,0,0
C02049,2023-02-20,0,0,0,0,0,0,0,0,0,0
C08133,2023-11-06,0,0,0,0,0,0,0,0,0,0
C16792,2023-09-11,0,0,0,0,0,0,0,0,0,0
C12002,2024-05-20,0,0,0,0,0,0,0,0,0,0
C02714,2024-09-16,0,0,0,0,0,0,0,0,0,0
C13802,2023-09-04,0,0,0,0,0,0,0,0,0,0
C05694,2024-07-22,14725,119597,6,2475694,4,55093,0,28281,20721,15502
C07401,2023-10-30,0,0,0,0,0,0,0,0,0,0
C16266,2025-09-08,0,0,0,0,0,0,0,0,0,0
C00741,2024-11-25,0,0,0,0,0,0,0,0,0,0
C14204,2024-03-18,0,0,0,0,0,0,0,0,0,0
C01834,2024-08-12,0,0,0,0,0,0,0,0,0,0
C06040,2024-07-15,0,0,0,0,0,0,0,0,0,0
C05750,2025-03-31,0,0,0,0,0,0,0,0,0,0
C12801,2023-06-12,0,0,0,0,0,0,0,0,0,0
C17569,2025-08-25,3,4,2,82,1,4,0,0,0,0
C04004,2024-05-20,0,0,0,0,0,0,0,0,0,0
C14659,2023-06-26,0,0,0,0,0,0,0,0,0,0
C07511,2024-10-14,0,0,0,0,0,0,0,0,0,0
C18876,2024-08-05,0,0,0,0,0,0,0,0,0,0
C15293,2023-08-07,0,0,0,0,0,0,0,0,0,0
C00288,2023-01-02,0,0,0,0,0,0,0,0,0,0
C05929,2023-05-29,0,0,0,0,0,0,0,0,0,0
C05052,2023-01-09,0,0,0,0,0,0,0,0,0,0
C11976,2024-08-19,22,119,6,2013,2,78,41,0,0,0
C06967,2024-04-22,0,0,0,0,0,0,0,0,0,0
C16543,2023-11-20,0,0,0,0,0,0,0,0,0,0
C12905,2024-07-29,0,0,0,0,0,0,0,0,0,0
C17559,2023-01-23,0,0,0,0,0,0,0,0,0,0
C09412,2025-03-17,0,0,0,0,0,0,0,0,0,0
C17879,2025-11-17,0,0,0,0,0,0,0,0,0,0
C10174,2026-01-05,0,0,0,0,0,0,0,0,0,0
C06547,2023-07-24,0,0,0,0,0,0,0,0,0,0
C16371,2024-01-15,0,0,0,0,0,0,0,0,0,0
C01557,2024-04-29,0,0,0,0,0,0,0,0,0,0
C07579,2023-05-15,0,0,0,0,0,0,0,0,0,0
C15730,2024-01-15,0,0,0,0,0,0,0,0,0,0
C17930,2023-04-24,0,0,0,0,0,0,0,0,0,0
C15254,2023-11-13,0,0,0,0,0,0,0,0,0,0
C17815,2025-05-12,0,0,0,0,0,0,0,0,0,0
C16530,2025-05-26,0,0,0,0,0,0,0,0,0,0
C19027,2024-07-08,0,0,0,0,0,0,0,0,0,0
C10890,2024-09-30,0,0,0,0,0,0,0,0,0,0
C01414,2025-01-27,0,0,0,0,0,0,0,0,0,0
C08743,2025-08-11,0,0,0,0,0,0,0,0,0,0
C15697,2025-11-10,0,0,0,0,0,0,0,0,0,0
C05162,2024-08-26,0,0,0,0,0,0,0,0,0,0
C19693,2024-02-19,0,0,0,0,0,0,0,0,0,0
C11782,2023-05-29,0,0,0,0,0,0,0,0,0,0
C01563,2025-11-24,0,0,0,0,0,0,0,0,0,0
C13814,2023-01-23,0,0,0,0,0,0,0,0,0,0
C13093,2024-07-01,0,0,0,0,0,0,0,0,0,0
C13333,2024-07-08,0,0,0,0,0,0,0,0,0,0
C18899,2025-06-09,326,2336,6,47284,4,1081,0,572,399,284
C02501,2025-01-13,0,0,0,0,0,0,0,0,0,0
C08770,2023-04-10,0,0,0,0,0,0,0,0,0,0
C18725,2024-04-01,0,0,0,0,0,0,0,0,0,0
C00319,2023-05-15,0,0,0,0,0,0,0,0,0,0
C06518,2025-07-07,0,0,0,0,0,0,0,0,0,0
C19170,2024-11-11,0,0,0,0,0,0,0,0,0,0
C10908,2025-09-22,0,0,0,0,0,0,0,0,0,0
C10912,2025-04-21,308,1500,6,32030,2,1051,449,0,0,0
C18522,2025-12-08,0,0,0,0,0,0,0,0,0,0
C03033,2024-07-22,0,0,0,0,0,0,0,0,0,0
C18411,2024-06-10,0,0,0,0,0,0,0,0,0,0
C11203,2025-03-31,59,190,6,3215,2,129,0,61,0,0
C18655,2023-04-03,0,0,0,0,0,0,0,0,0,0
C07167,2023-08-21,0,0,0,0,0,0,0,0,0,0
C10782,2023-09-18,0,0,0,0,0,0,0,0,0,0
C10845,2025-02-17,0,0,0,0,0,0,0,0,0,0
C14646,2025-02-03,0,0,0,0,0,0,0,0,0,0
C12564,2023-10-09,0,0,0,0,0,0,0,0,0,0
C06709,2023-08-21,0,0,0,0,0,0,0,0,0,0
C15114,2025-03-10,0,0,0,0,0,0,0,0,0,0
C18441,2023-11-13,0,0,0,0,0,0,0,0,0,0
C18725,2025-12-29,4,9,5,161,1,9,0,0,0,0
C01175,2024-08-12,21,77,5,1622,1,77,0,0,0,0
C01069,2025-11-03,0,0,0,0,0,0,0,0,0,0
C16352,2023-07-17,0,0,0,0,0,0,0,0,0,0
C04989,2023-07-03,0,0,0,0,0,0,0,0,0,0
C09576,2025-04-14,271,1518,5,27197,3,833,462,0,0,223
C15743,2023-10-23,0,0,0,0,0,0,0,0,0,0
C03422,2024-12-23,0,0,0,0,0,0,0,0,0,0
C00409,2023-01-30,0,0,0,0,0,0,0,0,0,0
C10278,2025-04-28,0,0,0,0,0,0,0,0,0,0
C04171,2025-11-10,448,2831,6,58840,3,1632,773,0,0,426
C12533,2025-09-08,20,113,6,2128,3,59,0,25,29,0
C12832,2023-01-16,0,0,0,0,0,0,0,0,0,0
C04577,2024-07-29,0,0,0,0,0,0,0,0,0,0
C06299,2023-10-16,0,0,0,0,0,0,0,0,0,0
C15155,2023-09-25,0,0,0,0,0,0,0,0,0,0
C12627,2024-06-03,0,0,0,0,0,0,0,0,0,0
C05338,2024-09-09,0,0,0,0,0,0,0,0,0,0
C14434,2023-01-30,0,0,0,0,0,0,0,0,0,0
C05676,2023-09-25,0,0,0,0,0,0,0,0,0,0
C18465,2024-07-22,0,0,0,0,0,0,0,0,0,0
C07408,2025-05-05,0,0,0,0,0,0,0,0,0,0
C11777,2025-04-21,0,0,0,0,0,0,0,0,0,0
C06079,2024-08-19,0,0,0,0,0,0,0,0,0,0
C04425,2024-08-26,138,440,3,8942,1,440,0,0,0,0
C03505,2024-03-25,175,1214,6,24134,4,578,272,0,213,151
C18467,2024-01-08,0,0,0,0,0,0,0,0,0,0
C19413,2024-05-13,0,0,0,0,0,0,0,0,0,0
C07833,2024-06-10,0,0,0,0,0,0,0,0,0,0
C16828,2024-08-26,0,0,0,0,0,0,0,0,0,0
C05458,2024-01-22,0,0,0,0,0,0,0,0,0,0
C17984,2025-12-08,0,0,0,0,0,0,0,0,0,0
C15869,2025-09-01,0,0,0,0,0,0,0,0,0,0
C08994,2024-01-15,0,0,0,0,0,0,0,0,0,0
C19783,2025-03-31,5,20,6,366,1,20,0,0,0,0
C13085,2024-10-14,0,0,0,0,0,0,0,0,0,0
C19900,2025-09-01,0,0,0,0,0,0,0,0,0,0
C17464,2025-04-14,19,91,5,1718,2,63,28,0,0,0
C15351,2023-10-16,0,0,0,0,0,0,0,0,0,0
C10464,2024-02-12,0,0,0,0,0,0,0,0,0,0
C17226,2023-03-27,0,0,0,0,0,0,0,0,0,0
C05324,2023-07-17,0,0,0,0,0,0,0,0,0,0
C01209,2025-05-26,0,0,0,0,0,0,0,0,0,0
C17810,2024-06-03,0,0,0,0,0,0,0,0,0,0
C03601,2024-08-05,0,0,0,0,0,0,0,0,0,0
C13877,2024-11-04,42,316,7,6078,3,166,0,100,50,0
C08065,2023-02-06,0,0,0,0,0,0,0,0,0,0
C09182,2023-02-20,0,0,0,0,0,0,0,0,0,0
C09758,2024-03-25,0,0,0,0,0,0,0,0,0,0
C15326,2025-01-13,0,0,0,0,0,0,0,0,0,0
C13490,2024-08-05,0,0,0,0,0,0,0,0,0,0
C15273,2023-10-23,0,0,0,0,0,0,0,0,0,0
C05951,2023-07-24,0,0,0,0,0,0,0,0,0,0
C14750,2025-05-19,375,3182,6,58730,5,1164,642,610,458,308
C04805,2024-11-04,0,0,0,0,0,0,0,0,0,0
C05600,2025-11-03,0,0,0,0,0,0,0,0,0,0
C02474,2025-06-02,8,32,5,533,2,20,12,0,0,0
C03096,2025-05-05,11,35,5,614,2,26,0,0,0,9
C15648,2024-01-29,0,0,0,0,0,0,0,0,0,0
C07150,2025-08-11,126,776,7,13831,3,402,188,186,0,0
C18315,2023-04-10,0,0,0,0,0,0,0,0,0,0
C15198,2024-09-23,0,0,0,0,0,0,0,0,0,0
C13409,2023-10-23,0,0,0,0,0,0,0,0,0,0
C15288,2025-06-16,0,0,0,0,0,0,0,0,0,0
C06222,2023-03-27,0,0,0,0,0,0,0,0,0,0
C18672,2024-05-20,0,0,0,0,0,0,0,0,0,0
C13836,2023-09-11,0,0,0,0,0,0,0,0,0,0
C11938,2023-01-02,0,0,0,0,0,0,0,0,0,0
C06229,2024-11-25,0,0,0,0,0,0,0,0,0,0
C18807,2023-05-15,0,0,0,0,0,0,0,0,0,0
C16527,2025-09-01,0,0,0,0,0,0,0,0,0,0
C19963,2024-07-29,1497,12783,7,234379,5,4881,2255,2489,1772,1386
C10018,2025-02-24,0,0,0,0,0,0,0,0,0,0
C06823,2025-02-10,15,84,7,1761,3,50,23,0,11,0
C01095,2025-02-10,0,0,0,0,0,0,0,0,0,0
C03541,2025-03-03,1309,9681,7,175598,4,4178,1962,2117,1424,0
C16539,2024-12-23,9,29,5,577,1,29,0,0,0,0
C06398,2024-04-22,0,0,0,0,0,0,0,0,0,0
C04605,2023-03-27,0,0,0,0,0,0,0,0,0,0
C06662,2023-12-11,0,0,0,0,0,0,0,0,0,0
C02344,2023-09-11,0,0,0,0,0,0,0,0,0,0
C05998,2025-06-30,477,3210,7,58608,3,1832,880,0,0,498
C05608,2025-06-23,0,0,0,0,0,0,0,0,0,0
C18132,2024-03-04,0,0,0,0,0,0,0,0,0,0
C11517,2025-05-26,696,5855,7,111300,4,2725,1290,0,1031,809
C11550,2024-01-15,0,0,0,0,0,0,0,0,0,0
C01127,2025-11-24,0,0,0,0,0,0,0,0,0,0
C05292,2025-03-10,6,25,6,463,2,12,0,13,0,0
C06995,2025-03-31,0,0,0,0,0,0,0,0,0,0
C06037,2024-04-08,0,0,0,0,0,0,0,0,0,0
C00055,2024-12-16,0,0,0,0,0,0,0,0,0,0
C05145,2024-02-26,0,0,0,0,0,0,0,0,0,0
C02451,2025-06-02,0,0,0,0,0,0,0,0,0,0
C12630,2023-04-03,0,0,0,0,0,0,0,0,0,0
C16723,2023-08-14,0,0,0,0,0,0,0,0,0,0
C02116,2025-11-10,392,2037,7,35785,3,1250,0,0,473,314
C04230,2025-09-01,0,0,0,0,0,0,0,0,0,0
C18047,2024-02-19,0,0,0,0,0,0,0,0,0,0
C02559,2024-07-15,0,0,0,0,0,0,0,0,0,0
C03646,2025-10-06,115,668,7,12677,3,310,177,181,0,0
C09391,2024-07-22,42,305,7,5981,3,164,71,70,0,0
C17381,2023-12-04,0,0,0,0,0,0,0,0,0,0
C05084,2024-12-30,0,0,0,0,0,0,0,0,0,0
C15356,2023-07-17,0,0,0,0,0,0,0,0,0,0
C16000,2024-06-17,0,0,0,0,0,0,0,0,0,0
C01530,2024-03-04,0,0,0,0,0,0,0,0,0,0
C11340,2024-12-02,0,0,0,0,0,0,0,0,0,0
C16651,2025-04-28,1,1,3,17,1,1,0,0,0,0
C06808,2025-06-09,0,0,0,0,0,0,0,0,0,0
C10451,2024-09-23,0,0,0,0,0,0,0,0,0,0
C18303,2023-01-02,0,0,0,0,0,0,0,0,0,0
C10873,2023-06-05,0,0,0,0,0,0,0,0,0,0
C18369,2023-09-11,0,0,0,0,0,0,0,0,0,0
C13619,2025-08-04,15,61,3,1342,1,61,0,0,0,0
C09080,2025-09-08,26,87,4,1613,1,87,0,0,0,0
C07674,2024-12-16,0,0,0,0,0,0,0,0,0,0
C09577,2025-11-17,0,0,0,0,0,0,0,0,0,0
C12642,2024-11-11,8,26,5,539,1,26,0,0,0,0
C07944,2023-01-02,0,0,0,0,0,0,0,0,0,0
C18615,2023-08-21,0,0,0,0,0,0,0,0,0,0
C03161,2023-08-14,0,0,0,0,0,0,0,0,0,0
C18001,2024-06-17,0,0,0,0,0,0,0,0,0,0
C10730,2025-06-09,118,730,7,14561,4,306,189,152,0,83
C19324,2025-12-15,50,183,5,3533,1,183,0,0,0,0
C01242,2023-10-09,0,0,0,0,0,0,0,0,0,0
C02089,2023-06-12,0,0,0,0,0,0,0,0,0,0
C17671,2024-08-12,0,0,0,0,0,0,0,0,0,0
C03589,2025-06-02,0,0,0,0,0,0,0,0,0,0
C19839,2023-09-11,0,0,0,0,0,0,0,0,0,0
C13939,2024-08-12,0,0,0,0,0,0,0,0,0,0
C18442,2023-06-19,0,0,0,0,0,0,0,0,0,0
C15458,2024-11-25,0,0,0,0,0,0,0,0,0,0
C05110,2023-01-30,0,0,0,0,0,0,0,0,0,0
C08855,2023-08-28,0,0,0,0,0,0,0,0,0,0
C12912,2025-01-20,3,8,4,149,1,8,0,0,0,0
C05603,2024-05-27,0,0,0,0,0,0,0,0,0,0
C18506,2023-10-23,0,0,0,0,0,0,0,0,0,0
C17454,2023-10-02,0,0,0,0,0,0,0,0,0,0
C04013,2023-12-11,0,0,0,0,0,0,0,0,0,0
C09003,2024-02-05,0,0,0,0,0,0,0,0,0,0
C17150,2025-06-02,0,0,0,0,0,0,0,0,0,0
C10899,2025-09-22,0,0,0,0,0,0,0,0,0,0
C05509,2023-09-25,0,0,0,0,0,0,0,0,0,0
C07614,2025-06-09,87,660,6,13563,4,296,136,0,132,96
C14997,2024-05-06,0,0,0,0,0,0,0,0,0,0
C11040,2024-03-04,0,0,0,0,0,0,0,0,0,0
C00888,2024-11-04,0,0,0,0,0,0,0,0,0,0
C08297,2024-09-30,0,0,0,0,0,0,0,0,0,0
C05514,2023-09-25,0,0,0,0,0,0,0,0,0,0
C01798,2025-04-28,0,0,0,0,0,0,0,0,0,0
C16004,2023-09-25,0,0,0,0,0,0,0,0,0,0
C04929,2023-05-08,0,0,0,0,0,0,0,0,0,0
C06321,2025-07-21,50,220,7,3719,2,173,0,0,0,47
C15153,2023-01-30,0,0,0,0,0,0,0,0,0,0
C17124,2023-02-13,0,0,0,0,0,0,0,0,0,0
C04648,2024-05-27,5,12,3,257,2,5,7,0,0,0
C19542,2023-03-20,0,0,0,0,0,0,0,0,0,0
C10672,2024-01-08,0,0,0,0,0,0,0,0,0,0
C01458,2023-12-25,0,0,0,0,0,0,0,0,0,0
C19505,2023-06-26,0,0,0,0,0,0,0,0,0,0
C12311,2024-12-30,0,0,0,0,0,0,0,0,0,0
C13574,2023-10-23,0,0,0,0,0,0,0,0,0,0
C02673,2023-05-22,0,0,0,0,0,0,0,0,0,0
C00219,2025-09-01,1416,7132,5,141574,3,3477,1878,1777,0,0
C04335,2024-05-27,0,0,0,0,0,0,0,0,0,0
C12666,2025-09-22,0,0,0,0,0,0,0,0,0,0
C05686,2023-10-23,0,0,0,0,0,0,0,0,0,0
C14733,2025-01-20,13,47,4,732,1,47,0,0,0,0
C05227,2024-12-02,0,0,0,0,0,0,0,0,0,0
C14646,2024-09-16,0,0,0,0,0,0,0,0,0,0
C10865,2023-02-20,0,0,0,0,0,0,0,0,0,0
C08687,2025-12-29,54,303,5,6400,4,141,79,0,28,55
C08780,2023-07-31,0,0,0,0,0,0,0,0,0,0
C00341,2023-11-06,0,0,0,0,0,0,0,0,0,0
C01287,2025-07-14,0,0,0,0,0,0,0,0,0,0
C19913,2023-05-15,0,0,0,0,0,0,0,0,0,0
C08016,2025-09-22,8,13,2,255,1,13,0,0,0,0
C06781,2023-01-09,0,0,0,0,0,0,0,0,0,0
C09312,2023-03-06,0,0,0,0,0,0,0,0,0,0
C05814,2025-06-16,0,0,0,0,0,0,0,0,0,0
C16705,2024-02-19,0,0,0,0,0,0,0,0,0,0
C06884,2024-09-09,280,2072,7,33575,3,1076,0,589,407,0
C12847,2025-04-21,0,0,0,0,0,0,0,0,0,0
C12628,2023-09-04,0,0,0,0,0,0,0,0,0,0
C09379,2024-04-15,0,0,0,0,0,0,0,0,0,0
C14312,2024-01-15,0,0,0,0,0,0,0,0,0,0
C15090,2024-07-01,0,0,0,0,0,0,0,0,0,0
C00894,2025-03-24,0,0,0,0,0,0,0,0,0,0
C07303,2025-08-04,0,0,0,0,0,0,0,0,0,0
C14869,2024-06-10,0,0,0,0,0,0,0,0,0,0
C13149,2023-03-27,0,0,0,0,0,0,0,0,0,0
C15693,2025-03-10,0,0,0,0,0,0,0,0,0,0
C07985,2023-04-10,0,0,0,0,0,0,0,0,0,0
C11698,2025-06-16,0,0,0,0,0,0,0,0,0,0
C16993,2024-06-24,0,0,0,0,0,0,0,0,0,0
C07324,2025-05-26,1507,12066,6,225799,4,5571,2770,0,2058,1667
C09616,2023-01-30,0,0,0,0,0,0,0,0,0,0
C18491,2023-05-22,0,0,0,0,0,0,0,0,0,0
C03272,2025-09-08,0,0,0,0,0,0,0,0,0,0
C07193,2023-10-16,0,0,0,0,0,0,0,0,0,0
C18415,2026-01-05,0,0,0,0,0,0,0,0,0,0
C02589,2024-09-02,0,0,0,0,0,0,0,0,0,0
C10656,2023-09-18,0,0,0,0,0,0,0,0,0,0
C19846,2024-04-29,7,35,7,564,2,27,0,8,0,0
C07660,2024-07-01,191,1103,7,22773,3,631,312,0,0,160
C01667,2023-03-13,0,0,0,0,0,0,0,0,0,0
C10324,2023-08-21,0,0,0,0,0,0,0,0,0,0
C03349,2024-02-05,0,0,0,0,0,0,0,0,0,0
C14319,2024-07-29,0,0,0,0,0,0,0,0,0,0
C08275,2024-10-14,0,0,0,0,0,0,0,0,0,0
C15513,2024-09-30,0,0,0,0,0,0,0,0,0,0
C04171,2024-04-15,0,0,0,0,0,0,0,0,0,0
C05701,2023-10-23,0,0,0,0,0,0,0,0,0,0
C08570,2025-04-28,281,1827,7,34804,3,1050,0,500,0,277
C07465,2024-07-08,0,0,0,0,0,0,0,0,0,0
C02301,2024-11-04,0,0,0,0,0,0,0,0,0,0
C15419,2024-04-15,0,0,0,0,0,0,0,0,0,0
C04813,2023-01-09,0,0,0,0,0,0,0,0,0,0
C11407,2025-06-30,94,658,6,13148,4,263,0,177,136,82
C06241,2025-11-10,382,2652,5,48757,3,1282,640,730,0,0
C07672,2024-01-22,0,0,0,0,0,0,0,0,0,0
C18218,2023-06-26,0,0,0,0,0,0,0,0,0,0
C10621,2025-09-29,11,34,3,602,1,34,0,0,0,0
C04761,2023-10-30,0,0,0,0,0,0,0,0,0,0
C02483,2025-02-10,7,26,6,538,3,16,8,0,0,2
C00468,2024-07-15,0,0,0,0,0,0,0,0,0,0
C18189,2024-03-18,0,0,0,0,0,0,0,0,0,0
C18575,2024-11-11,0,0,0,0,0,0,0,0,0,0
C13699,2023-04-17,0,0,0,0,0,0,0,0,0,0
C12144,2023-12-04,0,0,0,0,0,0,0,0,0,0
C05056,2024-05-13,0,0,0,0,0,0,0,0,0,0
C16693,2025-03-17,421,2638,6,53544,3,1432,724,0,482,0
C05888,2024-01-01,0,0,0,0,0,0,0,0,0,0
C11191,2024-08-19,32,217,7,4404,2,119,98,0,0,0
C07793,2023-05-15,0,0,0,0,0,0,0,0,0,0
C18563,2025-04-07,16,59,6,907,1,59,0,0,0,0
C19092,2024-03-18,0,0,0,0,0,0,0,0,0,0
C15743,2023-04-10,0,0,0,0,0,0,0,0,0,0
C01459,2023-05-15,0,0,0,0,0,0,0,0,0,0
C12294,2025-01-06,0,0,0,0,0,0,0,0,0,0
C16251,2025-09-29,0,0,0,0,0,0,0,0,0,0
C11629,2024-11-11,0,0,0,0,0,0,0,0,0,0
C15587,2023-03-20,0,0,0,0,0,0,0,0,0,0
C04806,2024-10-14,170,782,7,13341,2,571,0,0,0,211
C18398,2024-11-25,0,0,0,0,0,0,0,0,0,0
C01968,2025-11-24,0,0,0,0,0,0,0,0,0,0
C10366,2023-10-09,0,0,0,0,0,0,0,0,0,0
C15096,2023-02-20,0,0,0,0,0,0,0,0,0,0
C00258,2023-06-05,0,0,0,0,0,0,0,0,0,0
C17091,2024-02-05,0,0,0,0,0,0,0,0,0,0
C10076,2025-07-21,164,997,5,19783,4,387,220,295,0,95
C00041,2025-05-26,17,118,5,2444,3,56,26,36,0,0
C09845,2024-03-25,0,0,0,0,0,0,0,0,0,0
C01492,2025-06-16,0,0,0,0,0,0,0,0,0,0
C09117,2023-04-03,0,0,0,0,0,0,0,0,0,0
C15146,2023-04-17,0,0,0,0,0,0,0,0,0,0
C04187,2025-05-19,10,58,6,1030,2,52,0,0,6,0
C17441,2023-11-20,0,0,0,0,0,0,0,0,0,0
C09847,2026-01-05,103,554,7,10080,3,310,155,0,0,89
C14946,2023-06-19,0,0,0,0,0,0,0,0,0,0
C01810,2025-06-09,0,0,0,0,0,0,0,0,0,0
C09941,2024-07-29,0,0,0,0,0,0,0,0,0,0
C00896,2023-11-06,0,0,0,0,0,0,0,0,0,0
C03572,2024-03-11,0,0,0,0,0,0,0,0,0,0
C04405,2023-01-09,0,0,0,0,0,0,0,0,0,0
C01889,2024-01-15,0,0,0,0,0,0,0,0,0,0
C02216,2023-02-20,0,0,0,0,0,0,0,0,0,0
C02328,2023-02-13,0,0,0,0,0,0,0,0,0,0
C11909,2025-06-30,0,0,0,0,0,0,0,0,0,0
C11535,2025-09-15,0,0,0,0,0,0,0,0,0,0
C07361,2023-10-30,0,0,0,0,0,0,0,0,0,0
C11058,2024-12-09,70,569,5,12368,4,228,112,147,82,0
C18461,2024-11-11,47,168,7,2743,1,168,0,0,0,0
C07268,2024-02-12,105,622,6,11707,3,314,0,181,127,0
C00420,2024-10-07,0,0,0,0,0,0,0,0,0,0
C07833,2023-03-06,0,0,0,0,0,0,0,0,0,0
C04373,2023-06-12,0,0,0,0,0,0,0,0,0,0
C14472,2024-06-17,0,0,0,0,0,0,0,0,0,0
C06744,2025-11-03,30,122,7,2054,2,86,0,0,36,0
C01216,2024-07-01,0,0,0,0,0,0,0,0,0,0
C01326,2024-12-23,0,0,0,0,0,0,0,0,0,0
C11507,2023-07-03,0,0,0,0,0,0,0,0,0,0
C15848,2025-04-28,0,0,0,0,0,0,0,0,0,0
C10072,2024-08-19,7900,72031,6,1368250,5,26997,13200,13772,10317,7745
C03044,2023-06-05,0,0,0,0,0,0,0,0,0,0
C03155,2023-10-23,0,0,0,0,0,0,0,0,0,0
C06454,2023-04-17,0,0,0,0,0,0,0,0,0,0
C18623,2023-03-06,0,0,0,0,0,0,0,0,0,0
C06293,2023-06-12,0,0,0,0,0,0,0,0,0,0
C10305,2024-12-02,0,0,0,0,0,0,0,0,0,0
C02211,2024-08-26,0,0,0,0,0,0,0,0,0,0
C11472,2025-12-29,72,431,7,8025,2,289,0,142,0,0
C00316,2026-01-05,0,0,0,0,0,0,0,0,0,0
C17992,2023-12-04,0,0,0,0,0,0,0,0,0,0
C02755,2025-03-10,1558,8960,7,188039,3,4977,2535,0,0,1448
C04639,2023-11-20,0,0,0,0,0,0,0,0,0,0
C01332,2024-04-01,6,19,1,282,1,19,0,0,0,0
C18778,2025-09-22,0,0,0,0,0,0,0,0,0,0
C08642,2024-04-22,3292,17732,6,320145,2,11721,0,6011,0,0
C12098,2023-01-23,0,0,0,0,0,0,0,0,0,0
C11468,2025-07-07,24,92,6,1802,1,92,0,0,0,0
C02317,2023-01-16,0,0,0,0,0,0,0,0,0,0
C07635,2023-07-17,0,0,0,0,0,0,0,0,0,0
C17029,2024-04-29,0,0,0,0,0,0,0,0,0,0
C19705,2025-09-15,114,912,7,17192,3,489,219,204,0,0
C13996,2024-08-05,0,0,0,0,0,0,0,0,0,0
C01944,2024-10-07,10,52,6,977,3,25,0,16,0,11
C12881,2024-06-17,0,0,0,0,0,0,0,0,0,0
C15471,2025-08-11,0,0,0,0,0,0,0,0,0,0
C14105,2023-10-23,0,0,0,0,0,0,0,0,0,0
C18927,2024-01-15,0,0,0,0,0,0,0,0,0,0
C07322,2025-02-24,0,0,0,0,0,0,0,0,0,0
C12865,2024-03-11,0,0,0,0,0,0,0,0,0,0
C14186,2024-11-18,23,89,4,1610,1,89,0,0,0,0
C13689,2024-12-02,0,0,0,0,0,0,0,0,0,0
C02362,2025-04-21,10,59,6,1165,3,28,18,13,0,0
C14905,2024-05-27,0,0,0,0,0,0,0,0,0,0
C17177,2025-12-01,186,1108,7,21960,3,644,285,0,0,179
C17100,2024-08-12,0,0,0,0,0,0,0,0,0,0
C05445,2025-02-24,0,0,0,0,0,0,0,0,0,0
C14553,2023-11-27,0,0,0,0,0,0,0,0,0,0
C00219,2023-05-22,0,0,0,0,0,0,0,0,0,0
C10782,2025-12-29,540,4818,7,89685,4,2019,942,1015,842,0
C00728,2023-07-24,0,0,0,0,0,0,0,0,0,0
C07968,2023-10-23,0,0,0,0,0,0,0,0,0,0
C14270,2024-04-01,0,0,0,0,0,0,0,0,0,0
C11470,2025-01-27,0,0,0,0,0,0,0,0,0,0
C05598,2023-10-09,0,0,0,0,0,0,0,0,0,0
C04421,2023-11-13,0,0,0,0,0,0,0,0,0,0
C08539,2024-05-13,0,0,0,0,0,0,0,0,0,0
C13315,2024-09-30,8,28,3,417,1,28,0,0,0,0
C01408,2025-03-03,19,44,1,894,1,44,0,0,0,0
C02640,2023-10-23,0,0,0,0,0,0,0,0,0,0
C14916,2025-02-17,5,15,5,280,1,15,0,0,0,0
C03307,2024-01-15,0,0,0,0,0,0,0,0,0,0
C14092,2025-03-03,0,0,0,0,0,0,0,0,0,0
C17842,2025-12-22,0,0,0,0,0,0,0,0,0,0
C17036,2025-02-10,0,0,0,0,0,0,0,0,0,0
C15152,2025-07-21,0,0,0,0,0,0,0,0,0,0
C08279,2023-06-19,0,0,0,0,0,0,0,0,0,0
C03694,2024-06-10,0,0,0,0,0,0,0,0,0,0
C19804,2023-01-16,0,0,0,0,0,0,0,0,0,0
C00725,2024-09-09,0,0,0,0,0,0,0,0,0,0
C17231,2025-01-06,12,62,6,1269,2,42,20,0,0,0
C00459,2024-06-10,128,740,7,14926,3,336,167,237,0,0
C09261,2025-06-09,0,0,0,0,0,0,0,0,0,0
C19764,2023-04-24,0,0,0,0,0,0,0,0,0,0
C19637,2024-06-17,0,0,0,0,0,0,0,0,0,0
C03588,2025-08-25,5,39,6,738,3,24,9,6,0,0
C15841,2024-09-30,50,229,7,4200,2,175,0,0,54,0
C08328,2023-01-02,0,0,0,0,0,0,0,0,0,0
C10669,2025-04-14,0,0,0,0,0,0,0,0,0,0
C19616,2023-07-10,0,0,0,0,0,0,0,0,0,0
C09007,2024-08-05,0,0,0,0,0,0,0,0,0,0
C15600,2026-01-05,0,0,0,0,0,0,0,0,0,0
C19393,2025-07-07,0,0,0,0,0,0,0,0,0,0
C10055,2024-07-01,0,0,0,0,0,0,0,0,0,0
C02723,2023-10-09,0,0,0,0,0,0,0,0,0,0
C16018,2024-04-01,0,0,0,0,0,0,0,0,0,0
C11168,2024-04-01,0,0,0,0,0,0,0,0,0,0
C07411,2023-08-21,0,0,0,0,0,0,0,0,0,0
C09986,2024-09-02,0,0,0,0,0,0,0,0,0,0
C12988,2023-05-29,0,0,0,0,0,0,0,0,0,0
C19949,2024-07-08,0,0,0,0,0,0,0,0,0,0
C00172,2025-02-03,30,73,5,1283,1,73,0,0,0,0
C17011,2023-12-11,0,0,0,0,0,0,0,0,0,0
C05871,2023-12-04,0,0,0,0,0,0,0,0,0,0
C10246,2024-10-28,0,0,0,0,0,0,0,0,0,0
C10816,2024-03-18,0,0,0,0,0,0,0,0,0,0
C17720,2024-12-16,0,0,0,0,0,0,0,0,0,0
C01052,2025-02-03,0,0,0,0,0,0,0,0,0,0
C19712,2025-10-20,0,0,0,0,0,0,0,0,0,0
C13268,2023-01-23,0,0,0,0,0,0,0,0,0,0
C06526,2024-03-11,0,0,0,0,0,0,0,0,0,0
C05929,2025-12-29,2694,22325,7,451036,4,10298,5039,0,3940,3048
C12812,2024-01-22,0,0,0,0,0,0,0,0,0,0
C03999,2024-02-12,0,0,0,0,0,0,0,0,0,0
C17233,2025-06-02,0,0,0,0,0,0,0,0,0,0
C13504,2024-08-19,0,0,0,0,0,0,0,0,0,0
C06958,2025-06-23,55,189,5,3653,1,189,0,0,0,0
C02719,2023-11-27,0,0,0,0,0,0,0,0,0,0
C04800,2025-05-19,0,0,0,0,0,0,0,0,0,0
C04126,2024-11-18,0,0,0,0,0,0,0,0,0,0
C07396,2024-12-23,1315,13140,7,254086,5,4945,2489,2443,1842,1421
C01096,2023-04-17,0,0,0,0,0,0,0,0,0,0
C17636,2025-02-24,0,0,0,0,0,0,0,0,0,0
C01854,2025-12-22,188,1134,5,24171,3,589,255,290,0,0
C18286,2023-03-20,0,0,0,0,0,0,0,0,0,0
C14903,2025-09-08,0,0,0,0,0,0,0,0,0,0
C12000,2024-12-30,162,1123,7,25432,3,588,329,0,0,206
C16961,2024-08-05,0,0,0,0,0,0,0,0,0,0
C14810,2025-12-22,38,221,7,3570,2,144,0,77,0,0
C14451,2024-11-11,0,0,0,0,0,0,0,0,0,0
C18687,2025-07-28,0,0,0,0,0,0,0,0,0,0
C13827,2023-10-02,0,0,0,0,0,0,0,0,0,0
C18153,2024-06-17,0,0,0,0,0,0,0,0,0,0
C04489,2025-12-29,58,288,4,4955,2,213,0,0,75,0
C01244,2023-04-24,0,0,0,0,0,0,0,0,0,0
C04852,2025-05-12,0,0,0,0,0,0,0,0,0,0
C08295,2023-04-03,0,0,0,0,0,0,0,0,0,0
C10924,2024-02-05,0,0,0,0,0,0,0,0,0,0
C09851,2024-01-15,0,0,0,0,0,0,0,0,0,0
C11090,2024-10-14,0,0,0,0,0,0,0,0,0,0
C07565,2024-10-14,0,0,0,0,0,0,0,0,0,0
C17207,2024-10-07,0,0,0,0,0,0,0,0,0,0
C10538,2023-12-11,0,0,0,0,0,0,0,0,0,0
C16472,2024-07-29,115,573,7,12155,3,282,183,0,0,108
C08875,2023-01-23,0,0,0,0,0,0,0,0,0,0
C11249,2024-02-12,21,82,6,1782,1,82,0,0,0,0
C04590,2025-01-06,6976,51526,6,909193,3,25730,12560,13236,0,0
C13940,2024-03-11,0,0,0,0,0,0,0,0,0,0
C07747,2024-01-01,0,0,0,0,0,0,0,0,0,0
C19807,2024-12-30,0,0,0,0,0,0,0,0,0,0
C07763,2024-08-26,0,0,0,0,0,0,0,0,0,0
C17602,2024-03-18,0,0,0,0,0,0,0,0,0,0
C16514,2024-03-11,0,0,0,0,0,0,0,0,0,0
C06910,2024-05-06,0,0,0,0,0,0,0,0,0,0
C06231,2025-06-30,0,0,0,0,0,0,0,0,0,0
C16857,2023-11-20,0,0,0,0,0,0,0,0,0,0
C18155,2025-04-21,10,42,6,744,2,28,0,0,14,0
C15811,2024-10-28,0,0,0,0,0,0,0,0,0,0
C10596,2023-06-12,0,0,0,0,0,0,0,0,0,0
C02918,2025-09-29,0,0,0,0,0,0,0,0,0,0
C14989,2025-05-12,1,0,3,0,0,0,0,0,0,0
C11229,2024-07-01,326,2235,7,48861,3,1153,0,652,430,0
C19512,2025-12-01,8,56,7,891,3,30,11,0,15,0
C04278,2023-04-03,0,0,0,0,0,0,0,0,0,0
C15662,2023-02-27,0,0,0,0,0,0,0,0,0,0
C08680,2024-04-29,0,0,0,0,0,0,0,0,0,0
C05179,2025-08-11,45,313,6,5841,3,163,105,0,0,45
C04318,2024-02-19,0,0,0,0,0,0,0,0,0,0
C03155,2025-04-14,0,0,0,0,0,0,0,0,0,0
C03873,2023-10-02,0,0,0,0,0,0,0,0,0,0
C14496,2025-02-03,0,0,0,0,0,0,0,0,0,0
C04215,2024-05-20,0,0,0,0,0,0,0,0,0,0
C08591,2023-09-04,0,0,0,0,0,0,0,0,0,0
C11865,2024-09-30,31,95,4,1538,1,95,0,0,0,0
C17218,2023-02-27,0,0,0,0,0,0,0,0,0,0
C03882,2024-03-11,0,0,0,0,0,0,0,0,0,0
C17356,2024-05-20,0,0,0,0,0,0,0,0,0,0
C04388,2023-02-06,0,0,0,0,0,0,0,0,0,0
C05792,2024-02-26,0,0,0,0,0,0,0,0,0,0
C01035,2025-02-03,6,20,7,321,2,18,2,0,0,0
C12291,2025-11-17,91,492,7,10582,3,235,136,121,0,0
C07405,2026-01-05,62,583,7,10713,4,245,106,146,86,0
C07760,2025-11-17,93,328,5,5039,2,227,0,0,101,0
C10469,2023-09-04,0,0,0,0,0,0,0,0,0,0
C07889,2025-07-14,288,992,4,16679,1,992,0,0,0,0
C18905,2023-01-23,0,0,0,0,0,0,0,0,0,0
C02491,2024-02-12,0,0,0,0,0,0,0,0,0,0
C00771,2023-05-08,0,0,0,0,0,0,0,0,0,0
C02373,2025-01-20,0,0,0,0,0,0,0,0,0,0
C05111,2024-12-16,0,0,0,0,0,0,0,0,0,0
C06938,2024-08-26,0,0,0,0,0,0,0,0,0,0
C09924,2023-08-21,0,0,0,0,0,0,0,0,0,0
C03667,2024-10-14,0,0,0,0,0,0,0,0,0,0
C18541,2023-05-15,0,0,0,0,0,0,0,0,0,0
C11842,2023-04-10,0,0,0,0,0,0,0,0,0,0
C14299,2023-02-20,0,0,0,0,0,0,0,0,0,0
C03487,2024-07-08,0,0,0,0,0,0,0,0,0,0
C08235,2025-09-22,1918,12696,7,258005,3,7220,3466,0,0,2010
C01140,2025-03-31,0,0,0,0,0,0,0,0,0,0
C12576,2024-10-28,0,0,0,0,0,0,0,0,0,0
C15225,2025-12-29,0,0,0,0,0,0,0,0,0,0
C15988,2024-04-22,0,0,0,0,0,0,0,0,0,0
C14717,2024-12-23,0,0,0,0,0,0,0,0,0,0
C05810,2025-04-14,132,913,3,15884,3,517,256,0,0,140
C05035,2025-10-20,87,391,6,8748,2,275,116,0,0,0
C03556,2023-08-28,0,0,0,0,0,0,0,0,0,0
C16048,2024-02-26,0,0,0,0,0,0,0,0,0,0
C17088,2023-01-16,0,0,0,0,0,0,0,0,0,0
C04696,2023-01-23,0,0,0,0,0,0,0,0,0,0
C12384,2024-11-25,0,0,0,0,0,0,0,0,0,0
C17776,2025-12-29,0,0,0,0,0,0,0,0,0,0
C00082,2024-04-15,0,0,0,0,0,0,0,0,0,0
C09661,2024-03-18,0,0,0,0,0,0,0,0,0,0
C07941,2024-03-25,0,0,0,0,0,0,0,0,0,0
C05718,2024-03-11,0,0,0,0,0,0,0,0,0,0
C04320,2024-09-30,58,338,6,6275,2,218,120,0,0,0
C18185,2024-07-22,0,0,0,0,0,0,0,0,0,0
C19603,2024-11-25,0,0,0,0,0,0,0,0,0,0
C09852,2023-11-13,0,0,0,0,0,0,0,0,0,0
C02251,2025-12-15,0,0,0,0,0,0,0,0,0,0
C06056,2023-10-09,0,0,0,0,0,0,0,0,0,0
C14048,2023-06-05,0,0,0,0,0,0,0,0,0,0
C06525,2025-07-14,0,0,0,0,0,0,0,0,0,0
C00796,2023-01-09,0,0,0,0,0,0,0,0,0,0
C10651,2024-07-01,0,0,0,0,0,0,0,0,0,0
C01181,2025-12-15,0,0,0,0,0,0,0,0,0,0
C13967,2024-09-30,25,150,5,3373,2,88,62,0,0,0
C16124,2024-08-05,0,0,0,0,0,0,0,0,0,0
C15418,2024-11-11,0,0,0,0,0,0,0,0,0,0
C02339,2023-03-20,0,0,0,0,0,0,0,0,0,0
C08166,2024-02-26,0,0,0,0,0,0,0,0,0,0
C00431,2024-01-15,0,0,0,0,0,0,0,0,0,0
C19630,2025-09-15,0,0,0,0,0,0,0,0,0,0
C13202,2024-09-16,0,0,0,0,0,0,0,0,0,0
C19180,2023-04-10,0,0,0,0,0,0,0,0,0,0
C06406,2023-02-27,0,0,0,0,0,0,0,0,0,0
C18464,2024-03-11,0,0,0,0,0,0,0,0,0,0
C10353,2024-11-04,73,333,7,7805,3,208,0,86,0,39
C12760,2025-09-01,11,30,3,476,1,30,0,0,0,0
C11461,2024-11-11,0,0,0,0,0,0,0,0,0,0
C18103,2025-10-06,26,136,7,2260,2,98,0,38,0,0
C00569,2024-09-23,0,0,0,0,0,0,0,0,0,0
C03649,2025-03-24,0,0,0,0,0,0,0,0,0,0
C16343,2024-04-01,0,0,0,0,0,0,0,0,0,0
C05018,2023-03-06,0,0,0,0,0,0,0,0,0,0
C07564,2024-06-03,0,0,0,0,0,0,0,0,0,0
C04220,2025-09-01,0,0,0,0,0,0,0,0,0,0
C14057,2025-05-19,10,46,4,829,2,33,0,13,0,0
C07895,2025-02-17,15,71,7,1228,1,71,0,0,0,0
C15713,2025-04-28,0,0,0,0,0,0,0,0,0,0
C08814,2024-07-15,0,0,0,0,0,0,0,0,0,0
C01737,2023-07-10,0,0,0,0,0,0,0,0,0,0
C08704,2025-05-05,15,106,7,2062,3,65,24,0,17,0
C17780,2024-11-04,12,44,5,695,1,44,0,0,0,0
C01337,2024-02-12,0,0,0,0,0,0,0,0,0,0
C09139,2025-03-24,0,0,0,0,0,0,0,0,0,0
C12731,2025-03-31,0,0,0,0,0,0,0,0,0,0
C14897,2025-03-24,0,0,0,0,0,0,0,0,0,0
C09735,2024-09-30,15,62,7,1027,2,48,0,0,14,0
C08696,2025-10-27,0,0,0,0,0,0,0,0,0,0
C12032,2025-02-10,147,782,7,13356,2,529,0,253,0,0
C17308,2024-05-06,0,0,0,0,0,0,0,0,0,0
C13083,2025-06-16,0,0,0,0,0,0,0,0,0,0
C06644,2025-02-24,0,0,0,0,0,0,0,0,0,0
C18972,2025-04-07,7,32,6,586,3,16,0,0,9,7
C17894,2025-03-03,32,135,5,2682,2,93,42,0,0,0
C02464,2024-08-19,0,0,0,0,0,0,0,0,0,0
C01784,2023-02-13,0,0,0,0,0,0,0,0,0,0
C10535,2023-11-13,0,0,0,0,0,0,0,0,0,0
C07957,2024-02-26,0,0,0,0,0,0,0,0,0,0
C16197,2025-02-17,0,0,0,0,0,0,0,0,0,0
C01057,2023-12-25,0,0,0,0,0,0,0,0,0,0
C06204,2023-03-06,0,0,0,0,0,0,0,0,0,0
C13518,2023-09-11,0,0,0,0,0,0,0,0,0,0
C01779,2025-08-11,0,0,0,0,0,0,0,0,0,0
C11404,2023-01-02,0,0,0,0,0,0,0,0,0,0
C00699,2025-09-08,61,235,3,4800,2,168,0,67,0,0
C18267,2026-01-05,0,0,0,0,0,0,0,0,0,0
C16656,2023-04-17,0,0,0,0,0,0,0,0,0,0
C18094,2023-10-30,0,0,0,0,0,0,0,0,0,0
C16407,2023-02-13,0,0,0,0,0,0,0,0,0,0
C19968,2025-06-23,0,0,0,0,0,0,0,0,0,0
C04961,2023-02-13,0,0,0,0,0,0,0,0,0,0
C03248,2024-09-09,0,0,0,0,0,0,0,0,0,0
C10821,2025-05-26,0,0,0,0,0,0,0,0,0,0
C03408,2023-10-30,0,0,0,0,0,0,0,0,0,0
C18275,2023-09-18,0,0,0,0,0,0,0,0,0,0
C08428,2025-07-21,0,0,0,0,0,0,0,0,0,0
C02800,2023-09-18,0,0,0,0,0,0,0,0,0,0
C05501,2025-03-10,0,0,0,0,0,0,0,0,0,0
C07014,2025-06-30,0,0,0,0,0,0,0,0,0,0
C00521,2024-10-28,1387,11105,7,208822,5,4230,2022,2070,1556,1227
C03416,2023-09-04,0,0,0,0,0,0,0,0,0,0
C01771,2025-11-24,64,433,7,8467,4,200,94,86,0,53
C18706,2024-05-13,0,0,0,0,0,0,0,0,0,0
C06617,2025-08-04,0,0,0,0,0,0,0,0,0,0
C01451,2025-03-03,661,3514,7,79662,2,2361,0,1153,0,0
C02616,2023-05-29,0,0,0,0,0,0,0,0,0,0
C14829,2025-09-22,0,0,0,0,0,0,0,0,0,0
C18857,2025-12-08,140,815,6,17320,3,351,246,218,0,0
C13687,2024-09-30,15,62,4,1203,1,62,0,0,0,0
C17865,2023-05-08,0,0,0,0,0,0,0,0,0,0
C08539,2023-01-30,0,0,0,0,0,0,0,0,0,0
C16323,2025-04-21,24,113,6,1779,2,76,0,0,37,0
C05241,2025-08-18,0,0,0,0,0,0,0,0,0,0
C09927,2024-03-18,0,0,0,0,0,0,0,0,0,0
C13528,2025-12-15,13,61,7,1017,2,51,0,0,10,0
C19544,2024-11-18,0,0,0,0,0,0,0,0,0,0
C05942,2024-03-25,0,0,0,0,0,0,0,0,0,0
C07972,2023-12-11,0,0,0,0,0,0,0,0,0,0
C16970,2023-03-27,0,0,0,0,0,0,0,0,0,0
C17092,2023-10-30,0,0,0,0,0,0,0,0,0,0
C14896,2025-12-01,1558,10579,7,175498,3,5674,2773,0,2132,0
C06993,2025-01-20,0,0,0,0,0,0,0,0,0,0
C17560,2024-12-30,188,1209,6,25139,3,554,306,349,0,0
C07284,2024-02-19,0,0,0,0,0,0,0,0,0,0
C05540,2024-03-25,23,107,6,2058,2,71,0,36,0,0
C19178,2024-01-01,0,0,0,0,0,0,0,0,0,0
C03288,2024-06-10,0,0,0,0,0,0,0,0,0,0
C10381,2025-07-21,0,0,0,0,0,0,0,0,0,0
C16611,2025-06-09,0,0,0,0,0,0,0,0,0,0
C14003,2025-11-24,0,0,0,0,0,0,0,0,0,0
C02299,2025-09-01,0,0,0,0,0,0,0,0,0,0
C05100,2024-11-04,0,0,0,0,0,0,0,0,0,0
C11238,2024-10-07,161,1189,6,23526,4,524,255,260,0,150
C11991,2023-09-25,0,0,0,0,0,0,0,0,0,0
C11566,2023-07-10,0,0,0,0,0,0,0,0,0,0
C12563,2023-05-15,0,0,0,0,0,0,0,0,0,0
C19630,2024-12-23,0,0,0,0,0,0,0,0,0,0
C12480,2025-07-28,0,0,0,0,0,0,0,0,0,0
C03854,2025-05-12,0,0,0,0,0,0,0,0,0,0
C10618,2024-10-07,0,0,0,0,0,0,0,0,0,0
C09106,2023-01-02,0,0,0,0,0,0,0,0,0,0
C18445,2025-03-31,0,0,0,0,0,0,0,0,0,0
C04852,2024-03-18,0,0,0,0,0,0,0,0,0,0
C13341,2023-10-30,0,0,0,0,0,0,0,0,0,0
C13707,2023-07-10,0,0,0,0,0,0,0,0,0,0
C07005,2025-02-17,0,0,0,0,0,0,0,0,0,0
C19844,2024-03-25,0,0,0,0,0,0,0,0,0,0
C02170,2025-12-22,0,0,0,0,0,0,0,0,0,0
C01300,2024-02-05,0,0,0,0,0,0,0,0,0,0
C12855,2025-06-02,0,0,0,0,0,0,0,0,0,0
C18615,2023-07-03,0,0,0,0,0,0,0,0,0,0
C10709,2023-03-06,0,0,0,0,0,0,0,0,0,0
C18435,2023-12-11,0,0,0,0,0,0,0,0,0,0
C08936,2024-10-21,1117,6891,7,120808,3,3604,1884,0,1403,0
C16658,2025-10-13,0,0,0,0,0,0,0,0,0,0
C10771,2023-04-10,0,0,0,0,0,0,0,0,0,0
C09763,2024-02-19,0,0,0,0,0,0,0,0,0,0
C08986,2024-12-09,0,0,0,0,0,0,0,0,0,0
C06708,2023-01-02,0,0,0,0,0,0,0,0,0,0
C04077,2023-03-20,0,0,0,0,0,0,0,0,0,0
C13207,2025-12-01,41,189,7,2859,2,140,0,0,49,0
C00590,2025-07-07,0,0,0,0,0,0,0,0,0,0
C11851,2024-02-26,0,0,0,0,0,0,0,0,0,0
C00931,2023-11-13,0,0,0,0,0,0,0,0,0,0
C12717,2025-01-27,4,17,4,288,1,17,0,0,0,0
C00181,2025-12-08,106,415,7,7754,2,266,0,149,0,0
C05712,2023-01-02,0,0,0,0,0,0,0,0,0,0
C09727,2025-08-18,17,48,4,800,1,48,0,0,0,0
C01661,2023-08-28,0,0,0,0,0,0,0,0,0,0
C17284,2025-08-25,40,140,4,2489,1,140,0,0,0,0
C07307,2023-02-06,0,0,0,0,0,0,0,0,0,0
C08152,2024-04-15,0,0,0,0,0,0,0,0,0,0
C01174,2024-02-05,0,0,0,0,0,0,0,0,0,0
C04217,2025-08-11,694,4387,7,82088,3,2504,1170,0,0,713
C08448,2025-02-03,0,0,0,0,0,0,0,0,0,0
C15510,2025-03-24,46,219,6,3632,2,174,0,0,0,45
C14782,2025-12-15,0,0,0,0,0,0,0,0,0,0
C05999,2024-07-08,0,0,0,0,0,0,0,0,0,0
C17136,2025-02-03,104,567,6,11979,4,237,112,123,95,0
C05497,2023-02-20,0,0,0,0,0,0,0,0,0,0
C05209,2023-03-06,0,0,0,0,0,0,0,0,0,0
C08339,2025-10-20,12,41,5,872,3,23,10,0,0,8
C04619,2024-04-08,9,58,6,1108,3,35,0,20,0,3
C00900,2024-11-25,2,13,6,273,2,8,5,0,0,0
C13777,2023-03-20,0,0,0,0,0,0,0,0,0,0
C08379,2025-06-30,0,0,0,0,0,0,0,0,0,0
C18365,2023-01-09,0,0,0,0,0,0,0,0,0,0
C17800,2024-11-25,0,0,0,0,0,0,0,0,0,0
C04812,2024-11-18,0,0,0,0,0,0,0,0,0,0
C06897,2024-10-21,0,0,0,0,0,0,0,0,0,0
C17357,2025-08-04,0,0,0,0,0,0,0,0,0,0
C15045,2023-02-13,0,0,0,0,0,0,0,0,0,0
C14852,2024-07-08,0,0,0,0,0,0,0,0,0,0
C04023,2023-05-08,0,0,0,0,0,0,0,0,0,0
C11460,2023-11-27,0,0,0,0,0,0,0,0,0,0
C18561,2025-07-21,4,13,6,200,2,8,0,0,5,0
C04197,2023-04-03,0,0,0,0,0,0,0,0,0,0
C06659,2024-09-09,129,793,7,20639,3,429,0,241,0,123
C18860,2024-04-22,0,0,0,0,0,0,0,0,0,0
C15584,2024-08-05,0,0,0,0,0,0,0,0,0,0
C02194,2024-01-22,0,0,0,0,0,0,0,0,0,0
C14938,2025-09-22,0,0,0,0,0,0,0,0,0,0
C16367,2025-06-30,0,0,0,0,0,0,0,0,0,0
C10854,2023-02-06,0,0,0,0,0,0,0,0,0,0
C08414,2023-01-16,0,0,0,0,0,0,0,0,0,0
C15622,2023-01-16,0,0,0,0,0,0,0,0,0,0
C08062,2024-09-16,1,7,7,125,2,5,2,0,0,0
C08375,2025-12-22,47,168,4,3364,2,116,0,0,52,0
C09851,2025-10-06,37,144,4,2523,1,144,0,0,0,0
C19429,2023-05-15,0,0,0,0,0,0,0,0,0,0
C11568,2023-02-13,0,0,0,0,0,0,0,0,0,0
C10686,2024-09-23,0,0,0,0,0,0,0,0,0,0
C14045,2025-03-24,0,0,0,0,0,0,0,0,0,0
C08870,2025-09-15,33,98,5,1723,1,98,0,0,0,0
C13065,2024-09-30,0,0,0,0,0,0,0,0,0,0
C18195,2023-03-27,0,0,0,0,0,0,0,0,0,0
C14915,2023-07-03,0,0,0,0,0,0,0,0,0,0
C05289,2024-07-15,0,0,0,0,0,0,0,0,0,0
C11540,2024-04-22,0,0,0,0,0,0,0,0,0,0
C19707,2023-11-27,0,0,0,0,0,0,0,0,0,0
C05053,2023-08-14,0,0,0,0,0,0,0,0,0,0
C13494,2025-02-17,30,159,7,2996,2,104,55,0,0,0
C12846,2025-03-10,39,222,4,4306,3,128,44,50,0,0
C02948,2023-05-29,0,0,0,0,0,0,0,0,0,0
C07272,2023-08-14,0,0,0,0,0,0,0,0,0,0
C11759,2024-12-30,0,0,0,0,0,0,0,0,0,0
C18784,2026-01-05,0,0,0,0,0,0,0,0,0,0
C19569,2023-02-06,0,0,0,0,0,0,0,0,0,0
C11000,2024-01-29,0,0,0,0,0,0,0,0,0,0
C18206,2025-01-20,0,0,0,0,0,0,0,0,0,0
C09946,2024-08-26,0,0,0,0,0,0,0,0,0,0
C18963,2025-03-17,0,0,0,0,0,0,0,0,0,0
C18313,2023-06-19,0,0,0,0,0,0,0,0,0,0
C06890,2025-09-29,60,254,6,4372,2,161,0,93,0,0
C09543,2024-11-25,0,0,0,0,0,0,0,0,0,0
C06053,2024-08-05,0,0,0,0,0,0,0,0,0,0
C16475,2025-11-03,9,43,4,885,3,29,0,4,10,0
C12942,2024-02-05,0,0,0,0,0,0,0,0,0,0
C19634,2023-04-17,0,0,0,0,0,0,0,0,0,0
C18739,2024-04-15,0,0,0,0,0,0,0,0,0,0
C00399,2024-04-22,0,0,0,0,0,0,0,0,0,0
C17368,2025-03-10,8,38,6,778,2,24,14,0,0,0
C08443,2023-06-26,0,0,0,0,0,0,0,0,0,0
C11767,2023-11-27,0,0,0,0,0,0,0,0,0,0
C17861,2023-09-11,0,0,0,0,0,0,0,0,0,0
C02501,2025-12-01,6,36,7,740,2,20,16,0,0,0
C04067,2025-12-08,8,31,5,694,3,23,5,0,0,3
C02429,2025-08-18,51,259,6,4597,3,174,0,0,56,29
C11101,2025-12-15,1563,12141,7,247285,3,5968,3062,3111,0,0
C00947,2024-01-22,0,0,0,0,0,0,0,0,0,0
C01236,2024-11-25,0,0,0,0,0,0,0,0,0,0
C10536,2023-04-03,0,0,0,0,0,0,0,0,0,0
C00111,2023-02-13,0,0,0,0,0,0,0,0,0,0
C04945,2025-04-28,117,689,6,14831,2,446,243,0,0,0
C08250,2023-08-14,0,0,0,0,0,0,0,0,0,0
C18987,2025-01-06,0,0,0,0,0,0,0,0,0,0
C02228,2025-03-03,0,0,0,0,0,0,0,0,0,0
C00623,2023-05-08,0,0,0,0,0,0,0,0,0,0
C09203,2023-10-16,0,0,0,0,0,0,0,0,0,0
C16815,2024-12-02,0,0,0,0,0,0,0,0,0,0
C04191,2025-01-06,0,0,0,0,0,0,0,0,0,0
C02085,2025-09-22,0,0,0,0,0,0,0,0,0,0
C05243,2024-05-13,0,0,0,0,0,0,0,0,0,0
C15716,2023-08-21,0,0,0,0,0,0,0,0,0,0
C16486,2024-05-13,1297,8827,6,168419,3,4992,0,2471,0,1364
C06373,2023-06-12,0,0,0,0,0,0,0,0,0,0
C01151,2023-02-13,0,0,0,0,0,0,0,0,0,0
C05966,2025-03-17,44,266,7,4325,2,189,0,0,77,0
C04537,2024-05-06,0,0,0,0,0,0,0,0,0,0
C00148,2024-12-30,0,0,0,0,0,0,0,0,0,0
C08578,2024-07-08,0,0,0,0,0,0,0,0,0,0
C19748,2024-10-21,0,0,0,0,0,0,0,0,0,0
C07222,2023-04-10,0,0,0,0,0,0,0,0,0,0
C11690,2024-02-19,0,0,0,0,0,0,0,0,0,0
C05973,2023-02-13,0,0,0,0,0,0,0,0,0,0
C17512,2025-04-21,0,0,0,0,0,0,0,0,0,0
C19936,2024-05-06,0,0,0,0,0,0,0,0,0,0
C17704,2024-10-14,0,0,0,0,0,0,0,0,0,0
C17043,2023-10-23,0,0,0,0,0,0,0,0,0,0
C15327,2024-08-12,0,0,0,0,0,0,0,0,0,0
C11669,2023-06-12,0,0,0,0,0,0,0,0,0,0
C15751,2025-01-13,0,0,0,0,0,0,0,0,0,0
C10094,2024-09-30,0,0,0,0,0,0,0,0,0,0
C15019,2023-12-18,0,0,0,0,0,0,0,0,0,0
C00132,2023-07-24,0,0,0,0,0,0,0,0,0,0
C08177,2023-12-04,0,0,0,0,0,0,0,0,0,0
C01686,2023-04-17,0,0,0,0,0,0,0,0,0,0
C00242,2024-11-25,0,0,0,0,0,0,0,0,0,0
C19851,2023-02-27,0,0,0,0,0,0,0,0,0,0
C16637,2025-05-26,692,4803,7,76763,4,2054,1006,1052,691,0
C10753,2025-04-14,300,1606,4,34005,3,917,0,0,386,303
C19487,2023-03-27,0,0,0,0,0,0,0,0,0,0
C03430,2025-09-29,0,0,0,0,0,0,0,0,0,0
C16019,2023-09-18,0,0,0,0,0,0,0,0,0,0
C00168,2025-06-30,0,0,0,0,0,0,0,0,0,0
C02507,2023-12-04,0,0,0,0,0,0,0,0,0,0
C11004,2023-07-31,0,0,0,0,0,0,0,0,0,0
C10648,2024-07-08,354,2020,6,43109,2,1299,0,721,0,0
C14691,2024-08-05,0,0,0,0,0,0,0,0,0,0
C16416,2025-06-02,432,1569,4,30628,1,1569,0,0,0,0
C12549,2023-11-06,0,0,0,0,0,0,0,0,0,0
C10297,2023-05-01,0,0,0,0,0,0,0,0,0,0
C12935,2025-03-24,0,0,0,0,0,0,0,0,0,0
C19536,2025-03-10,0,0,0,0,0,0,0,0,0,0
C11440,2025-07-14,471,3596,7,70870,3,1788,892,916,0,0
C03462,2024-08-12,0,0,0,0,0,0,0,0,0,0
C19363,2025-04-28,0,0,0,0,0,0,0,0,0,0
C07603,2025-03-31,36,176,6,3375,2,132,0,0,0,44
C14316,2025-09-01,0,0,0,0,0,0,0,0,0,0
C01489,2025-09-15,0,0,0,0,0,0,0,0,0,0
C09618,2024-08-12,0,0,0,0,0,0,0,0,0,0
C18714,2024-04-22,0,0,0,0,0,0,0,0,0,0
C08637,2023-10-23,0,0,0,0,0,0,0,0,0,0
C08040,2024-04-15,0,0,0,0,0,0,0,0,0,0
C19272,2024-11-11,0,0,0,0,0,0,0,0,0,0
C13191,2023-12-11,0,0,0,0,0,0,0,0,0,0
C00771,2024-09-30,0,0,0,0,0,0,0,0,0,0
C00846,2023-12-18,0,0,0,0,0,0,0,0,0,0
C14465,2023-06-12,0,0,0,0,0,0,0,0,0,0
C19754,2024-10-21,1241,10374,5,203786,4,4306,2221,2214,1633,0
C08027,2025-02-24,9,35,3,656,1,35,0,0,0,0
C10340,2023-04-17,0,0,0,0,0,0,0,0,0,0
C00407,2024-12-09,0,0,0,0,0,0,0,0,0,0
C05700,2025-12-08,2,8,4,152,1,8,0,0,0,0
C11633,2025-05-12,8,27,3,438,2,18,0,9,0,0
C14199,2024-11-18,518,3581,7,71115,3,1760,917,904,0,0
C17034,2024-05-27,0,0,0,0,0,0,0,0,0,0
C09554,2025-01-13,0,0,0,0,0,0,0,0,0,0
C13470,2023-02-20,0,0,0,0,0,0,0,0,0,0
C03636,2025-11-03,11,40,5,681,2,33,0,0,0,7
C05821,2025-04-07,0,0,0,0,0,0,0,0,0,0
C04910,2023-07-10,0,0,0,0,0,0,0,0,0,0
C07020,2025-09-08,0,0,0,0,0,0,0,0,0,0
C18359,2025-01-20,14,41,4,686,1,41,0,0,0,0
C08052,2024-02-19,0,0,0,0,0,0,0,0,0,0
C03248,2025-06-09,295,1436,7,21472,2,1061,0,0,375,0
C03558,2024-04-01,0,0,0,0,0,0,0,0,0,0
C11968,2025-11-17,0,0,0,0,0,0,0,0,0,0
C09055,2024-02-26,0,0,0,0,0,0,0,0,0,0
C13899,2025-07-21,12,44,6,801,1,44,0,0,0,0
C02182,2024-01-01,0,0,0,0,0,0,0,0,0,0
C05743,2024-11-18,484,4817,6,96205,5,1839,876,946,660,496
C18638,2025-11-10,0,0,0,0,0,0,0,0,0,0
C05861,2025-06-09,679,5124,6,106483,3,2474,1278,1372,0,0
C06074,2023-03-06,0,0,0,0,0,0,0,0,0,0
C02964,2023-10-23,0,0,0,0,0,0,0,0,0,0
C04902,2025-04-07,0,0,0,0,0,0,0,0,0,0
C16219,2025-12-01,0,0,0,0,0,0,0,0,0,0
C19107,2023-09-25,0,0,0,0,0,0,0,0,0,0
C10027,2025-11-17,0,0,0,0,0,0,0,0,0,0
C05440,2025-09-15,0,0,0,0,0,0,0,0,0,0
C13990,2025-01-20,0,0,0,0,0,0,0,0,0,0
C05032,2023-01-02,0,0,0,0,0,0,0,0,0,0
C13598,2023-05-01,0,0,0,0,0,0,0,0,0,0
C12013,2024-02-26,0,0,0,0,0,0,0,0,0,0
C00950,2024-03-11,0,0,0,0,0,0,0,0,0,0
C19534,2023-07-17,0,0,0,0,0,0,0,0,0,0
C15934,2025-01-27,0,0,0,0,0,0,0,0,0,0
C07160,2025-02-17,13,77,7,1433,3,41,0,25,11,0
C12188,2024-01-15,0,0,0,0,0,0,0,0,0,0
C01791,2023-11-06,0,0,0,0,0,0,0,0,0,0
C00271,2023-10-09,0,0,0,0,0,0,0,0,0,0
C16272,2023-08-14,0,0,0,0,0,0,0,0,0,0
C16187,2024-01-29,0,0,0,0,0,0,0,0,0,0
C15872,2024-06-17,0,0,0,0,0,0,0,0,0,0
C04369,2025-02-17,20,90,6,1921,2,66,0,0,0,24
C19604,2025-09-15,50,254,7,5265,3,137,0,72,0,45
C02740,2024-08-05,0,0,0,0,0,0,0,0,0,0
C12114,2023-09-18,0,0,0,0,0,0,0,0,0,0
C15554,2025-02-03,94,485,7,9644,3,279,118,0,0,88
C13955,2023-11-20,0,0,0,0,0,0,0,0,0,0
C06690,2024-10-14,0,0,0,0,0,0,0,0,0,0
C06874,2023-03-27,0,0,0,0,0,0,0,0,0,0
C01481,2024-02-05,0,0,0,0,0,0,0,0,0,0
C16111,2024-10-21,0,0,0,0,0,0,0,0,0,0
C18545,2024-03-18,41,162,7,3582,2,133,0,0,0,29
C19745,2024-09-16,0,0,0,0,0,0,0,0,0,0
C15925,2024-11-18,0,0,0,0,0,0,0,0,0,0
C18025,2023-03-20,0,0,0,0,0,0,0,0,0,0
C05920,2023-08-07,0,0,0,0,0,0,0,0,0,0
C16187,2024-06-24,0,0,0,0,0,0,0,0,0,0
C01650,2025-05-26,96,557,4,10364,4,255,129,0,109,64
C16109,2024-01-15,0,0,0,0,0,0,0,0,0,0
C13551,2025-02-03,0,0,0,0,0,0,0,0,0,0
C01283,2023-06-12,0,0,0,0,0,0,0,0,0,0
C10157,2024-05-06,0,0,0,0,0,0,0,0,0,0
C16777,2025-11-17,0,0,0,0,0,0,0,0,0,0
C03927,2025-06-16,0,0,0,0,0,0,0,0,0,0
C08266,2024-11-18,2484,25226,5,486117,5,9498,4762,4827,3418,2721
C18070,2024-06-03,0,0,0,0,0,0,0,0,0,0
C07222,2024-05-06,0,0,0,0,0,0,0,0,0,0
C06536,2025-04-14,13,59,6,1009,2,51,0,0,0,8
C19279,2023-08-28,0,0,0,0,0,0,0,0,0,0
C13184,2024-07-08,0,0,0,0,0,0,0,0,0,0
C15024,2025-03-10,0,0,0,0,0,0,0,0,0,0
C01962,2025-07-14,0,0,0,0,0,0,0,0,0,0
C01919,2023-06-26,0,0,0,0,0,0,0,0,0,0
C18214,2024-10-21,0,0,0,0,0,0,0,0,0,0
C01890,2024-01-01,0,0,0,0,0,0,0,0,0,0
C17438,2025-03-10,0,0,0,0,0,0,0,0,0,0
C13384,2023-11-13,0,0,0,0,0,0,0,0,0,0
C00319,2024-05-13,0,0,0,0,0,0,0,0,0,0
C15424,2023-08-21,0,0,0,0,0,0,0,0,0,0
C18724,2025-01-27,0,0,0,0,0,0,0,0,0,0
C05073,2023-06-12,0,0,0,0,0,0,0,0,0,0
C07294,2024-03-18,0,0,0,0,0,0,0,0,0,0
C06827,2026-01-05,0,0,0,0,0,0,0,0,0,0
C02145,2024-07-15,0,0,0,0,0,0,0,0,0,0
C14392,2025-01-06,11,34,4,763,1,34,0,0,0,0
C05653,2023-01-23,0,0,0,0,0,0,0,0,0,0
C07982,2025-12-22,1224,6424,5,133089,2,4619,0,0,1805,0
C09222,2024-05-06,0,0,0,0,0,0,0,0,0,0
C19763,2023-10-30,0,0,0,0,0,0,0,0,0,0
C07062,2025-01-13,0,0,0,0,0,0,0,0,0,0
C09891,2025-10-27,87,289,4,4899,2,210,0,0,0,79
C03368,2023-12-25,0,0,0,0,0,0,0,0,0,0
C01099,2023-12-25,0,0,0,0,0,0,0,0,0,0
C03030,2025-01-13,8,20,4,423,1,20,0,0,0,0
C07808,2023-07-03,0,0,0,0,0,0,0,0,0,0
C12631,2024-02-05,0,0,0,0,0,0,0,0,0,0
C02902,2023-05-15,0,0,0,0,0,0,0,0,0,0
C00480,2024-12-30,13,85,7,1664,2,59,0,26,0,0
C13198,2024-06-10,0,0,0,0,0,0,0,0,0,0
C14547,2024-05-20,14,53,5,932,1,53,0,0,0,0
C10891,2024-10-07,0,0,0,0,0,0,0,0,0,0
C19604,2024-05-13,0,0,0,0,0,0,0,0,0,0
C02229,2024-02-05,0,0,0,0,0,0,0,0,0,0
C01042,2023-05-22,0,0,0,0,0,0,0,0,0,0
C00341,2025-06-02,1,4,5,82,2,3,0,0,0,1
C10645,2023-05-22,0,0,0,0,0,0,0,0,0,0
C19097,2025-12-22,0,0,0,0,0,0,0,0,0,0
C00607,2026-01-05,0,0,0,0,0,0,0,0,0,0
C03872,2023-12-11,0,0,0,0,0,0,0,0,0,0
C11749,2025-03-17,12,77,6,1488,2,52,0,25,0,0
C10843,2024-03-18,0,0,0,0,0,0,0,0,0,0
C08654,2025-05-12,0,0,0,0,0,0,0,0,0,0
C07328,2024-05-20,0,0,0,0,0,0,0,0,0,0
C07115,2024-02-05,0,0,0,0,0,0,0,0,0,0
C04514,2024-03-04,0,0,0,0,0,0,0,0,0,0
C04104,2023-01-09,0,0,0,0,0,0,0,0,0,0
C01163,2025-04-14,120,413,6,6640,1,413,0,0,0,0
C04957,2025-12-22,682,6655,5,134908,5,2469,1196,1281,1030,679
C15800,2023-07-17,0,0,0,0,0,0,0,0,0,0
C15440,2024-09-30,0,0,0,0,0,0,0,0,0,0
C09054,2024-04-22,195,1523,5,30359,4,651,328,342,0,202
C03338,2025-11-10,14185,116588,5,2262622,4,53721,0,27610,20062,15195
C19335,2023-04-03,0,0,0,0,0,0,0,0,0,0
C13489,2023-04-03,0,0,0,0,0,0,0,0,0,0
C00301,2025-02-03,0,0,0,0,0,0,0,0,0,0
C18532,2023-01-16,0,0,0,0,0,0,0,0,0,0
C16388,2025-03-17,0,0,0,0,0,0,0,0,0,0
C09884,2024-07-29,0,0,0,0,0,0,0,0,0,0
C17426,2025-11-10,0,0,0,0,0,0,0,0,0,0
C04710,2025-08-11,0,0,0,0,0,0,0,0,0,0
C03069,2024-08-05,0,0,0,0,0,0,0,0,0,0
C18764,2025-04-28,0,0,0,0,0,0,0,0,0,0
C04033,2024-07-08,0,0,0,0,0,0,0,0,0,0
C09095,2023-08-21,0,0,0,0,0,0,0,0,0,0
C05788,2023-01-23,0,0,0,0,0,0,0,0,0,0
C15192,2025-05-26,0,0,0,0,0,0,0,0,0,0
C18495,2024-09-09,0,0,0,0,0,0,0,0,0,0
C15720,2024-01-29,0,0,0,0,0,0,0,0,0,0
C11140,2023-11-06,0,0,0,0,0,0,0,0,0,0
C14193,2025-10-13,0,0,0,0,0,0,0,0,0,0
C03320,2024-04-15,0,0,0,0,0,0,0,0,0,0
C08624,2025-02-03,0,0,0,0,0,0,0,0,0,0
C07825,2023-04-17,0,0,0,0,0,0,0,0,0,0
C08751,2025-07-28,0,0,0,0,0,0,0,0,0,0
C12262,2023-01-16,0,0,0,0,0,0,0,0,0,0
C19113,2023-04-24,0,0,0,0,0,0,0,0,0,0
C09555,2025-11-03,21,100,4,1812,2,76,0,0,0,24
C09219,2024-03-18,0,0,0,0,0,0,0,0,0,0
C19718,2024-09-02,0,0,0,0,0,0,0,0,0,0
C05129,2024-08-12,0,0,0,0,0,0,0,0,0,0
C04646,2025-07-07,0,0,0,0,0,0,0,0,0,0
C12839,2023-04-24,0,0,0,0,0,0,0,0,0,0
C11686,2025-10-20,406,3056,7,65537,3,1523,746,787,0,0
C13381,2023-10-16,0,0,0,0,0,0,0,0,0,0
C15752,2024-02-05,0,0,0,0,0,0,0,0,0,0
C00554,2024-08-26,3044,23166,7,449803,4,10221,4833,5232,0,2880
C04983,2025-11-10,6,7,3,119,1,7,0,0,0,0
C01071,2025-12-22,1360,11246,7,207873,4,5189,0,2552,2020,1485
C06677,2023-08-28,0,0,0,0,0,0,0,0,0,0
C13786,2023-09-25,0,0,0,0,0,0,0,0,0,0
C03802,2025-11-17,0,0,0,0,0,0,0,0,0,0
C13606,2023-11-27,0,0,0,0,0,0,0,0,0,0
C03001,2024-04-22,0,0,0,0,0,0,0,0,0,0
C15029,2023-09-11,0,0,0,0,0,0,0,0,0,0
C03473,2024-01-08,0,0,0,0,0,0,0,0,0,0
C07574,2025-06-30,0,0,0,0,0,0,0,0,0,0
C09190,2025-06-09,0,0,0,0,0,0,0,0,0,0
C11109,2025-04-21,0,0,0,0,0,0,0,0,0,0
C16520,2025-03-24,0,0,0,0,0,0,0,0,0,0
C16331,2025-10-20,0,0,0,0,0,0,0,0,0,0
C17283,2024-02-26,0,0,0,0,0,0,0,0,0,0
C09004,2023-07-03,0,0,0,0,0,0,0,0,0,0
C17481,2024-09-16,0,0,0,0,0,0,0,0,0,0
C12141,2025-11-24,0,0,0,0,0,0,0,0,0,0
C11416,2024-06-03,0,0,0,0,0,0,0,0,0,0
C17245,2024-12-16,16,57,4,975,2,40,17,0,0,0
C19099,2023-04-24,0,0,0,0,0,0,0,0,0,0
C03555,2023-10-02,0,0,0,0,0,0,0,0,0,0
C13311,2023-12-04,0,0,0,0,0,0,0,0,0,0
C12184,2024-08-26,0,0,0,0,0,0,0,0,0,0
C11821,2025-01-27,0,0,0,0,0,0,0,0,0,0
C12372,2024-10-07,8,29,5,530,3,6,0,13,10,0
C09498,2023-05-22,0,0,0,0,0,0,0,0,0,0
C04700,2023-11-13,0,0,0,0,0,0,0,0,0,0
C00380,2025-01-06,128,858,6,18467,3,369,248,241,0,0
C04111,2024-05-06,6,17,4,284,1,17,0,0,0,0
C05631,2025-12-08,12,59,7,1246,2,37,22,0,0,0
C02349,2025-11-10,35,237,7,4613,3,124,0,71,0,42
C04442,2025-04-28,14,59,6,1084,3,45,0,0,5,9
C19079,2024-12-30,11,52,7,977,2,32,0,20,0,0
C12590,2024-04-15,339,2193,7,43121,3,1233,0,635,0,325
C14626,2023-05-29,0,0,0,0,0,0,0,0,0,0
C12067,2024-12-16,4,10,4,186,2,9,0,0,1,0
C14109,2025-08-11,0,0,0,0,0,0,0,0,0,0
C02567,2023-05-08,0,0,0,0,0,0,0,0,0,0
C03091,2023-04-17,0,0,0,0,0,0,0,0,0,0
C03946,2024-07-01,0,0,0,0,0,0,0,0,0,0
C07865,2023-01-30,0,0,0,0,0,0,0,0,0,0
C16682,2025-03-03,0,0,0,0,0,0,0,0,0,0
C12948,2023-05-15,0,0,0,0,0,0,0,0,0,0
C07125,2025-10-27,50,253,7,3864,2,167,0,0,86,0
C12547,2024-02-26,0,0,0,0,0,0,0,0,0,0
C13223,2025-04-07,0,0,0,0,0,0,0,0,0,0
C13958,2023-07-17,0,0,0,0,0,0,0,0,0,0
C18777,2025-03-10,0,0,0,0,0,0,0,0,0,0
C07435,2024-07-22,0,0,0,0,0,0,0,0,0,0
C18988,2024-09-30,0,0,0,0,0,0,0,0,0,0
C07837,2023-05-01,0,0,0,0,0,0,0,0,0,0
C11792,2024-09-09,0,0,0,0,0,0,0,0,0,0
C00204,2025-03-10,32,118,6,1899,1,118,0,0,0,0
C18093,2023-10-09,0,0,0,0,0,0,0,0,0,0
C15309,2023-08-07,0,0,0,0,0,0,0,0,0,0
C01925,2025-12-15,1,3,4,47,1,3,0,0,0,0
C12344,2023-07-03,0,0,0,0,0,0,0,0,0,0
C07181,2023-05-08,0,0,0,0,0,0,0,0,0,0
C14990,2024-12-02,0,0,0,0,0,0,0,0,0,0
C19843,2024-06-17,0,0,0,0,0,0,0,0,0,0
C11111,2024-07-29,0,0,0,0,0,0,0,0,0,0
C07649,2025-06-09,0,0,0,0,0,0,0,0,0,0
C11810,2025-06-30,200,734,5,14646,1,734,0,0,0,0
C19900,2025-07-21,0,0,0,0,0,0,0,0,0,0
C09836,2025-08-04,0,0,0,0,0,0,0,0,0,0
C16686,2024-05-27,0,0,0,0,0,0,0,0,0,0
C14817,2025-02-24,0,0,0,0,0,0,0,0,0,0
C18329,2024-02-19,0,0,0,0,0,0,0,0,0,0
C03749,2023-11-06,0,0,0,0,0,0,0,0,0,0
C07894,2024-05-20,0,0,0,0,0,0,0,0,0,0
C08358,2023-01-16,0,0,0,0,0,0,0,0,0,0
C01993,2024-03-25,0,0,0,0,0,0,0,0,0,0
C11429,2024-06-03,0,0,0,0,0,0,0,0,0,0
C14927,2023-07-31,0,0,0,0,0,0,0,0,0,0
C15140,2024-08-26,13,32,6,611,2,18,0,0,0,14
C00203,2025-06-30,23,97,3,1681,2,69,0,0,0,28
C16188,2024-11-11,238,1319,6,21452,2,865,0,454,0,0
C08515,2023-01-30,0,0,0,0,0,0,0,0,0,0
C11651,2024-08-26,0,0,0,0,0,0,0,0,0,0
C07239,2024-01-29,0,0,0,0,0,0,0,0,0,0
C09127,2023-03-13,0,0,0,0,0,0,0,0,0,0
C14844,2025-02-03,0,0,0,0,0,0,0,0,0,0
C18070,2024-07-15,0,0,0,0,0,0,0,0,0,0
C17047,2025-01-27,0,0,0,0,0,0,0,0,0,0
C10072,2023-08-21,0,0,0,0,0,0,0,0,0,0
C08461,2024-07-01,0,0,0,0,0,0,0,0,0,0
C16596,2024-11-25,0,0,0,0,0,0,0,0,0,0
C04516,2025-05-12,0,0,0,0,0,0,0,0,0,0
C18545,2024-11-04,53,259,6,4564,2,198,0,0,0,61
C10395,2024-06-17,0,0,0,0,0,0,0,0,0,0
C08119,2023-04-24,0,0,0,0,0,0,0,0,0,0
C05444,2023-12-11,0,0,0,0,0,0,0,0,0,0
C15356,2024-08-26,0,0,0,0,0,0,0,0,0,0
C14514,2024-02-26,0,0,0,0,0,0,0,0,0,0
C17479,2024-02-12,0,0,0,0,0,0,0,0,0,0
C04350,2024-10-28,0,0,0,0,0,0,0,0,0,0
C00440,2024-01-08,0,0,0,0,0,0,0,0,0,0
C00407,2025-10-06,0,0,0,0,0,0,0,0,0,0
C10806,2024-08-19,0,0,0,0,0,0,0,0,0,0
C04831,2024-08-12,0,0,0,0,0,0,0,0,0,0
C06890,2023-10-09,0,0,0,0,0,0,0,0,0,0
C05057,2023-08-28,0,0,0,0,0,0,0,0,0,0
C07973,2024-12-02,0,0,0,0,0,0,0,0,0,0
C08769,2024-03-25,0,0,0,0,0,0,0,0,0,0
C04951,2023-03-20,0,0,0,0,0,0,0,0,0,0
C15305,2023-12-25,0,0,0,0,0,0,0,0,0,0
C03061,2023-09-11,0,0,0,0,0,0,0,0,0,0
C02094,2023-08-07,0,0,0,0,0,0,0,0,0,0
C13852,2023-01-09,0,0,0,0,0,0,0,0,0,0
C10181,2023-09-25,0,0,0,0,0,0,0,0,0,0
C10157,2024-09-02,18,65,4,1248,1,65,0,0,0,0
C12784,2024-01-01,0,0,0,0,0,0,0,0,0,0
C09317,2024-09-23,0,0,0,0,0,0,0,0,0,0
C14088,2023-02-13,0,0,0,0,0,0,0,0,0,0
C13573,2024-09-16,0,0,0,0,0,0,0,0,0,0
C08962,2024-10-14,0,0,0,0,0,0,0,0,0,0
C19929,2025-09-01,434,2390,6,49971,2,1635,755,0,0,0
C03933,2023-05-22,0,0,0,0,0,0,0,0,0,0
C03979,2023-01-02,0,0,0,0,0,0,0,0,0,0
C04149,2025-09-15,0,0,0,0,0,0,0,0,0,0
C17294,2024-12-09,0,0,0,0,0,0,0,0,0,0
C05347,2025-05-05,0,0,0,0,0,0,0,0,0,0
C11747,2023-01-02,0,0,0,0,0,0,0,0,0,0
C02071,2024-07-15,0,0,0,0,0,0,0,0,0,0
C01133,2024-12-02,0,0,0,0,0,0,0,0,0,0
C11070,2023-04-24,0,0,0,0,0,0,0,0,0,0
C15069,2024-01-22,0,0,0,0,0,0,0,0,0,0
C08156,2023-10-23,0,0,0,0,0,0,0,0,0,0
C08680,2023-10-16,0,0,0,0,0,0,0,0,0,0
C00490,2025-01-27,0,0,0,0,0,0,0,0,0,0
C06556,2023-02-20,0,0,0,0,0,0,0,0,0,0
C03164,2023-07-31,0,0,0,0,0,0,0,0,0,0
C08693,2023-03-06,0,0,0,0,0,0,0,0,0,0
C03266,2025-09-15,0,0,0,0,0,0,0,0,0,0
C09142,2023-01-09,0,0,0,0,0,0,0,0,0,0
C18550,2024-08-05,0,0,0,0,0,0,0,0,0,0
C14000,2023-05-22,0,0,0,0,0,0,0,0,0,0
C10238,2025-04-28,0,0,0,0,0,0,0,0,0,0
C19734,2024-03-25,0,0,0,0,0,0,0,0,0,0
C12322,2023-07-31,0,0,0,0,0,0,0,0,0,0
C16810,2024-12-16,0,0,0,0,0,0,0,0,0,0
C19973,2024-11-04,0,0,0,0,0,0,0,0,0,0
C12326,2023-04-17,0,0,0,0,0,0,0,0,0,0
C18482,2025-06-30,0,0,0,0,0,0,0,0,0,0
C13241,2025-12-22,27,242,6,5038,4,99,56,52,0,35
C18859,2025-01-13,7,46,7,929,2,30,0,16,0,0
C13865,2023-11-13,0,0,0,0,0,0,0,0,0,0
C11197,2025-06-23,0,0,0,0,0,0,0,0,0,0
C04499,2023-06-26,0,0,0,0,0,0,0,0,0,0
C17777,2024-12-02,0,0,0,0,0,0,0,0,0,0
C05393,2023-06-19,0,0,0,0,0,0,0,0,0,0
C00938,2023-10-30,0,0,0,0,0,0,0,0,0,0
C01433,2024-05-13,14,83,7,1485,2,44,39,0,0,0
C19809,2025-10-06,0,0,0,0,0,0,0,0,0,0
C13099,2024-04-15,0,0,0,0,0,0,0,0,0,0
C13959,2025-04-14,0,0,0,0,0,0,0,0,0,0
C08322,2023-12-25,0,0,0,0,0,0,0,0,0,0
C00458,2023-03-27,0,0,0,0,0,0,0,0,0,0
C15378,2024-09-09,0,0,0,0,0,0,0,0,0,0
C11730,2023-09-04,0,0,0,0,0,0,0,0,0,0
C12514,2026-01-05,98,588,6,12772,3,349,0,0,127,112
C03629,2024-08-05,0,0,0,0,0,0,0,0,0,0
C12998,2025-04-14,0,0,0,0,0,0,0,0,0,0
C11385,2025-08-04,0,0,0,0,0,0,0,0,0,0
C08260,2025-01-20,0,0,0,0,0,0,0,0,0,0
C12327,2023-09-18,0,0,0,0,0,0,0,0,0,0
C14909,2025-11-24,0,0,0,0,0,0,0,0,0,0
C06280,2024-04-01,0,0,0,0,0,0,0,0,0,0
C10872,2024-03-04,0,0,0,0,0,0,0,0,0,0
C02293,2023-02-13,0,0,0,0,0,0,0,0,0,0
C16928,2023-05-29,0,0,0,0,0,0,0,0,0,0
C08254,2024-08-05,0,0,0,0,0,0,0,0,0,0
C08420,2023-05-01,0,0,0,0,0,0,0,0,0,0
C00494,2025-12-15,30,103,3,1486,1,103,0,0,0,0
C16948,2024-06-10,0,0,0,0,0,0,0,0,0,0
C06534,2024-04-22,0,0,0,0,0,0,0,0,0,0
C17484,2025-11-10,0,0,0,0,0,0,0,0,0,0
C16477,2025-12-01,297,1700,7,37173,3,914,507,0,0,279
C03039,2024-04-29,0,0,0,0,0,0,0,0,0,0
C18756,2023-01-09,0,0,0,0,0,0,0,0,0,0
C19423,2024-09-09,0,0,0,0,0,0,0,0,0,0
C14130,2024-01-22,0,0,0,0,0,0,0,0,0,0
C13874,2024-10-21,0,0,0,0,0,0,0,0,0,0
C01132,2023-02-27,0,0,0,0,0,0,0,0,0,0
C08220,2024-09-23,0,0,0,0,0,0,0,0,0,0
C14402,2023-01-30,0,0,0,0,0,0,0,0,0,0
C04234,2025-03-17,0,0,0,0,0,0,0,0,0,0
C18671,2023-09-04,0,0,0,0,0,0,0,0,0,0
C05541,2024-04-29,0,0,0,0,0,0,0,0,0,0
C13843,2025-06-16,173,819,6,16123,2,566,253,0,0,0
C17263,2024-05-20,0,0,0,0,0,0,0,0,0,0
C17226,2025-03-31,0,0,0,0,0,0,0,0,0,0
C08410,2025-11-10,0,0,0,0,0,0,0,0,0,0
C07214,2024-05-20,0,0,0,0,0,0,0,0,0,0
C09288,2023-03-06,0,0,0,0,0,0,0,0,0,0
C05086,2023-01-30,0,0,0,0,0,0,0,0,0,0
C12866,2023-10-23,0,0,0,0,0,0,0,0,0,0
C08918,2023-04-17,0,0,0,0,0,0,0,0,0,0
C15466,2024-02-26,0,0,0,0,0,0,0,0,0,0
C09333,2024-09-16,27,159,7,2884,3,84,52,0,23,0
C14769,2023-04-17,0,0,0,0,0,0,0,0,0,0
C01703,2023-12-11,0,0,0,0,0,0,0,0,0,0
C16401,2023-04-24,0,0,0,0,0,0,0,0,0,0
C15733,2024-06-03,0,0,0,0,0,0,0,0,0,0
C01544,2025-07-21,0,0,0,0,0,0,0,0,0,0
C14332,2023-03-27,0,0,0,0,0,0,0,0,0,0
C09848,2025-05-19,0,0,0,0,0,0,0,0,0,0
C10861,2024-04-15,0,0,0,0,0,0,0,0,0,0
C07948,2023-01-16,0,0,0,0,0,0,0,0,0,0
C17277,2025-05-26,0,0,0,0,0,0,0,0,0,0
C04014,2025-06-16,5,25,4,384,2,17,0,0,8,0
C00231,2025-09-08,0,0,0,0,0,0,0,0,0,0
C06827,2025-06-02,8,31,4,499,2,28,0,0,0,3
C07214,2024-10-14,0,0,0,0,0,0,0,0,0,0
C05191,2025-02-17,378,2613,7,46280,3,1292,704,617,0,0
C01545,2023-12-18,0,0,0,0,0,0,0,0,0,0
C03555,2023-05-01,0,0,0,0,0,0,0,0,0,0
C01706,2024-12-02,698,5779,6,112280,4,2667,0,1362,983,767
C06106,2024-11-04,0,0,0,0,0,0,0,0,0,0
C14189,2023-03-27,0,0,0,0,0,0,0,0,0,0
C01970,2025-06-23,0,0,0,0,0,0,0,0,0,0
C09254,2024-04-01,0,0,0,0,0,0,0,0,0,0
C18193,2024-12-09,0,0,0,0,0,0,0,0,0,0
C05027,2024-08-19,0,0,0,0,0,0,0,0,0,0
C06852,2024-12-02,0,0,0,0,0,0,0,0,0,0
C10572,2023-05-15,0,0,0,0,0,0,0,0,0,0
C05542,2024-06-03,0,0,0,0,0,0,0,0,0,0
C13462,2024-02-05,0,0,0,0,0,0,0,0,0,0
C06997,2025-05-12,0,0,0,0,0,0,0,0,0,0
C04403,2023-10-30,0,0,0,0,0,0,0,0,0,0
C12434,2025-05-26,0,0,0,0,0,0,0,0,0,0
C04935,2024-06-10,0,0,0,0,0,0,0,0,0,0
C07123,2025-09-01,109,588,7,10766,3,310,0,175,0,103
C19380,2024-08-12,0,0,0,0,0,0,0,0,0,0
C16593,2025-02-10,0,0,0,0,0,0,0,0,0,0
C07024,2024-03-04,0,0,0,0,0,0,0,0,0,0
C05417,2024-06-17,0,0,0,0,0,0,0,0,0,0
C05703,2025-03-10,0,0,0,0,0,0,0,0,0,0
C14886,2025-11-10,0,0,0,0,0,0,0,0,0,0
C09476,2023-05-22,0,0,0,0,0,0,0,0,0,0
C00398,2024-03-18,0,0,0,0,0,0,0,0,0,0
C13196,2025-12-08,34,188,6,3141,3,78,0,58,52,0
C15512,2024-05-20,0,0,0,0,0,0,0,0,0,0
C14334,2025-01-13,7,26,7,546,1,26,0,0,0,0
C06267,2023-04-17,0,0,0,0,0,0,0,0,0,0
C00478,2025-04-28,87,535,6,9586,3,301,139,0,95,0
C11164,2025-01-27,0,0,0,0,0,0,0,0,0,0
C04279,2025-12-22,12,61,7,1008,2,40,0,0,21,0
C19685,2024-02-12,0,0,0,0,0,0,0,0,0,0
C13768,2024-08-05,0,0,0,0,0,0,0,0,0,0
C12430,2025-06-09,9,39,7,717,1,39,0,0,0,0
C10422,2025-05-05,0,0,0,0,0,0,0,0,0,0
C18399,2024-08-26,0,0,0,0,0,0,0,0,0,0
C15651,2024-12-23,0,0,0,0,0,0,0,0,0,0
C13281,2023-02-27,0,0,0,0,0,0,0,0,0,0
C03501,2024-05-13,0,0,0,0,0,0,0,0,0,0
C02226,2024-06-03,0,0,0,0,0,0,0,0,0,0
C18055,2025-01-27,0,0,0,0,0,0,0,0,0,0
C01475,2023-06-05,0,0,0,0,0,0,0,0,0,0
C08536,2025-09-22,0,0,0,0,0,0,0,0,0,0
C15376,2025-01-13,0,0,0,0,0,0,0,0,0,0
C18979,2023-11-06,0,0,0,0,0,0,0,0,0,0
C11606,2023-09-04,0,0,0,0,0,0,0,0,0,0
C00374,2025-12-29,0,0,0,0,0,0,0,0,0,0
C07970,2025-10-13,0,0,0,0,0,0,0,0,0,0
C18823,2023-02-20,0,0,0,0,0,0,0,0,0,0
C03354,2025-12-15,0,0,0,0,0,0,0,0,0,0
C02769,2025-08-11,41,303,6,5507,4,145,0,63,42,53
C09061,2024-12-16,538,5515,7,103984,5,2024,1057,1096,745,593
C18297,2024-03-04,0,0,0,0,0,0,0,0,0,0
C07394,2025-03-31,337,2060,6,42513,3,1146,575,0,0,339
C12800,2023-01-30,0,0,0,0,0,0,0,0,0,0
C03202,2024-02-05,0,0,0,0,0,0,0,0,0,0
C15147,2025-03-24,0,0,0,0,0,0,0,0,0,0
C04059,2025-02-03,9,32,2,599,2,28,0,0,0,4
C10177,2023-08-21,0,0,0,0,0,0,0,0,0,0
C13973,2024-04-08,0,0,0,0,0,0,0,0,0,0
C16294,2024-09-16,169,1134,6,22073,3,555,268,311,0,0
C08306,2025-07-28,0,0,0,0,0,0,0,0,0,0
C10040,2025-11-03,0,0,0,0,0,0,0,0,0,0
C01871,2023-02-27,0,0,0,0,0,0,0,0,0,0
C16990,2025-10-20,181,879,6,13228,2,672,0,0,0,207
C18558,2024-02-26,0,0,0,0,0,0,0,0,0,0
C09183,2024-09-30,0,0,0,0,0,0,0,0,0,0
C06524,2024-09-23,0,0,0,0,0,0,0,0,0,0
C06958,2025-08-18,51,174,5,3396,1,174,0,0,0,0
C05133,2023-10-16,0,0,0,0,0,0,0,0,0,0
C11820,2024-09-23,0,0,0,0,0,0,0,0,0,0
C02024,2023-09-25,0,0,0,0,0,0,0,0,0,0
C05148,2024-07-01,0,0,0,0,0,0,0,0,0,0
C11220,2025-09-08,0,0,0,0,0,0,0,0,0,0
C06568,2023-05-15,0,0,0,0,0,0,0,0,0,0
C08339,2025-06-23,12,40,4,681,3,32,2,0,0,6
C09950,2024-03-04,0,0,0,0,0,0,0,0,0,0
C03266,2024-11-18,39,180,7,3121,2,115,0,0,65,0
C08155,2024-02-19,0,0,0,0,0,0,0,0,0,0
C00522,2023-07-03,0,0,0,0,0,0,0,0,0,0
C17979,2024-10-28,572,4743,7,91402,4,1918,1030,1023,772,0
C06400,2025-06-02,0,0,0,0,0,0,0,0,0,0
C04299,2023-06-12,0,0,0,0,0,0,0,0,0,0
C14077,2025-10-27,0,0,0,0,0,0,0,0,0,0
C09815,2024-09-23,0,0,0,0,0,0,0,0,0,0
C07361,2023-10-02,0,0,0,0,0,0,0,0,0,0
C13729,2024-10-07,0,0,0,0,0,0,0,0,0,0
C12530,2024-09-23,0,0,0,0,0,0,0,0,0,0
C07057,2024-01-29,0,0,0,0,0,0,0,0,0,0
C12498,2023-02-20,0,0,0,0,0,0,0,0,0,0
C11025,2023-06-26,0,0,0,0,0,0,0,0,0,0
C10346,2025-12-22,284,2096,6,39751,3,1105,483,508,0,0
C16242,2023-07-03,0,0,0,0,0,0,0,0,0,0
C02495,2025-03-10,612,6304,7,141347,5,2341,1104,1257,893,709
C14520,2023-12-18,0,0,0,0,0,0,0,0,0,0
C10816,2024-09-23,0,0,0,0,0,0,0,0,0,0
C08265,2023-06-19,0,0,0,0,0,0,0,0,0,0
C12667,2025-12-01,0,0,0,0,0,0,0,0,0,0
C02687,2025-07-07,0,0,0,0,0,0,0,0,0,0
C11998,2025-03-24,57,286,6,4965,2,194,92,0,0,0
C07478,2023-09-18,0,0,0,0,0,0,0,0,0,0
C14536,2024-07-29,71,459,6,8452,4,208,0,134,74,43
C19610,2025-09-01,0,0,0,0,0,0,0,0,0,0
C17288,2023-06-12,0,0,0,0,0,0,0,0,0,0
C15414,2023-04-24,0,0,0,0,0,0,0,0,0,0
C12373,2024-04-01,0,0,0,0,0,0,0,0,0,0
C07906,2023-02-20,0,0,0,0,0,0,0,0,0,0
C03147,2025-09-08,351,1665,6,33407,2,1294,0,0,0,371
C00752,2023-08-28,0,0,0,0,0,0,0,0,0,0
C05069,2025-09-01,0,0,0,0,0,0,0,0,0,0
C01923,2023-10-16,0,0,0,0,0,0,0,0,0,0
C19061,2023-10-02,0,0,0,0,0,0,0,0,0,0
C13701,2025-12-01,1488,9595,6,196535,4,4439,0,2204,1633,1319
C02522,2023-07-10,0,0,0,0,0,0,0,0,0,0
C10963,2024-12-30,680,5071,6,106349,4,2092,1075,1125,779,0
C09482,2025-11-03,1,2,3,30,1,2,0,0,0,0
C16967,2025-03-24,0,0,0,0,0,0,0,0,0,0
C17635,2025-08-04,0,0,0,0,0,0,0,0,0,0
C17211,2025-04-14,0,0,0,0,0,0,0,0,0,0
C15174,2024-01-29,0,0,0,0,0,0,0,0,0,0
C03535,2024-01-22,0,0,0,0,0,0,0,0,0,0
C10794,2025-05-26,0,0,0,0,0,0,0,0,0,0
C00281,2024-05-20,0,0,0,0,0,0,0,0,0,0
C09456,2023-12-25,0,0,0,0,0,0,0,0,0,0
C11284,2023-08-14,0,0,0,0,0,0,0,0,0,0
C04048,2023-04-03,0,0,0,0,0,0,0,0,0,0
C14187,2025-06-16,15,85,6,1666,2,65,0,20,0,0
C03079,2024-07-01,0,0,0,0,0,0,0,0,0,0
C06646,2024-09-16,0,0,0,0,0,0,0,0,0,0
C06735,2024-08-26,0,0,0,0,0,0,0,0,0,0
C06128,2025-07-07,0,0,0,0,0,0,0,0,0,0
C06824,2023-08-28,0,0,0,0,0,0,0,0,0,0
C16837,2023-10-02,0,0,0,0,0,0,0,0,0,0
C18189,2024-11-25,0,0,0,0,0,0,0,0,0,0
C16564,2025-12-01,0,0,0,0,0,0,0,0,0,0
C04346,2024-03-11,0,0,0,0,0,0,0,0,0,0
C18836,2024-04-01,0,0,0,0,0,0,0,0,0,0
C01943,2023-01-02,0,0,0,0,0,0,0,0,0,0
C05839,2023-10-02,0,0,0,0,0,0,0,0,0,0
C09653,2025-09-15,0,0,0,0,0,0,0,0,0,0
C19727,2024-07-01,0,0,0,0,0,0,0,0,0,0
C03846,2025-08-04,0,0,0,0,0,0,0,0,0,0
C12873,2025-11-24,1,6,7,110,1,6,0,0,0,0
C17071,2024-02-12,0,0,0,0,0,0,0,0,0,0
C06138,2025-05-12,0,0,0,0,0,0,0,0,0,0
C01032,2025-10-06,0,0,0,0,0,0,0,0,0,0
C19469,2024-01-29,0,0,0,0,0,0,0,0,0,0
C17098,2024-02-05,0,0,0,0,0,0,0,0,0,0
C17802,2025-10-20,0,0,0,0,0,0,0,0,0,0
C13447,2023-07-17,0,0,0,0,0,0,0,0,0,0
C06574,2025-11-10,0,0,0,0,0,0,0,0,0,0
C14578,2023-12-18,0,0,0,0,0,0,0,0,0,0
C15609,2024-08-19,0,0,0,0,0,0,0,0,0,0
C16636,2024-11-18,0,0,0,0,0,0,0,0,0,0
C18764,2026-01-05,0,0,0,0,0,0,0,0,0,0
C00427,2025-11-24,11,48,6,922,2,37,0,0,11,0
C07800,2025-11-03,0,0,0,0,0,0,0,0,0,0
C09536,2023-02-13,0,0,0,0,0,0,0,0,0,0
C00997,2025-07-21,0,0,0,0,0,0,0,0,0,0
C05629,2023-01-02,0,0,0,0,0,0,0,0,0,0
C02163,2024-05-20,0,0,0,0,0,0,0,0,0,0
C04881,2025-11-03,12,33,4,568,1,33,0,0,0,0
C08203,2024-02-12,0,0,0,0,0,0,0,0,0,0
C18862,2023-07-31,0,0,0,0,0,0,0,0,0,0
C14669,2025-07-14,0,0,0,0,0,0,0,0,0,0
C04102,2024-07-22,142,678,7,12729,2,471,207,0,0,0
C13405,2025-07-07,51,356,7,6239,3,197,90,0,69,0
C12666,2023-10-30,0,0,0,0,0,0,0,0,0,0
C01018,2025-06-09,45,278,6,5953,3,160,0,67,51,0
C12272,2025-12-22,0,0,0,0,0,0,0,0,0,0
C04308,2023-01-23,0,0,0,0,0,0,0,0,0,0
C01345,2024-02-05,0,0,0,0,0,0,0,0,0,0
C09006,2024-07-22,0,0,0,0,0,0,0,0,0,0
C05831,2023-03-20,0,0,0,0,0,0,0,0,0,0
C16806,2025-09-15,0,0,0,0,0,0,0,0,0,0
C02678,2025-08-04,0,0,0,0,0,0,0,0,0,0
C03964,2023-12-11,0,0,0,0,0,0,0,0,0,0
C08894,2025-12-01,0,0,0,0,0,0,0,0,0,0
C06699,2024-09-30,157,1155,6,22692,4,505,235,281,0,134
C02390,2024-10-28,0,0,0,0,0,0,0,0,0,0
C17082,2024-04-01,0,0,0,0,0,0,0,0,0,0
C04545,2025-08-04,8,33,6,651,2,23,10,0,0,0
C16889,2024-12-23,0,0,0,0,0,0,0,0,0,0
C06386,2023-11-27,0,0,0,0,0,0,0,0,0,0
C14008,2023-12-11,0,0,0,0,0,0,0,0,0,0
C13488,2025-11-03,0,0,0,0,0,0,0,0,0,0
C15456,2025-09-01,0,0,0,0,0,0,0,0,0,0
C07831,2023-05-01,0,0,0,0,0,0,0,0,0,0
C19307,2025-10-06,0,0,0,0,0,0,0,0,0,0
C17556,2024-11-04,1,4,6,64,1,4,0,0,0,0
C16811,2024-07-22,0,0,0,0,0,0,0,0,0,0
C10109,2025-02-24,558,4663,6,84419,4,1973,952,988,750,0
C11210,2023-12-11,0,0,0,0,0,0,0,0,0,0
C07576,2024-02-19,0,0,0,0,0,0,0,0,0,0
C09158,2024-04-29,8,42,6,803,2,37,0,0,5,0
C15128,2023-04-03,0,0,0,0,0,0,0,0,0,0
C04421,2024-09-02,0,0,0,0,0,0,0,0,0,0
C18836,2025-05-12,0,0,0,0,0,0,0,0,0,0
C01204,2025-09-15,0,0,0,0,0,0,0,0,0,0
C10039,2023-04-10,0,0,0,0,0,0,0,0,0,0
C14690,2024-06-03,0,0,0,0,0,0,0,0,0,0
C11769,2025-09-08,0,0,0,0,0,0,0,0,0,0
C06537,2023-12-11,0,0,0,0,0,0,0,0,0,0
C19774,2023-01-23,0,0,0,0,0,0,0,0,0,0
C17974,2023-09-18,0,0,0,0,0,0,0,0,0,0
C05180,2025-04-07,0,0,0,0,0,0,0,0,0,0
C13592,2024-08-12,0,0,0,0,0,0,0,0,0,0
C15368,2024-03-25,0,0,0,0,0,0,0,0,0,0
C02657,2023-09-25,0,0,0,0,0,0,0,0,0,0
C19286,2024-05-06,0,0,0,0,0,0,0,0,0,0
C04947,2023-03-06,0,0,0,0,0,0,0,0,0,0
C19081,2024-01-01,0,0,0,0,0,0,0,0,0,0
C00911,2025-11-10,0,0,0,0,0,0,0,0,0,0
C00497,2023-01-09,0,0,0,0,0,0,0,0,0,0
C01277,2023-03-13,0,0,0,0,0,0,0,0,0,0
C08863,2023-09-04,0,0,0,0,0,0,0,0,0,0
C08413,2025-06-09,62,207,2,4131,1,207,0,0,0,0
C01743,2024-07-08,0,0,0,0,0,0,0,0,0,0
C02623,2023-01-02,0,0,0,0,0,0,0,0,0,0
C16054,2023-05-01,0,0,0,0,0,0,0,0,0,0
C09252,2024-05-13,0,0,0,0,0,0,0,0,0,0
C08600,2023-02-20,0,0,0,0,0,0,0,0,0,0
C15038,2024-10-28,0,0,0,0,0,0,0,0,0,0
C03346,2026-01-05,22,60,5,1148,2,35,25,0,0,0
C08326,2023-12-25,0,0,0,0,0,0,0,0,0,0
C14618,2025-06-23,335,2014,6,34215,3,1201,0,0,435,378
C05219,2024-02-26,0,0,0,0,0,0,0,0,0,0
C06891,2025-08-11,218,1015,4,17956,2,645,0,370,0,0
C00175,2024-06-10,0,0,0,0,0,0,0,0,0,0
C13852,2024-06-03,19,101,7,1866,2,66,0,35,0,0
C19214,2023-07-31,0,0,0,0,0,0,0,0,0,0
C04058,2025-11-17,877,4188,5,92679,2,2787,1401,0,0,0
C00996,2023-05-01,0,0,0,0,0,0,0,0,0,0
C06689,2025-05-19,0,0,0,0,0,0,0,0,0,0
C11062,2024-12-23,0,0,0,0,0,0,0,0,0,0
C15179,2024-07-15,0,0,0,0,0,0,0,0,0,0
C01644,2023-04-10,0,0,0,0,0,0,0,0,0,0
C16094,2024-02-12,0,0,0,0,0,0,0,0,0,0
C09470,2025-05-26,0,0,0,0,0,0,0,0,0,0
C12147,2024-06-03,0,0,0,0,0,0,0,0,0,0
C05966,2024-04-08,0,0,0,0,0,0,0,0,0,0
C07146,2023-05-01,0,0,0,0,0,0,0,0,0,0
C10140,2023-07-03,0,0,0,0,0,0,0,0,0,0
C06777,2025-01-06,0,0,0,0,0,0,0,0,0,0
C12545,2024-02-19,0,0,0,0,0,0,0,0,0,0
C09837,2023-05-15,0,0,0,0,0,0,0,0,0,0
C00087,2024-12-23,292,2017,4,37166,3,1120,576,0,0,321
C03510,2023-08-07,0,0,0,0,0,0,0,0,0,0
C00923,2024-04-29,0,0,0,0,0,0,0,0,0,0
C16603,2024-12-02,0,0,0,0,0,0,0,0,0,0
C13505,2023-04-10,0,0,0,0,0,0,0,0,0,0
C12037,2023-01-09,0,0,0,0,0,0,0,0,0,0
C18318,2025-07-14,665,3983,5,74892,3,2015,955,1013,0,0
C19594,2024-10-28,0,0,0,0,0,0,0,0,0,0
C13744,2025-03-17,0,0,0,0,0,0,0,0,0,0
C03603,2025-08-18,8,52,7,980,4,24,5,11,12,0
C04358,2023-11-27,0,0,0,0,0,0,0,0,0,0
C07892,2023-10-16,0,0,0,0,0,0,0,0,0,0
C18689,2023-06-26,0,0,0,0,0,0,0,0,0,0
C15102,2023-12-04,0,0,0,0,0,0,0,0,0,0
C04665,2024-07-29,0,0,0,0,0,0,0,0,0,0
C18001,2025-07-28,0,0,0,0,0,0,0,0,0,0
C12333,2025-10-20,319,2212,7,40155,3,1117,533,562,0,0
C15317,2023-04-17,0,0,0,0,0,0,0,0,0,0
C16138,2023-11-06,0,0,0,0,0,0,0,0,0,0
C05817,2023-01-02,0,0,0,0,0,0,0,0,0,0
C16434,2023-07-17,0,0,0,0,0,0,0,0,0,0
C10434,2023-12-18,0,0,0,0,0,0,0,0,0,0
C12909,2023-11-06,0,0,0,0,0,0,0,0,0,0
C01325,2023-04-10,0,0,0,0,0,0,0,0,0,0
C04102,2024-04-29,145,729,6,14789,2,466,263,0,0,0
C14833,2024-01-15,0,0,0,0,0,0,0,0,0,0
C09709,2024-04-01,0,0,0,0,0,0,0,0,0,0
C19906,2025-08-11,0,0,0,0,0,0,0,0,0,0
C11075,2024-01-15,0,0,0,0,0,0,0,0,0,0
C02002,2024-12-30,10,95,7,1865,3,50,20,25,0,0
C11961,2025-09-29,0,0,0,0,0,0,0,0,0,0
C11940,2025-12-15,0,0,0,0,0,0,0,0,0,0
C12044,2024-09-23,0,0,0,0,0,0,0,0,0,0
C04661,2024-12-16,156,727,6,11525,2,530,0,0,197,0
C08743,2023-10-09,0,0,0,0,0,0,0,0,0,0
C13249,2024-04-29,0,0,0,0,0,0,0,0,0,0
C07578,2025-08-18,4,4,1,69,1,4,0,0,0,0
C01066,2024-08-12,0,0,0,0,0,0,0,0,0,0
C05530,2023-08-07,0,0,0,0,0,0,0,0,0,0
C02217,2023-11-20,0,0,0,0,0,0,0,0,0,0
C16488,2024-01-15,0,0,0,0,0,0,0,0,0,0
C01228,2024-10-28,0,0,0,0,0,0,0,0,0,0
C12824,2024-04-29,0,0,0,0,0,0,0,0,0,0
C15098,2025-07-07,98,389,6,5670,2,281,0,0,108,0
C14987,2025-11-24,0,0,0,0,0,0,0,0,0,0
C13818,2024-03-18,0,0,0,0,0,0,0,0,0,0
C18434,2025-10-06,48,150,5,2266,1,150,0,0,0,0
C18915,2025-12-22,0,0,0,0,0,0,0,0,0,0
C14594,2024-11-25,0,0,0,0,0,0,0,0,0,0
C08359,2025-03-17,0,0,0,0,0,0,0,0,0,0
C14400,2023-06-12,0,0,0,0,0,0,0,0,0,0
C00811,2024-12-23,0,0,0,0,0,0,0,0,0,0
C16826,2023-06-26,0,0,0,0,0,0,0,0,0,0
C04105,2023-10-16,0,0,0,0,0,0,0,0,0,0
C00153,2025-01-13,1,6,6,107,1,6,0,0,0,0
C04804,2023-01-09,0,0,0,0,0,0,0,0,0,0
C15402,2025-05-05,0,0,0,0,0,0,0,0,0,0
C18400,2025-09-15,0,0,0,0,0,0,0,0,0,0
C13779,2025-03-10,11,37,5,586,1,37,0,0,0,0
C02557,2024-12-16,0,0,0,0,0,0,0,0,0,0
C18123,2025-05-19,0,0,0,0,0,0,0,0,0,0
C08528,2023-06-19,0,0,0,0,0,0,0,0,0,0
C09526,2024-08-26,0,0,0,0,0,0,0,0,0,0
C04704,2023-04-17,0,0,0,0,0,0,0,0,0,0
C05159,2025-06-23,0,0,0,0,0,0,0,0,0,0
C06256,2024-09-23,1693,14188,7,281279,4,5948,2926,3112,2202,0
C09610,2023-11-20,0,0,0,0,0,0,0,0,0,0
C08828,2024-12-23,459,3020,7,54431,3,1503,0,860,657,0
C01246,2024-08-05,0,0,0,0,0,0,0,0,0,0
C16306,2025-09-15,0,0,0,0,0,0,0,0,0,0
C15357,2025-09-29,0,0,0,0,0,0,0,0,0,0
C14187,2023-04-24,0,0,0,0,0,0,0,0,0,0
C00417,2023-05-22,0,0,0,0,0,0,0,0,0,0
C13294,2023-01-09,0,0,0,0,0,0,0,0,0,0
C10390,2023-07-31,0,0,0,0,0,0,0,0,0,0
C17709,2024-05-20,59,220,5,4419,2,151,0,0,69,0
C19558,2024-07-22,0,0,0,0,0,0,0,0,0,0
C09727,2023-11-13,0,0,0,0,0,0,0,0,0,0
C09474,2025-04-28,0,0,0,0,0,0,0,0,0,0
C10764,2024-12-02,200,1158,7,20053,3,679,273,0,206,0
C17971,2025-10-13,0,0,0,0,0,0,0,0,0,0
C02521,2025-09-08,0,0,0,0,0,0,0,0,0,0
C02922,2024-03-18,0,0,0,0,0,0,0,0,0,0
C16610,2025-05-26,0,0,0,0,0,0,0,0,0,0
C17662,2024-04-01,35,229,7,3952,3,112,0,55,62,0
C09075,2023-10-16,0,0,0,0,0,0,0,0,0,0
C00521,2023-06-19,0,0,0,0,0,0,0,0,0,0
C05400,2023-01-23,0,0,0,0,0,0,0,0,0,0
C06874,2024-01-08,0,0,0,0,0,0,0,0,0,0
C03810,2024-07-29,0,0,0,0,0,0,0,0,0,0
C14096,2025-10-06,0,0,0,0,0,0,0,0,0,0
C18187,2025-04-14,0,0,0,0,0,0,0,0,0,0
C06192,2024-07-22,0,0,0,0,0,0,0,0,0,0
C09970,2024-05-27,0,0,0,0,0,0,0,0,0,0
C02222,2025-07-21,10,56,7,975,3,24,10,22,0,0
C15645,2025-03-03,0,0,0,0,0,0,0,0,0,0
C06996,2024-04-01,0,0,0,0,0,0,0,0,0,0
C04343,2024-11-11,475,3738,6,64610,3,1873,900,965,0,0
C00550,2023-04-03,0,0,0,0,0,0,0,0,0,0
C06761,2024-12-30,0,0,0,0,0,0,0,0,0,0
C08394,2024-04-01,0,0,0,0,0,0,0,0,0,0
C05537,2023-10-23,0,0,0,0,0,0,0,0,0,0
C04326,2025-10-06,52,251,7,4970,2,178,0,0,0,73
C14881,2025-06-09,0,0,0,0,0,0,0,0,0,0
C09292,2023-04-03,0,0,0,0,0,0,0,0,0,0
C06337,2023-02-27,0,0,0,0,0,0,0,0,0,0
C18583,2023-05-22,0,0,0,0,0,0,0,0,0,0
C02777,2025-06-23,0,0,0,0,0,0,0,0,0,0
C12836,2025-10-20,6,12,3,181,1,12,0,0,0,0
C02428,2024-01-22,0,0,0,0,0,0,0,0,0,0
C04915,2024-01-08,0,0,0,0,0,0,0,0,0,0
C01920,2023-05-15,0,0,0,0,0,0,0,0,0,0
C19091,2025-10-20,0,0,0,0,0,0,0,0,0,0
C03719,2025-11-03,281,1788,6,31363,3,960,481,0,347,0
C13980,2023-03-06,0,0,0,0,0,0,0,0,0,0
C17513,2025-06-23,241,1290,6,26331,2,880,0,410,0,0
C12028,2025-08-25,4,5,1,89,1,5,0,0,0,0
C19188,2025-09-08,0,0,0,0,0,0,0,0,0,0
C18987,2023-03-20,0,0,0,0,0,0,0,0,0,0
C18484,2023-07-24,0,0,0,0,0,0,0,0,0,0
C17828,2025-04-14,0,0,0,0,0,0,0,0,0,0
C00425,2025-05-12,78,383,6,7102,3,206,0,112,0,65
C18954,2023-12-04,0,0,0,0,0,0,0,0,0,0
C06398,2023-07-31,0,0,0,0,0,0,0,0,0,0
C00753,2025-09-22,46,236,6,4363,2,155,0,81,0,0
C09988,2023-10-16,0,0,0,0,0,0,0,0,0,0
C01196,2024-07-01,0,0,0,0,0,0,0,0,0,0
C03031,2025-01-20,429,2211,6,43578,2,1483,728,0,0,0
C05581,2024-08-19,0,0,0,0,0,0,0,0,0,0
C08517,2025-02-24,0,0,0,0,0,0,0,0,0,0
C03904,2024-09-02,0,0,0,0,0,0,0,0,0,0
C00468,2025-09-01,0,0,0,0,0,0,0,0,0,0
C08776,2025-04-07,0,0,0,0,0,0,0,0,0,0
C09445,2023-11-27,0,0,0,0,0,0,0,0,0,0
C06969,2025-04-21,0,0,0,0,0,0,0,0,0,0
C10705,2025-03-10,0,0,0,0,0,0,0,0,0,0
C00932,2023-04-03,0,0,0,0,0,0,0,0,0,0
C19950,2023-12-11,0,0,0,0,0,0,0,0,0,0
C08046,2024-07-08,0,0,0,0,0,0,0,0,0,0
C17899,2025-05-05,142,913,5,19060,3,454,217,242,0,0
C12842,2023-11-13,0,0,0,0,0,0,0,0,0,0
C02722,2025-09-01,245,1453,5,28369,3,797,376,0,0,280
C19522,2024-04-01,1756,10338,7,202094,3,6159,0,0,2347,1832
C08358,2024-04-22,0,0,0,0,0,0,0,0,0,0
C03423,2024-11-04,199,1149,7,25057,2,765,384,0,0,0
C09706,2024-06-10,0,0,0,0,0,0,0,0,0,0
C05332,2023-05-29,0,0,0,0,0,0,0,0,0,0
C11995,2024-10-07,16,60,5,1200,1,60,0,0,0,0
C01292,2024-08-05,0,0,0,0,0,0,0,0,0,0
C15729,2023-09-25,0,0,0,0,0,0,0,0,0,0
C12995,2025-05-05,0,0,0,0,0,0,0,0,0,0
C01543,2024-06-03,0,0,0,0,0,0,0,0,0,0
C15272,2025-08-25,0,0,0,0,0,0,0,0,0,0
C19603,2024-10-14,0,0,0,0,0,0,0,0,0,0
C04281,2025-09-08,0,0,0,0,0,0,0,0,0,0
C15675,2023-02-06,0,0,0,0,0,0,0,0,0,0
C14336,2023-03-06,0,0,0,0,0,0,0,0,0,0
C08069,2024-12-09,0,0,0,0,0,0,0,0,0,0
C15012,2024-03-18,0,0,0,0,0,0,0,0,0,0
C00604,2023-11-06,0,0,0,0,0,0,0,0,0,0
C18057,2023-09-11,0,0,0,0,0,0,0,0,0,0
C08459,2025-11-10,0,0,0,0,0,0,0,0,0,0
C12753,2024-10-28,0,0,0,0,0,0,0,0,0,0
C07043,2024-01-01,0,0,0,0,0,0,0,0,0,0
C03176,2023-05-01,0,0,0,0,0,0,0,0,0,0
C11423,2023-05-15,0,0,0,0,0,0,0,0,0,0
C17946,2024-06-03,0,0,0,0,0,0,0,0,0,0
C12083,2025-11-10,0,0,0,0,0,0,0,0,0,0
C09455,2024-02-12,0,0,0,0,0,0,0,0,0,0
C03528,2024-07-22,2,3,3,51,1,3,0,0,0,0
C04081,2023-07-17,0,0,0,0,0,0,0,0,0,0
C05586,2025-03-31,0,0,0,0,0,0,0,0,0,0
C01401,2023-01-23,0,0,0,0,0,0,0,0,0,0
C18273,2024-03-25,0,0,0,0,0,0,0,0,0,0
C07992,2023-07-10,0,0,0,0,0,0,0,0,0,0
C04294,2024-11-25,0,0,0,0,0,0,0,0,0,0
C06818,2023-08-28,0,0,0,0,0,0,0,0,0,0
C17755,2024-05-27,0,0,0,0,0,0,0,0,0,0
C08337,2023-04-10,0,0,0,0,0,0,0,0,0,0
C03459,2025-04-28,0,0,0,0,0,0,0,0,0,0
C07006,2024-06-17,14,47,3,983,1,47,0,0,0,0
C13640,2025-04-28,0,0,0,0,0,0,0,0,0,0
C05184,2024-12-16,147,1397,6,26150,5,531,219,265,188,194
C14910,2023-07-03,0,0,0,0,0,0,0,0,0,0
C18929,2025-01-20,96,384,4,6330,1,384,0,0,0,0
C10489,2025-11-03,1876,16834,7,333483,4,7049,3652,3518,2615,0
C09854,2024-01-22,0,0,0,0,0,0,0,0,0,0
C10116,2024-12-23,16,49,4,762,1,49,0,0,0,0
C09686,2024-07-22,0,0,0,0,0,0,0,0,0,0
C00509,2025-12-15,2,7,6,129,2,5,2,0,0,0
C18634,2025-09-15,0,0,0,0,0,0,0,0,0,0
C06093,2023-02-27,0,0,0,0,0,0,0,0,0,0
C15115,2023-01-23,0,0,0,0,0,0,0,0,0,0
C13035,2025-10-20,8,31,5,699,1,31,0,0,0,0
C12677,2023-04-17,0,0,0,0,0,0,0,0,0,0
C13520,2023-08-14,0,0,0,0,0,0,0,0,0,0
C08506,2024-02-19,0,0,0,0,0,0,0,0,0,0
C03052,2024-01-15,0,0,0,0,0,0,0,0,0,0
C19850,2023-03-27,0,0,0,0,0,0,0,0,0,0
C09848,2025-09-15,0,0,0,0,0,0,0,0,0,0
C16442,2024-11-18,173,1201,6,21987,4,537,250,245,169,0
C15355,2024-01-15,0,0,0,0,0,0,0,0,0,0
C05043,2023-03-06,0,0,0,0,0,0,0,0,0,0
C03103,2025-05-19,486,2911,7,61691,3,1500,718,693,0,0
C09535,2023-01-23,0,0,0,0,0,0,0,0,0,0
C09456,2025-03-17,16,95,7,1707,2,62,0,33,0,0
C16070,2025-12-22,7,54,7,928,4,27,8,6,13,0
C07096,2024-05-20,0,0,0,0,0,0,0,0,0,0
C14664,2025-06-30,0,0,0,0,0,0,0,0,0,0
C13547,2025-11-24,0,0,0,0,0,0,0,0,0,0
C18227,2023-05-08,0,0,0,0,0,0,0,0,0,0
C11384,2025-09-15,0,0,0,0,0,0,0,0,0,0
C12377,2025-09-22,0,0,0,0,0,0,0,0,0,0
C17549,2023-08-07,0,0,0,0,0,0,0,0,0,0
C00291,2023-05-01,0,0,0,0,0,0,0,0,0,0
C15641,2023-10-30,0,0,0,0,0,0,0,0,0,0
C11583,2025-07-28,19,108,7,2048,3,60,0,38,0,10
C06323,2024-06-10,0,0,0,0,0,0,0,0,0,0
C12339,2024-07-29,0,0,0,0,0,0,0,0,0,0
C05186,2024-11-18,0,0,0,0,0,0,0,0,0,0
C16904,2025-03-17,0,0,0,0,0,0,0,0,0,0
C00555,2024-04-01,0,0,0,0,0,0,0,0,0,0
C08377,2024-09-16,0,0,0,0,0,0,0,0,0,0
C01600,2023-11-13,0,0,0,0,0,0,0,0,0,0
C17520,2023-10-23,0,0,0,0,0,0,0,0,0,0
C05943,2023-05-15,0,0,0,0,0,0,0,0,0,0
C03069,2023-06-26,0,0,0,0,0,0,0,0,0,0
C00432,2024-09-30,0,0,0,0,0,0,0,0,0,0
C12942,2023-08-21,0,0,0,0,0,0,0,0,0,0
C04467,2025-06-30,29,187,6,3226,3,101,44,42,0,0
C01592,2023-11-27,0,0,0,0,0,0,0,0,0,0
C15267,2023-05-08,0,0,0,0,0,0,0,0,0,0
C02243,2025-10-13,8,32,6,593,2,25,7,0,0,0
C16707,2023-08-07,0,0,0,0,0,0,0,0,0,0
C05112,2024-04-01,0,0,0,0,0,0,0,0,0,0
C00170,2023-06-26,0,0,0,0,0,0,0,0,0,0
C08626,2024-05-13,0,0,0,0,0,0,0,0,0,0
C13290,2025-12-29,0,0,0,0,0,0,0,0,0,0
C16639,2025-02-10,13,61,5,1172,2,46,15,0,0,0
C14795,2024-02-05,0,0,0,0,0,0,0,0,0,0
C14664,2024-12-30,0,0,0,0,0,0,0,0,0,0
C10933,2024-02-05,0,0,0,0,0,0,0,0,0,0
C12146,2025-08-04,0,0,0,0,0,0,0,0,0,0
C06680,2023-02-20,0,0,0,0,0,0,0,0,0,0
C13645,2023-06-05,0,0,0,0,0,0,0,0,0,0
C03972,2024-05-06,0,0,0,0,0,0,0,0,0,0
C07943,2025-11-10,0,0,0,0,0,0,0,0,0,0
C16402,2025-02-10,9,29,4,460,1,29,0,0,0,0
C04864,2025-10-27,27,124,7,2570,3,66,0,39,0,19
C02732,2024-09-09,12,60,6,861,3,44,14,0,0,2
C07252,2024-01-01,0,0,0,0,0,0,0,0,0,0
C09489,2023-04-17,0,0,0,0,0,0,0,0,0,0
C05642,2025-05-19,190,947,7,20506,2,614,0,333,0,0
C15973,2024-03-04,0,0,0,0,0,0,0,0,0,0
C08241,2025-04-14,0,0,0,0,0,0,0,0,0,0
C18507,2023-11-27,0,0,0,0,0,0,0,0,0,0
C01446,2026-01-05,0,0,0,0,0,0,0,0,0,0
C18634,2024-11-11,0,0,0,0,0,0,0,0,0,0
C16575,2024-04-01,0,0,0,0,0,0,0,0,0,0
C01372,2024-12-23,728,4778,7,95669,3,2669,1370,0,0,739
C11118,2025-06-30,11,36,4,661,1,36,0,0,0,0
C06279,2024-03-25,0,0,0,0,0,0,0,0,0,0
C03698,2023-09-04,0,0,0,0,0,0,0,0,0,0
C06366,2025-05-12,0,0,0,0,0,0,0,0,0,0
C01789,2024-10-21,283,1864,6,36027,3,963,452,449,0,0
C05982,2025-01-13,18,124,5,2381,3,69,0,36,19,0
C11217,2024-06-17,0,0,0,0,0,0,0,0,0,0
C12676,2025-09-22,37,127,6,3091,1,127,0,0,0,0
C11177,2023-10-30,0,0,0,0,0,0,0,0,0,0
C05308,2025-04-21,0,0,0,0,0,0,0,0,0,0
C01022,2025-05-19,0,0,0,0,0,0,0,0,0,0
C09686,2024-07-15,0,0,0,0,0,0,0,0,0,0
C02035,2023-09-18,0,0,0,0,0,0,0,0,0,0
C02756,2023-07-03,0,0,0,0,0,0,0,0,0,0
C15999,2024-07-01,0,0,0,0,0,0,0,0,0,0
C17648,2025-01-27,0,0,0,0,0,0,0,0,0,0
C12929,2023-12-04,0,0,0,0,0,0,0,0,0,0
C15978,2025-09-15,0,0,0,0,0,0,0,0,0,0
C09547,2023-10-23,0,0,0,0,0,0,0,0,0,0
C00847,2023-09-18,0,0,0,0,0,0,0,0,0,0
C04298,2023-01-09,0,0,0,0,0,0,0,0,0,0
C10720,2025-05-12,0,0,0,0,0,0,0,0,0,0
C01470,2024-01-01,0,0,0,0,0,0,0,0,0,0
C05701,2023-01-23,0,0,0,0,0,0,0,0,0,0
C17195,2025-02-24,0,0,0,0,0,0,0,0,0,0
C18312,2023-12-11,0,0,0,0,0,0,0,0,0,0
C11269,2023-03-13,0,0,0,0,0,0,0,0,0,0
C06539,2023-09-11,0,0,0,0,0,0,0,0,0,0
C05583,2024-07-08,0,0,0,0,0,0,0,0,0,0
C12201,2025-11-24,1622,9113,5,170679,2,5977,0,3136,0,0
C02270,2024-06-17,304,869,2,15258,1,869,0,0,0,0
C05611,2023-04-03,0,0,0,0,0,0,0,0,0,0
C04377,2024-12-16,173,993,5,17576,3,499,262,0,232,0
C12945,2024-11-18,0,0,0,0,0,0,0,0,0,0
C11494,2025-01-06,1,2,4,40,1,2,0,0,0,0
C12285,2023-04-10,0,0,0,0,0,0,0,0,0,0
C12424,2023-08-14,0,0,0,0,0,0,0,0,0,0
C10162,2023-11-06,0,0,0,0,0,0,0,0,0,0
C10579,2025-01-06,2,15,7,301,3,6,6,3,0,0
C14799,2023-12-04,0,0,0,0,0,0,0,0,0,0
C10986,2025-03-31,0,0,0,0,0,0,0,0,0,0
C06831,2025-01-27,0,0,0,0,0,0,0,0,0,0
C01088,2025-06-02,291,1874,6,42364,3,1097,0,0,427,350
C00330,2023-01-02,0,0,0,0,0,0,0,0,0,0
C03091,2023-06-26,0,0,0,0,0,0,0,0,0,0
C18380,2024-11-18,0,0,0,0,0,0,0,0,0,0
C12505,2024-09-23,0,0,0,0,0,0,0,0,0,0
C01461,2025-06-09,0,0,0,0,0,0,0,0,0,0
C02941,2023-08-28,0,0,0,0,0,0,0,0,0,0
C15966,2025-10-06,0,0,0,0,0,0,0,0,0,0
C01890,2023-07-03,0,0,0,0,0,0,0,0,0,0
C15260,2023-05-29,0,0,0,0,0,0,0,0,0,0
C13393,2024-03-18,0,0,0,0,0,0,0,0,0,0
C17050,2023-04-10,0,0,0,0,0,0,0,0,0,0
C00453,2023-05-15,0,0,0,0,0,0,0,0,0,0
C15792,2023-07-10,0,0,0,0,0,0,0,0,0,0
C17640,2025-07-14,0,0,0,0,0,0,0,0,0,0
C14526,2024-07-15,0,0,0,0,0,0,0,0,0,0
C13108,2024-08-26,0,0,0,0,0,0,0,0,0,0
C17273,2025-06-02,0,0,0,0,0,0,0,0,0,0
C09255,2023-07-10,0,0,0,0,0,0,0,0,0,0
C18103,2023-08-28,0,0,0,0,0,0,0,0,0,0
C01321,2023-11-27,0,0,0,0,0,0,0,0,0,0
C17140,2025-11-17,0,0,0,0,0,0,0,0,0,0
C00366,2023-02-13,0,0,0,0,0,0,0,0,0,0
C13843,2023-06-05,0,0,0,0,0,0,0,0,0,0
C16221,2025-08-18,0,0,0,0,0,0,0,0,0,0
C09801,2024-09-16,17,67,3,1214,2,53,0,0,0,14
C05936,2023-01-23,0,0,0,0,0,0,0,0,0,0
C07807,2025-02-17,0,0,0,0,0,0,0,0,0,0
C19736,2024-12-23,0,0,0,0,0,0,0,0,0,0
C10282,2024-07-08,0,0,0,0,0,0,0,0,0,0
C12557,2025-09-08,19,70,6,1245,2,52,0,0,18,0
C19292,2024-09-02,686,6848,6,136152,5,2535,1290,1226,1010,787
C04524,2024-09-16,1877,15624,7,296304,5,5911,3017,2871,2216,1609
C05643,2025-04-21,161,1012,7,17404,3,541,245,0,226,0
C07749,2024-05-13,1,5,6,77,1,5,0,0,0,0
C19810,2023-06-05,0,0,0,0,0,0,0,0,0,0
C13962,2025-04-28,34,102,6,1714,1,102,0,0,0,0
C02745,2025-06-23,0,0,0,0,0,0,0,0,0,0
C10650,2023-10-16,0,0,0,0,0,0,0,0,0,0
C09283,2024-04-15,0,0,0,0,0,0,0,0,0,0
C06039,2025-09-29,0,0,0,0,0,0,0,0,0,0
C03816,2023-01-09,0,0,0,0,0,0,0,0,0,0
C19092,2025-04-07,0,0,0,0,0,0,0,0,0,0
C00789,2024-11-25,0,0,0,0,0,0,0,0,0,0
C04661,2025-03-24,177,838,7,13367,2,634,0,0,204,0
C12020,2024-10-07,8,26,4,453,2,20,6,0,0,0
C18546,2023-09-18,0,0,0,0,0,0,0,0,0,0
C14961,2025-03-17,31,148,7,2976,3,73,50,0,25,0
C16420,2025-08-04,0,0,0,0,0,0,0,0,0,0
C17879,2023-06-12,0,0,0,0,0,0,0,0,0,0
C04089,2023-01-02,0,0,0,0,0,0,0,0,0,0
C15969,2025-10-20,0,0,0,0,0,0,0,0,0,0
C16545,2023-01-02,0,0,0,0,0,0,0,0,0,0
C15984,2024-07-15,0,0,0,0,0,0,0,0,0,0
C05823,2024-02-05,0,0,0,0,0,0,0,0,0,0
C10497,2025-12-01,0,0,0,0,0,0,0,0,0,0
C03939,2024-12-09,18,78,5,1407,2,61,17,0,0,0
C02216,2024-01-08,0,0,0,0,0,0,0,0,0,0
C06491,2024-06-10,0,0,0,0,0,0,0,0,0,0
C16785,2023-10-09,0,0,0,0,0,0,0,0,0,0
C07552,2024-12-02,0,0,0,0,0,0,0,0,0,0
C04736,2023-07-31,0,0,0,0,0,0,0,0,0,0
C00612,2025-06-09,0,0,0,0,0,0,0,0,0,0
C16869,2025-08-11,0,0,0,0,0,0,0,0,0,0
C15384,2023-11-06,0,0,0,0,0,0,0,0,0,0
C08242,2025-03-10,0,0,0,0,0,0,0,0,0,0
C04330,2025-03-17,493,2969,7,61372,3,1482,719,768,0,0
C18870,2023-02-20,0,0,0,0,0,0,0,0,0,0
C17186,2023-10-09,0,0,0,0,0,0,0,0,0,0
C00246,2025-06-23,868,4643,6,84579,3,2209,1194,1240,0,0
C07380,2023-09-04,0,0,0,0,0,0,0,0,0,0
C13583,2024-08-05,0,0,0,0,0,0,0,0,0,0
C03824,2023-09-25,0,0,0,0,0,0,0,0,0,0
C03345,2025-02-24,27,126,5,2530,2,79,0,47,0,0
C06187,2023-12-18,0,0,0,0,0,0,0,0,0,0
C02386,2025-08-11,0,0,0,0,0,0,0,0,0,0
C19317,2023-10-09,0,0,0,0,0,0,0,0,0,0
C15139,2023-05-29,0,0,0,0,0,0,0,0,0,0
C19688,2024-07-29,0,0,0,0,0,0,0,0,0,0
C18932,2024-07-08,161,729,5,14698,2,475,254,0,0,0
C02505,2025-07-14,50,298,6,5360,2,197,101,0,0,0
C06248,2025-03-31,0,0,0,0,0,0,0,0,0,0
C02550,2024-02-26,0,0,0,0,0,0,0,0,0,0
C07176,2024-10-21,0,0,0,0,0,0,0,0,0,0
C04618,2023-06-12,0,0,0,0,0,0,0,0,0,0
C12759,2024-11-11,0,0,0,0,0,0,0,0,0,0
C04285,2025-12-01,211,1759,5,38722,5,684,306,348,265,156
C10984,2024-08-19,0,0,0,0,0,0,0,0,0,0
C01294,2025-02-03,1,7,7,136,1,7,0,0,0,0
C08988,2025-03-31,164,757,7,14504,3,423,202,0,132,0
C08291,2023-09-25,0,0,0,0,0,0,0,0,0,0
C13325,2023-10-02,0,0,0,0,0,0,0,0,0,0
C16343,2023-08-28,0,0,0,0,0,0,0,0,0,0
C13897,2024-01-01,0,0,0,0,0,0,0,0,0,0
C16309,2024-02-26,0,0,0,0,0,0,0,0,0,0
C17810,2023-04-03,0,0,0,0,0,0,0,0,0,0
C06558,2024-03-18,0,0,0,0,0,0,0,0,0,0
C08145,2023-07-24,0,0,0,0,0,0,0,0,0,0
C09054,2023-10-30,0,0,0,0,0,0,0,0,0,0
C09669,2024-11-11,0,0,0,0,0,0,0,0,0,0
C00316,2024-10-21,0,0,0,0,0,0,0,0,0,0
C17367,2025-05-12,0,0,0,0,0,0,0,0,0,0
C14074,2023-10-02,0,0,0,0,0,0,0,0,0,0
C19820,2025-01-13,622,3990,7,67375,3,2410,0,0,883,697
C13683,2023-02-13,0,0,0,0,0,0,0,0,0,0
C14639,2024-04-01,0,0,0,0,0,0,0,0,0,0
C04865,2025-06-09,0,0,0,0,0,0,0,0,0,0
C07900,2024-02-05,0,0,0,0,0,0,0,0,0,0
C02801,2025-05-05,0,0,0,0,0,0,0,0,0,0
C04892,2024-01-22,0,0,0,0,0,0,0,0,0,0
C18815,2024-12-23,0,0,0,0,0,0,0,0,0,0
C05354,2024-06-24,0,0,0,0,0,0,0,0,0,0
C04047,2023-04-24,0,0,0,0,0,0,0,0,0,0
C02316,2023-03-13,0,0,0,0,0,0,0,0,0,0
C07459,2025-02-03,31,65,4,1115,1,65,0,0,0,0
C14494,2024-11-04,0,0,0,0,0,0,0,0,0,0
C12224,2025-06-16,151,944,6,18319,3,461,242,241,0,0
C02403,2023-02-27,0,0,0,0,0,0,0,0,0,0
C18547,2023-12-18,0,0,0,0,0,0,0,0,0,0
C00125,2023-03-06,0,0,0,0,0,0,0,0,0,0
C07500,2023-05-15,0,0,0,0,0,0,0,0,0,0
C00425,2025-03-24,74,402,7,7173,3,200,0,166,0,36
C11240,2025-09-01,0,0,0,0,0,0,0,0,0,0
C18055,2024-12-16,0,0,0,0,0,0,0,0,0,0
C09510,2025-11-17,0,0,0,0,0,0,0,0,0,0
C09800,2024-09-23,27,127,7,2228,2,91,0,36,0,0
C00764,2025-04-21,0,0,0,0,0,0,0,0,0,0
C17424,2025-11-24,3,9,6,127,1,9,0,0,0,0
C11770,2023-09-25,0,0,0,0,0,0,0,0,0,0
C02793,2023-02-06,0,0,0,0,0,0,0,0,0,0
C04049,2025-01-27,0,0,0,0,0,0,0,0,0,0
C11775,2024-04-08,0,0,0,0,0,0,0,0,0,0
C10931,2024-12-23,5,29,7,588,2,24,0,5,0,0
C09526,2023-02-06,0,0,0,0,0,0,0,0,0,0
C17128,2024-05-13,0,0,0,0,0,0,0,0,0,0
C13852,2023-01-23,0,0,0,0,0,0,0,0,0,0
C08347,2023-07-10,0,0,0,0,0,0,0,0,0,0
C08417,2024-01-15,0,0,0,0,0,0,0,0,0,0
C06314,2024-04-08,0,0,0,0,0,0,0,0,0,0
C00103,2025-07-21,0,0,0,0,0,0,0,0,0,0
C00084,2023-05-01,0,0,0,0,0,0,0,0,0,0
C05821,2025-01-20,0,0,0,0,0,0,0,0,0,0
C16132,2024-04-01,0,0,0,0,0,0,0,0,0,0
C11606,2023-02-06,0,0,0,0,0,0,0,0,0,0
C15022,2025-06-16,158,1314,7,26298,5,491,226,252,179,166
C10645,2023-09-25,0,0,0,0,0,0,0,0,0,0
C07197,2024-04-01,0,0,0,0,0,0,0,0,0,0
C08305,2023-03-27,0,0,0,0,0,0,0,0,0,0
C02976,2023-05-22,0,0,0,0,0,0,0,0,0,0
C04469,2023-08-14,0,0,0,0,0,0,0,0,0,0
C06094,2024-05-06,0,0,0,0,0,0,0,0,0,0
C17067,2025-05-26,64,533,7,12256,3,239,136,158,0,0
C03541,2024-12-02,1312,10056,7,194067,4,4272,2115,2140,1529,0
C00549,2023-02-27,0,0,0,0,0,0,0,0,0,0
C15200,2025-08-11,0,0,0,0,0,0,0,0,0,0
C04571,2024-10-28,0,0,0,0,0,0,0,0,0,0
C02379,2023-05-29,0,0,0,0,0,0,0,0,0,0
C17562,2025-12-22,0,0,0,0,0,0,0,0,0,0
C08895,2025-06-02,3,13,7,306,2,6,0,0,0,7
C03462,2024-06-03,0,0,0,0,0,0,0,0,0,0
C05446,2024-05-13,0,0,0,0,0,0,0,0,0,0
C14644,2025-11-10,0,0,0,0,0,0,0,0,0,0
C16944,2024-06-10,0,0,0,0,0,0,0,0,0,0
C08809,2025-05-12,0,0,0,0,0,0,0,0,0,0
C07264,2023-08-21,0,0,0,0,0,0,0,0,0,0
C03146,2024-04-22,0,0,0,0,0,0,0,0,0,0
C18386,2025-01-06,0,0,0,0,0,0,0,0,0,0
C06592,2024-07-01,0,0,0,0,0,0,0,0,0,0
C17327,2023-02-13,0,0,0,0,0,0,0,0,0,0
C11557,2025-07-28,0,0,0,0,0,0,0,0,0,0
C08814,2023-01-09,0,0,0,0,0,0,0,0,0,0
C06198,2023-08-07,0,0,0,0,0,0,0,0,0,0
C03925,2023-10-02,0,0,0,0,0,0,0,0,0,0
C15560,2023-07-03,0,0,0,0,0,0,0,0,0,0
C01559,2024-09-23,48,218,7,4129,2,154,64,0,0,0
C18058,2023-01-09,0,0,0,0,0,0,0,0,0,0
C11622,2023-08-14,0,0,0,0,0,0,0,0,0,0
C12901,2025-01-20,0,0,0,0,0,0,0,0,0,0
C12292,2024-12-16,0,0,0,0,0,0,0,0,0,0
C10108,2023-12-18,0,0,0,0,0,0,0,0,0,0
C13533,2024-07-08,0,0,0,0,0,0,0,0,0,0
C18543,2025-06-09,113,749,5,14354,4,324,171,151,0,103
C16998,2025-03-10,0,0,0,0,0,0,0,0,0,0
C13634,2023-11-27,0,0,0,0,0,0,0,0,0,0
C02923,2024-02-05,0,0,0,0,0,0,0,0,0,0
C00042,2024-04-01,0,0,0,0,0,0,0,0,0,0
C16118,2023-10-23,0,0,0,0,0,0,0,0,0,0
C00130,2023-05-15,0,0,0,0,0,0,0,0,0,0
C11035,2023-04-10,0,0,0,0,0,0,0,0,0,0
C02347,2023-04-03,0,0,0,0,0,0,0,0,0,0
C08153,2024-11-25,307,2701,7,54443,4,1221,542,593,0,345
C19590,2024-02-12,0,0,0,0,0,0,0,0,0,0
C17065,2023-04-24,0,0,0,0,0,0,0,0,0,0
C03947,2023-12-18,0,0,0,0,0,0,0,0,0,0
C17769,2024-07-29,0,0,0,0,0,0,0,0,0,0
C05500,2025-01-06,3,19,6,408,3,6,6,7,0,0
C08531,2023-10-16,0,0,0,0,0,0,0,0,0,0
C02329,2024-11-04,132,464,6,8400,1,464,0,0,0,0
C11541,2025-10-20,224,1175,6,23067,2,776,0,399,0,0
C04638,2024-09-09,103,437,6,7376,2,337,0,0,0,100
C11531,2024-02-12,0,0,0,0,0,0,0,0,0,0
C02497,2025-05-26,0,0,0,0,0,0,0,0,0,0
C06299,2024-12-23,6,26,4,519,2,18,0,0,0,8
C10204,2025-06-23,0,0,0,0,0,0,0,0,0,0
C12804,2025-01-20,27,61,5,1485,1,61,0,0,0,0
C07658,2025-06-16,193,1125,7,25595,3,621,321,0,0,183
C19492,2025-05-05,0,0,0,0,0,0,0,0,0,0
C07193,2025-12-15,0,0,0,0,0,0,0,0,0,0
C12232,2024-07-29,0,0,0,0,0,0,0,0,0,0
C04940,2025-04-07,64,322,6,4869,2,234,0,0,88,0
C06399,2024-09-09,79,411,7,7265,2,261,0,150,0,0
C14761,2023-01-16,0,0,0,0,0,0,0,0,0,0
C05342,2026-01-05,28,207,7,4078,3,101,40,66,0,0
C11621,2024-10-21,0,0,0,0,0,0,0,0,0,0
C16233,2025-07-07,0,0,0,0,0,0,0,0,0,0
C12450,2025-04-14,2,6,4,126,2,2,4,0,0,0
C16070,2024-10-28,0,0,0,0,0,0,0,0,0,0
C12041,2025-12-08,29,105,5,1770,1,105,0,0,0,0
C19349,2023-07-10,0,0,0,0,0,0,0,0,0,0
C01848,2024-12-30,247,1832,5,35130,4,798,430,402,0,202
C16029,2025-05-05,0,0,0,0,0,0,0,0,0,0
C03463,2023-09-25,0,0,0,0,0,0,0,0,0,0
C03878,2024-02-05,0,0,0,0,0,0,0,0,0,0
C05270,2024-03-04,0,0,0,0,0,0,0,0,0,0
C15914,2025-12-29,0,0,0,0,0,0,0,0,0,0
C02881,2023-10-16,0,0,0,0,0,0,0,0,0,0
C10707,2024-03-18,0,0,0,0,0,0,0,0,0,0
C05239,2024-07-22,0,0,0,0,0,0,0,0,0,0
C19973,2023-05-01,0,0,0,0,0,0,0,0,0,0
C07121,2024-01-15,0,0,0,0,0,0,0,0,0,0
C12758,2023-03-27,0,0,0,0,0,0,0,0,0,0
C13901,2024-02-19,0,0,0,0,0,0,0,0,0,0
C15732,2023-02-27,0,0,0,0,0,0,0,0,0,0
C00357,2025-12-22,0,0,0,0,0,0,0,0,0,0
C11016,2024-06-10,0,0,0,0,0,0,0,0,0,0
C15541,2023-02-13,0,0,0,0,0,0,0,0,0,0
C17014,2025-03-10,73,317,5,6370,2,257,0,0,60,0
C09102,2024-12-23,11,101,7,1888,3,52,21,28,0,0
C15727,2024-03-04,0,0,0,0,0,0,0,0,0,0
C01046,2024-01-22,0,0,0,0,0,0,0,0,0,0
C08776,2025-01-13,0,0,0,0,0,0,0,0,0,0
C04606,2025-08-25,5,15,5,314,1,15,0,0,0,0
C02013,2024-12-30,4,14,5,261,1,14,0,0,0,0
C17503,2025-01-20,0,0,0,0,0,0,0,0,0,0
C05301,2023-11-06,0,0,0,0,0,0,0,0,0,0
C04618,2025-09-01,0,0,0,0,0,0,0,0,0,0
C00104,2023-12-11,0,0,0,0,0,0,0,0,0,0
C04182,2025-06-30,0,0,0,0,0,0,0,0,0,0
C17491,2025-04-14,0,0,0,0,0,0,0,0,0,0
C17593,2025-01-20,17,44,6,860,1,44,0,0,0,0
C02025,2024-06-17,0,0,0,0,0,0,0,0,0,0
C07104,2025-01-27,0,0,0,0,0,0,0,0,0,0
C02724,2025-10-13,10,65,3,1347,3,28,26,0,0,11
C06486,2023-12-11,0,0,0,0,0,0,0,0,0,0
C11616,2025-06-16,0,0,0,0,0,0,0,0,0,0
C09100,2023-06-05,0,0,0,0,0,0,0,0,0,0
C17370,2023-08-07,0,0,0,0,0,0,0,0,0,0
C16847,2025-02-03,6,22,6,354,1,22,0,0,0,0
C04086,2025-10-13,772,7687,7,160468,5,2838,1461,1509,1077,802
C11041,2025-11-17,0,0,0,0,0,0,0,0,0,0
C11667,2025-02-24,0,0,0,0,0,0,0,0,0,0
C19997,2024-04-22,0,0,0,0,0,0,0,0,0,0
C09870,2025-10-13,0,0,0,0,0,0,0,0,0,0
C02386,2024-08-19,0,0,0,0,0,0,0,0,0,0
C08071,2023-08-28,0,0,0,0,0,0,0,0,0,0
C03831,2023-02-06,0,0,0,0,0,0,0,0,0,0
C19627,2023-05-22,0,0,0,0,0,0,0,0,0,0
C04139,2023-07-03,0,0,0,0,0,0,0,0,0,0
C16075,2025-03-31,37,122,5,2334,1,122,0,0,0,0
C05229,2023-05-01,0,0,0,0,0,0,0,0,0,0
C03058,2023-07-17,0,0,0,0,0,0,0,0,0,0
C09646,2024-05-13,0,0,0,0,0,0,0,0,0,0
C05785,2023-07-10,0,0,0,0,0,0,0,0,0,0
C09629,2024-04-08,0,0,0,0,0,0,0,0,0,0
C00477,2025-08-11,0,0,0,0,0,0,0,0,0,0
C12204,2023-02-06,0,0,0,0,0,0,0,0,0,0
C11677,2025-03-03,4,10,3,194,1,10,0,0,0,0
C09186,2025-03-31,0,0,0,0,0,0,0,0,0,0
C14528,2024-07-08,0,0,0,0,0,0,0,0,0,0
C13773,2025-03-24,0,0,0,0,0,0,0,0,0,0
C18068,2024-06-10,0,0,0,0,0,0,0,0,0,0
C01411,2025-09-22,111,545,7,9887,3,287,0,162,0,96
C08767,2025-10-27,0,0,0,0,0,0,0,0,0,0
C19636,2023-05-01,0,0,0,0,0,0,0,0,0,0
C12778,2023-03-06,0,0,0,0,0,0,0,0,0,0
C06996,2023-09-04,0,0,0,0,0,0,0,0,0,0
C15219,2024-12-16,11,29,5,559,2,24,0,0,0,5
C04300,2023-07-24,0,0,0,0,0,0,0,0,0,0
C11182,2023-10-09,0,0,0,0,0,0,0,0,0,0
C02967,2024-10-28,0,0,0,0,0,0,0,0,0,0
C07406,2025-03-17,8,33,6,636,1,33,0,0,0,0
C04558,2025-12-29,0,0,0,0,0,0,0,0,0,0
C01881,2024-12-09,16,80,5,1438,2,50,0,30,0,0
C17483,2025-07-07,0,0,0,0,0,0,0,0,0,0
C11365,2024-01-29,0,0,0,0,0,0,0,0,0,0
C10499,2024-11-04,0,0,0,0,0,0,0,0,0,0
C05000,2025-01-06,0,0,0,0,0,0,0,0,0,0
C07152,2024-12-16,0,0,0,0,0,0,0,0,0,0
C07187,2025-10-06,0,0,0,0,0,0,0,0,0,0
C04097,2024-02-19,0,0,0,0,0,0,0,0,0,0
C10356,2024-03-18,0,0,0,0,0,0,0,0,0,0
C14339,2023-02-20,0,0,0,0,0,0,0,0,0,0
C07717,2025-05-05,0,0,0,0,0,0,0,0,0,0
C08436,2023-03-06,0,0,0,0,0,0,0,0,0,0
C02692,2025-06-02,0,0,0,0,0,0,0,0,0,0
C02963,2024-02-12,0,0,0,0,0,0,0,0,0,0
C07342,2023-11-06,0,0,0,0,0,0,0,0,0,0
C13007,2024-11-25,0,0,0,0,0,0,0,0,0,0
C01176,2024-05-13,0,0,0,0,0,0,0,0,0,0
C02220,2023-01-02,0,0,0,0,0,0,0,0,0,0
C03472,2023-01-02,0,0,0,0,0,0,0,0,0,0
C06574,2025-04-28,0,0,0,0,0,0,0,0,0,0
C19266,2025-01-20,0,0,0,0,0,0,0,0,0,0
C06218,2024-02-12,0,0,0,0,0,0,0,0,0,0
C09414,2025-04-28,3289,22498,5,384455,3,12553,0,6457,0,3488
C03339,2024-02-19,0,0,0,0,0,0,0,0,0,0
C09610,2024-09-16,0,0,0,0,0,0,0,0,0,0
C10124,2024-03-11,0,0,0,0,0,0,0,0,0,0
C08036,2025-09-29,248,1053,5,23317,2,841,0,0,0,212
C03111,2023-10-30,0,0,0,0,0,0,0,0,0,0
C17980,2025-07-07,17,76,7,1452,2,53,23,0,0,0
C07866,2023-10-16,0,0,0,0,0,0,0,0,0,0
C11031,2025-01-06,0,0,0,0,0,0,0,0,0,0
C02426,2025-08-18,0,0,0,0,0,0,0,0,0,0
C08017,2025-04-21,0,0,0,0,0,0,0,0,0,0
C06141,2025-12-08,0,0,0,0,0,0,0,0,0,0
C07762,2023-02-13,0,0,0,0,0,0,0,0,0,0
C19413,2023-03-20,0,0,0,0,0,0,0,0,0,0
C05380,2024-07-29,0,0,0,0,0,0,0,0,0,0
C03204,2025-06-02,177,935,6,14920,2,647,0,288,0,0
C00105,2023-04-24,0,0,0,0,0,0,0,0,0,0
C02501,2024-09-16,0,0,0,0,0,0,0,0,0,0
C15909,2024-08-12,0,0,0,0,0,0,0,0,0,0
C16050,2024-08-12,0,0,0,0,0,0,0,0,0,0
C13625,2025-03-10,24,124,6,2054,2,94,0,30,0,0
C08468,2024-01-15,0,0,0,0,0,0,0,0,0,0
C02395,2025-06-02,0,0,0,0,0,0,0,0,0,0
C14189,2024-08-19,538,4545,5,87457,4,1909,1047,1042,0,547
C10404,2024-08-12,0,0,0,0,0,0,0,0,0,0
C16520,2023-05-01,0,0,0,0,0,0,0,0,0,0
C19879,2025-12-29,0,0,0,0,0,0,0,0,0,0
C01897,2023-01-02,0,0,0,0,0,0,0,0,0,0
C05972,2025-03-03,0,0,0,0,0,0,0,0,0,0
C13556,2023-06-05,0,0,0,0,0,0,0,0,0,0
C03678,2025-03-24,0,0,0,0,0,0,0,0,0,0
C06754,2023-02-27,0,0,0,0,0,0,0,0,0,0
C03674,2025-11-17,0,0,0,0,0,0,0,0,0,0
C08232,2025-03-03,3,5,4,68,1,5,0,0,0,0
C00479,2023-02-13,0,0,0,0,0,0,0,0,0,0
C06319,2025-03-03,0,0,0,0,0,0,0,0,0,0
C07894,2024-01-08,0,0,0,0,0,0,0,0,0,0
C11083,2023-07-10,0,0,0,0,0,0,0,0,0,0
C01537,2024-06-17,0,0,0,0,0,0,0,0,0,0
C02032,2025-05-05,0,0,0,0,0,0,0,0,0,0
C00923,2024-01-29,0,0,0,0,0,0,0,0,0,0
C06954,2023-10-30,0,0,0,0,0,0,0,0,0,0
C05265,2025-11-24,47,351,7,6798,3,203,78,0,70,0
C03641,2024-01-29,0,0,0,0,0,0,0,0,0,0
C08389,2024-01-01,0,0,0,0,0,0,0,0,0,0
C18888,2023-05-08,0,0,0,0,0,0,0,0,0,0
C02970,2024-11-11,0,0,0,0,0,0,0,0,0,0
C03167,2023-05-29,0,0,0,0,0,0,0,0,0,0
C03532,2024-07-01,0,0,0,0,0,0,0,0,0,0
C13254,2025-05-19,35,136,6,2771,1,136,0,0,0,0
C04376,2025-03-31,0,0,0,0,0,0,0,0,0,0
C08547,2023-12-18,0,0,0,0,0,0,0,0,0,0
C03575,2025-01-13,12,32,2,588,1,32,0,0,0,0
C13972,2023-12-04,0,0,0,0,0,0,0,0,0,0
C05346,2025-10-06,0,0,0,0,0,0,0,0,0,0
C17435,2025-07-07,32,140,5,2258,2,97,0,0,43,0
C19910,2025-09-08,50,200,6,3137,1,200,0,0,0,0
C17059,2025-09-29,0,0,0,0,0,0,0,0,0,0
C05811,2023-09-25,0,0,0,0,0,0,0,0,0,0
C17123,2023-06-12,0,0,0,0,0,0,0,0,0,0
C15656,2024-06-10,0,0,0,0,0,0,0,0,0,0
C10705,2024-12-09,0,0,0,0,0,0,0,0,0,0
C06703,2023-04-24,0,0,0,0,0,0,0,0,0,0
C18293,2023-05-22,0,0,0,0,0,0,0,0,0,0
C00489,2024-12-23,0,0,0,0,0,0,0,0,0,0
C05085,2024-06-03,0,0,0,0,0,0,0,0,0,0
C05597,2025-09-01,1392,6350,7,130574,2,4936,0,0,0,1414
C01973,2025-06-16,0,0,0,0,0,0,0,0,0,0
C14889,2023-08-21,0,0,0,0,0,0,0,0,0,0
C02997,2023-11-13,0,0,0,0,0,0,0,0,0,0
C14878,2025-11-03,0,0,0,0,0,0,0,0,0,0
C09066,2023-08-14,0,0,0,0,0,0,0,0,0,0
C17952,2023-07-17,0,0,0,0,0,0,0,0,0,0
C16438,2025-03-31,122,798,7,15660,4,328,0,212,160,98
C19986,2024-04-15,0,0,0,0,0,0,0,0,0,0
C13852,2024-02-12,0,0,0,0,0,0,0,0,0,0
C05700,2025-10-27,2,10,7,197,3,3,6,0,0,1
C07466,2025-12-08,14,49,4,868,1,49,0,0,0,0
C08417,2025-03-10,0,0,0,0,0,0,0,0,0,0
C07810,2024-03-25,0,0,0,0,0,0,0,0,0,0
C12569,2025-06-09,0,0,0,0,0,0,0,0,0,0
C11616,2024-04-29,0,0,0,0,0,0,0,0,0,0
C02349,2025-10-27,34,206,5,4313,3,117,0,47,0,42
C09474,2025-11-10,0,0,0,0,0,0,0,0,0,0
C17926,2024-09-09,0,0,0,0,0,0,0,0,0,0
C02158,2023-09-11,0,0,0,0,0,0,0,0,0,0
C08325,2024-02-26,0,0,0,0,0,0,0,0,0,0
C15056,2025-05-26,262,1788,6,29095,4,753,388,367,280,0
C11712,2023-11-27,0,0,0,0,0,0,0,0,0,0
C05684,2023-07-31,0,0,0,0,0,0,0,0,0,0
C00281,2025-10-20,3,18,7,401,2,5,13,0,0,0
C17426,2025-10-27,0,0,0,0,0,0,0,0,0,0
C11441,2025-08-11,0,0,0,0,0,0,0,0,0,0
C11014,2025-11-24,0,0,0,0,0,0,0,0,0,0
C18518,2025-04-28,0,0,0,0,0,0,0,0,0,0
C14238,2024-05-20,315,1478,4,32779,2,1133,0,0,0,345
C05298,2024-10-21,0,0,0,0,0,0,0,0,0,0
C03049,2025-01-06,0,0,0,0,0,0,0,0,0,0
C11389,2024-04-01,0,0,0,0,0,0,0,0,0,0
C10040,2024-02-26,0,0,0,0,0,0,0,0,0,0
C08861,2025-09-22,36,205,6,4018,2,137,0,68,0,0
C09458,2024-08-05,0,0,0,0,0,0,0,0,0,0
C08431,2024-06-10,0,0,0,0,0,0,0,0,0,0
C05530,2024-08-05,0,0,0,0,0,0,0,0,0,0
C14061,2025-09-22,0,0,0,0,0,0,0,0,0,0
C14884,2024-05-20,0,0,0,0,0,0,0,0,0,0
C07149,2025-03-17,0,0,0,0,0,0,0,0,0,0
C07335,2024-09-09,0,0,0,0,0,0,0,0,0,0
C02679,2024-11-04,0,0,0,0,0,0,0,0,0,0
C05664,2023-02-20,0,0,0,0,0,0,0,0,0,0
C03880,2023-02-27,0,0,0,0,0,0,0,0,0,0
C00792,2025-10-20,0,0,0,0,0,0,0,0,0,0
C09782,2023-03-13,0,0,0,0,0,0,0,0,0,0
C01165,2024-10-21,90,704,6,14028,3,340,165,199,0,0
C08076,2024-09-16,3,13,6,272,2,8,0,0,0,5
C15627,2023-03-20,0,0,0,0,0,0,0,0,0,0
C17688,2025-07-07,74,477,7,8713,3,287,0,0,95,95
C05248,2023-06-26,0,0,0,0,0,0,0,0,0,0
C00010,2023-01-23,0,0,0,0,0,0,0,0,0,0
C06451,2025-06-02,0,0,0,0,0,0,0,0,0,0
C00911,2024-08-12,0,0,0,0,0,0,0,0,0,0
C14444,2024-09-09,0,0,0,0,0,0,0,0,0,0
C07540,2023-05-29,0,0,0,0,0,0,0,0,0,0
C19947,2024-07-08,0,0,0,0,0,0,0,0,0,0
C08309,2023-03-13,0,0,0,0,0,0,0,0,0,0
C13049,2025-08-18,0,0,0,0,0,0,0,0,0,0
C09155,2025-11-24,0,0,0,0,0,0,0,0,0,0
C14258,2023-07-10,0,0,0,0,0,0,0,0,0,0
C17173,2025-08-25,0,0,0,0,0,0,0,0,0,0
C17872,2023-09-18,0,0,0,0,0,0,0,0,0,0
C11009,2024-09-09,0,0,0,0,0,0,0,0,0,0
C10440,2023-12-04,0,0,0,0,0,0,0,0,0,0
C06669,2025-11-10,68,418,5,7825,2,270,148,0,0,0
C01327,2025-01-13,0,0,0,0,0,0,0,0,0,0
C16338,2025-02-10,0,0,0,0,0,0,0,0,0,0
C06747,2025-05-19,188,1443,5,25773,4,579,311,327,226,0
C04261,2024-10-21,0,0,0,0,0,0,0,0,0,0
C16829,2025-05-19,0,0,0,0,0,0,0,0,0,0
C07175,2025-04-21,0,0,0,0,0,0,0,0,0,0
C00189,2023-08-07,0,0,0,0,0,0,0,0,0,0
C02787,2023-08-14,0,0,0,0,0,0,0,0,0,0
C14160,2025-09-08,0,0,0,0,0,0,0,0,0,0
C08584,2025-12-22,3,14,5,246,2,8,0,6,0,0
C17625,2024-05-13,0,0,0,0,0,0,0,0,0,0
C06793,2023-09-18,0,0,0,0,0,0,0,0,0,0
C18886,2024-11-25,0,0,0,0,0,0,0,0,0,0
C06373,2024-03-11,0,0,0,0,0,0,0,0,0,0
C15958,2023-08-14,0,0,0,0,0,0,0,0,0,0
C17530,2025-03-17,37,133,6,2231,1,133,0,0,0,0
C00234,2023-01-02,0,0,0,0,0,0,0,0,0,0
C03054,2024-12-30,0,0,0,0,0,0,0,0,0,0
C04903,2025-01-27,21,71,5,1061,1,71,0,0,0,0
C12914,2024-12-09,0,0,0,0,0,0,0,0,0,0
C14224,2024-08-05,0,0,0,0,0,0,0,0,0,0
C19599,2024-04-29,0,0,0,0,0,0,0,0,0,0
C02038,2024-10-28,0,0,0,0,0,0,0,0,0,0
C05501,2024-08-19,0,0,0,0,0,0,0,0,0,0
C06581,2025-06-02,122,635,7,11504,3,356,0,169,110,0
C16006,2024-01-15,0,0,0,0,0,0,0,0,0,0
C08558,2025-05-05,380,2434,7,48531,3,1386,655,0,0,393
C19268,2026-01-05,0,0,0,0,0,0,0,0,0,0
C13063,2025-09-01,77,465,7,9785,4,168,103,124,0,70
C10175,2023-04-10,0,0,0,0,0,0,0,0,0,0
C19953,2025-05-19,0,0,0,0,0,0,0,0,0,0
C10853,2023-05-29,0,0,0,0,0,0,0,0,0,0
C16716,2024-07-22,0,0,0,0,0,0,0,0,0,0
C15564,2025-01-13,0,0,0,0,0,0,0,0,0,0
C15367,2023-09-25,0,0,0,0,0,0,0,0,0,0
C03867,2024-10-21,208,1192,6,21637,3,600,319,0,273,0
C15041,2024-01-15,20,172,7,3397,3,75,46,51,0,0
C10430,2023-07-31,0,0,0,0,0,0,0,0,0,0
C02066,2025-02-24,0,0,0,0,0,0,0,0,0,0
C07422,2024-04-29,0,0,0,0,0,0,0,0,0,0
C00027,2024-08-05,0,0,0,0,0,0,0,0,0,0
C07707,2025-08-18,1,8,7,134,3,4,1,0,3,0
C08411,2024-08-19,0,0,0,0,0,0,0,0,0,0
C03935,2024-06-03,0,0,0,0,0,0,0,0,0,0
C17175,2024-02-05,0,0,0,0,0,0,0,0,0,0
C14424,2023-09-18,0,0,0,0,0,0,0,0,0,0
C12529,2023-06-12,0,0,0,0,0,0,0,0,0,0
C16988,2023-01-02,0,0,0,0,0,0,0,0,0,0
C05555,2024-08-12,462,2672,7,52133,2,1781,891,0,0,0
C03393,2024-01-29,0,0,0,0,0,0,0,0,0,0
C02378,2025-07-28,0,0,0,0,0,0,0,0,0,0
C06033,2023-05-01,0,0,0,0,0,0,0,0,0,0
C10799,2024-08-05,0,0,0,0,0,0,0,0,0,0
C13261,2025-07-14,1,1,2,24,1,0,1,0,0,0
C09265,2025-05-05,35,200,6,4290,2,117,0,83,0,0
C00791,2024-08-26,0,0,0,0,0,0,0,0,0,0
C19280,2024-03-25,0,0,0,0,0,0,0,0,0,0
C19743,2024-04-29,49,276,7,5825,3,152,0,87,0,37
C07921,2023-12-25,0,0,0,0,0,0,0,0,0,0
C12042,2024-01-29,0,0,0,0,0,0,0,0,0,0
C08168,2023-09-18,0,0,0,0,0,0,0,0,0,0
C06378,2025-08-18,0,0,0,0,0,0,0,0,0,0
C07706,2023-02-27,0,0,0,0,0,0,0,0,0,0
C14280,2023-03-20,0,0,0,0,0,0,0,0,0,0
C02841,2024-10-28,0,0,0,0,0,0,0,0,0,0
C14273,2023-10-02,0,0,0,0,0,0,0,0,0,0
C08462,2024-04-01,0,0,0,0,0,0,0,0,0,0
C10876,2025-05-05,0,0,0,0,0,0,0,0,0,0
C12501,2025-03-24,0,0,0,0,0,0,0,0,0,0
C01218,2025-08-18,35,147,6,2966,2,110,0,0,37,0
C10175,2023-03-06,0,0,0,0,0,0,0,0,0,0
C16123,2024-09-02,0,0,0,0,0,0,0,0,0,0
C08159,2025-07-21,8,36,7,622,2,29,7,0,0,0
C01285,2024-07-08,0,0,0,0,0,0,0,0,0,0
C12935,2023-08-07,0,0,0,0,0,0,0,0,0,0
C15446,2025-05-26,29,111,4,1712,1,111,0,0,0,0
C05665,2023-05-22,0,0,0,0,0,0,0,0,0,0
C01836,2025-01-13,0,0,0,0,0,0,0,0,0,0
C09616,2025-11-24,0,0,0,0,0,0,0,0,0,0
C05011,2024-09-23,3,19,6,398,2,11,8,0,0,0
C16773,2024-11-18,0,0,0,0,0,0,0,0,0,0
C07583,2023-06-26,0,0,0,0,0,0,0,0,0,0
C16190,2025-11-03,0,0,0,0,0,0,0,0,0,0
C16001,2025-12-15,125,683,7,13728,3,374,0,201,0,108
C18280,2024-06-17,0,0,0,0,0,0,0,0,0,0
C13486,2025-10-13,0,0,0,0,0,0,0,0,0,0
C03598,2024-03-18,0,0,0,0,0,0,0,0,0,0
C16707,2023-01-02,0,0,0,0,0,0,0,0,0,0
C17193,2023-03-27,0,0,0,0,0,0,0,0,0,0
C05305,2024-09-30,0,0,0,0,0,0,0,0,0,0
C14152,2023-12-04,0,0,0,0,0,0,0,0,0,0
C03281,2025-01-20,501,1753,5,34121,1,1753,0,0,0,0
C11340,2024-08-12,0,0,0,0,0,0,0,0,0,0
C01830,2023-06-05,0,0,0,0,0,0,0,0,0,0
C17864,2025-10-06,66,398,7,7681,3,207,0,104,87,0
C08417,2025-09-29,0,0,0,0,0,0,0,0,0,0
C17912,2025-07-21,0,0,0,0,0,0,0,0,0,0
C00609,2025-05-05,234,1825,5,38225,3,880,448,497,0,0
C09493,2023-01-09,0,0,0,0,0,0,0,0,0,0
C09021,2025-12-29,0,0,0,0,0,0,0,0,0,0
C13785,2023-02-20,0,0,0,0,0,0,0,0,0,0
C12812,2023-04-03,0,0,0,0,0,0,0,0,0,0
C09037,2023-06-05,0,0,0,0,0,0,0,0,0,0
C07428,2023-12-18,0,0,0,0,0,0,0,0,0,0
C13072,2024-06-03,0,0,0,0,0,0,0,0,0,0
C08916,2025-07-28,0,0,0,0,0,0,0,0,0,0
C10467,2025-03-24,39,159,4,2701,1,159,0,0,0,0
C00663,2024-05-13,29,138,6,3080,2,102,0,0,0,36
C08247,2023-03-13,0,0,0,0,0,0,0,0,0,0
C03584,2025-05-12,84,434,5,7282,2,279,0,155,0,0
C19397,2023-11-13,0,0,0,0,0,0,0,0,0,0
C09326,2023-11-06,0,0,0,0,0,0,0,0,0,0
C08278,2023-06-05,0,0,0,0,0,0,0,0,0,0
C00701,2024-02-19,0,0,0,0,0,0,0,0,0,0
C17408,2023-06-19,0,0,0,0,0,0,0,0,0,0
C18687,2025-08-18,0,0,0,0,0,0,0,0,0,0
C12461,2024-07-29,0,0,0,0,0,0,0,0,0,0
C03472,2023-12-04,0,0,0,0,0,0,0,0,0,0
C08117,2023-02-27,0,0,0,0,0,0,0,0,0,0
C10933,2024-09-16,0,0,0,0,0,0,0,0,0,0
C04437,2023-08-28,0,0,0,0,0,0,0,0,0,0
C03920,2023-09-04,0,0,0,0,0,0,0,0,0,0
C12366,2024-01-29,1941,17625,5,322758,5,6616,3259,3457,2481,1812
C16173,2024-12-16,25,191,6,3635,3,98,47,46,0,0
C06005,2025-07-21,0,0,0,0,0,0,0,0,0,0
C13641,2025-07-07,0,0,0,0,0,0,0,0,0,0
C15101,2023-06-19,0,0,0,0,0,0,0,0,0,0
C14568,2025-11-17,21,114,6,2118,2,76,38,0,0,0
C10613,2024-05-20,886,4756,7,97214,3,2678,1290,0,0,788
C05169,2024-08-05,21,73,6,1339,1,73,0,0,0,0
C01913,2025-01-27,0,0,0,0,0,0,0,0,0,0
C12534,2025-03-17,0,0,0,0,0,0,0,0,0,0
C16178,2023-07-31,0,0,0,0,0,0,0,0,0,0
C02750,2025-02-17,0,0,0,0,0,0,0,0,0,0
C05197,2023-02-13,0,0,0,0,0,0,0,0,0,0
C03414,2023-05-22,0,0,0,0,0,0,0,0,0,0
C10476,2023-11-13,0,0,0,0,0,0,0,0,0,0
C08641,2024-10-28,0,0,0,0,0,0,0,0,0,0
C15743,2024-07-08,0,0,0,0,0,0,0,0,0,0
C05840,2024-07-08,0,0,0,0,0,0,0,0,0,0
C13137,2023-01-16,0,0,0,0,0,0,0,0,0,0
C19359,2025-06-16,0,0,0,0,0,0,0,0,0,0
C04466,2024-02-19,0,0,0,0,0,0,0,0,0,0
C19478,2025-12-15,0,0,0,0,0,0,0,0,0,0
C13571,2025-03-10,0,0,0,0,0,0,0,0,0,0
C18383,2025-08-04,2,9,4,169,1,9,0,0,0,0
C00149,2024-09-09,0,0,0,0,0,0,0,0,0,0
C16449,2024-10-21,0,0,0,0,0,0,0,0,0,0
C11537,2024-06-10,0,0,0,0,0,0,0,0,0,0
C01800,2025-07-28,0,0,0,0,0,0,0,0,0,0
C06761,2025-09-08,20,110,7,2375,2,74,0,36,0,0
C12252,2023-09-11,0,0,0,0,0,0,0,0,0,0
C02445,2024-08-05,37,130,4,2586,1,130,0,0,0,0
C16620,2023-11-20,0,0,0,0,0,0,0,0,0,0
C13162,2025-11-03,46,257,6,4221,2,194,0,0,63,0
C11880,2023-06-05,0,0,0,0,0,0,0,0,0,0
C09447,2025-12-01,0,0,0,0,0,0,0,0,0,0
C16656,2024-11-11,0,0,0,0,0,0,0,0,0,0
C09682,2023-10-30,0,0,0,0,0,0,0,0,0,0
C11435,2025-09-01,0,0,0,0,0,0,0,0,0,0
C01795,2023-05-01,0,0,0,0,0,0,0,0,0,0
C01255,2026-01-05,0,0,0,0,0,0,0,0,0,0
C14844,2023-12-04,0,0,0,0,0,0,0,0,0,0
C01416,2024-09-09,0,0,0,0,0,0,0,0,0,0
C03246,2024-07-15,0,0,0,0,0,0,0,0,0,0
C05125,2024-08-12,0,0,0,0,0,0,0,0,0,0
C12617,2025-08-04,0,0,0,0,0,0,0,0,0,0
C14295,2023-04-03,0,0,0,0,0,0,0,0,0,0
C02396,2024-11-18,0,0,0,0,0,0,0,0,0,0
C03017,2024-06-24,0,0,0,0,0,0,0,0,0,0
C06869,2023-09-25,0,0,0,0,0,0,0,0,0,0
C01343,2025-09-08,25,116,7,2273,2,78,38,0,0,0
C02363,2024-04-08,0,0,0,0,0,0,0,0,0,0
C03017,2023-08-28,0,0,0,0,0,0,0,0,0,0
C05919,2025-03-17,0,0,0,0,0,0,0,0,0,0
C07331,2025-01-06,0,0,0,0,0,0,0,0,0,0
C05993,2023-04-24,0,0,0,0,0,0,0,0,0,0
C05181,2025-08-25,342,2970,6,61993,4,1316,588,606,460,0
C13426,2023-09-11,0,0,0,0,0,0,0,0,0,0
C02729,2024-04-29,0,0,0,0,0,0,0,0,0,0
C15328,2025-03-31,29,251,6,4664,4,113,58,43,37,0
C12595,2023-07-10,0,0,0,0,0,0,0,0,0,0
C04567,2025-02-17,65,335,7,5861,2,238,0,97,0,0
C11120,2024-04-29,0,0,0,0,0,0,0,0,0,0
C10200,2023-07-31,0,0,0,0,0,0,0,0,0,0
C19322,2023-07-17,0,0,0,0,0,0,0,0,0,0
C13962,2025-03-17,0,0,0,0,0,0,0,0,0,0
C04630,2024-08-12,0,0,0,0,0,0,0,0,0,0
C03355,2025-11-17,0,0,0,0,0,0,0,0,0,0
C01894,2024-02-19,0,0,0,0,0,0,0,0,0,0
C04609,2025-05-19,0,0,0,0,0,0,0,0,0,0
C11747,2023-04-24,0,0,0,0,0,0,0,0,0,0
C07604,2023-04-10,0,0,0,0,0,0,0,0,0,0
C15309,2024-11-11,0,0,0,0,0,0,0,0,0,0
C07177,2024-05-13,38,194,7,4172,2,127,67,0,0,0
C05486,2023-03-27,0,0,0,0,0,0,0,0,0,0
C19699,2024-10-14,0,0,0,0,0,0,0,0,0,0
C19998,2025-03-17,0,0,0,0,0,0,0,0,0,0
C04079,2025-09-29,0,0,0,0,0,0,0,0,0,0
C14955,2024-04-29,0,0,0,0,0,0,0,0,0,0
C16986,2024-09-02,4,9,4,153,2,7,0,2,0,0
C09744,2025-10-27,283,2149,7,41139,3,1110,484,555,0,0
C04183,2025-07-07,0,0,0,0,0,0,0,0,0,0
C19450,2024-12-09,0,0,0,0,0,0,0,0,0,0
C13075,2024-01-15,0,0,0,0,0,0,0,0,0,0
C07690,2024-10-28,17,105,7,1850,3,66,22,17,0,0
C11325,2023-09-11,0,0,0,0,0,0,0,0,0,0
C10345,2023-05-01,0,0,0,0,0,0,0,0,0,0
C05601,2023-10-09,0,0,0,0,0,0,0,0,0,0
C04916,2023-06-19,0,0,0,0,0,0,0,0,0,0
C11279,2025-01-27,0,0,0,0,0,0,0,0,0,0
C10656,2023-08-28,0,0,0,0,0,0,0,0,0,0
C03384,2023-08-07,0,0,0,0,0,0,0,0,0,0
C12025,2023-11-27,0,0,0,0,0,0,0,0,0,0
C15852,2025-09-29,0,0,0,0,0,0,0,0,0,0
C12016,2025-04-28,0,0,0,0,0,0,0,0,0,0
C07538,2024-08-12,0,0,0,0,0,0,0,0,0,0
C07885,2024-12-09,0,0,0,0,0,0,0,0,0,0
C05349,2025-11-17,0,0,0,0,0,0,0,0,0,0
C03027,2024-09-23,0,0,0,0,0,0,0,0,0,0
C08302,2025-03-17,0,0,0,0,0,0,0,0,0,0
C07165,2025-12-01,0,0,0,0,0,0,0,0,0,0
C14099,2024-09-02,1793,16338,6,337924,5,6059,2947,3153,2327,1852
C17375,2023-12-25,0,0,0,0,0,0,0,0,0,0
C09179,2023-01-09,0,0,0,0,0,0,0,0,0,0
C08486,2023-11-06,0,0,0,0,0,0,0,0,0,0
C03988,2023-02-06,0,0,0,0,0,0,0,0,0,0
C17479,2025-06-16,0,0,0,0,0,0,0,0,0,0
C11740,2025-09-15,0,0,0,0,0,0,0,0,0,0
C10232,2025-08-04,320,1442,7,29081,2,1059,0,0,383,0
C17741,2024-09-09,0,0,0,0,0,0,0,0,0,0
C11858,2023-03-27,0,0,0,0,0,0,0,0,0,0
C14600,2023-01-09,0,0,0,0,0,0,0,0,0,0
C08232,2023-07-17,0,0,0,0,0,0,0,0,0,0
C05561,2024-02-05,0,0,0,0,0,0,0,0,0,0
C10673,2025-05-19,26,128,7,2255,2,106,0,0,0,22
C14785,2025-10-06,21,111,7,2026,2,76,35,0,0,0
C16044,2025-10-20,5,33,6,720,3,12,9,0,0,12
C05034,2025-06-30,0,0,0,0,0,0,0,0,0,0
C08064,2025-05-12,0,0,0,0,0,0,0,0,0,0
C18446,2023-03-13,0,0,0,0,0,0,0,0,0,0
C14880,2024-09-02,0,0,0,0,0,0,0,0,0,0
C12792,2023-09-18,0,0,0,0,0,0,0,0,0,0
C08147,2025-07-07,0,0,0,0,0,0,0,0,0,0
C18057,2025-03-24,0,0,0,0,0,0,0,0,0,0
C14295,2023-10-16,0,0,0,0,0,0,0,0,0,0
C14443,2023-07-10,0,0,0,0,0,0,0,0,0,0
C09156,2023-01-30,0,0,0,0,0,0,0,0,0,0
C13876,2023-04-17,0,0,0,0,0,0,0,0,0,0
C08211,2023-07-10,0,0,0,0,0,0,0,0,0,0
C02261,2024-12-09,0,0,0,0,0,0,0,0,0,0
C11763,2024-10-28,6,20,5,359,1,20,0,0,0,0
C01795,2025-07-14,0,0,0,0,0,0,0,0,0,0
C11205,2025-07-07,24,130,6,2691,3,76,33,0,0,21
C16860,2023-12-25,0,0,0,0,0,0,0,0,0,0
C02066,2024-03-25,0,0,0,0,0,0,0,0,0,0
C14995,2023-10-23,0,0,0,0,0,0,0,0,0,0
C07344,2025-08-25,0,0,0,0,0,0,0,0,0,0
C02773,2023-03-27,0,0,0,0,0,0,0,0,0,0
C15939,2023-03-20,0,0,0,0,0,0,0,0,0,0
C19303,2025-06-09,831,3109,7,58386,2,2409,0,0,0,700
C02495,2025-05-12,640,6708,7,153308,5,2442,1265,1361,939,701
C18356,2024-09-09,18,77,7,1499,2,45,0,32,0,0
C12949,2023-03-06,0,0,0,0,0,0,0,0,0,0
C16460,2023-11-13,0,0,0,0,0,0,0,0,0,0
C06386,2025-11-24,1459,12863,7,236296,4,5324,2693,2811,2035,0
C11014,2023-10-30,0,0,0,0,0,0,0,0,0,0
C05565,2023-01-09,0,0,0,0,0,0,0,0,0,0
C02565,2025-04-07,0,0,0,0,0,0,0,0,0,0
C04371,2023-04-17,0,0,0,0,0,0,0,0,0,0
C00598,2024-09-16,0,0,0,0,0,0,0,0,0,0
C07856,2025-09-29,0,0,0,0,0,0,0,0,0,0
C14209,2024-10-14,0,0,0,0,0,0,0,0,0,0
C01450,2025-05-12,0,0,0,0,0,0,0,0,0,0
C14867,2023-12-18,0,0,0,0,0,0,0,0,0,0
C05254,2024-04-22,0,0,0,0,0,0,0,0,0,0
C04451,2023-08-28,0,0,0,0,0,0,0,0,0,0
C00837,2023-10-02,0,0,0,0,0,0,0,0,0,0
C10558,2025-06-23,0,0,0,0,0,0,0,0,0,0
C02198,2023-07-31,0,0,0,0,0,0,0,0,0,0
C08129,2023-06-26,0,0,0,0,0,0,0,0,0,0
C03605,2023-09-18,0,0,0,0,0,0,0,0,0,0
C10970,2025-12-08,0,0,0,0,0,0,0,0,0,0
C06158,2023-08-21,0,0,0,0,0,0,0,0,0,0
C14499,2025-05-05,43,187,6,3690,2,136,0,0,0,51
C07449,2024-01-15,0,0,0,0,0,0,0,0,0,0
C09747,2025-04-21,0,0,0,0,0,0,0,0,0,0
C09677,2024-01-08,0,0,0,0,0,0,0,0,0,0
C03351,2023-04-10,0,0,0,0,0,0,0,0,0,0
C15402,2024-07-08,0,0,0,0,0,0,0,0,0,0
C08195,2023-03-20,0,0,0,0,0,0,0,0,0,0
C06849,2025-04-21,0,0,0,0,0,0,0,0,0,0
C14947,2024-04-08,0,0,0,0,0,0,0,0,0,0
C15962,2025-08-25,0,0,0,0,0,0,0,0,0,0
C13497,2023-12-25,0,0,0,0,0,0,0,0,0,0
C18771,2025-01-06,0,0,0,0,0,0,0,0,0,0
C16355,2023-04-03,0,0,0,0,0,0,0,0,0,0
C10267,2025-09-15,0,0,0,0,0,0,0,0,0,0
C04212,2024-01-22,0,0,0,0,0,0,0,0,0,0
C07288,2023-10-30,0,0,0,0,0,0,0,0,0,0
C04147,2023-07-31,0,0,0,0,0,0,0,0,0,0
C06141,2025-04-07,5,15,5,267,1,15,0,0,0,0
C08915,2025-08-25,0,0,0,0,0,0,0,0,0,0
C16968,2023-03-20,0,0,0,0,0,0,0,0,0,0
C19260,2023-06-12,0,0,0,0,0,0,0,0,0,0
C12286,2023-01-23,0,0,0,0,0,0,0,0,0,0
C06551,2023-08-14,0,0,0,0,0,0,0,0,0,0
C07353,2024-10-14,0,0,0,0,0,0,0,0,0,0
C07707,2023-06-26,0,0,0,0,0,0,0,0,0,0
C02768,2025-09-22,347,1828,7,34805,2,1213,615,0,0,0
C13730,2023-01-23,0,0,0,0,0,0,0,0,0,0
C13861,2023-12-18,0,0,0,0,0,0,0,0,0,0
C09886,2023-01-16,0,0,0,0,0,0,0,0,0,0
C02052,2025-01-06,14,56,2,925,1,56,0,0,0,0
C06612,2023-05-22,0,0,0,0,0,0,0,0,0,0
C01526,2024-01-01,0,0,0,0,0,0,0,0,0,0
C02082,2023-08-14,0,0,0,0,0,0,0,0,0,0
C12665,2023-09-18,0,0,0,0,0,0,0,0,0,0
C03278,2023-01-02,0,0,0,0,0,0,0,0,0,0
C12671,2024-07-29,12,52,5,1003,2,41,0,11,0,0
C12045,2024-11-18,0,0,0,0,0,0,0,0,0,0
C19155,2023-04-24,0,0,0,0,0,0,0,0,0,0
C05144,2023-06-19,0,0,0,0,0,0,0,0,0,0
C12359,2024-10-07,481,3031,5,56091,3,1825,0,0,715,491
C11000,2023-07-17,0,0,0,0,0,0,0,0,0,0
C19094,2024-09-23,0,0,0,0,0,0,0,0,0,0
C02705,2023-05-22,0,0,0,0,0,0,0,0,0,0
C10306,2023-07-03,0,0,0,0,0,0,0,0,0,0
C10661,2023-10-16,0,0,0,0,0,0,0,0,0,0
C05713,2024-12-16,0,0,0,0,0,0,0,0,0,0
C01072,2024-06-24,0,0,0,0,0,0,0,0,0,0
C10573,2024-01-08,0,0,0,0,0,0,0,0,0,0
C17363,2023-05-08,0,0,0,0,0,0,0,0,0,0
C17753,2023-11-13,0,0,0,0,0,0,0,0,0,0
C03339,2024-07-22,0,0,0,0,0,0,0,0,0,0
C17988,2025-08-18,11,52,5,1022,2,31,0,21,0,0
C12158,2025-07-14,0,0,0,0,0,0,0,0,0,0
C01642,2025-04-21,17,69,3,1232,1,69,0,0,0,0
